Customer ID,Recency,Frequency,Monetary,CustomerTenureDays,Cluster,Segment
18102,1,145,608821.65,739,0,High-Value Loyal
14646,2,151,528602.52,737,0,High-Value Loyal
14156,10,156,313759.82,739,0,High-Value Loyal
14911,1,398,295832.39,739,0,High-Value Loyal
17450,8,51,246813.09,438,0,High-Value Loyal
13694,4,143,196482.81,735,0,High-Value Loyal
17511,3,60,175603.55,738,0,High-Value Loyal
16446,1,2,168472.5,206,0,High-Value Loyal
16684,4,55,147142.77,732,0,High-Value Loyal
12415,24,28,144458.37,528,0,High-Value Loyal
15061,4,127,137818.52,739,0,High-Value Loyal
16029,39,107,122035.14,732,0,High-Value Loyal
17949,1,118,118628.08,738,0,High-Value Loyal
13089,3,203,116647.53,737,0,High-Value Loyal
15311,1,208,116575.49,739,0,High-Value Loyal
12931,22,57,92347.34,739,0,High-Value Loyal
14298,8,82,91194.49,728,0,High-Value Loyal
15769,7,46,88704.32,729,0,High-Value Loyal
12346,326,12,77556.46,726,0,High-Value Loyal
13798,1,110,75836.87,731,0,High-Value Loyal
15838,11,34,74163.0,725,0,High-Value Loyal
17841,2,211,70081.86,737,0,High-Value Loyal
16754,372,29,67502.47,642,0,High-Value Loyal
14096,4,17,65164.79,102,0,High-Value Loyal
14088,10,16,64036.8,421,0,High-Value Loyal
16422,17,109,63589.07,697,0,High-Value Loyal
13081,12,28,59205.15,731,0,High-Value Loyal
14680,25,58,57369.38,736,0,High-Value Loyal
17389,1,61,57215.33,736,0,High-Value Loyal
16013,4,84,57140.44,732,0,High-Value Loyal
17850,372,155,56600.08,735,0,High-Value Loyal
13777,1,61,56478.42,738,0,High-Value Loyal
12748,1,336,55511.09,735,0,High-Value Loyal
13093,276,55,54943.65,736,0,High-Value Loyal
13408,2,106,51733.462,736,0,High-Value Loyal
17404,4,23,47781.12,702,0,High-Value Loyal
13881,4,43,45179.1,645,0,High-Value Loyal
16705,1,42,43515.051,730,0,High-Value Loyal
14031,7,44,40919.58,736,0,High-Value Loyal
17381,9,38,40002.37,548,0,High-Value Loyal
12471,2,79,39918.19,733,0,High-Value Loyal
15039,10,93,39726.89,730,0,High-Value Loyal
16210,2,35,38489.51,737,0,High-Value Loyal
17675,1,70,38259.6,729,0,High-Value Loyal
17677,2,54,36675.06,724,0,High-Value Loyal
12921,9,74,35921.04,738,0,High-Value Loyal
13767,2,73,35540.53,739,0,High-Value Loyal
12678,42,21,34281.18,701,0,High-Value Loyal
15856,4,52,33847.27,736,0,High-Value Loyal
16779,2,53,33165.94,736,0,High-Value Loyal
14258,9,25,32051.34,736,0,High-Value Loyal
17428,1,45,31819.760000000002,738,0,High-Value Loyal
12681,15,45,30868.28,726,0,High-Value Loyal
12709,15,34,30814.46,730,0,High-Value Loyal
14606,1,192,30558.25,737,0,High-Value Loyal
17940,49,16,30306.79,737,0,High-Value Loyal
13078,3,57,29532.45,739,0,High-Value Loyal
13098,1,28,28882.44,317,0,High-Value Loyal
17857,4,24,28682.24,642,0,High-Value Loyal
14527,3,122,27764.21,738,0,High-Value Loyal
15513,33,35,27750.55,695,0,High-Value Loyal
16333,8,22,26626.8,310,0,High-Value Loyal
17865,31,46,26312.190000000002,739,0,High-Value Loyal
18251,87,9,26278.86,718,0,High-Value Loyal
13802,139,19,26259.11,662,0,High-Value Loyal
15498,3,44,25949.58,723,0,High-Value Loyal
12731,24,17,25775.71,648,0,High-Value Loyal
14062,10,24,25585.65,729,0,High-Value Loyal
12744,52,11,25317.06,591,0,High-Value Loyal
12939,64,20,25264.8,697,0,High-Value Loyal
14895,8,38,25119.54,729,0,High-Value Loyal
12621,2,35,24775.81,669,0,High-Value Loyal
16525,2,48,24562.74,737,0,High-Value Loyal
17920,4,54,24256.74,734,0,High-Value Loyal
13001,4,33,24042.65,736,0,High-Value Loyal
12682,4,52,24025.51,739,0,High-Value Loyal
15640,4,29,23828.03,725,0,High-Value Loyal
14607,16,22,23763.13,725,0,High-Value Loyal
12482,576,29,23691.4,654,0,High-Value Loyal
12409,79,7,23419.29,565,0,High-Value Loyal
16133,4,56,22992.260000000002,619,0,High-Value Loyal
14051,1,37,22394.4,737,0,High-Value Loyal
16839,9,44,22310.49,666,0,High-Value Loyal
17340,30,18,22289.22,663,0,High-Value Loyal
12540,20,33,22254.49,732,0,High-Value Loyal
15159,2,34,22116.73,432,0,High-Value Loyal
13340,45,12,22100.56,655,0,High-Value Loyal
13319,5,58,22082.5,733,0,High-Value Loyal
14667,11,54,21593.05,738,0,High-Value Loyal
12753,23,6,21429.39,363,0,High-Value Loyal
15615,10,47,21373.97,737,0,High-Value Loyal
14866,11,19,20850.22,471,0,High-Value Loyal
17706,4,31,20749.98,690,0,High-Value Loyal
12433,1,10,20581.26,477,0,High-Value Loyal
17243,1,69,20460.48,738,0,High-Value Loyal
15251,9,21,20324.54,680,0,High-Value Loyal
12477,23,9,20276.37,623,0,High-Value Loyal
18008,70,23,19759.079999999998,703,0,High-Value Loyal
16843,43,35,19571.43,730,0,High-Value Loyal
17139,16,25,19566.76,698,0,High-Value Loyal
17581,1,43,18737.95,737,0,High-Value Loyal
12557,16,8,18716.14,723,0,High-Value Loyal
14194,5,36,18670.59,703,0,High-Value Loyal
13113,1,37,18603.04,621,0,High-Value Loyal
12357,33,3,18287.66,389,0,High-Value Loyal
17377,24,78,18232.57,738,0,High-Value Loyal
15808,306,21,18133.3,738,0,High-Value Loyal
16746,5,42,18046.75,735,0,High-Value Loyal
12647,22,36,17924.35,695,0,High-Value Loyal
12472,32,19,17880.59,726,0,High-Value Loyal
15078,7,53,17761.88,736,0,High-Value Loyal
12901,9,28,17654.54,271,0,High-Value Loyal
14952,60,32,17629.35,736,0,High-Value Loyal
16652,59,16,17550.39,633,0,High-Value Loyal
15189,1,46,17524.38,509,0,High-Value Loyal
18172,15,52,17467.24,729,0,High-Value Loyal
16019,47,27,17329.16,725,0,High-Value Loyal
17416,30,22,17298.45,725,0,High-Value Loyal
15523,84,16,17259.19,737,0,High-Value Loyal
17735,2,26,17244.93,497,0,High-Value Loyal
13027,114,19,17239.2,689,0,High-Value Loyal
14277,15,9,17197.61,726,0,High-Value Loyal
15358,5,42,17050.41,733,0,High-Value Loyal
13564,144,37,17035.02,738,0,High-Value Loyal
15125,25,24,17024.87,618,0,High-Value Loyal
16656,22,30,16833.170000000002,735,0,High-Value Loyal
12454,56,5,16679.78,421,0,High-Value Loyal
16553,163,33,16584.01,666,0,High-Value Loyal
13199,4,67,16432.89,735,0,High-Value Loyal
14961,11,22,16410.15,736,0,High-Value Loyal
13225,3,16,16260.07,723,0,High-Value Loyal
16180,100,13,16249.87,534,0,High-Value Loyal
12980,158,21,16245.78,738,0,High-Value Loyal
18092,2,18,16179.44,736,0,High-Value Loyal
14733,16,15,16165.17,402,0,High-Value Loyal
17107,33,10,16052.72,677,0,High-Value Loyal
15044,19,35,16024.15,723,0,High-Value Loyal
12971,4,116,15972.79,724,0,High-Value Loyal
17716,23,24,15956.97,737,0,High-Value Loyal
14849,22,43,15763.45,699,0,High-Value Loyal
16191,3,24,15677.82,729,0,High-Value Loyal
13488,17,23,15587.88,684,0,High-Value Loyal
12949,31,22,15526.7,736,0,High-Value Loyal
14769,3,17,15514.11,724,0,High-Value Loyal
15768,116,34,15308.89,737,0,High-Value Loyal
15601,11,30,14960.12,738,0,High-Value Loyal
18087,98,17,14761.519999999999,739,0,High-Value Loyal
16126,29,15,14644.6,737,0,High-Value Loyal
17133,16,12,14622.33,629,0,High-Value Loyal
16873,5,12,14617.39,668,0,High-Value Loyal
14543,29,39,14587.87,738,0,High-Value Loyal
16713,19,32,14529.99,725,0,High-Value Loyal
17448,497,46,14523.67,645,0,High-Value Loyal
14299,8,27,14499.49,738,0,High-Value Loyal
12583,3,27,14447.44,734,0,High-Value Loyal
15482,16,19,14417.36,737,0,High-Value Loyal
15093,18,23,14326.11,732,0,High-Value Loyal
17017,3,29,14110.61,736,0,High-Value Loyal
13090,9,24,14100.14,494,0,High-Value Loyal
12714,9,12,14093.71,736,0,High-Value Loyal
12476,16,23,14083.91,502,0,High-Value Loyal
13178,26,21,14059.19,723,0,High-Value Loyal
18223,5,26,14000.85,736,0,High-Value Loyal
15005,16,56,13977.08,738,0,High-Value Loyal
15502,16,14,13933.27,555,0,High-Value Loyal
12435,80,6,13925.93,737,0,High-Value Loyal
16558,1,38,13873.51,736,0,High-Value Loyal
15291,26,40,13846.56,737,0,High-Value Loyal
17589,60,18,13837.94,642,0,High-Value Loyal
15382,15,12,13733.550000000001,735,0,High-Value Loyal
12567,23,15,13709.86,667,0,High-Value Loyal
12989,3,33,13551.75,729,0,High-Value Loyal
13468,2,72,13375.51,736,0,High-Value Loyal
15738,19,41,13372.970000000001,729,0,High-Value Loyal
13629,23,19,13370.86,666,0,High-Value Loyal
13097,33,28,13324.1,738,0,High-Value Loyal
13969,7,35,13291.05,624,0,High-Value Loyal
16923,12,32,13157.130000000001,678,0,High-Value Loyal
18225,3,26,13044.8,735,0,High-Value Loyal
14049,17,13,13023.4,617,0,High-Value Loyal
14110,4,33,12987.95,739,0,High-Value Loyal
13668,3,35,12948.48,728,0,High-Value Loyal
13316,37,10,12940.82,640,0,High-Value Loyal
13952,218,14,12823.521,724,0,High-Value Loyal
16549,10,34,12781.8,621,0,High-Value Loyal
17858,6,30,12754.9,733,0,High-Value Loyal
16161,2,43,12744.26,670,0,High-Value Loyal
12683,4,21,12696.78,726,0,High-Value Loyal
12437,2,39,12683.4,737,0,High-Value Loyal
12451,11,8,12669.88,529,0,High-Value Loyal
15465,20,32,12636.15,730,0,High-Value Loyal
13013,1,29,12625.77,726,0,High-Value Loyal
14040,41,35,12523.81,739,0,High-Value Loyal
15194,3,28,12427.69,737,0,High-Value Loyal
14936,34,12,12410.81,584,0,High-Value Loyal
16000,3,3,12393.7,3,0,High-Value Loyal
12474,17,31,12372.75,667,0,High-Value Loyal
12481,23,15,12344.89,607,0,High-Value Loyal
13050,15,35,12314.53,724,0,High-Value Loyal
14739,4,25,12287.5,737,0,High-Value Loyal
13854,9,39,12253.96,701,0,High-Value Loyal
14735,4,56,12240.16,736,0,High-Value Loyal
16814,14,36,12198.14,608,0,High-Value Loyal
13418,12,31,12182.9,728,0,High-Value Loyal
15144,8,29,12160.31,727,0,High-Value Loyal
15555,12,36,12062.69,734,0,High-Value Loyal
15023,3,20,12008.05,674,0,High-Value Loyal
14415,1,23,11980.09,723,0,High-Value Loyal
17364,1,28,11972.92,732,0,High-Value Loyal
17044,25,12,11962.3,733,0,High-Value Loyal
13458,7,16,11959.27,388,0,High-Value Loyal
16258,45,15,11942.52,639,0,High-Value Loyal
16523,2,28,11916.33,684,0,High-Value Loyal
17338,17,17,11889.33,639,0,High-Value Loyal
14505,17,19,11879.08,730,0,High-Value Loyal
18226,44,26,11878.88,645,0,High-Value Loyal
12705,15,14,11762.1,534,0,High-Value Loyal
14426,24,17,11727.94,645,0,High-Value Loyal
13102,1,37,11696.92,582,0,High-Value Loyal
13004,12,36,11650.85,725,0,High-Value Loyal
13576,10,28,11551.74,731,0,High-Value Loyal
15218,11,22,11468.83,683,0,High-Value Loyal
13680,1,12,11419.67,735,0,High-Value Loyal
14016,162,11,11403.41,700,0,High-Value Loyal
12668,12,10,11383.03,677,0,High-Value Loyal
17809,16,20,11337.39,737,0,High-Value Loyal
14045,109,16,11313.029999999999,701,0,High-Value Loyal
15874,64,21,11284.76,701,0,High-Value Loyal
12539,22,7,11214.75,716,0,High-Value Loyal
18055,7,14,11143.12,413,0,High-Value Loyal
12524,9,17,11126.11,669,0,High-Value Loyal
13941,22,15,11122.300000000001,723,0,High-Value Loyal
16985,17,23,10923.16,729,0,High-Value Loyal
14796,1,27,10840.54,725,0,High-Value Loyal
15694,1,24,10810.81,732,0,High-Value Loyal
18229,12,28,10803.710000000001,736,0,High-Value Loyal
12431,36,27,10790.47,694,0,High-Value Loyal
16033,6,27,10764.45,485,0,High-Value Loyal
16327,14,16,10695.24,725,0,High-Value Loyal
16168,11,66,10636.47,737,0,High-Value Loyal
13324,36,18,10513.47,564,0,High-Value Loyal
15290,5,26,10496.28,654,0,High-Value Loyal
16984,88,9,10350.53,642,0,High-Value Loyal
15296,51,12,10323.03,687,0,High-Value Loyal
14422,1,19,10271.52,723,0,High-Value Loyal
17160,31,17,10209.16,736,0,High-Value Loyal
15719,33,31,10195.97,739,0,High-Value Loyal
13599,1,33,10163.880000000001,739,0,High-Value Loyal
15805,23,30,10148.93,729,0,High-Value Loyal
12839,3,26,10071.73,733,0,High-Value Loyal
12766,4,9,10068.28,408,0,High-Value Loyal
15547,7,26,10057.05,733,0,High-Value Loyal
14085,2,33,10028.72,731,0,High-Value Loyal
13985,4,22,10020.86,668,0,High-Value Loyal
16782,10,38,10000.32,731,0,High-Value Loyal
16353,4,38,9999.460000000001,732,0,High-Value Loyal
14755,10,25,9972.550000000001,736,0,High-Value Loyal
16182,72,9,9971.65,641,0,High-Value Loyal
14101,74,13,9961.93,621,0,High-Value Loyal
16131,52,12,9957.42,738,0,High-Value Loyal
18260,173,23,9947.26,724,0,High-Value Loyal
17049,3,19,9942.53,646,0,High-Value Loyal
16701,9,26,9916.73,738,0,High-Value Loyal
14329,17,15,9887.62,723,0,High-Value Loyal
13327,39,20,9879.48,721,0,High-Value Loyal
14828,197,13,9839.460000000001,733,0,High-Value Loyal
18109,2,38,9833.16,527,0,High-Value Loyal
12490,5,21,9823.64,738,0,High-Value Loyal
14944,30,19,9784.67,661,0,High-Value Loyal
17306,11,21,9782.35,404,0,High-Value Loyal
13018,16,35,9763.16,649,0,High-Value Loyal
13735,25,13,9762.77,726,0,High-Value Loyal
13267,3,36,9758.26,732,0,High-Value Loyal
12380,22,11,9676.300000000001,663,0,High-Value Loyal
14135,2,24,9643.92,738,0,High-Value Loyal
13069,1,38,9616.95,543,0,High-Value Loyal
17315,2,43,9599.58,439,0,High-Value Loyal
17811,4,47,9519.8,446,0,High-Value Loyal
14060,5,30,9519.08,639,0,High-Value Loyal
13999,10,29,9502.26,735,0,High-Value Loyal
17504,206,18,9490.17,670,0,High-Value Loyal
15298,2,23,9459.37,731,0,High-Value Loyal
14146,9,12,9450.3,695,0,High-Value Loyal
13758,12,15,9416.98,739,0,High-Value Loyal
17230,264,18,9388.49,731,0,High-Value Loyal
15727,17,15,9371.71,685,0,High-Value Loyal
16550,109,18,9368.24,738,0,High-Value Loyal
17757,1,56,9366.5,695,0,High-Value Loyal
13174,16,12,9364.42,735,0,High-Value Loyal
15981,25,21,9362.77,621,0,High-Value Loyal
13162,122,16,9275.49,735,0,High-Value Loyal
15249,32,18,9266.0,623,0,High-Value Loyal
12747,2,26,9257.039999999999,732,0,High-Value Loyal
15570,7,25,9254.14,621,0,High-Value Loyal
14367,8,16,9227.82,276,0,High-Value Loyal
14292,8,16,9226.25,631,0,High-Value Loyal
13448,17,13,9189.89,734,0,High-Value Loyal
13756,2,23,9188.75,724,0,High-Value Loyal
15260,100,25,9188.23,734,0,High-Value Loyal
16700,9,25,9167.710000000001,738,0,High-Value Loyal
17068,12,47,9153.83,621,0,High-Value Loyal
15939,90,16,9060.39,375,0,High-Value Loyal
16709,85,14,9056.01,730,0,High-Value Loyal
15867,5,31,9034.95,725,0,High-Value Loyal
16186,23,26,9026.11,730,0,High-Value Loyal
16722,17,22,8989.08,736,0,High-Value Loyal
15150,17,13,8977.94,544,0,High-Value Loyal
15903,10,12,8939.84,695,0,High-Value Loyal
13555,74,13,8891.84,689,0,High-Value Loyal
13269,1,28,8888.75,738,0,High-Value Loyal
14709,15,25,8886.33,734,0,High-Value Loyal
12359,58,10,8873.39,734,0,High-Value Loyal
17576,8,41,8831.6,736,0,High-Value Loyal
17396,39,14,8807.1,441,0,High-Value Loyal
13047,32,24,8795.16,724,0,High-Value Loyal
16532,18,5,8756.64,621,0,High-Value Loyal
12957,10,13,8706.97,729,0,High-Value Loyal
13263,1,39,8676.2,413,0,High-Value Loyal
15955,24,22,8658.36,654,0,High-Value Loyal
15497,18,9,8657.39,721,0,High-Value Loyal
18041,12,38,8633.66,695,0,High-Value Loyal
16945,22,33,8548.16,731,0,High-Value Loyal
15281,59,16,8543.57,428,0,High-Value Loyal
15270,16,21,8524.86,722,0,High-Value Loyal
15984,3,30,8515.72,738,0,High-Value Loyal
12798,10,4,8510.93,422,0,High-Value Loyal
13209,30,13,8509.51,684,0,High-Value Loyal
15786,46,5,8501.62,537,0,High-Value Loyal
13148,29,26,8497.82,732,0,High-Value Loyal
14286,24,7,8479.76,736,0,High-Value Loyal
18139,18,6,8438.34,18,0,High-Value Loyal
13715,281,17,8425.69,638,0,High-Value Loyal
14676,31,12,8356.79,640,0,High-Value Loyal
14057,24,22,8346.66,736,0,High-Value Loyal
17611,7,28,8337.53,738,0,High-Value Loyal
12643,128,12,8304.82,611,0,High-Value Loyal
17686,7,9,8296.81,534,0,High-Value Loyal
12637,67,12,8283.81,543,0,High-Value Loyal
15998,37,16,8274.14,739,0,High-Value Loyal
12720,3,30,8260.67,507,0,High-Value Loyal
15034,16,14,8231.2,577,0,High-Value Loyal
13381,32,12,8224.37,738,0,High-Value Loyal
13139,16,8,8202.98,438,0,High-Value Loyal
14030,18,20,8198.3,729,0,High-Value Loyal
17365,13,15,8184.49,677,0,High-Value Loyal
13426,1,22,8167.38,730,0,High-Value Loyal
15544,9,20,8162.43,680,0,High-Value Loyal
14056,1,23,8152.71,284,0,High-Value Loyal
16672,2,20,8134.9400000000005,267,0,High-Value Loyal
14395,2,20,8110.610000000001,600,0,High-Value Loyal
17593,4,11,8092.32,735,0,High-Value Loyal
17426,8,13,8077.77,660,0,High-Value Loyal
16767,31,15,8056.76,590,0,High-Value Loyal
16670,17,20,8030.150000000001,729,0,High-Value Loyal
14525,20,17,8026.54,726,0,High-Value Loyal
16556,67,17,8012.58,733,0,High-Value Loyal
13869,123,10,7996.87,691,0,High-Value Loyal
15299,67,10,7991.54,697,0,High-Value Loyal
12428,26,9,7956.46,284,0,High-Value Loyal
16303,26,7,7928.27,631,0,High-Value Loyal
14291,2,23,7904.1,731,0,High-Value Loyal
13871,23,17,7885.85,719,0,High-Value Loyal
14159,20,20,7860.8,737,0,High-Value Loyal
15622,43,17,7852.61,646,0,High-Value Loyal
17085,123,28,7847.67,734,0,High-Value Loyal
12757,16,13,7834.650000000001,211,0,High-Value Loyal
12867,26,13,7829.26,723,0,High-Value Loyal
14282,3,25,7821.76,663,0,High-Value Loyal
16592,4,28,7807.91,721,0,High-Value Loyal
17091,3,19,7789.2,723,0,High-Value Loyal
17730,3,20,7773.8,590,0,High-Value Loyal
15581,121,38,7752.74,738,0,High-Value Loyal
14800,48,17,7747.17,435,0,High-Value Loyal
17739,12,18,7730.59,733,0,High-Value Loyal
13534,2,35,7720.9,520,0,High-Value Loyal
17238,3,32,7701.76,739,0,High-Value Loyal
17696,38,27,7679.59,729,0,High-Value Loyal
14175,60,8,7678.88,628,0,High-Value Loyal
13141,85,17,7656.08,730,0,High-Value Loyal
14688,8,28,7635.4,457,0,High-Value Loyal
15046,9,25,7623.79,694,0,High-Value Loyal
14145,47,7,7600.05,611,0,High-Value Loyal
13373,61,6,7587.1900000000005,734,0,High-Value Loyal
13137,11,16,7586.94,502,0,High-Value Loyal
15301,51,17,7583.04,450,0,High-Value Loyal
13709,4,18,7571.35,698,0,High-Value Loyal
15179,18,13,7491.92,737,0,High-Value Loyal
12429,9,8,7485.91,546,0,High-Value Loyal
13815,22,8,7475.74,666,0,High-Value Loyal
12841,5,40,7464.19,519,0,High-Value Loyal
16570,15,20,7434.31,620,0,High-Value Loyal
14243,9,17,7431.05,476,0,High-Value Loyal
17690,30,20,7412.0,674,0,High-Value Loyal
16242,8,14,7404.65,634,0,High-Value Loyal
17602,2,14,7354.43,619,0,High-Value Loyal
13082,126,21,7335.75,717,0,High-Value Loyal
16253,67,7,7272.2,731,0,High-Value Loyal
14092,8,24,7229.45,723,0,High-Value Loyal
16729,38,21,7205.33,241,0,High-Value Loyal
12712,29,21,7193.66,731,0,High-Value Loyal
16745,87,17,7180.7,312,0,High-Value Loyal
14841,53,14,7163.0,737,0,High-Value Loyal
17965,38,29,7157.2,725,0,High-Value Loyal
15950,32,10,7120.91,683,0,High-Value Loyal
15521,40,16,7098.24,704,0,High-Value Loyal
14113,4,16,7092.610000000001,732,0,High-Value Loyal
13451,26,11,7090.06,628,0,High-Value Loyal
13983,30,21,7083.25,730,0,High-Value Loyal
17231,12,25,7064.8,732,0,High-Value Loyal
17769,13,17,7053.38,690,0,High-Value Loyal
13183,8,15,7036.18,636,0,High-Value Loyal
17975,15,24,7010.43,491,0,High-Value Loyal
16938,9,9,6995.360000000001,660,0,High-Value Loyal
13831,16,18,6993.54,729,0,High-Value Loyal
12662,1,20,6988.02,618,0,High-Value Loyal
16717,24,14,6970.93,732,0,High-Value Loyal
13552,66,22,6948.92,658,0,High-Value Loyal
15674,73,13,6948.2300000000005,731,0,High-Value Loyal
16265,9,12,6935.17,407,0,High-Value Loyal
16187,32,15,6911.4400000000005,284,0,High-Value Loyal
13520,59,11,6909.4,723,0,High-Value Loyal
12749,4,9,6897.36,521,0,High-Value Loyal
16170,51,20,6869.0,659,0,High-Value Loyal
15129,50,23,6860.18,610,0,High-Value Loyal
18231,192,28,6854.17,699,0,High-Value Loyal
16401,1,23,6849.15,555,0,High-Value Loyal
12613,57,10,6817.37,725,0,High-Value Loyal
12830,38,6,6814.64,172,0,High-Value Loyal
16145,9,19,6805.4400000000005,584,0,High-Value Loyal
12417,3,20,6797.41,734,0,High-Value Loyal
14401,4,22,6795.9,725,0,High-Value Loyal
15750,3,18,6793.511,738,0,High-Value Loyal
16456,99,13,6788.34,621,0,High-Value Loyal
13993,43,19,6775.71,737,0,High-Value Loyal
12779,38,14,6722.2699999999995,737,0,High-Value Loyal
15321,71,12,6709.7300000000005,675,0,High-Value Loyal
14844,64,10,6702.43,607,0,High-Value Loyal
14388,10,16,6701.0,689,0,High-Value Loyal
12913,5,13,6700.860000000001,739,0,High-Value Loyal
16497,50,23,6695.28,736,0,High-Value Loyal
18118,11,29,6693.13,381,0,High-Value Loyal
13384,31,11,6680.83,501,0,High-Value Loyal
17700,17,14,6679.97,739,0,High-Value Loyal
14702,1,29,6679.2300000000005,729,0,High-Value Loyal
14461,148,13,6676.91,691,0,High-Value Loyal
17001,1,19,6640.8,625,0,High-Value Loyal
13953,7,12,6640.68,728,0,High-Value Loyal
14440,8,13,6638.7300000000005,738,0,High-Value Loyal
14562,4,26,6638.150000000001,670,0,High-Value Loyal
13394,2,19,6621.7,739,0,High-Value Loyal
12626,23,9,6620.48,327,0,High-Value Loyal
17819,72,12,6612.5199999999995,726,0,High-Value Loyal
12843,66,30,6583.36,727,0,High-Value Loyal
13015,53,11,6579.78,603,0,High-Value Loyal
13883,11,15,6560.02,731,0,High-Value Loyal
12836,59,15,6559.7300000000005,738,0,High-Value Loyal
14766,8,11,6556.13,552,0,High-Value Loyal
14221,42,17,6517.49,612,0,High-Value Loyal
17838,27,13,6507.5,631,0,High-Value Loyal
12823,75,18,6501.5,679,0,High-Value Loyal
17419,11,18,6500.52,683,0,High-Value Loyal
18061,22,28,6488.97,736,0,High-Value Loyal
13317,66,19,6486.091,727,0,High-Value Loyal
17873,80,18,6470.280000000001,723,0,High-Value Loyal
16940,52,8,6427.66,731,0,High-Value Loyal
16655,18,13,6423.26,677,0,High-Value Loyal
12656,17,8,6407.83,563,0,High-Value Loyal
15514,12,18,6392.06,735,0,High-Value Loyal
18094,82,13,6391.52,702,0,High-Value Loyal
12406,22,5,6390.36,697,0,High-Value Loyal
14390,10,13,6373.7300000000005,425,0,High-Value Loyal
12356,23,6,6371.73,425,0,High-Value Loyal
14227,26,15,6368.71,670,0,High-Value Loyal
12484,33,12,6354.1,681,0,High-Value Loyal
13590,11,18,6336.04,738,0,High-Value Loyal
18245,7,20,6324.9800000000005,641,0,High-Value Loyal
14180,11,33,6319.25,548,0,High-Value Loyal
13654,43,11,6308.0,738,0,High-Value Loyal
16710,19,22,6291.77,735,0,High-Value Loyal
13136,56,13,6274.56,731,0,High-Value Loyal
14004,43,11,6258.45,436,0,High-Value Loyal
17799,22,20,6246.93,726,0,High-Value Loyal
16735,79,14,6217.41,732,0,High-Value Loyal
13230,4,30,6213.46,631,0,High-Value Loyal
15673,88,9,6204.32,655,0,High-Value Loyal
16103,7,22,6191.71,701,0,High-Value Loyal
16156,9,20,6188.18,737,0,High-Value Loyal
14534,3,26,6187.66,634,0,High-Value Loyal
14907,3,16,6165.79,602,0,High-Value Loyal
17669,43,10,6142.35,617,0,High-Value Loyal
13266,11,19,6135.04,723,0,High-Value Loyal
14852,58,18,6132.43,644,0,High-Value Loyal
14560,7,44,6114.03,738,0,High-Value Loyal
18178,129,11,6103.74,659,0,High-Value Loyal
14530,26,16,6088.87,688,0,High-Value Loyal
17509,58,8,6083.64,63,0,High-Value Loyal
16954,1,20,6081.88,690,0,High-Value Loyal
12664,8,11,6070.04,727,0,High-Value Loyal
17644,1,20,6028.6,662,0,High-Value Loyal
13658,10,9,6025.5,672,0,High-Value Loyal
12835,428,41,5996.83,737,0,High-Value Loyal
15755,10,17,5993.12,736,0,High-Value Loyal
17457,127,14,5984.8099999999995,732,0,High-Value Loyal
17491,1,17,5981.07,591,0,High-Value Loyal
17625,18,8,5978.9,725,0,High-Value Loyal
14535,60,9,5973.2300000000005,653,0,High-Value Loyal
15785,33,16,5969.93,724,0,High-Value Loyal
12500,23,19,5955.21,673,0,High-Value Loyal
14257,64,9,5954.45,648,0,High-Value Loyal
17685,17,12,5907.47,666,0,High-Value Loyal
15971,18,18,5902.83,732,0,High-Value Loyal
12455,73,10,5879.95,722,0,High-Value Loyal
18065,6,29,5866.63,730,0,High-Value Loyal
14210,106,16,5861.52,703,0,High-Value Loyal
17146,106,13,5852.64,676,0,High-Value Loyal
16011,8,29,5838.96,739,0,High-Value Loyal
14112,23,13,5834.59,654,0,High-Value Loyal
14189,2,16,5814.39,389,0,High-Value Loyal
13769,2,20,5800.42,724,0,High-Value Loyal
12910,23,13,5796.52,621,0,High-Value Loyal
17069,28,14,5794.28,737,0,High-Value Loyal
18075,23,20,5783.29,499,0,High-Value Loyal
17672,50,7,5778.63,682,0,High-Value Loyal
14099,16,20,5750.91,730,0,High-Value Loyal
15485,30,7,5750.51,738,0,High-Value Loyal
17863,59,12,5745.2,653,0,High-Value Loyal
16316,64,13,5744.91,493,0,High-Value Loyal
12615,2,8,5740.98,631,0,High-Value Loyal
13771,64,9,5728.82,653,0,High-Value Loyal
13870,2,15,5712.08,670,0,High-Value Loyal
16607,18,25,5706.87,589,0,High-Value Loyal
17651,12,16,5703.52,527,0,High-Value Loyal
16279,21,9,5698.28,596,0,High-Value Loyal
16458,3,30,5690.89,562,0,High-Value Loyal
13157,49,9,5687.36,642,0,High-Value Loyal
12727,11,10,5679.53,655,0,High-Value Loyal
12633,59,7,5678.16,526,0,High-Value Loyal
13901,72,15,5676.34,704,0,High-Value Loyal
16409,36,12,5652.74,726,0,High-Value Loyal
15628,5,17,5652.26,726,0,High-Value Loyal
12347,2,8,5633.32,404,0,High-Value Loyal
13842,59,18,5629.91,661,0,High-Value Loyal
16003,30,10,5613.83,736,0,High-Value Loyal
18145,13,11,5609.74,732,0,High-Value Loyal
16200,4,12,5608.1,737,0,High-Value Loyal
17059,30,9,5586.93,682,0,High-Value Loyal
15854,4,21,5578.28,730,0,High-Value Loyal
17203,36,10,5564.09,388,0,High-Value Loyal
15527,19,23,5554.89,724,0,High-Value Loyal
14572,3,11,5526.88,621,0,High-Value Loyal
14732,8,19,5517.07,731,0,High-Value Loyal
15898,1,25,5513.09,728,0,High-Value Loyal
17092,50,11,5511.41,675,0,High-Value Loyal
13115,12,10,5494.7,599,0,High-Value Loyal
16609,15,7,5493.46,253,0,High-Value Loyal
13593,108,14,5493.29,647,0,High-Value Loyal
16393,2,23,5482.57,739,0,High-Value Loyal
16992,11,13,5476.5,667,0,High-Value Loyal
17512,29,18,5467.820000000001,729,0,High-Value Loyal
12480,28,7,5464.85,507,0,High-Value Loyal
18198,4,17,5425.56,336,0,High-Value Loyal
14713,9,21,5414.71,736,0,High-Value Loyal
14626,24,11,5410.92,729,0,High-Value Loyal
17719,38,15,5396.04,256,0,High-Value Loyal
17612,53,18,5394.86,723,0,High-Value Loyal
13362,9,7,5394.07,425,0,High-Value Loyal
13014,11,11,5381.08,433,0,High-Value Loyal
13495,8,10,5374.26,733,0,High-Value Loyal
12362,3,11,5356.23,739,0,High-Value Loyal
17567,7,9,5356.03,442,0,High-Value Loyal
15641,105,12,5345.55,733,0,High-Value Loyal
16008,24,15,5339.13,631,0,High-Value Loyal
12708,30,18,5314.1,722,0,High-Value Loyal
17584,7,6,5309.42,684,0,High-Value Loyal
15394,10,11,5286.8,724,0,High-Value Loyal
15152,10,14,5263.83,701,0,High-Value Loyal
13931,96,11,5257.38,737,0,High-Value Loyal
13975,31,12,5256.4,675,0,High-Value Loyal
13107,44,9,5253.07,674,0,High-Value Loyal
15722,36,11,5234.0,640,0,High-Value Loyal
17061,74,11,5232.2300000000005,232,0,High-Value Loyal
12422,96,17,5231.8,722,0,High-Value Loyal
15606,61,17,5230.99,647,0,High-Value Loyal
15812,107,12,5201.47,724,0,High-Value Loyal
14546,5,11,5184.84,733,0,High-Value Loyal
16931,5,23,5184.27,397,0,High-Value Loyal
17213,40,13,5182.3,725,0,High-Value Loyal
17663,26,17,5175.83,646,0,High-Value Loyal
15796,1,17,5171.63,618,0,High-Value Loyal
17157,8,19,5151.9,735,0,High-Value Loyal
16153,50,11,5133.49,563,0,High-Value Loyal
17346,4,26,5132.72,601,0,High-Value Loyal
16308,38,7,5120.0,724,0,High-Value Loyal
15443,2,14,5114.23,643,0,High-Value Loyal
13329,32,8,5112.97,735,0,High-Value Loyal
17519,17,15,5109.47,739,0,High-Value Loyal
16919,156,24,5108.01,477,0,High-Value Loyal
13523,33,6,5101.52,402,0,High-Value Loyal
12483,17,19,5097.18,677,0,High-Value Loyal
17402,5,23,5095.53,723,0,High-Value Loyal
12594,38,15,5090.110000000001,646,0,High-Value Loyal
17861,3,18,5088.29,730,0,High-Value Loyal
14493,7,10,5087.86,642,0,High-Value Loyal
15367,57,11,5081.33,729,0,High-Value Loyal
15529,23,12,5079.32,394,0,High-Value Loyal
14307,89,10,5071.03,732,0,High-Value Loyal
12395,19,15,5067.27,603,0,High-Value Loyal
18144,8,19,5058.0,723,0,High-Value Loyal
17469,16,17,5051.25,723,0,High-Value Loyal
17802,82,10,5046.42,726,0,High-Value Loyal
12600,29,21,5043.92,732,0,High-Value Loyal
13634,33,16,5033.77,698,0,High-Value Loyal
12759,52,8,5020.74,736,0,High-Value Loyal
16904,4,21,5014.06,411,0,High-Value Loyal
12444,21,5,5005.46,171,0,High-Value Loyal
14209,11,15,4993.27,687,0,High-Value Loyal
14639,52,9,4978.96,662,0,High-Value Loyal
13198,10,8,4974.2300000000005,434,0,High-Value Loyal
12562,8,9,4966.92,435,0,High-Value Loyal
17758,19,12,4964.03,568,0,High-Value Loyal
16905,5,17,4961.17,729,0,High-Value Loyal
12700,8,4,4939.99,215,0,High-Value Loyal
14970,68,12,4919.35,663,0,High-Value Loyal
14825,4,24,4919.18,612,0,High-Value Loyal
16143,3,12,4910.83,730,0,High-Value Loyal
17314,25,17,4904.43,737,0,High-Value Loyal
16255,17,15,4904.25,685,0,High-Value Loyal
16986,30,11,4888.75,673,0,High-Value Loyal
13021,4,17,4887.24,735,0,High-Value Loyal
17596,23,13,4882.43,724,0,High-Value Loyal
16686,47,16,4881.07,733,0,High-Value Loyal
14107,52,11,4877.3,730,0,High-Value Loyal
17449,2,13,4868.15,730,0,High-Value Loyal
17652,25,12,4867.72,281,0,High-Value Loyal
14032,2,16,4850.2699999999995,726,0,High-Value Loyal
12449,22,6,4835.89,439,0,High-Value Loyal
17191,28,15,4820.45,738,0,High-Value Loyal
14191,2,15,4817.66,729,0,High-Value Loyal
13875,54,14,4814.37,723,0,High-Value Loyal
15187,2,16,4777.18,212,0,High-Value Loyal
13988,20,8,4757.8,626,0,High-Value Loyal
12955,1,11,4757.16,268,0,High-Value Loyal
17082,33,6,4732.03,725,0,High-Value Loyal
16326,6,24,4721.25,680,0,High-Value Loyal
14235,75,9,4717.99,619,0,High-Value Loyal
12589,29,8,4695.66,690,0,High-Value Loyal
15410,84,10,4685.72,600,0,High-Value Loyal
13971,19,14,4667.57,683,0,High-Value Loyal
16293,22,15,4657.95,729,0,High-Value Loyal
15123,7,5,4656.17,634,0,High-Value Loyal
15484,1,6,4652.1,734,0,High-Value Loyal
17050,96,11,4648.59,682,0,High-Value Loyal
14466,29,13,4646.9,726,0,High-Value Loyal
12578,21,4,4642.45,444,0,High-Value Loyal
15271,7,24,4640.29,491,0,High-Value Loyal
18097,8,11,4627.92,723,0,High-Value Loyal
17442,37,15,4620.3,662,0,High-Value Loyal
12782,5,11,4618.24,519,0,High-Value Loyal
14441,1,11,4611.6900000000005,691,0,High-Value Loyal
12553,8,12,4608.75,423,0,High-Value Loyal
18257,39,12,4600.15,659,0,High-Value Loyal
17188,11,13,4592.93,731,0,High-Value Loyal
13491,52,27,4566.56,733,0,High-Value Loyal
13510,1,11,4558.29,719,0,High-Value Loyal
15365,26,13,4557.13,673,0,High-Value Loyal
17613,23,14,4544.55,306,0,High-Value Loyal
13527,34,12,4541.29,688,0,High-Value Loyal
13571,13,26,4537.26,731,0,High-Value Loyal
12598,10,11,4534.09,649,0,High-Value Loyal
14001,46,9,4530.09,494,0,High-Value Loyal
14290,11,8,4516.56,732,0,High-Value Loyal
15680,9,10,4507.58,738,0,High-Value Loyal
14701,11,15,4487.11,685,0,High-Value Loyal
12627,11,7,4478.53,140,0,High-Value Loyal
18069,26,11,4464.92,649,0,High-Value Loyal
16912,29,15,4460.51,731,0,High-Value Loyal
15240,45,12,4459.98,734,0,High-Value Loyal
17220,24,21,4457.31,689,0,High-Value Loyal
17682,10,11,4456.78,642,0,High-Value Loyal
14341,45,18,4452.02,739,0,High-Value Loyal
17754,1,13,4451.22,728,0,High-Value Loyal
13435,5,9,4447.33,500,0,High-Value Loyal
16098,88,14,4441.3,725,0,High-Value Loyal
16218,30,13,4439.97,561,0,High-Value Loyal
16081,56,8,4436.56,675,0,High-Value Loyal
12349,19,4,4428.69,589,0,High-Value Loyal
15845,18,11,4426.28,682,0,High-Value Loyal
17412,3,16,4417.52,737,0,High-Value Loyal
16626,1,17,4413.1,267,0,High-Value Loyal
14211,53,18,4402.29,731,0,High-Value Loyal
15203,26,15,4400.18,731,0,High-Value Loyal
16150,43,10,4395.59,722,0,High-Value Loyal
13880,21,17,4391.66,562,0,High-Value Loyal
18272,3,9,4385.9800000000005,645,0,High-Value Loyal
13982,39,9,4382.89,688,0,High-Value Loyal
14514,61,9,4380.04,726,0,High-Value Loyal
16455,64,11,4376.87,620,0,High-Value Loyal
15861,12,12,4369.2,680,0,High-Value Loyal
13297,8,7,4368.62,543,0,High-Value Loyal
12523,19,23,4352.35,732,0,High-Value Loyal
16283,6,8,4350.32,649,0,High-Value Loyal
17372,41,28,4347.31,736,0,High-Value Loyal
12408,33,8,4340.7699999999995,498,0,High-Value Loyal
16477,64,11,4320.02,485,0,High-Value Loyal
14334,17,12,4318.48,569,0,High-Value Loyal
18259,25,7,4318.200000000001,732,0,High-Value Loyal
12370,51,7,4316.56,669,0,High-Value Loyal
14482,18,12,4306.72,470,0,High-Value Loyal
12928,35,12,4304.89,550,0,High-Value Loyal
14854,78,11,4303.06,687,0,High-Value Loyal
17937,9,7,4301.22,362,0,High-Value Loyal
18230,9,9,4291.06,526,0,High-Value Loyal
18077,8,18,4283.66,733,0,High-Value Loyal
17930,36,13,4275.22,646,0,High-Value Loyal
16241,10,16,4270.51,410,0,High-Value Loyal
14239,43,21,4263.17,735,0,High-Value Loyal
14047,9,14,4255.03,677,0,High-Value Loyal
12360,52,8,4252.89,656,0,High-Value Loyal
16571,27,10,4248.74,632,0,High-Value Loyal
12935,2,15,4243.86,607,0,High-Value Loyal
17728,4,5,4238.76,453,0,High-Value Loyal
13911,57,20,4234.99,648,0,High-Value Loyal
16875,67,11,4234.53,704,0,High-Value Loyal
16712,9,13,4232.87,401,0,High-Value Loyal
16743,29,14,4212.15,596,0,High-Value Loyal
15804,1,13,4206.39,199,0,High-Value Loyal
15708,41,9,4204.4400000000005,426,0,High-Value Loyal
15518,64,15,4189.99,720,0,High-Value Loyal
15752,40,9,4184.56,458,0,High-Value Loyal
14868,3,12,4184.01,420,0,High-Value Loyal
17738,19,13,4183.56,631,0,High-Value Loyal
18287,43,7,4182.99,572,0,High-Value Loyal
17218,4,18,4178.93,683,0,High-Value Loyal
17673,2,13,4173.88,630,0,High-Value Loyal
17526,5,12,4166.04,722,0,High-Value Loyal
13461,39,6,4160.0,597,0,High-Value Loyal
12569,2,32,4124.69,252,0,High-Value Loyal
15493,33,9,4121.68,655,0,High-Value Loyal
13450,27,13,4120.04,603,0,High-Value Loyal
14408,11,11,4102.27,733,0,High-Value Loyal
15050,25,5,4087.19,481,0,High-Value Loyal
14878,13,25,4076.5,657,0,High-Value Loyal
14913,36,8,4073.13,486,0,High-Value Loyal
13421,40,8,4058.75,663,0,High-Value Loyal
15024,10,16,4050.61,424,0,High-Value Loyal
17287,26,21,4049.56,737,0,High-Value Loyal
13048,14,9,4049.13,681,0,High-Value Loyal
17211,27,13,4046.65,726,0,High-Value Loyal
14824,10,10,4022.9100000000003,637,0,High-Value Loyal
12726,28,11,4014.6,624,0,High-Value Loyal
15782,10,4,4014.1,430,0,High-Value Loyal
16928,80,29,4013.7799999999997,675,0,High-Value Loyal
12721,32,8,4013.08,472,0,High-Value Loyal
13895,28,6,4008.52,736,0,High-Value Loyal
16841,37,12,4006.06,697,0,High-Value Loyal
17618,6,11,4001.64,685,0,High-Value Loyal
13126,5,13,3998.25,648,0,High-Value Loyal
14547,4,8,3974.75,54,0,High-Value Loyal
15572,5,10,3965.2,604,0,High-Value Loyal
17019,11,11,3961.11,738,0,High-Value Loyal
16791,29,15,3957.63,736,0,High-Value Loyal
17667,66,9,3950.7,655,0,High-Value Loyal
16771,33,10,3949.6,731,0,High-Value Loyal
16719,15,14,3944.35,727,0,High-Value Loyal
15858,16,13,3936.34,730,0,High-Value Loyal
15819,49,10,3934.79,632,0,High-Value Loyal
17954,5,19,3933.06,730,0,High-Value Loyal
12473,29,5,3928.0499999999997,192,0,High-Value Loyal
15051,23,9,3926.91,738,0,High-Value Loyal
15983,22,8,3924.02,733,0,High-Value Loyal
13995,15,14,3902.01,722,0,High-Value Loyal
12388,16,8,3901.11,582,0,High-Value Loyal
14498,43,10,3900.83,550,0,High-Value Loyal
15571,12,14,3892.35,734,0,High-Value Loyal
12358,2,5,3887.07,732,0,High-Value Loyal
14744,16,14,3885.08,570,0,High-Value Loyal
15696,33,13,3881.2200000000003,684,0,High-Value Loyal
15288,43,10,3881.03,665,0,High-Value Loyal
14655,8,7,3878.51,596,0,High-Value Loyal
16440,8,6,3856.9700000000003,494,0,High-Value Loyal
16057,16,10,3854.85,701,0,High-Value Loyal
13213,57,11,3851.52,568,0,High-Value Loyal
16341,25,7,3850.79,610,0,High-Value Loyal
17659,17,14,3834.79,386,0,High-Value Loyal
13481,46,11,3830.84,736,0,High-Value Loyal
15421,59,10,3805.34,732,0,High-Value Loyal
16128,18,11,3801.05,511,0,High-Value Loyal
15827,73,28,3794.07,701,0,High-Value Loyal
17071,28,13,3793.71,684,0,High-Value Loyal
12619,16,10,3781.38,560,0,High-Value Loyal
14309,8,11,3780.81,551,0,High-Value Loyal
15811,22,7,3776.0,388,0,High-Value Loyal
16466,34,15,3767.09,642,0,High-Value Loyal
17173,5,8,3766.6,131,0,High-Value Loyal
12670,10,7,3760.29,667,0,High-Value Loyal
12530,60,9,3759.26,642,0,High-Value Loyal
14409,71,9,3756.09,567,0,High-Value Loyal
13305,4,16,3752.61,639,0,High-Value Loyal
17293,8,17,3750.63,736,0,High-Value Loyal
15370,41,8,3739.01,411,0,High-Value Loyal
15532,25,10,3738.85,549,0,High-Value Loyal
16539,3,10,3732.01,532,0,High-Value Loyal
14515,18,12,3724.06,551,0,High-Value Loyal
16950,57,10,3713.77,685,0,High-Value Loyal
14540,10,11,3709.64,732,0,High-Value Loyal
14776,51,15,3708.3,446,0,High-Value Loyal
15255,67,9,3706.02,737,0,High-Value Loyal
15351,12,10,3704.89,433,0,High-Value Loyal
15494,21,5,3702.6,729,0,High-Value Loyal
17096,15,11,3697.93,555,0,High-Value Loyal
16094,12,11,3695.56,602,0,High-Value Loyal
14593,22,12,3665.5299999999997,730,0,High-Value Loyal
16983,13,11,3654.02,447,0,High-Value Loyal
17655,11,9,3652.48,417,0,High-Value Loyal
14649,5,9,3651.19,688,0,High-Value Loyal
14640,24,10,3649.36,686,0,High-Value Loyal
15953,15,18,3648.08,736,0,High-Value Loyal
13632,25,8,3645.81,612,0,High-Value Loyal
17063,21,13,3638.53,739,0,High-Value Loyal
16748,18,14,3637.33,730,0,High-Value Loyal
16053,33,6,3634.84,611,0,High-Value Loyal
17528,1,8,3628.5,71,0,High-Value Loyal
16444,46,17,3625.88,625,0,High-Value Loyal
13750,54,11,3602.1800000000003,617,0,High-Value Loyal
12963,8,12,3601.59,519,0,High-Value Loyal
16325,47,12,3597.5,735,0,High-Value Loyal
17422,16,11,3594.76,535,0,High-Value Loyal
14653,1,12,3593.06,738,0,High-Value Loyal
14132,2,11,3586.0299999999997,184,0,High-Value Loyal
18219,3,17,3562.89,732,0,High-Value Loyal
17848,81,30,3559.11,733,0,High-Value Loyal
14882,27,14,3546.65,619,0,High-Value Loyal
14503,3,6,3543.26,179,0,High-Value Loyal
12645,34,8,3539.3,669,0,High-Value Loyal
17924,12,8,3536.7000000000003,415,0,High-Value Loyal
16395,61,14,3518.41,734,0,High-Value Loyal
18044,4,18,3505.61,560,0,High-Value Loyal
15059,41,19,3491.2,734,0,High-Value Loyal
13577,25,11,3489.28,725,0,High-Value Loyal
15306,64,9,3484.73,659,0,High-Value Loyal
15380,9,11,3479.0600000000004,738,0,High-Value Loyal
15712,9,12,3472.4100000000003,739,0,High-Value Loyal
14533,25,11,3466.37,611,0,High-Value Loyal
14898,23,14,3464.45,736,0,High-Value Loyal
16360,5,6,3450.41,88,0,High-Value Loyal
13313,22,12,3445.32,737,0,High-Value Loyal
13536,1,7,3444.39,75,0,High-Value Loyal
16347,11,11,3442.96,638,0,High-Value Loyal
15974,39,7,3442.15,289,0,High-Value Loyal
16208,45,10,3440.45,653,0,High-Value Loyal
17725,16,11,3439.08,267,0,High-Value Loyal
17913,59,14,3429.29,736,0,High-Value Loyal
15373,8,17,3418.84,587,0,High-Value Loyal
14217,2,23,3416.89,527,0,High-Value Loyal
14215,12,9,3416.33,732,0,High-Value Loyal
14673,3,7,3410.81,410,0,High-Value Loyal
13437,14,7,3408.06,190,0,High-Value Loyal
13823,19,7,3403.4500000000003,724,0,High-Value Loyal
15114,30,12,3400.12,421,0,High-Value Loyal
16271,3,10,3397.82,643,0,High-Value Loyal
15058,25,16,3387.58,653,0,High-Value Loyal
15356,31,13,3382.69,422,0,High-Value Loyal
15916,16,13,3377.69,729,0,High-Value Loyal
12838,34,10,3366.7,593,0,High-Value Loyal
13285,23,6,3364.59,624,0,High-Value Loyal
14608,4,11,3352.94,734,0,High-Value Loyal
13246,18,11,3351.75,525,0,High-Value Loyal
16818,11,11,3349.57,206,0,High-Value Loyal
17183,8,6,3347.31,105,0,High-Value Loyal
14344,127,20,3333.7000000000003,626,0,High-Value Loyal
13824,33,12,3314.76,637,0,High-Value Loyal
13131,23,7,3313.77,669,0,High-Value Loyal
16365,18,15,3307.2,729,0,High-Value Loyal
17768,8,7,3292.73,738,0,High-Value Loyal
13650,17,10,3288.0,683,0,High-Value Loyal
15632,16,8,3285.31,275,0,High-Value Loyal
14285,21,8,3284.42,731,0,High-Value Loyal
18188,15,6,3280.59,624,0,High-Value Loyal
14293,3,9,3267.9300000000003,730,0,High-Value Loyal
14064,29,15,3260.24,687,0,High-Value Loyal
14451,60,12,3258.68,692,0,High-Value Loyal
16612,33,9,3245.43,736,0,High-Value Loyal
15140,52,8,3243.69,442,0,High-Value Loyal
15602,8,16,3230.51,738,0,High-Value Loyal
14506,17,7,3217.25,600,0,High-Value Loyal
14507,24,11,3216.7400000000002,729,0,High-Value Loyal
12951,9,15,3213.7200000000003,699,0,High-Value Loyal
16918,50,16,3206.54,737,0,High-Value Loyal
16107,18,7,3204.1600000000003,183,0,High-Value Loyal
17147,23,9,3199.95,698,0,High-Value Loyal
14315,45,8,3197.82,635,0,High-Value Loyal
15027,31,10,3195.6,624,0,High-Value Loyal
13397,73,10,3191.87,689,0,High-Value Loyal
16515,52,10,3179.06,541,0,High-Value Loyal
17228,16,13,3175.98,638,0,High-Value Loyal
17621,21,6,3175.12,432,0,High-Value Loyal
13268,18,11,3174.75,267,0,High-Value Loyal
16059,66,12,3171.82,569,0,High-Value Loyal
16837,31,11,3170.98,246,0,High-Value Loyal
13804,31,9,3161.12,437,0,High-Value Loyal
14748,29,10,3152.32,645,0,High-Value Loyal
17702,30,6,3144.04,401,0,High-Value Loyal
14897,8,8,3140.54,724,0,High-Value Loyal
14963,10,12,3123.57,526,0,High-Value Loyal
15199,59,10,3122.4,576,0,High-Value Loyal
13685,3,7,3119.44,60,0,High-Value Loyal
13692,25,5,3114.4,420,0,High-Value Loyal
14978,72,10,3112.19,591,0,High-Value Loyal
16678,3,12,3109.99,283,0,High-Value Loyal
13742,17,12,3107.87,320,0,High-Value Loyal
12909,40,8,3103.19,654,0,High-Value Loyal
13538,43,12,3103.13,676,0,High-Value Loyal
15031,4,14,3102.94,731,0,High-Value Loyal
13772,34,8,3100.02,654,0,High-Value Loyal
16933,1,9,3099.3,730,0,High-Value Loyal
12937,15,9,3097.61,736,0,High-Value Loyal
15105,18,9,3094.91,627,0,High-Value Loyal
17530,1,12,3092.33,733,0,High-Value Loyal
14312,47,11,3090.29,504,0,High-Value Loyal
17552,60,12,3085.29,628,0,High-Value Loyal
17929,11,12,3082.1,731,0,High-Value Loyal
17090,4,13,3080.1800000000003,508,0,High-Value Loyal
17870,2,13,3079.69,382,0,High-Value Loyal
14044,27,10,3077.7,684,0,High-Value Loyal
13196,11,7,3068.84,617,0,High-Value Loyal
13077,1,11,3054.37,729,0,High-Value Loyal
16775,10,16,3052.7400000000002,442,0,High-Value Loyal
15241,67,11,3050.16,654,0,High-Value Loyal
16560,27,8,3048.38,732,0,High-Value Loyal
12849,31,6,3042.47,591,0,High-Value Loyal
13647,10,8,3041.68,603,0,High-Value Loyal
15754,51,9,3037.61,655,0,High-Value Loyal
13557,28,13,3032.26,731,0,High-Value Loyal
17884,4,20,3020.99,735,0,High-Value Loyal
14456,5,9,3017.28,142,0,High-Value Loyal
14621,1,9,3000.57,684,0,High-Value Loyal
15611,10,26,2997.28,683,0,High-Value Loyal
17961,21,100,2994.29,738,0,High-Value Loyal
15687,9,9,2993.1,330,0,High-Value Loyal
15681,25,14,2989.7,564,0,High-Value Loyal
18241,10,21,2986.9900000000002,618,0,High-Value Loyal
14226,29,6,2985.13,441,0,High-Value Loyal
15967,23,12,2966.0,738,0,High-Value Loyal
15329,39,11,2958.83,726,0,High-Value Loyal
16416,27,9,2957.88,655,0,High-Value Loyal
13012,9,11,2957.83,592,0,High-Value Loyal
13110,31,12,2957.4700000000003,738,0,High-Value Loyal
12826,3,12,2955.75,722,0,High-Value Loyal
12877,4,20,2942.14,691,0,High-Value Loyal
15312,75,12,2930.19,724,0,High-Value Loyal
15965,17,13,2928.13,737,0,High-Value Loyal
13890,1,14,2927.38,733,0,High-Value Loyal
12906,12,5,2919.81,78,0,High-Value Loyal
16358,1,5,2919.65,395,0,High-Value Loyal
15392,5,7,2911.62,432,0,High-Value Loyal
13784,10,14,2910.23,451,0,High-Value Loyal
14524,32,13,2909.86,417,0,High-Value Loyal
13455,25,6,2905.93,731,0,High-Value Loyal
16633,17,6,2883.1,234,0,High-Value Loyal
14251,2,5,2879.7000000000003,58,0,High-Value Loyal
18170,33,9,2878.0,700,0,High-Value Loyal
14005,10,5,2874.72,216,0,High-Value Loyal
15043,31,6,2870.3199999999997,533,0,High-Value Loyal
16711,3,9,2868.48,737,0,High-Value Loyal
15862,8,13,2866.52,723,0,High-Value Loyal
16086,59,10,2864.9900000000002,737,0,High-Value Loyal
16062,10,8,2863.45,536,0,High-Value Loyal
12685,28,6,2863.08,94,0,High-Value Loyal
16979,4,9,2859.74,450,0,High-Value Loyal
15563,22,7,2859.46,681,0,High-Value Loyal
16225,45,15,2859.31,671,0,High-Value Loyal
13728,37,16,2855.17,730,0,High-Value Loyal
14404,34,13,2853.36,719,0,High-Value Loyal
12352,36,10,2849.84,393,0,High-Value Loyal
12676,25,11,2843.09,483,0,High-Value Loyal
16554,42,8,2841.72,725,0,High-Value Loyal
14711,10,11,2839.62,262,0,High-Value Loyal
13477,38,11,2819.17,684,0,High-Value Loyal
13032,52,9,2815.96,460,0,High-Value Loyal
15660,25,15,2812.99,672,0,High-Value Loyal
17386,8,7,2812.77,385,0,High-Value Loyal
16871,22,6,2812.34,271,0,High-Value Loyal
16817,3,13,2804.9,432,0,High-Value Loyal
17470,45,11,2804.87,508,0,High-Value Loyal
16742,47,14,2799.87,723,0,High-Value Loyal
14035,29,9,2794.75,613,0,High-Value Loyal
16764,4,13,2790.9500000000003,143,0,High-Value Loyal
15073,10,8,2788.02,682,0,High-Value Loyal
13719,15,11,2783.08,571,0,High-Value Loyal
17790,27,20,2779.41,544,0,High-Value Loyal
14869,9,6,2778.14,724,0,High-Value Loyal
15993,9,7,2777.67,44,0,High-Value Loyal
17031,12,6,2773.85,581,0,High-Value Loyal
13695,31,16,2770.73,578,0,High-Value Loyal
17720,26,10,2768.91,579,0,High-Value Loyal
18210,2,7,2768.83,383,0,High-Value Loyal
14696,4,8,2767.9,422,0,High-Value Loyal
13813,40,8,2765.47,734,0,High-Value Loyal
16407,13,14,2761.65,432,0,High-Value Loyal
17115,8,7,2761.4900000000002,735,0,High-Value Loyal
17368,23,14,2758.29,724,0,High-Value Loyal
17262,52,11,2757.62,725,0,High-Value Loyal
13736,5,7,2752.47,734,0,High-Value Loyal
17490,1,9,2750.5,570,0,High-Value Loyal
17676,4,10,2749.34,620,0,High-Value Loyal
12391,22,6,2724.84,663,0,High-Value Loyal
16190,40,8,2723.55,726,0,High-Value Loyal
14808,40,8,2718.6,172,0,High-Value Loyal
15021,9,12,2698.68,498,0,High-Value Loyal
16359,7,16,2697.75,662,0,High-Value Loyal
12820,3,11,2689.52,734,0,High-Value Loyal
16434,29,12,2673.69,691,0,High-Value Loyal
18283,4,22,2664.9,658,0,High-Value Loyal
15910,1,15,2661.17,688,0,High-Value Loyal
15671,19,7,2657.13,271,0,High-Value Loyal
16369,18,7,2656.56,611,0,High-Value Loyal
15157,4,5,2654.11,729,0,High-Value Loyal
17744,4,7,2649.14,381,0,High-Value Loyal
13203,10,10,2648.25,722,0,High-Value Loyal
13117,22,18,2643.81,623,0,High-Value Loyal
15814,17,6,2634.44,603,0,High-Value Loyal
12423,1,10,2622.39,466,0,High-Value Loyal
13211,10,10,2618.77,733,0,High-Value Loyal
14262,8,8,2618.23,241,0,High-Value Loyal
14397,3,19,2612.96,214,0,High-Value Loyal
13700,26,13,2596.9700000000003,671,0,High-Value Loyal
17043,32,8,2593.65,730,0,High-Value Loyal
14129,2,9,2591.34,579,0,High-Value Loyal
16206,55,13,2589.87,684,0,High-Value Loyal
17095,23,7,2572.25,725,0,High-Value Loyal
15434,8,11,2567.06,684,0,High-Value Loyal
13173,4,11,2565.76,729,0,High-Value Loyal
15033,5,10,2557.18,329,0,High-Value Loyal
13862,18,9,2556.09,389,0,High-Value Loyal
16115,10,12,2553.8,575,0,High-Value Loyal
18179,9,8,2547.55,663,0,High-Value Loyal
15426,19,9,2538.92,586,0,High-Value Loyal
17463,16,7,2535.26,589,0,High-Value Loyal
13623,31,10,2533.06,737,0,High-Value Loyal
14810,41,13,2531.92,429,0,High-Value Loyal
15906,20,10,2530.19,451,0,High-Value Loyal
14659,9,9,2529.93,316,0,High-Value Loyal
14790,17,10,2526.62,728,0,High-Value Loyal
16987,3,11,2521.4,737,0,High-Value Loyal
17101,10,7,2507.05,550,0,High-Value Loyal
15747,13,9,2499.81,691,0,High-Value Loyal
15932,4,8,2495.87,289,0,High-Value Loyal
14541,59,14,2491.38,702,0,High-Value Loyal
15227,37,9,2488.4900000000002,634,0,High-Value Loyal
15117,15,8,2485.9700000000003,634,0,High-Value Loyal
13588,16,9,2478.95,255,0,High-Value Loyal
17288,9,11,2468.43,394,0,High-Value Loyal
17164,33,7,2467.35,273,0,High-Value Loyal
15860,41,17,2463.96,734,0,High-Value Loyal
17629,6,10,2455.52,421,0,High-Value Loyal
16016,3,11,2446.42,402,0,High-Value Loyal
17348,15,9,2442.29,640,0,High-Value Loyal
14449,19,8,2441.2,436,0,High-Value Loyal
13094,21,13,2433.1200000000003,389,0,High-Value Loyal
16638,23,15,2430.53,478,0,High-Value Loyal
14502,20,11,2429.83,313,0,High-Value Loyal
13949,3,6,2427.32,95,0,High-Value Loyal
15089,10,6,2420.84,128,0,High-Value Loyal
15489,23,8,2419.61,693,0,High-Value Loyal
16470,52,11,2416.85,729,0,High-Value Loyal
13118,20,9,2415.41,439,0,High-Value Loyal
14205,17,9,2414.2,643,0,High-Value Loyal
17894,72,18,2411.35,469,0,High-Value Loyal
16833,1,6,2409.04,623,0,High-Value Loyal
15793,15,8,2399.57,738,0,High-Value Loyal
17905,71,13,2379.37,680,0,High-Value Loyal
17827,5,6,2376.17,622,0,High-Value Loyal
17434,2,7,2373.82,85,0,High-Value Loyal
17623,33,7,2365.77,725,0,High-Value Loyal
16005,12,10,2365.4900000000002,450,0,High-Value Loyal
17634,36,9,2358.59,338,0,High-Value Loyal
17969,166,20,2354.29,733,0,High-Value Loyal
16085,23,12,2341.03,688,0,High-Value Loyal
12704,7,8,2340.84,170,0,High-Value Loyal
12584,4,9,2338.15,280,0,High-Value Loyal
13614,24,6,2332.74,551,0,High-Value Loyal
16496,9,6,2330.77,509,0,High-Value Loyal
16628,30,7,2318.1,642,0,High-Value Loyal
12724,5,7,2317.52,535,0,High-Value Loyal
12948,16,9,2317.43,738,0,High-Value Loyal
17193,36,9,2310.04,738,0,High-Value Loyal
13704,5,9,2308.06,88,0,High-Value Loyal
16531,22,11,2298.33,442,0,High-Value Loyal
17324,18,12,2298.12,721,0,High-Value Loyal
12599,29,13,2296.72,578,0,High-Value Loyal
12684,8,7,2283.63,213,0,High-Value Loyal
14901,11,12,2281.4,499,0,High-Value Loyal
13994,4,6,2274.14,148,0,High-Value Loyal
16350,21,9,2253.89,428,0,High-Value Loyal
14432,10,6,2248.5,89,0,High-Value Loyal
16042,22,8,2245.32,454,0,High-Value Loyal
14462,66,12,2242.81,432,0,High-Value Loyal
17180,56,11,2236.77,687,0,High-Value Loyal
17075,18,10,2236.63,726,0,High-Value Loyal
16076,3,10,2234.73,209,0,High-Value Loyal
17460,94,16,2228.27,686,0,High-Value Loyal
12783,2,6,2225.91,75,0,High-Value Loyal
14321,11,7,2218.06,473,0,High-Value Loyal
18177,31,9,2216.32,724,0,High-Value Loyal
15550,4,12,2211.05,736,0,High-Value Loyal
14177,86,13,2209.69,652,0,High-Value Loyal
14834,18,7,2206.16,407,0,High-Value Loyal
14467,18,12,2203.2400000000002,738,0,High-Value Loyal
13410,24,9,2201.96,731,0,High-Value Loyal
16221,37,9,2186.66,486,0,High-Value Loyal
14597,11,6,2184.63,437,0,High-Value Loyal
15864,22,7,2180.76,381,0,High-Value Loyal
12856,8,6,2170.78,64,0,High-Value Loyal
14595,20,8,2164.45,688,0,High-Value Loyal
13643,31,10,2156.77,732,0,High-Value Loyal
16966,8,7,2154.97,240,0,High-Value Loyal
16600,4,13,2153.41,721,0,High-Value Loyal
12576,36,8,2142.72,526,0,High-Value Loyal
13092,71,12,2140.28,668,0,High-Value Loyal
18116,68,13,2134.4900000000002,411,0,High-Value Loyal
16996,30,9,2123.61,418,0,High-Value Loyal
12997,22,8,2110.91,613,0,High-Value Loyal
13755,4,9,2108.06,63,0,High-Value Loyal
13610,12,14,2103.71,703,0,High-Value Loyal
14499,26,7,2101.79,470,0,High-Value Loyal
17705,3,11,2083.9,577,0,High-Value Loyal
16726,26,7,2063.88,411,0,High-Value Loyal
17633,31,7,2057.39,389,0,High-Value Loyal
15253,16,8,2055.09,587,0,High-Value Loyal
16235,41,9,2053.71,471,0,High-Value Loyal
16794,1,15,2052.7,624,0,High-Value Loyal
14723,10,11,2050.25,736,0,High-Value Loyal
17086,7,6,2050.08,64,0,High-Value Loyal
13984,27,12,2048.6,733,0,High-Value Loyal
16027,92,15,2048.36,700,0,High-Value Loyal
15473,14,8,2046.0,445,0,High-Value Loyal
17289,32,9,2041.8,641,0,High-Value Loyal
13705,8,7,2035.33,624,0,High-Value Loyal
13630,5,7,2031.78,286,0,High-Value Loyal
17227,19,12,2021.18,693,0,High-Value Loyal
14623,32,10,2016.98,602,0,High-Value Loyal
16332,28,11,2000.01,589,0,High-Value Loyal
17351,36,12,1988.23,729,0,High-Value Loyal
17797,22,8,1971.87,724,0,High-Value Loyal
14477,20,7,1969.6,704,0,High-Value Loyal
15081,22,12,1965.72,536,0,High-Value Loyal
17966,38,10,1963.92,690,0,High-Value Loyal
14794,3,10,1953.9,487,0,High-Value Loyal
15885,93,15,1951.82,688,0,High-Value Loyal
16891,2,11,1945.2,736,0,High-Value Loyal
17135,16,10,1937.76,579,0,High-Value Loyal
15605,36,9,1936.8,694,0,High-Value Loyal
15561,12,8,1934.3899999999999,664,0,High-Value Loyal
17236,13,12,1929.26,642,0,High-Value Loyal
13838,6,10,1920.73,580,0,High-Value Loyal
16942,13,9,1904.99,228,0,High-Value Loyal
17235,25,8,1904.8799999999999,553,0,High-Value Loyal
14710,14,13,1899.79,736,0,High-Value Loyal
14741,12,7,1897.59,418,0,High-Value Loyal
14730,1,8,1897.57,277,0,High-Value Loyal
17350,8,7,1893.701,676,0,High-Value Loyal
17609,41,11,1887.8999999999999,609,0,High-Value Loyal
16660,16,7,1879.55,695,0,High-Value Loyal
12494,16,9,1872.8700000000001,576,0,High-Value Loyal
16426,2,10,1863.76,276,0,High-Value Loyal
15822,3,6,1840.06,733,0,High-Value Loyal
13924,2,6,1838.8500000000001,72,0,High-Value Loyal
14715,25,8,1825.45,690,0,High-Value Loyal
13884,7,10,1825.03,470,0,High-Value Loyal
14553,19,9,1818.6,510,0,High-Value Loyal
16880,31,8,1813.21,493,0,High-Value Loyal
16474,7,7,1810.65,145,0,High-Value Loyal
17888,21,25,1807.44,718,0,High-Value Loyal
18236,30,12,1795.3500000000001,603,0,High-Value Loyal
13782,13,13,1786.08,733,0,High-Value Loyal
12778,20,9,1775.68,603,0,High-Value Loyal
13717,32,8,1763.3,486,0,High-Value Loyal
16266,74,14,1757.95,673,0,High-Value Loyal
14704,11,11,1752.92,624,0,High-Value Loyal
14522,24,8,1748.42,684,0,High-Value Loyal
16348,32,8,1744.42,430,0,High-Value Loyal
13026,1,9,1733.08,727,0,High-Value Loyal
17432,18,9,1728.99,736,0,High-Value Loyal
16809,23,9,1727.43,605,0,High-Value Loyal
17451,1,7,1721.4,106,0,High-Value Loyal
16119,8,8,1720.81,724,0,High-Value Loyal
17162,29,10,1715.46,306,0,High-Value Loyal
14987,16,8,1713.85,737,0,High-Value Loyal
17750,5,9,1710.45,164,0,High-Value Loyal
13104,3,9,1709.1,653,0,High-Value Loyal
16899,8,8,1695.77,397,0,High-Value Loyal
12775,17,7,1686.12,409,0,High-Value Loyal
13184,15,10,1668.95,290,0,High-Value Loyal
15214,2,8,1661.44,243,0,High-Value Loyal
14583,6,8,1660.29,621,0,High-Value Loyal
16813,8,10,1652.18,204,0,High-Value Loyal
16907,29,9,1650.81,526,0,High-Value Loyal
15987,12,8,1649.47,379,0,High-Value Loyal
12933,24,8,1636.6299999999999,729,0,High-Value Loyal
17006,5,8,1635.27,644,0,High-Value Loyal
17515,31,9,1602.51,550,0,High-Value Loyal
14178,9,7,1600.26,182,0,High-Value Loyal
15134,15,10,1596.29,423,0,High-Value Loyal
17345,15,10,1586.6299999999999,738,0,High-Value Loyal
17867,30,15,1582.0500000000002,737,0,High-Value Loyal
14587,19,9,1580.29,331,0,High-Value Loyal
14198,18,9,1569.73,704,0,High-Value Loyal
17323,15,12,1551.04,699,0,High-Value Loyal
18036,32,11,1545.49,722,0,High-Value Loyal
16915,9,11,1543.18,569,0,High-Value Loyal
16910,4,8,1508.96,91,0,High-Value Loyal
17290,4,8,1487.96,726,0,High-Value Loyal
12970,7,10,1453.6,735,0,High-Value Loyal
14071,4,8,1437.57,265,0,High-Value Loyal
14083,4,11,1376.2,722,0,High-Value Loyal
15453,2,7,1371.77,188,0,High-Value Loyal
17097,2,9,1318.08,430,0,High-Value Loyal
14820,21,9,1274.76,678,0,High-Value Loyal
18135,29,10,1249.6200000000001,634,0,High-Value Loyal
14871,3,9,1228.17,739,0,High-Value Loyal
16668,15,13,862.42,631,0,High-Value Loyal
17988,12,14,489.54,732,0,High-Value Loyal
12911,552,1,1651.72,552,2,Low-Engagement / At-Risk
15310,479,1,1634.64,479,2,Low-Engagement / At-Risk
13337,546,1,1575.26,546,2,Low-Engagement / At-Risk
13370,372,1,1509.74,372,2,Low-Engagement / At-Risk
14899,395,1,1331.38,395,2,Low-Engagement / At-Risk
14956,421,1,1325.0,421,2,Low-Engagement / At-Risk
13328,316,1,1308.48,316,2,Low-Engagement / At-Risk
15171,331,1,1289.5,331,2,Low-Engagement / At-Risk
12666,394,1,1248.42,394,2,Low-Engagement / At-Risk
15004,147,1,1220.77,147,2,Low-Engagement / At-Risk
12742,626,1,1201.52,626,2,Low-Engagement / At-Risk
14213,405,1,1192.2,405,2,Low-Engagement / At-Risk
16501,383,1,1191.23,383,2,Low-Engagement / At-Risk
13270,366,1,1180.0,366,2,Low-Engagement / At-Risk
12769,239,1,1143.6,239,2,Low-Engagement / At-Risk
16270,353,1,1141.24,353,2,Low-Engagement / At-Risk
12503,584,1,1126.0,584,2,Low-Engagement / At-Risk
15069,179,1,1109.53,179,2,Low-Engagement / At-Risk
15559,568,1,1109.4,568,2,Low-Engagement / At-Risk
15828,375,1,1108.82,375,2,Low-Engagement / At-Risk
12803,393,1,1092.81,393,2,Low-Engagement / At-Risk
12534,131,1,1089.18,131,2,Low-Engagement / At-Risk
12354,232,1,1079.4,232,2,Low-Engagement / At-Risk
12801,501,1,1071.82,501,2,Low-Engagement / At-Risk
14411,311,1,1063.0,311,2,Low-Engagement / At-Risk
13775,591,1,1049.66,591,2,Low-Engagement / At-Risk
17474,600,1,1047.0,600,2,Low-Engagement / At-Risk
15464,338,1,1044.65,338,2,Low-Engagement / At-Risk
16991,421,1,1041.21,421,2,Low-Engagement / At-Risk
12486,432,1,1037.28,432,2,Low-Engagement / At-Risk
13235,212,1,1031.07,212,2,Low-Engagement / At-Risk
15333,208,1,1028.56,208,2,Low-Engagement / At-Risk
14255,546,1,1000.63,546,2,Low-Engagement / At-Risk
15176,668,1,988.04,668,2,Low-Engagement / At-Risk
12543,448,1,980.25,448,2,Low-Engagement / At-Risk
17369,456,1,979.1999999999999,456,2,Low-Engagement / At-Risk
15165,373,1,975.5,373,2,Low-Engagement / At-Risk
13204,731,1,966.6600000000001,731,2,Low-Engagement / At-Risk
12675,554,2,957.25,578,2,Low-Engagement / At-Risk
12505,409,1,955.2,409,2,Low-Engagement / At-Risk
12767,376,1,949.82,376,2,Low-Engagement / At-Risk
15177,426,1,948.93,426,2,Low-Engagement / At-Risk
17020,542,2,935.62,647,2,Low-Engagement / At-Risk
18133,212,1,931.4999999999999,212,2,Low-Engagement / At-Risk
12396,674,1,931.43,674,2,Low-Engagement / At-Risk
13465,446,2,931.12,586,2,Low-Engagement / At-Risk
13934,264,1,922.1,264,2,Low-Engagement / At-Risk
14568,435,1,919.7,435,2,Low-Engagement / At-Risk
13075,130,1,919.61,130,2,Low-Engagement / At-Risk
12368,628,1,917.6999999999999,628,2,Low-Engagement / At-Risk
16216,267,1,914.9300000000001,267,2,Low-Engagement / At-Risk
14969,704,1,906.23,704,2,Low-Engagement / At-Risk
15710,417,1,898.87,417,2,Low-Engagement / At-Risk
13996,386,2,895.76,399,2,Low-Engagement / At-Risk
15824,453,2,890.94,532,2,Low-Engagement / At-Risk
18141,402,2,882.47,589,2,Low-Engagement / At-Risk
17143,417,2,880.97,515,2,Low-Engagement / At-Risk
16677,411,2,880.62,652,2,Low-Engagement / At-Risk
14612,415,1,877.7,415,2,Low-Engagement / At-Risk
13768,727,2,875.97,731,2,Low-Engagement / At-Risk
13339,201,1,860.12,201,2,Low-Engagement / At-Risk
14372,443,2,860.08,599,2,Low-Engagement / At-Risk
12440,462,2,859.2,718,2,Low-Engagement / At-Risk
17161,444,1,856.01,444,2,Low-Engagement / At-Risk
13945,395,2,854.15,480,2,Low-Engagement / At-Risk
12696,435,2,851.91,509,2,Low-Engagement / At-Risk
15784,468,2,848.3299999999999,672,2,Low-Engagement / At-Risk
13970,386,2,846.55,438,2,Low-Engagement / At-Risk
14922,394,2,843.74,508,2,Low-Engagement / At-Risk
17638,647,2,842.4,722,2,Low-Engagement / At-Risk
15832,254,1,836.79,254,2,Low-Engagement / At-Risk
13386,414,2,835.46,437,2,Low-Engagement / At-Risk
15190,434,1,834.4399999999999,434,2,Low-Engagement / At-Risk
12903,429,1,833.53,429,2,Low-Engagement / At-Risk
13175,582,2,831.45,736,2,Low-Engagement / At-Risk
12730,522,1,829.25,522,2,Low-Engagement / At-Risk
16494,297,1,826.53,297,2,Low-Engagement / At-Risk
16264,438,2,823.53,446,2,Low-Engagement / At-Risk
15137,521,2,823.4,680,2,Low-Engagement / At-Risk
16246,460,2,821.35,670,2,Low-Engagement / At-Risk
13893,298,1,821.1,298,2,Low-Engagement / At-Risk
16135,263,2,819.45,584,2,Low-Engagement / At-Risk
13612,633,1,818.29,633,2,Low-Engagement / At-Risk
12797,366,2,806.11,424,2,Low-Engagement / At-Risk
12632,521,2,804.88,565,2,Low-Engagement / At-Risk
16472,434,2,789.6,598,2,Low-Engagement / At-Risk
15448,313,2,788.81,674,2,Low-Engagement / At-Risk
13541,427,2,785.25,570,2,Low-Engagement / At-Risk
12761,458,2,782.95,465,2,Low-Engagement / At-Risk
12735,315,2,779.5699999999999,337,2,Low-Engagement / At-Risk
16958,435,1,778.49,435,2,Low-Engagement / At-Risk
15794,736,2,777.0,737,2,Low-Engagement / At-Risk
13341,261,1,775.85,261,2,Low-Engagement / At-Risk
17482,487,2,775.64,578,2,Low-Engagement / At-Risk
14838,423,2,769.9200000000001,737,2,Low-Engagement / At-Risk
13712,247,2,766.42,611,2,Low-Engagement / At-Risk
15908,491,2,758.62,512,2,Low-Engagement / At-Risk
16262,378,1,755.15,378,2,Low-Engagement / At-Risk
16972,383,2,749.0,457,2,Low-Engagement / At-Risk
16465,421,2,746.24,445,2,Low-Engagement / At-Risk
18275,578,2,741.85,731,2,Low-Engagement / At-Risk
15922,373,1,739.0,373,2,Low-Engagement / At-Risk
16075,503,2,736.9300000000001,564,2,Low-Engagement / At-Risk
13286,600,1,734.91,600,2,Low-Engagement / At-Risk
12537,409,1,732.94,409,2,Low-Engagement / At-Risk
18163,584,1,728.84,584,2,Low-Engagement / At-Risk
12786,610,1,728.5,610,2,Low-Engagement / At-Risk
17547,376,2,727.85,665,2,Low-Engagement / At-Risk
18187,632,1,724.89,632,2,Low-Engagement / At-Risk
13264,443,1,722.5600000000001,443,2,Low-Engagement / At-Risk
13537,426,2,717.85,452,2,Low-Engagement / At-Risk
13604,659,1,717.62,659,2,Low-Engagement / At-Risk
16269,438,1,717.57,438,2,Low-Engagement / At-Risk
16526,172,2,717.21,584,2,Low-Engagement / At-Risk
14026,471,2,713.11,625,2,Low-Engagement / At-Risk
12485,529,1,708.1,529,2,Low-Engagement / At-Risk
14398,401,2,707.79,528,2,Low-Engagement / At-Risk
16449,198,2,707.69,281,2,Low-Engagement / At-Risk
12453,134,1,707.09,134,2,Low-Engagement / At-Risk
13626,253,2,707.04,379,2,Low-Engagement / At-Risk
16274,373,1,703.5,373,2,Low-Engagement / At-Risk
14324,410,2,701.61,693,2,Low-Engagement / At-Risk
13833,159,2,700.41,404,2,Low-Engagement / At-Risk
14497,309,2,697.0600000000001,674,2,Low-Engagement / At-Risk
15700,172,2,696.68,173,2,Low-Engagement / At-Risk
15995,414,1,694.54,414,2,Low-Engagement / At-Risk
16545,165,2,689.82,376,2,Low-Engagement / At-Risk
17834,415,2,689.6700000000001,445,2,Low-Engagement / At-Risk
14809,621,2,686.76,621,2,Low-Engagement / At-Risk
13898,326,2,686.4,411,2,Low-Engagement / At-Risk
15257,283,2,685.9,414,2,Low-Engagement / At-Risk
15219,176,2,685.45,649,2,Low-Engagement / At-Risk
14222,177,1,683.17,177,2,Low-Engagement / At-Risk
13987,380,2,682.54,401,2,Low-Engagement / At-Risk
18271,610,2,680.85,732,2,Low-Engagement / At-Risk
14151,673,2,679.45,717,2,Low-Engagement / At-Risk
17782,383,2,679.02,383,2,Low-Engagement / At-Risk
16646,449,1,678.8,449,2,Low-Engagement / At-Risk
13355,122,1,674.7,122,2,Low-Engagement / At-Risk
13398,192,2,670.34,449,2,Low-Engagement / At-Risk
17105,159,2,665.78,306,2,Low-Engagement / At-Risk
16132,544,2,664.1999999999999,628,2,Low-Engagement / At-Risk
16704,618,2,664.16,672,2,Low-Engagement / At-Risk
15350,373,2,663.25,383,2,Low-Engagement / At-Risk
12837,173,2,662.66,569,2,Low-Engagement / At-Risk
13864,387,1,662.4000000000001,387,2,Low-Engagement / At-Risk
12386,338,2,660.8,367,2,Low-Engagement / At-Risk
14603,275,1,660.0,275,2,Low-Engagement / At-Risk
15405,189,2,659.84,576,2,Low-Engagement / At-Risk
13622,696,1,658.95,696,2,Low-Engagement / At-Risk
15880,369,1,658.0600000000001,369,2,Low-Engagement / At-Risk
14558,654,3,655.5,732,2,Low-Engagement / At-Risk
18121,149,2,653.3,155,2,Low-Engagement / At-Risk
13840,416,1,651.4,416,2,Low-Engagement / At-Risk
17976,372,1,643.58,372,2,Low-Engagement / At-Risk
13237,388,1,643.0,388,2,Low-Engagement / At-Risk
12365,291,2,641.38,291,2,Low-Engagement / At-Risk
14563,510,2,640.54,592,2,Low-Engagement / At-Risk
12880,382,2,640.13,575,2,Low-Engagement / At-Risk
15183,548,3,639.93,585,2,Low-Engagement / At-Risk
15648,204,2,639.5,267,2,Low-Engagement / At-Risk
12699,418,1,638.11,418,2,Low-Engagement / At-Risk
16534,642,1,635.9,642,2,Low-Engagement / At-Risk
14365,395,2,634.68,682,2,Low-Engagement / At-Risk
15666,472,2,632.9399999999999,495,2,Low-Engagement / At-Risk
13540,467,3,632.39,656,2,Low-Engagement / At-Risk
14237,373,2,632.14,591,2,Low-Engagement / At-Risk
18183,227,2,632.07,275,2,Low-Engagement / At-Risk
13706,303,2,631.17,627,2,Low-Engagement / At-Risk
16193,237,2,630.43,411,2,Low-Engagement / At-Risk
13480,417,2,627.82,680,2,Low-Engagement / At-Risk
13518,86,1,627.16,86,2,Low-Engagement / At-Risk
14036,285,1,626.65,285,2,Low-Engagement / At-Risk
13776,428,2,623.98,428,2,Low-Engagement / At-Risk
15147,240,1,623.5,240,2,Low-Engagement / At-Risk
15258,169,2,623.16,217,2,Low-Engagement / At-Risk
12575,457,2,622.8199999999999,527,2,Low-Engagement / At-Risk
14115,502,2,622.6700000000001,667,2,Low-Engagement / At-Risk
17005,471,2,622.36,589,2,Low-Engagement / At-Risk
14169,431,2,621.51,444,2,Low-Engagement / At-Risk
13836,399,2,620.37,414,2,Low-Engagement / At-Risk
14339,243,2,620.27,429,2,Low-Engagement / At-Risk
13444,374,2,619.08,506,2,Low-Engagement / At-Risk
13020,563,2,618.96,660,2,Low-Engagement / At-Risk
14079,125,2,618.73,682,2,Low-Engagement / At-Risk
13493,275,2,618.63,287,2,Low-Engagement / At-Risk
15956,551,2,617.6,727,2,Low-Engagement / At-Risk
14377,191,2,617.05,262,2,Low-Engagement / At-Risk
13369,366,1,616.5600000000001,366,2,Low-Engagement / At-Risk
16844,563,2,614.34,583,2,Low-Engagement / At-Risk
15362,449,2,613.08,739,2,Low-Engagement / At-Risk
16116,212,1,612.78,212,2,Low-Engagement / At-Risk
16178,138,2,612.6,401,2,Low-Engagement / At-Risk
12513,113,1,612.29,113,2,Low-Engagement / At-Risk
15232,113,2,612.06,141,2,Low-Engagement / At-Risk
16922,573,1,611.08,573,2,Low-Engagement / At-Risk
13731,219,2,610.59,247,2,Low-Engagement / At-Risk
16675,442,2,608.86,478,2,Low-Engagement / At-Risk
13933,109,2,608.7900000000001,148,2,Low-Engagement / At-Risk
17473,409,2,607.0,456,2,Low-Engagement / At-Risk
16590,401,2,605.9,415,2,Low-Engagement / At-Risk
17507,262,2,605.58,309,2,Low-Engagement / At-Risk
14323,115,2,605.0600000000001,239,2,Low-Engagement / At-Risk
14611,444,2,604.3299999999999,599,2,Low-Engagement / At-Risk
13106,133,2,603.46,413,2,Low-Engagement / At-Risk
12707,292,1,603.42,292,2,Low-Engagement / At-Risk
18264,499,1,603.25,499,2,Low-Engagement / At-Risk
16022,260,1,602.63,260,2,Low-Engagement / At-Risk
17270,469,2,601.4499999999999,732,2,Low-Engagement / At-Risk
14254,433,1,601.03,433,2,Low-Engagement / At-Risk
17745,478,2,600.34,556,2,Low-Engagement / At-Risk
17678,264,2,599.76,603,2,Low-Engagement / At-Risk
12521,143,1,599.68,143,2,Low-Engagement / At-Risk
15631,642,1,596.67,642,2,Low-Engagement / At-Risk
17209,649,3,595.7,737,2,Low-Engagement / At-Risk
14771,621,2,594.62,737,2,Low-Engagement / At-Risk
15442,249,1,594.0,249,2,Low-Engagement / At-Risk
15929,644,1,594.0,644,2,Low-Engagement / At-Risk
13472,464,2,592.24,556,2,Low-Engagement / At-Risk
17815,393,1,591.96,393,2,Low-Engagement / At-Risk
17156,492,1,591.87,492,2,Low-Engagement / At-Risk
12790,192,2,591.85,410,2,Low-Engagement / At-Risk
17098,382,3,591.0699999999999,541,2,Low-Engagement / At-Risk
15191,463,3,588.05,689,2,Low-Engagement / At-Risk
17890,323,2,586.89,361,2,Low-Engagement / At-Risk
12800,470,3,584.25,677,2,Low-Engagement / At-Risk
16001,381,1,583.39,381,2,Low-Engagement / At-Risk
16100,463,1,582.64,463,2,Low-Engagement / At-Risk
16802,679,2,582.61,730,2,Low-Engagement / At-Risk
17099,533,1,582.17,533,2,Low-Engagement / At-Risk
14742,435,1,579.85,435,2,Low-Engagement / At-Risk
15588,678,1,579.6,678,2,Low-Engagement / At-Risk
17773,514,2,575.37,690,2,Low-Engagement / At-Risk
12859,459,1,575.1,459,2,Low-Engagement / At-Risk
13424,450,1,572.77,450,2,Low-Engagement / At-Risk
13179,619,1,572.3100000000001,619,2,Low-Engagement / At-Risk
13190,544,3,570.66,733,2,Low-Engagement / At-Risk
14170,375,3,570.18,395,2,Low-Engagement / At-Risk
15169,382,2,569.22,727,2,Low-Engagement / At-Risk
13406,427,2,568.92,632,2,Low-Engagement / At-Risk
18244,431,2,568.64,503,2,Low-Engagement / At-Risk
15627,457,2,566.9,523,2,Low-Engagement / At-Risk
13998,447,3,566.7,576,2,Low-Engagement / At-Risk
15143,226,2,563.63,432,2,Low-Engagement / At-Risk
14986,376,2,563.1,684,2,Low-Engagement / At-Risk
17665,493,1,563.1,493,2,Low-Engagement / At-Risk
17195,655,1,562.98,655,2,Low-Engagement / At-Risk
17970,211,1,562.79,211,2,Low-Engagement / At-Risk
12559,311,2,561.71,320,2,Low-Engagement / At-Risk
15655,243,1,560.67,243,2,Low-Engagement / At-Risk
17413,405,2,560.14,570,2,Low-Engagement / At-Risk
15415,313,1,559.61,313,2,Low-Engagement / At-Risk
13024,471,2,555.87,582,2,Low-Engagement / At-Risk
15102,531,2,554.67,547,2,Low-Engagement / At-Risk
18056,288,2,554.6,619,2,Low-Engagement / At-Risk
16641,106,2,554.5,702,2,Low-Engagement / At-Risk
15650,522,2,553.88,629,2,Low-Engagement / At-Risk
17407,412,1,552.9,412,2,Low-Engagement / At-Risk
17016,577,1,552.4,577,2,Low-Engagement / At-Risk
12363,110,2,552.0,242,2,Low-Engagement / At-Risk
13677,405,2,551.24,520,2,Low-Engagement / At-Risk
17291,308,1,550.8000000000001,308,2,Low-Engagement / At-Risk
17265,139,2,550.01,181,2,Low-Engagement / At-Risk
12390,80,1,549.84,80,2,Low-Engagement / At-Risk
16111,428,1,549.33,428,2,Low-Engagement / At-Risk
15055,475,3,549.12,723,2,Low-Engagement / At-Risk
15200,495,1,549.05,495,2,Low-Engagement / At-Risk
15842,393,2,548.8,528,2,Low-Engagement / At-Risk
16536,110,1,548.12,110,2,Low-Engagement / At-Risk
15080,428,2,546.25,502,2,Low-Engagement / At-Risk
15728,380,2,544.6,444,2,Low-Engagement / At-Risk
18207,499,1,544.47,499,2,Low-Engagement / At-Risk
15959,682,3,542.89,682,2,Low-Engagement / At-Risk
16230,190,2,542.03,220,2,Low-Engagement / At-Risk
16060,401,3,541.95,494,2,Low-Engagement / At-Risk
17643,373,2,541.25,505,2,Low-Engagement / At-Risk
16576,420,2,540.87,522,2,Low-Engagement / At-Risk
12819,458,1,540.52,458,2,Low-Engagement / At-Risk
12743,134,2,540.13,134,2,Low-Engagement / At-Risk
17524,361,3,539.14,438,2,Low-Engagement / At-Risk
13961,392,1,538.4,392,2,Low-Engagement / At-Risk
18140,474,1,536.41,474,2,Low-Engagement / At-Risk
16142,250,1,535.34,250,2,Low-Engagement / At-Risk
12810,535,2,534.99,677,2,Low-Engagement / At-Risk
13807,367,3,534.8,736,2,Low-Engagement / At-Risk
13385,330,1,534.57,330,2,Low-Engagement / At-Risk
17443,220,1,534.24,220,2,Low-Engagement / At-Risk
16785,410,1,533.78,410,2,Low-Engagement / At-Risk
15433,214,2,533.3,267,2,Low-Engagement / At-Risk
15825,172,1,532.94,172,2,Low-Engagement / At-Risk
14940,418,2,531.49,733,2,Low-Engagement / At-Risk
16583,374,2,531.4,674,2,Low-Engagement / At-Risk
16935,382,3,530.86,421,2,Low-Engagement / At-Risk
18159,301,1,530.15,301,2,Low-Engagement / At-Risk
14002,134,2,529.73,156,2,Low-Engagement / At-Risk
18191,262,2,529.4,477,2,Low-Engagement / At-Risk
18098,396,1,527.94,396,2,Low-Engagement / At-Risk
16421,376,3,526.27,470,2,Low-Engagement / At-Risk
14417,388,1,524.65,388,2,Low-Engagement / At-Risk
15683,117,2,524.54,474,2,Low-Engagement / At-Risk
13605,387,2,522.67,571,2,Low-Engagement / At-Risk
17514,128,2,522.0,669,2,Low-Engagement / At-Risk
13977,411,1,519.8100000000001,411,2,Low-Engagement / At-Risk
12777,458,1,519.45,458,2,Low-Engagement / At-Risk
12825,521,2,518.63,642,2,Low-Engagement / At-Risk
13600,312,2,518.42,634,2,Low-Engagement / At-Risk
12979,729,1,517.7,729,2,Low-Engagement / At-Risk
14311,243,2,516.45,568,2,Low-Engagement / At-Risk
13043,273,1,516.42,273,2,Low-Engagement / At-Risk
14429,404,1,516.28,404,2,Low-Engagement / At-Risk
13859,326,2,515.86,529,2,Low-Engagement / At-Risk
18243,414,1,515.78,414,2,Low-Engagement / At-Risk
18212,326,2,514.37,677,2,Low-Engagement / At-Risk
18011,373,2,513.58,567,2,Low-Engagement / At-Risk
16829,157,2,513.32,388,2,Low-Engagement / At-Risk
15891,227,1,511.68,227,2,Low-Engagement / At-Risk
13367,432,1,510.20000000000005,432,2,Low-Engagement / At-Risk
14008,432,1,509.04,432,2,Low-Engagement / At-Risk
12436,100,1,509.01,100,2,Low-Engagement / At-Risk
12907,396,2,508.91,494,2,Low-Engagement / At-Risk
15417,85,1,508.8,85,2,Low-Engagement / At-Risk
17391,164,2,508.8,165,2,Low-Engagement / At-Risk
17415,80,1,507.84,80,2,Low-Engagement / At-Risk
13885,189,2,506.8,201,2,Low-Engagement / At-Risk
13123,473,2,506.75,530,2,Low-Engagement / At-Risk
14647,201,2,506.04,523,2,Low-Engagement / At-Risk
12988,292,1,505.82,292,2,Low-Engagement / At-Risk
14807,391,2,504.14,650,2,Low-Engagement / At-Risk
17630,170,2,503.59999999999997,232,2,Low-Engagement / At-Risk
12376,390,2,503.15,418,2,Low-Engagement / At-Risk
12419,386,2,503.01,414,2,Low-Engagement / At-Risk
15138,394,1,502.52,394,2,Low-Engagement / At-Risk
17276,402,1,502.49,402,2,Low-Engagement / At-Risk
13116,138,1,501.14,138,2,Low-Engagement / At-Risk
18049,437,2,500.92,590,2,Low-Engagement / At-Risk
17248,120,2,500.54,482,2,Low-Engagement / At-Risk
12366,634,1,500.24,634,2,Low-Engagement / At-Risk
13553,675,1,499.6,675,2,Low-Engagement / At-Risk
16402,265,2,499.1,369,2,Low-Engagement / At-Risk
14171,98,2,498.79,730,2,Low-Engagement / At-Risk
17053,131,1,498.48,131,2,Low-Engagement / At-Risk
16820,96,1,497.61,96,2,Low-Engagement / At-Risk
17335,384,2,497.04,685,2,Low-Engagement / At-Risk
17923,282,3,497.0,544,2,Low-Engagement / At-Risk
12943,558,2,496.5,606,2,Low-Engagement / At-Risk
17995,282,3,495.48,387,2,Low-Engagement / At-Risk
14319,424,1,494.85,424,2,Low-Engagement / At-Risk
17333,86,1,494.25,86,2,Low-Engagement / At-Risk
14270,332,1,492.65000000000003,332,2,Low-Engagement / At-Risk
14310,433,1,492.1,433,2,Low-Engagement / At-Risk
17269,386,1,491.81,386,2,Low-Engagement / At-Risk
14663,430,2,490.6,430,2,Low-Engagement / At-Risk
12983,598,1,490.08000000000004,598,2,Low-Engagement / At-Risk
12634,536,2,490.0,548,2,Low-Engagement / At-Risk
17476,396,2,489.86,738,2,Low-Engagement / At-Risk
17715,201,2,489.59999999999997,593,2,Low-Engagement / At-Risk
17925,373,1,488.16,373,2,Low-Engagement / At-Risk
18280,278,2,488.15000000000003,394,2,Low-Engagement / At-Risk
13412,620,1,487.34999999999997,620,2,Low-Engagement / At-Risk
13733,411,2,487.03000000000003,735,2,Low-Engagement / At-Risk
16021,395,2,487.03,545,2,Low-Engagement / At-Risk
13675,151,2,486.82000000000005,285,2,Low-Engagement / At-Risk
12443,732,1,485.31,732,2,Low-Engagement / At-Risk
17996,380,3,482.33,547,2,Low-Engagement / At-Risk
12542,484,2,481.88,640,2,Low-Engagement / At-Risk
17106,389,1,481.58,389,2,Low-Engagement / At-Risk
15174,323,2,481.46,411,2,Low-Engagement / At-Risk
15589,256,3,478.53000000000003,311,2,Low-Engagement / At-Risk
12447,243,1,476.49,243,2,Low-Engagement / At-Risk
18176,358,1,476.35,358,2,Low-Engagement / At-Risk
15507,172,1,475.86,172,2,Low-Engagement / At-Risk
15780,184,3,475.28000000000003,358,2,Low-Engagement / At-Risk
16552,243,2,475.02000000000004,374,2,Low-Engagement / At-Risk
17104,424,1,474.03,424,2,Low-Engagement / At-Risk
16635,407,1,473.0,407,2,Low-Engagement / At-Risk
13194,136,2,472.78,422,2,Low-Engagement / At-Risk
13161,313,2,472.13,501,2,Low-Engagement / At-Risk
14058,463,2,469.19,531,2,Low-Engagement / At-Risk
14369,642,2,469.13,662,2,Low-Engagement / At-Risk
15387,492,1,468.65,492,2,Low-Engagement / At-Risk
12554,449,1,468.5,449,2,Low-Engagement / At-Risk
14491,175,2,468.13,373,2,Low-Engagement / At-Risk
17294,669,2,467.78999999999996,669,2,Low-Engagement / At-Risk
17187,227,2,467.71,526,2,Low-Engagement / At-Risk
16390,537,3,467.5,679,2,Low-Engagement / At-Risk
12958,400,2,467.34,583,2,Low-Engagement / At-Risk
14148,234,2,466.29,414,2,Low-Engagement / At-Risk
13248,125,2,465.68,189,2,Low-Engagement / At-Risk
15349,158,2,463.90999999999997,187,2,Low-Engagement / At-Risk
14727,274,3,463.72999999999996,546,2,Low-Engagement / At-Risk
18083,398,1,463.53,398,2,Low-Engagement / At-Risk
17040,138,2,463.25,550,2,Low-Engagement / At-Risk
14627,379,1,462.75,379,2,Low-Engagement / At-Risk
14331,124,2,462.65999999999997,135,2,Low-Engagement / At-Risk
13624,388,1,462.08,388,2,Low-Engagement / At-Risk
18284,432,1,461.68,432,2,Low-Engagement / At-Risk
16310,414,2,460.08,642,2,Low-Engagement / At-Risk
14118,429,1,458.45,429,2,Low-Engagement / At-Risk
13957,418,3,458.25,659,2,Low-Engagement / At-Risk
14599,390,2,457.89,509,2,Low-Engagement / At-Risk
14011,480,2,457.82,607,2,Low-Engagement / At-Risk
16069,418,1,457.7,418,2,Low-Engagement / At-Risk
12564,261,1,456.9,261,2,Low-Engagement / At-Risk
14296,421,2,456.40000000000003,574,2,Low-Engagement / At-Risk
16039,424,2,456.4,628,2,Low-Engagement / At-Risk
12999,196,3,455.88,246,2,Low-Engagement / At-Risk
15585,177,1,455.3,177,2,Low-Engagement / At-Risk
16765,294,2,454.75,382,2,Low-Engagement / At-Risk
17067,725,3,454.54,732,2,Low-Engagement / At-Risk
12459,605,1,454.36,605,2,Low-Engagement / At-Risk
17140,247,1,454.12,247,2,Low-Engagement / At-Risk
15475,77,1,454.10999999999996,77,2,Low-Engagement / At-Risk
16481,682,1,453.38,682,2,Low-Engagement / At-Risk
12729,114,1,453.01,114,2,Low-Engagement / At-Risk
16799,432,2,452.78000000000003,454,2,Low-Engagement / At-Risk
13698,597,2,451.73,682,2,Low-Engagement / At-Risk
18100,550,1,451.56,550,2,Low-Engagement / At-Risk
15802,143,1,451.42,143,2,Low-Engagement / At-Risk
18031,379,1,451.3,379,2,Low-Engagement / At-Risk
15961,379,1,451.28999999999996,379,2,Low-Engagement / At-Risk
12831,262,3,451.11,463,2,Low-Engagement / At-Risk
16870,469,1,450.15999999999997,469,2,Low-Engagement / At-Risk
13150,484,3,449.96999999999997,631,2,Low-Engagement / At-Risk
15126,537,2,449.49,687,2,Low-Engagement / At-Risk
15418,425,2,449.42,587,2,Low-Engagement / At-Risk
17823,421,2,449.25,421,2,Low-Engagement / At-Risk
18201,723,1,447.53000000000003,723,2,Low-Engagement / At-Risk
13754,152,3,447.05,437,2,Low-Engagement / At-Risk
16095,456,1,447.05,456,2,Low-Engagement / At-Risk
14149,221,1,446.62,221,2,Low-Engagement / At-Risk
14010,565,2,445.15,566,2,Low-Engagement / At-Risk
14328,438,1,445.05,438,2,Low-Engagement / At-Risk
18134,598,2,445.0,695,2,Low-Engagement / At-Risk
12788,463,4,444.9,528,2,Low-Engagement / At-Risk
16424,191,2,443.06,383,2,Low-Engagement / At-Risk
16404,70,1,443.05,70,2,Low-Engagement / At-Risk
18222,93,1,443.0,93,2,Low-Engagement / At-Risk
14996,481,2,442.28999999999996,481,2,Low-Engagement / At-Risk
17699,477,2,442.0,562,2,Low-Engagement / At-Risk
12579,78,1,440.42,78,2,Low-Engagement / At-Risk
18233,326,1,440.0,326,2,Low-Engagement / At-Risk
13086,383,1,439.33000000000004,383,2,Low-Engagement / At-Risk
17718,232,2,439.18,645,2,Low-Engagement / At-Risk
13432,571,2,439.1,612,2,Low-Engagement / At-Risk
13358,269,1,439.03,269,2,Low-Engagement / At-Risk
13964,387,2,438.9,431,2,Low-Engagement / At-Risk
17729,596,1,438.65000000000003,596,2,Low-Engagement / At-Risk
15859,432,1,438.46,432,2,Low-Engagement / At-Risk
17807,395,3,437.87,704,2,Low-Engagement / At-Risk
17070,114,2,437.42,410,2,Low-Engagement / At-Risk
14846,427,1,437.4,427,2,Low-Engagement / At-Risk
12672,330,2,437.05,596,2,Low-Engagement / At-Risk
14123,733,1,436.18,733,2,Low-Engagement / At-Risk
16084,299,1,436.18,299,2,Low-Engagement / At-Risk
16166,428,2,435.83,691,2,Low-Engagement / At-Risk
13738,396,1,434.78000000000003,396,2,Low-Engagement / At-Risk
15323,563,3,434.6,662,2,Low-Engagement / At-Risk
14238,326,3,434.23,735,2,Low-Engagement / At-Risk
16888,401,3,434.2,701,2,Low-Engagement / At-Risk
16939,489,3,433.85,649,2,Low-Engagement / At-Risk
18029,642,1,433.77,642,2,Low-Engagement / At-Risk
12493,166,2,433.74,197,2,Low-Engagement / At-Risk
15613,610,1,433.71999999999997,610,2,Low-Engagement / At-Risk
16522,436,2,433.36,450,2,Low-Engagement / At-Risk
17178,731,1,432.96,731,2,Low-Engagement / At-Risk
17687,421,1,432.68,421,2,Low-Engagement / At-Risk
16604,563,2,432.45,568,2,Low-Engagement / At-Risk
16236,78,1,432.2,78,2,Low-Engagement / At-Risk
14042,725,1,431.98,725,2,Low-Engagement / At-Risk
17842,602,1,430.69,602,2,Low-Engagement / At-Risk
15461,461,2,429.7,632,2,Low-Engagement / At-Risk
14979,735,1,429.66,735,2,Low-Engagement / At-Risk
15230,239,2,429.6,241,2,Low-Engagement / At-Risk
18089,447,1,428.45,447,2,Low-Engagement / At-Risk
18285,661,1,427.0,661,2,Low-Engagement / At-Risk
18152,646,1,426.69,646,2,Low-Engagement / At-Risk
14288,213,1,426.6,213,2,Low-Engagement / At-Risk
15966,451,1,426.53000000000003,451,2,Low-Engagement / At-Risk
15217,563,1,426.24,563,2,Low-Engagement / At-Risk
14877,418,2,425.85,643,2,Low-Engagement / At-Risk
13703,318,2,425.56,415,2,Low-Engagement / At-Risk
17103,722,1,424.3,722,2,Low-Engagement / At-Risk
16541,735,1,424.03,735,2,Low-Engagement / At-Risk
16913,290,3,423.90999999999997,652,2,Low-Engagement / At-Risk
14097,481,2,422.85999999999996,646,2,Low-Engagement / At-Risk
13374,415,2,422.8,450,2,Low-Engagement / At-Risk
16137,680,1,422.7,680,2,Low-Engagement / At-Risk
14757,75,1,420.5,75,2,Low-Engagement / At-Risk
15711,557,2,420.25,685,2,Low-Engagement / At-Risk
14575,488,1,420.22,488,2,Low-Engagement / At-Risk
13672,301,3,419.92,731,2,Low-Engagement / At-Risk
13442,667,3,419.87,738,2,Low-Engagement / At-Risk
13096,394,1,419.70000000000005,394,2,Low-Engagement / At-Risk
14124,84,1,419.58000000000004,84,2,Low-Engagement / At-Risk
15262,324,3,418.82,488,2,Low-Engagement / At-Risk
12593,109,3,418.09999999999997,219,2,Low-Engagement / At-Risk
13073,411,2,418.08,438,2,Low-Engagement / At-Risk
17701,253,1,417.95,253,2,Low-Engagement / At-Risk
17855,373,1,417.94,373,2,Low-Engagement / At-Risk
14762,264,2,417.57,626,2,Low-Engagement / At-Risk
12833,145,1,417.38,145,2,Low-Engagement / At-Risk
17258,397,2,417.3,665,2,Low-Engagement / At-Risk
15935,239,2,416.86,242,2,Low-Engagement / At-Risk
16957,239,2,416.64,282,2,Low-Engagement / At-Risk
15011,396,2,416.6,417,2,Low-Engagement / At-Risk
16355,375,1,416.35,375,2,Low-Engagement / At-Risk
12608,405,1,415.79,405,2,Low-Engagement / At-Risk
14333,68,1,415.2,68,2,Low-Engagement / At-Risk
16752,373,1,415.0,373,2,Low-Engagement / At-Risk
13002,318,3,414.13,435,2,Low-Engagement / At-Risk
14082,365,2,413.36,393,2,Low-Engagement / At-Risk
17601,239,2,413.08,380,2,Low-Engagement / At-Risk
17662,662,2,412.92,723,2,Low-Engagement / At-Risk
14620,206,2,412.78000000000003,284,2,Low-Engagement / At-Risk
18050,359,2,412.06,393,2,Low-Engagement / At-Risk
16272,117,1,411.7,117,2,Low-Engagement / At-Risk
15960,374,4,410.95,435,2,Low-Engagement / At-Risk
15099,84,1,410.48,84,2,Low-Engagement / At-Risk
17598,381,1,409.98,381,2,Low-Engagement / At-Risk
15894,253,2,409.69,369,2,Low-Engagement / At-Risk
14348,260,1,409.57,260,2,Low-Engagement / At-Risk
15225,234,1,409.40000000000003,234,2,Low-Engagement / At-Risk
16864,434,2,409.25,599,2,Low-Engagement / At-Risk
13686,183,3,409.04,401,2,Low-Engagement / At-Risk
12974,198,2,408.95,566,2,Low-Engagement / At-Risk
16324,128,3,408.59000000000003,177,2,Low-Engagement / At-Risk
17285,628,2,407.94,663,2,Low-Engagement / At-Risk
12353,204,2,406.76,409,2,Low-Engagement / At-Risk
16632,486,2,406.4,581,2,Low-Engagement / At-Risk
17000,396,2,406.3,408,2,Low-Engagement / At-Risk
15342,130,1,406.09,130,2,Low-Engagement / At-Risk
12741,529,2,406.07,533,2,Low-Engagement / At-Risk
16815,454,2,406.02,537,2,Low-Engagement / At-Risk
18111,589,1,405.85,589,2,Low-Engagement / At-Risk
12922,161,1,405.38,161,2,Low-Engagement / At-Risk
13143,585,1,405.1,585,2,Low-Engagement / At-Risk
13640,611,1,405.0,611,2,Low-Engagement / At-Risk
15941,637,1,405.0,637,2,Low-Engagement / At-Risk
15968,388,1,404.55,388,2,Low-Engagement / At-Risk
13574,411,1,404.45,411,2,Low-Engagement / At-Risk
16319,218,1,404.40000000000003,218,2,Low-Engagement / At-Risk
16484,174,2,404.3,191,2,Low-Engagement / At-Risk
14678,579,1,403.39,579,2,Low-Engagement / At-Risk
17431,313,1,403.3,313,2,Low-Engagement / At-Risk
13530,634,1,402.97999999999996,634,2,Low-Engagement / At-Risk
16315,331,2,402.71,536,2,Low-Engagement / At-Risk
17094,322,2,402.20000000000005,424,2,Low-Engagement / At-Risk
14471,591,2,400.95,733,2,Low-Engagement / At-Risk
17168,499,1,400.2,499,2,Low-Engagement / At-Risk
14358,389,2,400.06,428,2,Low-Engagement / At-Risk
15501,405,2,399.95,416,2,Low-Engagement / At-Risk
15446,377,3,399.75,726,2,Low-Engagement / At-Risk
13252,394,2,399.3,626,2,Low-Engagement / At-Risk
18128,537,1,399.29,537,2,Low-Engagement / At-Risk
15037,376,2,397.76,377,2,Low-Engagement / At-Risk
15280,172,3,397.52,571,2,Low-Engagement / At-Risk
17789,281,2,397.15,661,2,Low-Engagement / At-Risk
17486,261,1,396.87,261,2,Low-Engagement / At-Risk
13597,400,2,396.71,403,2,Low-Engagement / At-Risk
17918,501,3,396.39,505,2,Low-Engagement / At-Risk
16893,367,2,395.82,376,2,Low-Engagement / At-Risk
13879,646,1,395.5,646,2,Low-Engagement / At-Risk
12677,555,2,395.1,666,2,Low-Engagement / At-Risk
16538,541,3,395.07,595,2,Low-Engagement / At-Risk
18048,203,3,394.93,493,2,Low-Engagement / At-Risk
15386,186,1,394.14,186,2,Low-Engagement / At-Risk
12499,560,1,393.72,560,2,Low-Engagement / At-Risk
17300,391,2,393.64,482,2,Low-Engagement / At-Risk
15437,262,2,393.45,641,2,Low-Engagement / At-Risk
17563,578,2,392.38,612,2,Low-Engagement / At-Risk
16783,437,1,391.95,437,2,Low-Engagement / At-Risk
14072,667,1,390.85,667,2,Low-Engagement / At-Risk
14197,411,1,390.05,411,2,Low-Engagement / At-Risk
17116,648,1,389.78,648,2,Low-Engagement / At-Risk
18024,153,2,389.78,153,2,Low-Engagement / At-Risk
13345,288,1,389.5,288,2,Low-Engagement / At-Risk
17479,633,1,389.26000000000005,633,2,Low-Engagement / At-Risk
12690,206,1,389.01,206,2,Low-Engagement / At-Risk
18227,218,2,388.75,484,2,Low-Engagement / At-Risk
13896,626,1,388.55,626,2,Low-Engagement / At-Risk
16148,296,2,386.62,437,2,Low-Engagement / At-Risk
14779,281,3,386.15,324,2,Low-Engagement / At-Risk
13584,307,3,385.7,676,2,Low-Engagement / At-Risk
16492,541,1,385.56,541,2,Low-Engagement / At-Risk
12973,414,1,385.55,414,2,Low-Engagement / At-Risk
12889,381,4,385.46000000000004,502,2,Low-Engagement / At-Risk
12829,337,3,385.3,550,2,Low-Engagement / At-Risk
14826,582,2,385.2,695,2,Low-Engagement / At-Risk
17617,559,1,385.19,559,2,Low-Engagement / At-Risk
17171,289,2,384.59,662,2,Low-Engagement / At-Risk
16868,394,3,384.56,594,2,Low-Engagement / At-Risk
13966,435,1,384.26,435,2,Low-Engagement / At-Risk
15155,383,1,383.96999999999997,383,2,Low-Engagement / At-Risk
17804,376,3,383.78000000000003,739,2,Low-Engagement / At-Risk
12515,353,1,383.7,353,2,Low-Engagement / At-Risk
12547,198,3,383.58,500,2,Low-Engagement / At-Risk
14767,474,1,382.81,474,2,Low-Engagement / At-Risk
17753,464,4,382.06,702,2,Low-Engagement / At-Risk
16304,695,1,381.66,695,2,Low-Engagement / At-Risk
15090,308,1,381.32,308,2,Low-Engagement / At-Risk
17393,411,2,381.15,488,2,Low-Engagement / At-Risk
17903,394,1,381.09000000000003,394,2,Low-Engagement / At-Risk
12796,628,1,381.0,628,2,Low-Engagement / At-Risk
16577,667,1,380.0,667,2,Low-Engagement / At-Risk
14200,617,1,379.2,617,2,Low-Engagement / At-Risk
16909,72,1,379.14,72,2,Low-Engagement / At-Risk
13372,90,1,378.64,90,2,Low-Engagement / At-Risk
12651,335,4,377.75,465,2,Low-Engagement / At-Risk
12941,724,1,377.49,724,2,Low-Engagement / At-Risk
17717,421,1,376.92,421,2,Low-Engagement / At-Risk
16544,520,4,376.70000000000005,662,2,Low-Engagement / At-Risk
14353,215,3,376.5,432,2,Low-Engagement / At-Risk
13997,519,3,376.46,550,2,Low-Engagement / At-Risk
14531,480,1,376.34,480,2,Low-Engagement / At-Risk
13688,635,1,375.5,635,2,Low-Engagement / At-Risk
14294,407,1,375.34,407,2,Low-Engagement / At-Risk
17568,633,1,374.45,633,2,Low-Engagement / At-Risk
14736,485,2,374.05,485,2,Low-Engagement / At-Risk
13351,66,1,373.94,66,2,Low-Engagement / At-Risk
17810,669,2,373.16,684,2,Low-Engagement / At-Risk
15337,411,1,373.02,411,2,Low-Engagement / At-Risk
13197,610,1,373.01000000000005,610,2,Low-Engagement / At-Risk
14981,246,2,372.92,424,2,Low-Engagement / At-Risk
13164,569,2,372.2,668,2,Low-Engagement / At-Risk
17245,205,2,371.63,689,2,Low-Engagement / At-Risk
15472,113,1,371.56,113,2,Low-Engagement / At-Risk
18162,732,1,371.51,732,2,Low-Engagement / At-Risk
15975,84,1,371.01,84,2,Low-Engagement / At-Risk
15063,213,1,370.79999999999995,213,2,Low-Engagement / At-Risk
15765,667,1,370.63,667,2,Low-Engagement / At-Risk
14168,421,2,370.45,565,2,Low-Engagement / At-Risk
17437,530,1,369.68,530,2,Low-Engagement / At-Risk
16758,65,1,369.34000000000003,65,2,Low-Engagement / At-Risk
14888,207,1,369.2,207,2,Low-Engagement / At-Risk
14172,605,3,369.02,643,2,Low-Engagement / At-Risk
15477,650,1,368.4,650,2,Low-Engagement / At-Risk
17792,467,2,368.35,478,2,Low-Engagement / At-Risk
15989,376,2,368.31,737,2,Low-Engagement / At-Risk
14706,619,1,367.54,619,2,Low-Engagement / At-Risk
14018,645,1,367.15000000000003,645,2,Low-Engagement / At-Risk
14962,271,4,366.91,584,2,Low-Engagement / At-Risk
14244,661,1,366.41999999999996,661,2,Low-Engagement / At-Risk
12899,414,1,366.4,414,2,Low-Engagement / At-Risk
16974,523,2,365.5,565,2,Low-Engagement / At-Risk
15029,620,1,365.1,620,2,Low-Engagement / At-Risk
13545,391,2,364.93,545,2,Low-Engagement / At-Risk
17536,177,3,364.83,683,2,Low-Engagement / At-Risk
14886,253,1,364.8,253,2,Low-Engagement / At-Risk
15343,87,1,364.5,87,2,Low-Engagement / At-Risk
15915,402,1,364.45,402,2,Low-Engagement / At-Risk
16509,297,1,363.7,297,2,Low-Engagement / At-Risk
14253,493,2,363.40000000000003,623,2,Low-Engagement / At-Risk
16078,284,2,362.99,669,2,Low-Engagement / At-Risk
16378,247,3,362.95,311,2,Low-Engagement / At-Risk
14840,268,2,362.71,539,2,Low-Engagement / At-Risk
14122,406,3,362.42,737,2,Low-Engagement / At-Risk
18119,368,1,361.4,368,2,Low-Engagement / At-Risk
16305,139,1,361.21999999999997,139,2,Low-Engagement / At-Risk
16448,198,2,361.12,471,2,Low-Engagement / At-Risk
13274,409,1,360.85,409,2,Low-Engagement / At-Risk
18091,593,1,360.85,593,2,Low-Engagement / At-Risk
17012,725,1,360.61,725,2,Low-Engagement / At-Risk
17945,697,3,360.35,697,2,Low-Engagement / At-Risk
18208,566,1,360.08,566,2,Low-Engagement / At-Risk
15008,480,2,360.0,638,2,Low-Engagement / At-Risk
13181,381,1,359.69,381,2,Low-Engagement / At-Risk
14926,382,2,359.4,599,2,Low-Engagement / At-Risk
14919,539,1,359.35,539,2,Low-Engagement / At-Risk
15120,134,1,358.82,134,2,Low-Engagement / At-Risk
17948,147,1,358.56000000000006,147,2,Low-Engagement / At-Risk
17748,527,1,358.15,527,2,Low-Engagement / At-Risk
13228,81,1,358.0,81,2,Low-Engagement / At-Risk
16606,404,2,357.66,434,2,Low-Engagement / At-Risk
15595,488,1,357.6,488,2,Low-Engagement / At-Risk
12495,641,1,357.4,641,2,Low-Engagement / At-Risk
17200,387,4,356.71,652,2,Low-Engagement / At-Risk
12996,376,1,355.5,376,2,Low-Engagement / At-Risk
16920,411,1,355.45,411,2,Low-Engagement / At-Risk
14268,471,1,354.85,471,2,Low-Engagement / At-Risk
12888,214,2,354.12,255,2,Low-Engagement / At-Risk
12845,267,4,354.09,290,2,Low-Engagement / At-Risk
16323,196,2,353.66,578,2,Low-Engagement / At-Risk
18003,376,1,353.51,376,2,Low-Engagement / At-Risk
13210,94,1,353.48,94,2,Low-Engagement / At-Risk
13343,178,1,353.43,178,2,Low-Engagement / At-Risk
16382,408,2,353.1,551,2,Low-Engagement / At-Risk
13765,653,1,352.821,653,2,Low-Engagement / At-Risk
16857,443,1,352.8,443,2,Low-Engagement / At-Risk
12566,86,1,351.65,86,2,Low-Engagement / At-Risk
16192,736,1,351.3,736,2,Low-Engagement / At-Risk
14252,381,1,350.99,381,2,Low-Engagement / At-Risk
13281,439,1,350.85,439,2,Low-Engagement / At-Risk
15334,157,3,350.82,173,2,Low-Engagement / At-Risk
16476,432,1,350.35,432,2,Low-Engagement / At-Risk
13670,75,1,349.7,75,2,Low-Engagement / At-Risk
13887,204,1,349.55,204,2,Low-Engagement / At-Risk
18250,310,1,349.27,310,2,Low-Engagement / At-Risk
14545,674,1,349.25,674,2,Low-Engagement / At-Risk
17252,117,2,348.91,186,2,Low-Engagement / At-Risk
17577,645,2,348.75,669,2,Low-Engagement / At-Risk
15282,570,1,348.59,570,2,Low-Engagement / At-Risk
16263,423,1,348.16,423,2,Low-Engagement / At-Risk
12760,456,1,347.8,456,2,Low-Engagement / At-Risk
15085,730,1,347.54,730,2,Low-Engagement / At-Risk
12441,367,1,347.1,367,2,Low-Engagement / At-Risk
13062,191,1,346.98,191,2,Low-Engagement / At-Risk
12411,410,1,346.9,410,2,Low-Engagement / At-Risk
17780,667,3,346.56,685,2,Low-Engagement / At-Risk
13234,673,2,346.5,733,2,Low-Engagement / At-Risk
13774,82,1,345.0,82,2,Low-Engagement / At-Risk
14633,266,1,344.90000000000003,266,2,Low-Engagement / At-Risk
18199,684,1,344.75,684,2,Low-Engagement / At-Risk
15519,383,2,344.61,446,2,Low-Engagement / At-Risk
17569,332,1,344.14,332,2,Low-Engagement / At-Risk
16990,219,2,344.0,423,2,Low-Engagement / At-Risk
15047,270,1,343.62,270,2,Low-Engagement / At-Risk
12715,106,1,343.36,106,2,Low-Engagement / At-Risk
17795,180,2,342.83,265,2,Low-Engagement / At-Risk
13550,383,1,342.55,383,2,Low-Engagement / At-Risk
14989,662,1,342.4,662,2,Low-Engagement / At-Risk
17660,141,2,342.22,737,2,Low-Engagement / At-Risk
14724,590,1,341.9,590,2,Low-Engagement / At-Risk
16585,594,2,341.59,695,2,Low-Engagement / At-Risk
13187,337,4,341.36,624,2,Low-Engagement / At-Risk
13347,70,1,341.36,70,2,Low-Engagement / At-Risk
16259,410,3,340.94,605,2,Low-Engagement / At-Risk
17542,270,3,340.85,642,2,Low-Engagement / At-Risk
16044,435,1,340.84000000000003,435,2,Low-Engagement / At-Risk
15818,588,1,340.5,588,2,Low-Engagement / At-Risk
12900,422,1,340.33,422,2,Low-Engagement / At-Risk
12698,590,1,339.75,590,2,Low-Engagement / At-Risk
13737,200,1,339.59999999999997,200,2,Low-Engagement / At-Risk
14203,397,1,339.34,397,2,Low-Engagement / At-Risk
17697,236,1,338.95,236,2,Low-Engagement / At-Risk
14630,484,1,338.65,484,2,Low-Engagement / At-Risk
17833,723,1,338.46000000000004,723,2,Low-Engagement / At-Risk
17296,730,1,338.13,730,2,Low-Engagement / At-Risk
12869,682,1,337.66999999999996,682,2,Low-Engagement / At-Risk
15942,134,1,337.44,134,2,Low-Engagement / At-Risk
12780,599,1,337.4,599,2,Low-Engagement / At-Risk
18269,366,1,337.2,366,2,Low-Engagement / At-Risk
17488,641,1,336.5,641,2,Low-Engagement / At-Risk
13482,232,2,336.09,628,2,Low-Engagement / At-Risk
17967,372,2,335.69,416,2,Low-Engagement / At-Risk
14196,107,1,335.52,107,2,Low-Engagement / At-Risk
16063,260,1,335.32,260,2,Low-Engagement / At-Risk
12489,336,1,334.93,336,2,Low-Engagement / At-Risk
17821,406,1,334.62,406,2,Low-Engagement / At-Risk
12350,310,1,334.4,310,2,Low-Engagement / At-Risk
17607,376,1,333.81,376,2,Low-Engagement / At-Risk
13216,268,1,333.74,268,2,Low-Engagement / At-Risk
14241,184,2,333.70000000000005,696,2,Low-Engagement / At-Risk
16234,476,3,333.18,562,2,Low-Engagement / At-Risk
16006,211,2,332.82,388,2,Low-Engagement / At-Risk
14137,696,1,332.7,696,2,Low-Engagement / At-Risk
16850,334,1,332.41,334,2,Low-Engagement / At-Risk
16803,65,1,332.3,65,2,Low-Engagement / At-Risk
16452,631,2,332.17,694,2,Low-Engagement / At-Risk
15512,156,4,331.58,676,2,Low-Engagement / At-Risk
17435,411,1,331.35,411,2,Low-Engagement / At-Risk
16030,310,1,331.24,310,2,Low-Engagement / At-Risk
13981,416,1,331.14,416,2,Low-Engagement / At-Risk
15878,562,2,330.77,734,2,Low-Engagement / At-Risk
17776,387,2,330.56,723,2,Low-Engagement / At-Risk
12807,383,1,330.35,383,2,Low-Engagement / At-Risk
13010,374,2,330.12,649,2,Low-Engagement / At-Risk
15130,170,1,330.11,170,2,Low-Engagement / At-Risk
12850,446,1,330.0,446,2,Low-Engagement / At-Risk
18186,723,1,329.58,723,2,Low-Engagement / At-Risk
17518,426,2,329.42,621,2,Low-Engagement / At-Risk
17154,75,1,329.34,75,2,Low-Engagement / At-Risk
15979,603,1,329.22,603,2,Low-Engagement / At-Risk
16286,477,2,328.95,624,2,Low-Engagement / At-Risk
14012,278,1,328.8,278,2,Low-Engagement / At-Risk
15213,319,2,328.35,330,2,Low-Engagement / At-Risk
14747,249,1,328.2,249,2,Low-Engagement / At-Risk
15709,284,2,327.85,589,2,Low-Engagement / At-Risk
17196,428,1,327.75,428,2,Low-Engagement / At-Risk
15735,421,1,327.68,421,2,Low-Engagement / At-Risk
13498,730,1,327.38,730,2,Low-Engagement / At-Risk
12460,456,1,326.65,456,2,Low-Engagement / At-Risk
13646,400,2,326.25,400,2,Low-Engagement / At-Risk
18047,381,2,326.09,381,2,Low-Engagement / At-Risk
17439,656,1,325.74,656,2,Low-Engagement / At-Risk
12804,466,2,325.37,500,2,Low-Engagement / At-Risk
13661,603,1,325.24,603,2,Low-Engagement / At-Risk
15670,297,2,325.2,556,2,Low-Engagement / At-Risk
13801,67,1,324.8,67,2,Low-Engagement / At-Risk
15982,605,1,324.51,605,2,Low-Engagement / At-Risk
12946,437,1,324.45,437,2,Low-Engagement / At-Risk
13834,577,2,324.19,669,2,Low-Engagement / At-Risk
17440,157,4,323.58,549,2,Low-Engagement / At-Risk
13025,732,1,323.39,732,2,Low-Engagement / At-Risk
16195,723,1,323.25,723,2,Low-Engagement / At-Risk
14263,423,1,322.93,423,2,Low-Engagement / At-Risk
16627,79,1,322.8,79,2,Low-Engagement / At-Risk
14832,630,1,322.69,630,2,Low-Engagement / At-Risk
15726,390,1,321.91,390,2,Low-Engagement / At-Risk
18090,422,1,321.9,422,2,Low-Engagement / At-Risk
13111,719,1,321.88000000000005,719,2,Low-Engagement / At-Risk
17471,475,1,321.65000000000003,475,2,Low-Engagement / At-Risk
14070,685,1,321.6,685,2,Low-Engagement / At-Risk
15770,613,1,321.45,613,2,Low-Engagement / At-Risk
14823,180,3,321.43,195,2,Low-Engagement / At-Risk
17182,423,2,321.3,718,2,Low-Engagement / At-Risk
15869,277,3,321.11,626,2,Low-Engagement / At-Risk
15236,299,1,321.05,299,2,Low-Engagement / At-Risk
14622,185,1,320.58000000000004,185,2,Low-Engagement / At-Risk
17843,303,2,320.4,412,2,Low-Engagement / At-Risk
17309,95,3,320.39,673,2,Low-Engagement / At-Risk
16683,534,1,320.25,534,2,Low-Engagement / At-Risk
13942,535,1,320.0,535,2,Low-Engagement / At-Risk
13843,381,1,319.75,381,2,Low-Engagement / At-Risk
16436,668,3,319.14,733,2,Low-Engagement / At-Risk
16967,189,1,319.02,189,2,Low-Engagement / At-Risk
17229,96,2,318.76,143,2,Low-Engagement / At-Risk
16273,648,2,318.34000000000003,656,2,Low-Engagement / At-Risk
15682,599,2,318.24,687,2,Low-Engagement / At-Risk
18253,643,1,317.88,643,2,Low-Engagement / At-Risk
17267,127,2,317.2,127,2,Low-Engagement / At-Risk
15616,438,1,317.11,438,2,Low-Engagement / At-Risk
17689,388,2,317.08,474,2,Low-Engagement / At-Risk
16761,97,1,316.62,97,2,Low-Engagement / At-Risk
15204,357,1,316.58,357,2,Low-Engagement / At-Risk
12529,528,1,316.48,528,2,Low-Engagement / At-Risk
13494,312,1,316.26000000000005,312,2,Low-Engagement / At-Risk
17408,163,3,316.09000000000003,514,2,Low-Engagement / At-Risk
12614,278,1,315.6,278,2,Low-Engagement / At-Risk
15042,199,2,315.45,595,2,Low-Engagement / At-Risk
16091,155,2,315.06,199,2,Low-Engagement / At-Risk
17121,403,1,314.74,403,2,Low-Engagement / At-Risk
14991,430,1,314.67,430,2,Low-Engagement / At-Risk
18206,553,1,314.65999999999997,553,2,Low-Engagement / At-Risk
18070,669,1,314.1,669,2,Low-Engagement / At-Risk
15873,500,4,313.91999999999996,501,2,Low-Engagement / At-Risk
15196,433,2,313.7,727,2,Low-Engagement / At-Risk
13087,726,1,313.64,726,2,Low-Engagement / At-Risk
16582,113,1,313.62,113,2,Low-Engagement / At-Risk
12665,325,3,313.6,669,2,Low-Engagement / At-Risk
13845,65,1,312.98,65,2,Low-Engagement / At-Risk
15162,731,1,312.9,731,2,Low-Engagement / At-Risk
13905,733,1,312.65,733,2,Low-Engagement / At-Risk
13226,273,2,312.46,393,2,Low-Engagement / At-Risk
12834,283,1,312.38,283,2,Low-Engagement / At-Risk
17326,408,2,312.35,529,2,Low-Engagement / At-Risk
14094,440,1,311.77,440,2,Low-Engagement / At-Risk
14951,79,1,311.69,79,2,Low-Engagement / At-Risk
12852,295,1,311.55,295,2,Low-Engagement / At-Risk
13990,213,1,311.3,213,2,Low-Engagement / At-Risk
15724,201,3,310.85,401,2,Low-Engagement / At-Risk
13400,583,1,310.83,583,2,Low-Engagement / At-Risk
16328,563,1,310.83,563,2,Low-Engagement / At-Risk
13847,720,1,310.72,720,2,Low-Engagement / At-Risk
16439,722,1,310.70000000000005,722,2,Low-Engagement / At-Risk
12738,372,1,310.7,372,2,Low-Engagement / At-Risk
15185,70,1,310.62,70,2,Low-Engagement / At-Risk
14848,405,1,310.56,405,2,Low-Engagement / At-Risk
15308,274,1,310.47,274,2,Low-Engagement / At-Risk
15188,725,1,310.43,725,2,Low-Engagement / At-Risk
13315,689,1,310.26,689,2,Low-Engagement / At-Risk
14749,480,1,310.15,480,2,Low-Engagement / At-Risk
13628,676,1,310.14,676,2,Low-Engagement / At-Risk
16373,382,2,309.49,411,2,Low-Engagement / At-Risk
12884,88,1,309.05,88,2,Low-Engagement / At-Risk
16194,375,1,308.59999999999997,375,2,Low-Engagement / At-Risk
14181,411,2,308.35,563,2,Low-Engagement / At-Risk
14927,397,1,308.2,397,2,Low-Engagement / At-Risk
15302,730,1,308.0,730,2,Low-Engagement / At-Risk
13289,724,1,307.95,724,2,Low-Engagement / At-Risk
15778,431,1,307.95,431,2,Low-Engagement / At-Risk
13529,79,2,307.76,205,2,Low-Engagement / At-Risk
14777,404,1,307.56,404,2,Low-Engagement / At-Risk
13060,254,1,307.53,254,2,Low-Engagement / At-Risk
17120,233,1,307.46,233,2,Low-Engagement / At-Risk
13932,295,1,307.4,295,2,Low-Engagement / At-Risk
15374,129,2,307.32,625,2,Low-Engagement / At-Risk
14783,659,1,307.3,659,2,Low-Engagement / At-Risk
17721,659,1,307.21000000000004,659,2,Low-Engagement / At-Risk
13036,685,1,307.1,685,2,Low-Engagement / At-Risk
15087,282,1,306.94,282,2,Low-Engagement / At-Risk
13660,400,1,306.64,400,2,Low-Engagement / At-Risk
16649,520,1,306.58000000000004,520,2,Low-Engagement / At-Risk
13718,246,2,306.55,296,2,Low-Engagement / At-Risk
16524,446,2,306.19,691,2,Low-Engagement / At-Risk
17077,578,1,306.0,578,2,Low-Engagement / At-Risk
15454,362,2,305.99,618,2,Low-Engagement / At-Risk
15135,239,2,305.68,556,2,Low-Engagement / At-Risk
16796,89,1,305.62,89,2,Low-Engagement / At-Risk
16181,73,1,305.54,73,2,Low-Engagement / At-Risk
13383,544,1,305.28000000000003,544,2,Low-Engagement / At-Risk
15893,482,1,305.28000000000003,482,2,Low-Engagement / At-Risk
16217,235,2,304.25,282,2,Low-Engagement / At-Risk
18185,249,1,304.25,249,2,Low-Engagement / At-Risk
17688,394,1,304.2,394,2,Low-Engagement / At-Risk
14990,612,2,304.17,730,2,Low-Engagement / At-Risk
16489,380,2,303.7,436,2,Low-Engagement / At-Risk
14791,607,1,303.63,607,2,Low-Engagement / At-Risk
18255,89,2,303.15,456,2,Low-Engagement / At-Risk
16425,302,1,302.7,302,2,Low-Engagement / At-Risk
14043,491,2,302.6,729,2,Low-Engagement / At-Risk
18165,177,1,302.46000000000004,177,2,Low-Engagement / At-Risk
17506,76,1,302.2,76,2,Low-Engagement / At-Risk
15242,422,1,302.04,422,2,Low-Engagement / At-Risk
16297,269,1,301.9,269,2,Low-Engagement / At-Risk
13773,397,2,301.54,660,2,Low-Engagement / At-Risk
13625,597,1,301.26,597,2,Low-Engagement / At-Risk
16437,381,2,301.25,430,2,Low-Engagement / At-Risk
12351,375,1,300.93,375,2,Low-Engagement / At-Risk
16050,174,3,300.7,401,2,Low-Engagement / At-Risk
17556,206,2,300.67,379,2,Low-Engagement / At-Risk
14797,507,1,300.31,507,2,Low-Engagement / At-Risk
17991,225,3,300.3,592,2,Low-Engagement / At-Risk
17766,381,2,299.61,381,2,Low-Engagement / At-Risk
12864,138,2,299.57,508,2,Low-Engagement / At-Risk
13667,149,1,299.05,149,2,Low-Engagement / At-Risk
12595,505,1,299.02,505,2,Low-Engagement / At-Risk
15609,184,1,298.48,184,2,Low-Engagement / At-Risk
12881,276,1,298.0,276,2,Low-Engagement / At-Risk
18018,108,4,297.99,421,2,Low-Engagement / At-Risk
14835,529,2,297.0,617,2,Low-Engagement / At-Risk
17627,479,1,296.36,479,2,Low-Engagement / At-Risk
13751,288,1,296.25,288,2,Low-Engagement / At-Risk
12898,464,2,296.21000000000004,660,2,Low-Engagement / At-Risk
13504,64,1,295.93,64,2,Low-Engagement / At-Risk
14269,439,1,295.73,439,2,Low-Engagement / At-Risk
14614,386,1,295.13,386,2,Low-Engagement / At-Risk
16252,383,1,295.09000000000003,383,2,Low-Engagement / At-Risk
16579,426,1,295.05,426,2,Low-Engagement / At-Risk
17057,596,1,294.74,596,2,Low-Engagement / At-Risk
17124,185,1,294.24,185,2,Low-Engagement / At-Risk
17927,722,1,294.0,722,2,Low-Engagement / At-Risk
15718,540,1,293.79,540,2,Low-Engagement / At-Risk
14192,388,1,293.74,388,2,Low-Engagement / At-Risk
15928,656,1,293.53,656,2,Low-Engagement / At-Risk
17710,424,1,293.5,424,2,Low-Engagement / At-Risk
17441,732,1,293.35,732,2,Low-Engagement / At-Risk
17207,652,1,292.62,652,2,Low-Engagement / At-Risk
16721,262,1,292.47,262,2,Low-Engagement / At-Risk
16543,592,1,292.21,592,2,Low-Engagement / At-Risk
14985,198,2,292.01,358,2,Low-Engagement / At-Risk
17907,641,1,291.76,641,2,Low-Engagement / At-Risk
17882,379,2,291.56,379,2,Low-Engagement / At-Risk
16615,626,1,291.5,626,2,Low-Engagement / At-Risk
18182,463,1,291.13,463,2,Low-Engagement / At-Risk
17551,359,1,290.34,359,2,Low-Engagement / At-Risk
15391,584,1,289.87,584,2,Low-Engagement / At-Risk
16897,299,2,289.78,314,2,Low-Engagement / At-Risk
13796,499,1,289.7,499,2,Low-Engagement / At-Risk
15962,449,1,289.48,449,2,Low-Engagement / At-Risk
15041,170,2,289.4,444,2,Low-Engagement / At-Risk
14162,174,2,289.36,293,2,Low-Engagement / At-Risk
17501,221,2,288.6,221,2,Low-Engagement / At-Risk
16808,99,2,288.42,274,2,Low-Engagement / At-Risk
16432,64,1,287.4,64,2,Low-Engagement / At-Risk
17497,390,2,287.25,611,2,Low-Engagement / At-Risk
13508,244,2,287.05,643,2,Low-Engagement / At-Risk
14660,87,2,285.74,101,2,Low-Engagement / At-Risk
14402,652,1,285.6,652,2,Low-Engagement / At-Risk
16890,477,3,285.41,582,2,Low-Engagement / At-Risk
13708,271,1,285.33,271,2,Low-Engagement / At-Risk
12487,731,1,285.29999999999995,731,2,Low-Engagement / At-Risk
16429,106,1,284.55,106,2,Low-Engagement / At-Risk
15445,264,2,284.5,590,2,Low-Engagement / At-Risk
15354,603,3,284.4,603,2,Low-Engagement / At-Risk
13616,568,2,283.85,691,2,Low-Engagement / At-Risk
13121,269,1,283.73,269,2,Low-Engagement / At-Risk
15662,661,2,283.73,738,2,Low-Engagement / At-Risk
13909,423,2,282.85,521,2,Low-Engagement / At-Risk
15936,379,2,282.79,468,2,Low-Engagement / At-Risk
13511,677,1,282.76,677,2,Low-Engagement / At-Risk
12771,486,1,282.3,486,2,Low-Engagement / At-Risk
13326,432,1,281.76,432,2,Low-Engagement / At-Risk
13679,494,3,281.26,735,2,Low-Engagement / At-Risk
15772,418,1,280.88,418,2,Low-Engagement / At-Risk
12851,97,2,280.76,477,2,Low-Engagement / At-Risk
13080,179,4,280.73,609,2,Low-Engagement / At-Risk
14433,466,1,280.7,466,2,Low-Engagement / At-Risk
14242,235,2,280.55,326,2,Low-Engagement / At-Risk
13581,309,2,280.53000000000003,414,2,Low-Engagement / At-Risk
14183,411,2,278.34000000000003,481,2,Low-Engagement / At-Risk
14303,407,2,277.94,435,2,Low-Engagement / At-Risk
15338,677,1,277.93,677,2,Low-Engagement / At-Risk
12750,129,1,275.88,129,2,Low-Engagement / At-Risk
13399,464,3,275.4,519,2,Low-Engagement / At-Risk
17072,625,1,273.35,625,2,Low-Engagement / At-Risk
13307,120,3,273.34,592,2,Low-Engagement / At-Risk
17355,386,1,273.31,386,2,Low-Engagement / At-Risk
13861,429,2,273.26,531,2,Low-Engagement / At-Risk
17498,76,1,272.22,76,2,Low-Engagement / At-Risk
14816,197,1,271.85,197,2,Low-Engagement / At-Risk
17292,472,2,271.75,579,2,Low-Engagement / At-Risk
14436,99,2,271.70000000000005,554,2,Low-Engagement / At-Risk
15943,650,2,271.28999999999996,678,2,Low-Engagement / At-Risk
17278,241,2,271.24,565,2,Low-Engagement / At-Risk
18238,515,1,270.92,515,2,Low-Engagement / At-Risk
16757,319,2,270.48,409,2,Low-Engagement / At-Risk
18267,673,1,269.37,673,2,Low-Engagement / At-Risk
15964,663,1,269.21000000000004,663,2,Low-Engagement / At-Risk
13533,183,3,269.09,268,2,Low-Engagement / At-Risk
17264,424,1,268.28,424,2,Low-Engagement / At-Risk
12751,445,1,268.27,445,2,Low-Engagement / At-Risk
18254,581,1,267.9,581,2,Low-Engagement / At-Risk
15408,264,1,267.18,264,2,Low-Engagement / At-Risk
15517,233,1,267.03,233,2,Low-Engagement / At-Risk
17786,85,2,266.85,317,2,Low-Engagement / At-Risk
13837,212,2,266.59000000000003,318,2,Low-Engagement / At-Risk
14392,432,1,266.4,432,2,Low-Engagement / At-Risk
15119,246,1,266.4,246,2,Low-Engagement / At-Risk
13973,287,1,264.7,287,2,Low-Engagement / At-Risk
16334,492,1,263.73,492,2,Low-Engagement / At-Risk
13128,631,1,263.5,631,2,Low-Engagement / At-Risk
16089,386,2,263.49,509,2,Low-Engagement / At-Risk
12892,397,1,263.38,397,2,Low-Engagement / At-Risk
17808,549,4,262.64,581,2,Low-Engagement / At-Risk
13331,402,1,262.4,402,2,Low-Engagement / At-Risk
17910,726,1,261.7,726,2,Low-Engagement / At-Risk
14957,253,2,261.69,645,2,Low-Engagement / At-Risk
12655,424,1,261.35,424,2,Low-Engagement / At-Risk
16733,530,1,259.68,530,2,Low-Engagement / At-Risk
13127,78,1,259.17,78,2,Low-Engagement / At-Risk
17558,393,1,259.17,393,2,Low-Engagement / At-Risk
15536,409,1,259.09,409,2,Low-Engagement / At-Risk
14526,389,1,258.65,389,2,Low-Engagement / At-Risk
13683,458,1,258.6,458,2,Low-Engagement / At-Risk
16502,620,2,258.55,620,2,Low-Engagement / At-Risk
13227,202,1,257.7,202,2,Low-Engagement / At-Risk
15503,363,2,257.3,727,2,Low-Engagement / At-Risk
15852,187,3,257.26,527,2,Low-Engagement / At-Risk
14483,282,2,257.1,737,2,Low-Engagement / At-Risk
15404,376,1,257.06,376,2,Low-Engagement / At-Risk
14876,521,2,256.7,561,2,Low-Engagement / At-Risk
14274,686,1,256.6,686,2,Low-Engagement / At-Risk
13806,64,1,256.38,64,2,Low-Engagement / At-Risk
13825,622,2,255.59,730,2,Low-Engagement / At-Risk
16911,636,2,255.25,661,2,Low-Engagement / At-Risk
12746,541,1,254.55,541,2,Low-Engagement / At-Risk
12604,79,2,254.18,262,2,Low-Engagement / At-Risk
15923,373,1,254.16,373,2,Low-Engagement / At-Risk
17626,603,1,254.0,603,2,Low-Engagement / At-Risk
16845,618,1,253.88,618,2,Low-Engagement / At-Risk
13250,461,2,253.09,502,2,Low-Engagement / At-Risk
17992,389,1,252.88,389,2,Low-Engagement / At-Risk
15019,267,1,252.81,267,2,Low-Engagement / At-Risk
15035,90,1,252.73000000000002,90,2,Low-Engagement / At-Risk
13251,402,1,252.68,402,2,Low-Engagement / At-Risk
16908,722,1,252.59,722,2,Low-Engagement / At-Risk
15552,217,2,252.52,623,2,Low-Engagement / At-Risk
16074,390,1,252.5,390,2,Low-Engagement / At-Risk
13645,120,1,252.1,120,2,Low-Engagement / At-Risk
17210,393,1,251.72,393,2,Low-Engagement / At-Risk
16453,531,2,251.71,548,2,Low-Engagement / At-Risk
16976,267,1,251.51999999999998,267,2,Low-Engagement / At-Risk
14501,184,2,251.21,320,2,Low-Engagement / At-Risk
14166,505,2,251.15,626,2,Low-Engagement / At-Risk
18266,434,1,251.1,434,2,Low-Engagement / At-Risk
16962,410,1,251.04,410,2,Low-Engagement / At-Risk
15231,621,1,250.26,621,2,Low-Engagement / At-Risk
17303,361,1,250.04,361,2,Low-Engagement / At-Risk
15510,331,1,250.0,331,2,Low-Engagement / At-Risk
13747,374,2,249.39999999999998,425,2,Low-Engagement / At-Risk
12563,409,1,249.24,409,2,Low-Engagement / At-Risk
13061,72,1,248.61,72,2,Low-Engagement / At-Risk
16381,396,2,247.85,418,2,Low-Engagement / At-Risk
15293,666,1,247.5,666,2,Low-Engagement / At-Risk
18072,186,1,247.44,186,2,Low-Engagement / At-Risk
14654,738,1,246.86,738,2,Low-Engagement / At-Risk
15697,690,1,246.75,690,2,Low-Engagement / At-Risk
13943,578,1,246.54,578,2,Low-Engagement / At-Risk
15378,463,2,246.5,502,2,Low-Engagement / At-Risk
15495,379,1,246.5,379,2,Low-Engagement / At-Risk
18153,659,1,246.22,659,2,Low-Engagement / At-Risk
16778,74,2,245.94,274,2,Low-Engagement / At-Risk
14325,570,1,245.48000000000002,570,2,Low-Engagement / At-Risk
14281,408,1,245.15,408,2,Low-Engagement / At-Risk
15118,134,1,244.8,134,2,Low-Engagement / At-Risk
15884,432,2,244.60000000000002,736,2,Low-Engagement / At-Risk
18002,376,4,244.37,732,2,Low-Engagement / At-Risk
14694,617,1,244.31,617,2,Low-Engagement / At-Risk
13551,319,2,244.2,666,2,Low-Engagement / At-Risk
13676,539,2,243.9,619,2,Low-Engagement / At-Risk
16793,57,1,243.84,57,2,Low-Engagement / At-Risk
13886,71,1,243.56,71,2,Low-Engagement / At-Risk
16215,81,1,242.35,81,2,Low-Engagement / At-Risk
15543,288,2,242.26,460,2,Low-Engagement / At-Risk
17009,551,1,242.06,551,2,Low-Engagement / At-Risk
13445,626,1,241.89999999999998,626,2,Low-Engagement / At-Risk
13582,390,2,241.68,618,2,Low-Engagement / At-Risk
15776,133,1,241.62,133,2,Low-Engagement / At-Risk
14774,529,1,241.45,529,2,Low-Engagement / At-Risk
14523,108,1,241.09,108,2,Low-Engagement / At-Risk
16427,263,2,241.06,284,2,Low-Engagement / At-Risk
16508,630,1,240.95,630,2,Low-Engagement / At-Risk
13674,433,1,240.68,433,2,Low-Engagement / At-Risk
15336,402,1,240.5,402,2,Low-Engagement / At-Risk
15931,428,1,239.9,428,2,Low-Engagement / At-Risk
13570,243,1,239.49,243,2,Low-Engagement / At-Risk
13789,388,1,239.45999999999998,388,2,Low-Engagement / At-Risk
12663,625,2,239.4,668,2,Low-Engagement / At-Risk
17981,411,1,239.12,411,2,Low-Engagement / At-Risk
13275,384,2,238.86,632,2,Low-Engagement / At-Risk
12561,303,1,238.85,303,2,Low-Engagement / At-Risk
12718,71,1,238.25,71,2,Low-Engagement / At-Risk
16280,725,1,238.05,725,2,Low-Engagement / At-Risk
14982,572,1,237.78,572,2,Low-Engagement / At-Risk
17877,170,1,237.61,170,2,Low-Engagement / At-Risk
14586,277,1,237.36,277,2,Low-Engagement / At-Risk
15457,262,1,237.07,262,2,Low-Engagement / At-Risk
12732,180,1,236.26000000000002,180,2,Low-Engagement / At-Risk
13088,417,1,236.11,417,2,Low-Engagement / At-Risk
17093,593,1,235.88,593,2,Low-Engagement / At-Risk
17872,382,1,235.87,382,2,Low-Engagement / At-Risk
16046,562,1,235.78,562,2,Low-Engagement / At-Risk
12392,591,1,234.75000000000003,591,2,Low-Engagement / At-Risk
13114,731,1,234.38,731,2,Low-Engagement / At-Risk
14473,74,2,234.34000000000003,282,2,Low-Engagement / At-Risk
17060,266,1,234.24,266,2,Low-Engagement / At-Risk
12736,333,1,234.0,333,2,Low-Engagement / At-Risk
13009,673,1,234.0,673,2,Low-Engagement / At-Risk
13348,64,1,233.76,64,2,Low-Engagement / At-Risk
14153,483,1,233.4,483,2,Low-Engagement / At-Risk
15294,411,1,233.35,411,2,Low-Engagement / At-Risk
13129,452,2,233.25,530,2,Low-Engagement / At-Risk
16302,127,1,233.22,127,2,Low-Engagement / At-Risk
17055,446,1,232.85,446,2,Low-Engagement / At-Risk
13678,152,1,232.6,152,2,Low-Engagement / At-Risk
18213,237,1,232.48000000000002,237,2,Low-Engagement / At-Risk
13608,541,1,232.05,541,2,Low-Engagement / At-Risk
16408,591,1,231.93,591,2,Low-Engagement / At-Risk
17151,735,1,231.90000000000003,735,2,Low-Engagement / At-Risk
17136,662,1,231.68,662,2,Low-Engagement / At-Risk
18279,519,1,231.33999999999997,519,2,Low-Engagement / At-Risk
15487,680,1,231.32,680,2,Low-Engagement / At-Risk
18197,576,1,230.1,576,2,Low-Engagement / At-Risk
14314,107,2,229.8,431,2,Low-Engagement / At-Risk
14017,571,1,229.75,571,2,Low-Engagement / At-Risk
17185,592,3,229.46,598,2,Low-Engagement / At-Risk
15528,254,1,229.33,254,2,Low-Engagement / At-Risk
17743,448,1,229.2,448,2,Low-Engagement / At-Risk
15273,600,1,228.96,600,2,Low-Engagement / At-Risk
17347,86,1,228.96,86,2,Low-Engagement / At-Risk
17066,726,1,228.34,726,2,Low-Engagement / At-Risk
14458,381,1,228.07,381,2,Low-Engagement / At-Risk
16760,430,1,228.0,430,2,Low-Engagement / At-Risk
15566,393,2,227.87,724,2,Low-Engagement / At-Risk
14363,402,2,227.47000000000003,451,2,Low-Engagement / At-Risk
17868,386,1,227.15,386,2,Low-Engagement / At-Risk
16740,395,1,226.91,395,2,Low-Engagement / At-Risk
15451,434,2,226.86,599,2,Low-Engagement / At-Risk
14718,410,1,226.42,410,2,Low-Engagement / At-Risk
17993,617,1,225.99,617,2,Low-Engagement / At-Risk
14069,515,2,225.81,562,2,Low-Engagement / At-Risk
17915,551,1,225.78,551,2,Low-Engagement / At-Risk
16622,544,1,225.4,544,2,Low-Engagement / At-Risk
16587,232,1,225.15,232,2,Low-Engagement / At-Risk
13619,545,2,224.94,674,2,Low-Engagement / At-Risk
16346,385,1,224.51,385,2,Low-Engagement / At-Risk
15175,72,1,224.14,72,2,Low-Engagement / At-Risk
12914,401,1,223.98,401,2,Low-Engagement / At-Risk
16753,58,1,223.92000000000002,58,2,Low-Engagement / At-Risk
14928,628,1,223.91000000000003,628,2,Low-Engagement / At-Risk
16562,477,1,223.85999999999999,477,2,Low-Engagement / At-Risk
18131,632,1,222.95999999999998,632,2,Low-Engagement / At-Risk
12887,384,1,222.4,384,2,Low-Engagement / At-Risk
14596,627,1,222.22000000000003,627,2,Low-Engagement / At-Risk
15788,509,1,221.82999999999998,509,2,Low-Engagement / At-Risk
14445,456,1,221.65,456,2,Low-Engagement / At-Risk
17261,510,1,221.59,510,2,Low-Engagement / At-Risk
17087,738,1,221.53,738,2,Low-Engagement / At-Risk
13419,64,1,221.06,64,2,Low-Engagement / At-Risk
12821,214,2,220.8,611,2,Low-Engagement / At-Risk
13033,357,2,220.55,430,2,Low-Engagement / At-Risk
18132,504,1,220.13,504,2,Low-Engagement / At-Risk
18114,290,1,220.1,290,2,Low-Engagement / At-Risk
13454,641,1,219.87,641,2,Low-Engagement / At-Risk
14074,623,1,219.39999999999998,623,2,Low-Engagement / At-Risk
12799,529,1,219.35,529,2,Low-Engagement / At-Risk
15086,565,2,218.53,625,2,Low-Engagement / At-Risk
12574,316,1,218.45,316,2,Low-Engagement / At-Risk
15591,583,3,217.9,674,2,Low-Engagement / At-Risk
16035,560,1,217.73,560,2,Low-Engagement / At-Risk
15554,278,1,217.2,278,2,Low-Engagement / At-Risk
13423,429,1,217.03,429,2,Low-Engagement / At-Risk
15401,452,2,216.95000000000002,569,2,Low-Engagement / At-Risk
18021,510,2,216.41,512,2,Low-Engagement / At-Risk
17902,547,1,216.39999999999998,547,2,Low-Engagement / At-Risk
15604,52,1,216.39,52,2,Low-Engagement / At-Risk
13858,57,1,216.17,57,2,Low-Engagement / At-Risk
16179,61,1,215.83,61,2,Low-Engagement / At-Risk
14376,683,1,215.46,683,2,Low-Engagement / At-Risk
14635,454,1,215.22,454,2,Low-Engagement / At-Risk
18007,393,1,215.22,393,2,Low-Engagement / At-Risk
14106,737,1,214.79999999999998,737,2,Low-Engagement / At-Risk
16338,157,1,214.79999999999998,157,2,Low-Engagement / At-Risk
14361,579,1,214.70999999999998,579,2,Low-Engagement / At-Risk
17619,312,1,214.37,312,2,Low-Engagement / At-Risk
15460,354,1,214.26,354,2,Low-Engagement / At-Risk
14271,226,2,214.18,409,2,Low-Engagement / At-Risk
18157,571,1,213.9,571,2,Low-Engagement / At-Risk
13621,117,1,213.85,117,2,Low-Engagement / At-Risk
13411,107,1,213.55,107,2,Low-Engagement / At-Risk
16591,69,1,213.5,69,2,Low-Engagement / At-Risk
13724,637,1,213.01,637,2,Low-Engagement / At-Risk
13691,396,1,212.78,396,2,Low-Engagement / At-Risk
12961,379,1,211.99,379,2,Low-Engagement / At-Risk
12470,690,1,211.95,690,2,Low-Engagement / At-Risk
15866,101,1,211.89,101,2,Low-Engagement / At-Risk
14843,437,1,211.79999999999998,437,2,Low-Engagement / At-Risk
15703,265,1,211.5,265,2,Low-Engagement / At-Risk
12995,85,1,211.32,85,2,Low-Engagement / At-Risk
15490,430,1,210.85,430,2,Low-Engagement / At-Risk
14992,442,1,210.5,442,2,Low-Engagement / At-Risk
17217,234,2,210.1,619,2,Low-Engagement / At-Risk
16874,379,1,209.89000000000001,379,2,Low-Engagement / At-Risk
17484,576,2,209.57,624,2,Low-Engagement / At-Risk
13056,551,1,209.48,551,2,Low-Engagement / At-Risk
14003,733,1,209.41,733,2,Low-Engagement / At-Risk
15112,611,1,209.4,611,2,Low-Engagement / At-Risk
16487,577,2,209.4,659,2,Low-Engagement / At-Risk
17026,185,3,208.98,417,2,Low-Engagement / At-Risk
15327,53,1,208.75,53,2,Low-Engagement / At-Risk
13290,438,1,208.63,438,2,Low-Engagement / At-Risk
15741,458,2,208.62,619,2,Low-Engagement / At-Risk
15897,194,2,208.59,194,2,Low-Engagement / At-Risk
16457,218,1,208.36,218,2,Low-Engagement / At-Risk
15212,241,2,208.28,377,2,Low-Engagement / At-Risk
12848,676,1,208.0,676,2,Low-Engagement / At-Risk
16964,733,2,207.85,733,2,Low-Engagement / At-Risk
16866,141,3,207.73999999999998,162,2,Low-Engagement / At-Risk
15052,319,1,207.73000000000002,319,2,Low-Engagement / At-Risk
13099,99,1,207.35999999999999,99,2,Low-Engagement / At-Risk
17989,379,1,207.32999999999998,379,2,Low-Engagement / At-Risk
15925,194,1,207.15,194,2,Low-Engagement / At-Risk
15295,654,1,207.04,654,2,Low-Engagement / At-Risk
15820,320,1,206.98,320,2,Low-Engagement / At-Risk
14964,247,1,206.21,247,2,Low-Engagement / At-Risk
15914,378,2,205.99,378,2,Low-Engagement / At-Risk
14278,410,1,205.83,410,2,Low-Engagement / At-Risk
16540,414,1,205.75,414,2,Low-Engagement / At-Risk
17670,228,1,205.7,228,2,Low-Engagement / At-Risk
16490,436,1,205.41000000000003,436,2,Low-Engagement / At-Risk
14602,656,1,205.35999999999999,656,2,Low-Engagement / At-Risk
15307,96,1,205.3,96,2,Low-Engagement / At-Risk
12400,414,1,205.25,414,2,Low-Engagement / At-Risk
15319,284,1,204.5,284,2,Low-Engagement / At-Risk
17271,736,1,204.3,736,2,Low-Engagement / At-Risk
16901,729,1,204.26,729,2,Low-Engagement / At-Risk
14468,734,1,204.24,734,2,Low-Engagement / At-Risk
17206,53,1,204.24,53,2,Low-Engagement / At-Risk
17394,219,1,203.86999999999998,219,2,Low-Engagement / At-Risk
17891,162,1,203.85999999999999,162,2,Low-Engagement / At-Risk
14519,684,2,203.14,729,2,Low-Engagement / At-Risk
17074,563,1,203.05,563,2,Low-Engagement / At-Risk
15459,417,2,202.82999999999998,497,2,Low-Engagement / At-Risk
15558,639,1,202.68,639,2,Low-Engagement / At-Risk
18169,61,1,202.65,61,2,Low-Engagement / At-Risk
12416,657,1,202.56,657,2,Low-Engagement / At-Risk
14892,691,1,202.35000000000002,691,2,Low-Engagement / At-Risk
13284,331,1,201.19,331,2,Low-Engagement / At-Risk
16965,227,1,201.19,227,2,Low-Engagement / At-Risk
18281,181,2,201.14,578,2,Low-Engagement / At-Risk
18126,61,1,200.92000000000002,61,2,Low-Engagement / At-Risk
13556,429,2,200.82,436,2,Low-Engagement / At-Risk
14330,624,1,200.63,624,2,Low-Engagement / At-Risk
17693,137,1,200.47,137,2,Low-Engagement / At-Risk
13133,274,3,200.45000000000002,459,2,Low-Engagement / At-Risk
13944,653,1,200.43,653,2,Low-Engagement / At-Risk
14782,320,1,200.10000000000002,320,2,Low-Engagement / At-Risk
15593,71,1,199.8,71,2,Low-Engagement / At-Risk
14521,491,1,199.45000000000002,491,2,Low-Engagement / At-Risk
15001,394,2,199.10999999999999,394,2,Low-Engagement / At-Risk
15020,379,1,198.47,379,2,Low-Engagement / At-Risk
17184,569,2,198.41000000000003,730,2,Low-Engagement / At-Risk
17778,662,1,197.70000000000002,662,2,Low-Engagement / At-Risk
14185,331,1,197.65,331,2,Low-Engagement / At-Risk
17112,503,1,197.57,503,2,Low-Engagement / At-Risk
12927,395,1,197.31,395,2,Low-Engagement / At-Risk
15234,277,1,197.0,277,2,Low-Engagement / At-Risk
15746,134,1,196.88,134,2,Low-Engagement / At-Risk
16937,499,1,196.25,499,2,Low-Engagement / At-Risk
16112,143,4,195.73999999999998,339,2,Low-Engagement / At-Risk
13757,675,1,195.55,675,2,Low-Engagement / At-Risk
14405,387,1,195.0,387,2,Low-Engagement / At-Risk
17065,638,2,194.7,638,2,Low-Engagement / At-Risk
17475,79,1,194.37,79,2,Low-Engagement / At-Risk
16299,477,1,193.65,477,2,Low-Engagement / At-Risk
14476,257,1,193.0,257,2,Low-Engagement / At-Risk
15729,213,3,192.55,403,2,Low-Engagement / At-Risk
18028,583,1,192.05,583,2,Low-Engagement / At-Risk
14100,138,1,191.95000000000002,138,2,Low-Engagement / At-Risk
15909,174,1,191.94,174,2,Low-Engagement / At-Risk
16695,562,2,191.9,562,2,Low-Engagement / At-Risk
14279,521,2,191.86,681,2,Low-Engagement / At-Risk
15954,589,1,190.75,589,2,Low-Engagement / At-Risk
14728,413,1,190.58,413,2,Low-Engagement / At-Risk
15688,419,1,190.57,419,2,Low-Engagement / At-Risk
15412,171,1,190.53,171,2,Low-Engagement / At-Risk
18020,544,1,190.48000000000002,544,2,Low-Engagement / At-Risk
14617,403,2,190.47000000000003,416,2,Low-Engagement / At-Risk
13766,495,1,190.35,495,2,Low-Engagement / At-Risk
13972,71,2,190.25,202,2,Low-Engagement / At-Risk
17257,436,2,189.78,437,2,Low-Engagement / At-Risk
18046,650,1,189.63,650,2,Low-Engagement / At-Risk
13826,176,1,189.5,176,2,Low-Engagement / At-Risk
14801,61,1,189.34,61,2,Low-Engagement / At-Risk
14830,53,1,188.88,53,2,Low-Engagement / At-Risk
16277,734,1,188.69,734,2,Low-Engagement / At-Risk
14697,218,2,188.60999999999999,218,2,Low-Engagement / At-Risk
17283,379,1,188.46,379,2,Low-Engagement / At-Risk
16051,682,1,188.44,682,2,Low-Engagement / At-Risk
13063,481,1,188.4,481,2,Low-Engagement / At-Risk
17781,159,2,188.02,253,2,Low-Engagement / At-Risk
17279,58,1,187.82999999999998,58,2,Low-Engagement / At-Risk
15072,479,1,187.51999999999998,479,2,Low-Engagement / At-Risk
13852,611,1,187.35000000000002,611,2,Low-Engagement / At-Risk
18013,155,2,187.29,155,2,Low-Engagement / At-Risk
13568,173,1,187.05,173,2,Low-Engagement / At-Risk
13387,417,1,186.94,417,2,Low-Engagement / At-Risk
16267,591,1,186.66,591,2,Low-Engagement / At-Risk
18063,391,2,186.60000000000002,633,2,Low-Engagement / At-Risk
17215,464,1,186.15,464,2,Low-Engagement / At-Risk
16388,654,1,186.05,654,2,Low-Engagement / At-Risk
12641,115,1,185.9,115,2,Low-Engagement / At-Risk
17574,243,1,185.65,243,2,Low-Engagement / At-Risk
14879,685,1,185.06,685,2,Low-Engagement / At-Risk
16097,240,1,185.04999999999998,240,2,Low-Engagement / At-Risk
14677,593,1,184.91,593,2,Low-Engagement / At-Risk
17803,392,1,184.66,392,2,Low-Engagement / At-Risk
14059,267,1,183.6,267,2,Low-Engagement / At-Risk
14119,376,2,183.37,718,2,Low-Engagement / At-Risk
14983,689,1,183.20000000000002,689,2,Low-Engagement / At-Risk
16819,465,2,182.59,465,2,Low-Engagement / At-Risk
14941,579,1,182.1,579,2,Low-Engagement / At-Risk
12934,737,1,181.65,737,2,Low-Engagement / At-Risk
16822,686,1,181.39,686,2,Low-Engagement / At-Risk
15359,663,8,181.35,694,2,Low-Engagement / At-Risk
16594,75,1,181.09,75,2,Low-Engagement / At-Risk
14858,506,1,180.75,506,2,Low-Engagement / At-Risk
17820,374,1,180.60999999999999,374,2,Low-Engagement / At-Risk
16090,624,1,180.56,624,2,Low-Engagement / At-Risk
12622,232,1,180.1,232,2,Low-Engagement / At-Risk
18234,552,1,179.6,552,2,Low-Engagement / At-Risk
14945,414,1,179.4,414,2,Low-Engagement / At-Risk
16640,398,1,179.4,398,2,Low-Engagement / At-Risk
15895,150,1,179.17,150,2,Low-Engagement / At-Risk
14705,199,1,179.0,199,2,Low-Engagement / At-Risk
15209,730,1,178.98000000000002,730,2,Low-Engagement / At-Risk
15139,240,2,178.96,337,2,Low-Engagement / At-Risk
14812,599,1,178.85,599,2,Low-Engagement / At-Risk
16691,418,2,178.83,561,2,Low-Engagement / At-Risk
17170,374,2,178.68,389,2,Low-Engagement / At-Risk
17879,174,1,178.51999999999998,174,2,Low-Engagement / At-Risk
15292,201,1,178.39,201,2,Low-Engagement / At-Risk
18045,45,1,178.34,45,2,Low-Engagement / At-Risk
12686,372,1,178.28,372,2,Low-Engagement / At-Risk
17798,582,1,178.07,582,2,Low-Engagement / At-Risk
16403,312,1,177.5,312,2,Low-Engagement / At-Risk
13618,174,1,177.34,174,2,Low-Engagement / At-Risk
13072,267,1,177.15,267,2,Low-Engagement / At-Risk
16285,646,1,176.9,646,2,Low-Engagement / At-Risk
17036,383,1,176.9,383,2,Low-Engagement / At-Risk
17587,628,1,176.71,628,2,Low-Engagement / At-Risk
13746,414,1,176.69,414,2,Low-Engagement / At-Risk
12509,284,1,176.5,284,2,Low-Engagement / At-Risk
18054,393,1,176.5,393,2,Low-Engagement / At-Risk
18175,676,1,176.1,676,2,Low-Engagement / At-Risk
17840,444,1,175.9,444,2,Low-Engagement / At-Risk
14486,512,2,175.5,554,2,Low-Engagement / At-Risk
18166,624,1,175.5,624,2,Low-Engagement / At-Risk
13007,580,1,175.25,580,2,Low-Engagement / At-Risk
16144,247,1,175.2,247,2,Low-Engagement / At-Risk
17331,124,1,175.2,124,2,Low-Engagement / At-Risk
16559,397,1,175.0,397,2,Low-Engagement / At-Risk
17108,664,1,174.95,664,2,Low-Engagement / At-Risk
18010,257,1,174.8,257,2,Low-Engagement / At-Risk
14518,64,1,174.37,64,2,Low-Engagement / At-Risk
15684,547,3,173.95,735,2,Low-Engagement / At-Risk
14674,509,1,173.66,509,2,Low-Engagement / At-Risk
16741,625,1,173.06,625,2,Low-Engagement / At-Risk
16599,386,1,172.8,386,2,Low-Engagement / At-Risk
13671,395,1,172.6,395,2,Low-Engagement / At-Risk
13690,59,1,172.25,59,2,Low-Engagement / At-Risk
15515,387,1,171.81,387,2,Low-Engagement / At-Risk
17983,395,1,171.71,395,2,Low-Engagement / At-Risk
17575,667,1,171.7,667,2,Low-Engagement / At-Risk
16312,432,1,171.15,432,2,Low-Engagement / At-Risk
16673,679,1,171.13,679,2,Low-Engagement / At-Risk
14536,260,1,170.95,260,2,Low-Engagement / At-Risk
15403,492,2,170.88,731,2,Low-Engagement / At-Risk
14811,387,1,170.5,387,2,Low-Engagement / At-Risk
15256,149,2,170.4,562,2,Low-Engagement / At-Risk
17922,543,1,170.4,543,2,Low-Engagement / At-Risk
16731,648,1,170.3,648,2,Low-Engagement / At-Risk
15335,54,1,170.22,54,2,Low-Engagement / At-Risk
16002,625,1,169.21,625,2,Low-Engagement / At-Risk
15647,415,1,169.0,415,2,Low-Engagement / At-Risk
12768,451,1,168.69000000000003,451,2,Low-Engagement / At-Risk
18099,127,1,168.31,127,2,Low-Engagement / At-Risk
14131,649,1,168.22,649,2,Low-Engagement / At-Risk
12551,358,1,168.0,358,2,Low-Engagement / At-Risk
17559,513,1,167.62,513,2,Low-Engagement / At-Risk
17367,238,1,167.55,238,2,Low-Engagement / At-Risk
17586,619,1,167.4,619,2,Low-Engagement / At-Risk
13609,593,1,167.35,593,2,Low-Engagement / At-Risk
16405,302,2,167.25,310,2,Low-Engagement / At-Risk
15166,468,1,167.16,468,2,Low-Engagement / At-Risk
17875,688,1,167.1,688,2,Low-Engagement / At-Risk
13547,408,1,167.08,408,2,Low-Engagement / At-Risk
13967,146,2,166.3,396,2,Low-Engagement / At-Risk
18088,61,1,166.03,61,2,Low-Engagement / At-Risk
18107,442,1,165.88,442,2,Low-Engagement / At-Risk
13903,400,1,165.45000000000002,400,2,Low-Engagement / At-Risk
13470,99,2,165.0,115,2,Low-Engagement / At-Risk
15316,327,1,165.0,327,2,Low-Engagement / At-Risk
16663,729,1,165.0,729,2,Low-Engagement / At-Risk
13191,658,1,164.69,658,2,Low-Engagement / At-Risk
17535,280,1,164.4,280,2,Low-Engagement / At-Risk
17417,549,1,164.18,549,2,Low-Engagement / At-Risk
14955,733,1,163.77,733,2,Low-Engagement / At-Risk
16517,277,1,162.7,277,2,Low-Engagement / At-Risk
12954,639,1,162.45,639,2,Low-Engagement / At-Risk
15733,283,1,162.3,283,2,Low-Engagement / At-Risk
15534,726,1,162.25,726,2,Low-Engagement / At-Risk
16443,521,1,162.24,521,2,Low-Engagement / At-Risk
12661,436,1,162.0,436,2,Low-Engagement / At-Risk
17971,548,1,161.94,548,2,Low-Engagement / At-Risk
16113,183,1,161.38,183,2,Low-Engagement / At-Risk
13714,465,1,161.35,465,2,Low-Engagement / At-Risk
13779,516,1,161.13,516,2,Low-Engagement / At-Risk
13701,447,1,161.0,447,2,Low-Engagement / At-Risk
13229,226,1,160.95,226,2,Low-Engagement / At-Risk
17605,590,1,160.75,590,2,Low-Engagement / At-Risk
17202,421,1,160.65,421,2,Low-Engagement / At-Risk
17487,728,1,160.55,728,2,Low-Engagement / At-Risk
15229,586,1,160.5,586,2,Low-Engagement / At-Risk
16645,736,1,160.39,736,2,Low-Engagement / At-Risk
18146,141,2,160.35000000000002,220,2,Low-Engagement / At-Risk
14571,425,1,160.0,425,2,Low-Engagement / At-Risk
13420,150,2,159.85,171,2,Low-Engagement / At-Risk
13302,155,2,159.2,527,2,Low-Engagement / At-Risk
17953,540,1,159.17000000000002,540,2,Low-Engagement / At-Risk
16213,79,1,159.0,79,2,Low-Engagement / At-Risk
18224,264,1,158.95000000000002,264,2,Low-Engagement / At-Risk
14089,57,1,158.75,57,2,Low-Engagement / At-Risk
15499,724,1,158.65,724,2,Low-Engagement / At-Risk
15548,596,1,158.09,596,2,Low-Engagement / At-Risk
15348,72,1,158.04,72,2,Low-Engagement / At-Risk
14318,460,1,158.02,460,2,Low-Engagement / At-Risk
18004,362,1,157.92,362,2,Low-Engagement / At-Risk
17751,421,1,157.85999999999999,421,2,Low-Engagement / At-Risk
14207,688,1,157.8,688,2,Low-Engagement / At-Risk
14822,485,1,157.70000000000002,485,2,Low-Engagement / At-Risk
16687,391,1,157.63,391,2,Low-Engagement / At-Risk
12894,575,1,157.35,575,2,Low-Engagement / At-Risk
17318,725,1,157.32999999999998,725,2,Low-Engagement / At-Risk
16371,449,1,157.2,449,2,Low-Engagement / At-Risk
17128,335,1,157.09,335,2,Low-Engagement / At-Risk
17118,318,1,157.02,318,2,Low-Engagement / At-Risk
15007,159,1,156.91,159,2,Low-Engagement / At-Risk
15742,619,1,156.87,619,2,Low-Engagement / At-Risk
13830,582,1,156.85000000000002,582,2,Low-Engagement / At-Risk
14406,119,1,156.75,119,2,Low-Engagement / At-Risk
16578,626,1,156.6,626,2,Low-Engagement / At-Risk
15438,131,1,156.57999999999998,131,2,Low-Engagement / At-Risk
15263,107,1,156.51,107,2,Low-Engagement / At-Risk
13051,579,2,155.8,620,2,Low-Engagement / At-Risk
17832,50,1,155.37,50,2,Low-Engagement / At-Risk
14368,320,1,155.0,320,2,Low-Engagement / At-Risk
14046,284,1,154.99,284,2,Low-Engagement / At-Risk
17698,261,1,154.95,261,2,Low-Engagement / At-Risk
15740,49,1,154.88,49,2,Low-Engagement / At-Risk
17899,159,1,154.55,159,2,Low-Engagement / At-Risk
15226,311,1,154.41,311,2,Low-Engagement / At-Risk
13490,654,1,154.25,654,2,Low-Engagement / At-Risk
14814,581,1,154.21,581,2,Low-Engagement / At-Risk
17517,309,1,153.94,309,2,Low-Engagement / At-Risk
15560,398,2,153.52,398,2,Low-Engagement / At-Risk
15431,503,1,153.24,503,2,Low-Engagement / At-Risk
12602,59,1,153.12,59,2,Low-Engagement / At-Risk
16248,62,1,152.94,62,2,Low-Engagement / At-Risk
18138,295,1,152.65,295,2,Low-Engagement / At-Risk
18113,369,1,152.64000000000001,369,2,Low-Engagement / At-Risk
14066,267,1,152.55,267,2,Low-Engagement / At-Risk
15509,380,1,152.41,380,2,Low-Engagement / At-Risk
17327,410,2,152.35,563,2,Low-Engagement / At-Risk
13653,488,1,152.2,488,2,Low-Engagement / At-Risk
16617,236,1,151.85,236,2,Low-Engagement / At-Risk
18076,380,1,151.49,380,2,Low-Engagement / At-Risk
14516,516,1,151.17,516,2,Low-Engagement / At-Risk
16662,394,1,151.05,394,2,Low-Engagement / At-Risk
12959,484,1,150.95,484,2,Low-Engagement / At-Risk
14980,737,1,150.68,737,2,Low-Engagement / At-Risk
15991,534,1,150.55,534,2,Low-Engagement / At-Risk
14084,512,1,150.5,512,2,Low-Engagement / At-Risk
15775,245,2,150.5,632,2,Low-Engagement / At-Risk
15474,596,1,150.35,596,2,Low-Engagement / At-Risk
18200,106,1,150.35,106,2,Low-Engagement / At-Risk
14845,600,1,150.0,600,2,Low-Engagement / At-Risk
17234,183,1,149.89000000000001,183,2,Low-Engagement / At-Risk
13257,436,1,149.75,436,2,Low-Engagement / At-Risk
17946,233,2,149.57999999999998,259,2,Low-Engagement / At-Risk
17390,421,1,149.3,421,2,Low-Engagement / At-Risk
13003,106,3,149.05,215,2,Low-Engagement / At-Risk
13125,524,1,148.62,524,2,Low-Engagement / At-Risk
15283,390,3,148.33,518,2,Low-Engagement / At-Risk
17592,739,1,148.3,739,2,Low-Engagement / At-Risk
13457,689,2,148.22,738,2,Low-Engagement / At-Risk
13578,409,1,147.66,409,2,Low-Engagement / At-Risk
15479,733,1,147.4,733,2,Low-Engagement / At-Risk
16724,405,1,147.35,405,2,Low-Engagement / At-Risk
17794,687,2,147.3,689,2,Low-Engagement / At-Risk
12858,383,1,147.27,383,2,Low-Engagement / At-Risk
17030,64,1,146.87,64,2,Low-Engagement / At-Risk
14683,588,1,146.56,588,2,Low-Engagement / At-Risk
15496,631,1,146.14000000000001,631,2,Low-Engagement / At-Risk
18137,551,2,145.99,551,2,Low-Engagement / At-Risk
12565,289,1,145.92,289,2,Low-Engagement / At-Risk
13866,74,1,145.67000000000002,74,2,Low-Engagement / At-Risk
15937,64,1,145.35,64,2,Low-Engagement / At-Risk
14972,128,2,145.07,381,2,Low-Engagement / At-Risk
16598,286,1,145.04999999999998,286,2,Low-Engagement / At-Risk
15902,380,1,145.01,380,2,Low-Engagement / At-Risk
17938,420,1,144.29,420,2,Low-Engagement / At-Risk
14109,73,1,144.2,73,2,Low-Engagement / At-Risk
15816,542,2,144.14999999999998,542,2,Low-Engagement / At-Risk
12387,415,1,143.94,415,2,Low-Engagement / At-Risk
14604,633,1,143.85999999999999,633,2,Low-Engagement / At-Risk
14574,733,1,143.70000000000002,733,2,Low-Engagement / At-Risk
17149,451,1,143.10000000000002,451,2,Low-Engagement / At-Risk
15705,201,1,143.1,201,2,Low-Engagement / At-Risk
15761,443,1,143.05,443,2,Low-Engagement / At-Risk
16507,572,1,142.71,572,2,Low-Engagement / At-Risk
14386,297,1,142.4,297,2,Low-Engagement / At-Risk
17859,305,1,141.92000000000002,305,2,Low-Engagement / At-Risk
18038,556,1,141.48,556,2,Low-Engagement / At-Risk
14041,266,1,141.41,266,2,Low-Engagement / At-Risk
17273,424,1,141.12,424,2,Low-Engagement / At-Risk
12636,739,1,141.0,739,2,Low-Engagement / At-Risk
17959,592,1,140.75,592,2,Low-Engagement / At-Risk
14773,593,1,140.55,593,2,Low-Engagement / At-Risk
15388,270,1,140.54,270,2,Low-Engagement / At-Risk
15702,476,2,140.39000000000001,682,2,Low-Engagement / At-Risk
13483,66,1,140.34,66,2,Low-Engagement / At-Risk
15324,701,1,140.22000000000003,701,2,Low-Engagement / At-Risk
13839,486,1,139.95000000000002,486,2,Low-Engagement / At-Risk
16840,603,2,139.85,675,2,Low-Engagement / At-Risk
16483,192,1,139.35,192,2,Low-Engagement / At-Risk
14772,112,1,139.26,112,2,Low-Engagement / At-Risk
14707,436,2,139.2,577,2,Low-Engagement / At-Risk
13273,113,1,138.98,113,2,Low-Engagement / At-Risk
12902,265,1,138.68,265,2,Low-Engagement / At-Risk
13716,269,1,138.28,269,2,Low-Engagement / At-Risk
17982,681,1,138.18,681,2,Low-Engagement / At-Risk
15663,106,1,138.14,106,2,Low-Engagement / At-Risk
15848,622,1,137.99,622,2,Low-Engagement / At-Risk
16396,476,1,137.8,476,2,Low-Engagement / At-Risk
13279,78,1,137.75,78,2,Low-Engagement / At-Risk
15836,50,1,137.37,50,2,Low-Engagement / At-Risk
13907,692,1,136.8,692,2,Low-Engagement / At-Risk
13195,414,1,136.73,414,2,Low-Engagement / At-Risk
16237,437,1,136.65,437,2,Low-Engagement / At-Risk
16289,462,1,136.31,462,2,Low-Engagement / At-Risk
16651,587,1,136.2,587,2,Low-Engagement / At-Risk
16876,404,1,136.01,404,2,Low-Engagement / At-Risk
14366,525,1,136.0,525,2,Low-Engagement / At-Risk
16462,74,3,136.0,284,2,Low-Engagement / At-Risk
12968,112,1,135.95,112,2,Low-Engagement / At-Risk
17583,560,1,135.95,560,2,Low-Engagement / At-Risk
14889,336,1,135.9,336,2,Low-Engagement / At-Risk
16114,171,1,135.75000000000003,171,2,Low-Engagement / At-Risk
14391,577,1,135.6,577,2,Low-Engagement / At-Risk
13076,458,1,135.4,458,2,Low-Engagement / At-Risk
16665,362,1,135.39999999999998,362,2,Low-Engagement / At-Risk
14588,578,1,135.39,578,2,Low-Engagement / At-Risk
13144,333,2,135.35,431,2,Low-Engagement / At-Risk
17972,242,1,135.19,242,2,Low-Engagement / At-Risk
13702,446,1,135.18,446,2,Low-Engagement / At-Risk
17960,171,3,135.08,642,2,Low-Engagement / At-Risk
17199,582,1,135.04000000000002,582,2,Low-Engagement / At-Risk
13364,71,1,134.95999999999998,71,2,Low-Engagement / At-Risk
13119,669,1,134.9,669,2,Low-Engagement / At-Risk
16055,221,1,134.8,221,2,Low-Engagement / At-Risk
14340,219,1,134.7,219,2,Low-Engagement / At-Risk
15926,542,1,134.44,542,2,Low-Engagement / At-Risk
16486,538,1,134.36,538,2,Low-Engagement / At-Risk
14280,197,1,134.04,197,2,Low-Engagement / At-Risk
16886,456,1,134.0,456,2,Low-Engagement / At-Risk
17881,304,1,133.35000000000002,304,2,Low-Engagement / At-Risk
17826,374,1,133.34,374,2,Low-Engagement / At-Risk
12467,423,1,132.8,423,2,Low-Engagement / At-Risk
12964,437,1,132.24,437,2,Low-Engagement / At-Risk
12512,66,2,132.18,66,2,Low-Engagement / At-Risk
14438,306,1,131.9,306,2,Low-Engagement / At-Risk
17565,587,1,131.83,587,2,Low-Engagement / At-Risk
17455,204,1,131.7,204,2,Low-Engagement / At-Risk
14795,166,1,131.45000000000002,166,2,Low-Engagement / At-Risk
14378,622,1,131.25,622,2,Low-Engagement / At-Risk
15409,721,1,131.25,721,2,Low-Engagement / At-Risk
17225,582,1,131.15,582,2,Low-Engagement / At-Risk
16865,402,1,130.95,402,2,Low-Engagement / At-Risk
15844,46,1,130.73999999999998,46,2,Low-Engagement / At-Risk
17240,596,1,130.6,596,2,Low-Engagement / At-Risk
16410,734,1,130.32,734,2,Low-Engagement / At-Risk
16288,470,1,129.85,470,2,Low-Engagement / At-Risk
15317,677,1,129.75,677,2,Low-Engagement / At-Risk
17762,456,1,129.75,456,2,Low-Engagement / At-Risk
17847,516,2,129.69,645,2,Low-Engagement / At-Risk
14999,593,1,129.48000000000002,593,2,Low-Engagement / At-Risk
12555,682,1,129.23,682,2,Low-Engagement / At-Risk
13071,612,1,129.22,612,2,Low-Engagement / At-Risk
17056,738,1,128.60000000000002,738,2,Low-Engagement / At-Risk
16828,93,2,128.5,112,2,Low-Engagement / At-Risk
17089,386,1,128.45,386,2,Low-Engagement / At-Risk
16251,512,1,128.31,512,2,Low-Engagement / At-Risk
15892,669,1,128.2,669,2,Low-Engagement / At-Risk
13053,622,1,127.65,622,2,Low-Engagement / At-Risk
13586,541,1,127.28,541,2,Low-Engagement / At-Risk
15578,162,1,127.1,162,2,Low-Engagement / At-Risk
16973,386,1,127.0,386,2,Low-Engagement / At-Risk
14751,684,2,126.45,726,2,Low-Engagement / At-Risk
16294,477,1,126.05000000000001,477,2,Low-Engagement / At-Risk
13794,547,1,126.03,547,2,Low-Engagement / At-Risk
17657,430,1,126.0,430,2,Low-Engagement / At-Risk
12814,102,1,125.92,102,2,Low-Engagement / At-Risk
16925,540,1,125.65,540,2,Low-Engagement / At-Risk
15731,554,1,125.3,554,2,Low-Engagement / At-Risk
13912,424,1,124.95,424,2,Low-Engagement / At-Risk
17148,52,1,124.88,52,2,Low-Engagement / At-Risk
17818,738,1,124.78,738,2,Low-Engagement / At-Risk
13312,451,1,124.75,451,2,Low-Engagement / At-Risk
16849,187,1,124.57,187,2,Low-Engagement / At-Risk
17316,420,1,124.45,420,2,Low-Engagement / At-Risk
12773,564,1,124.25,564,2,Low-Engagement / At-Risk
18000,564,1,124.25,564,2,Low-Engagement / At-Risk
15779,463,2,124.08000000000001,532,2,Low-Engagement / At-Risk
13968,423,1,123.66,423,2,Low-Engagement / At-Risk
14187,474,1,123.5,474,2,Low-Engagement / At-Risk
16397,628,1,123.13,628,2,Low-Engagement / At-Risk
13876,64,1,122.7,64,2,Low-Engagement / At-Risk
12969,603,1,122.45,603,2,Low-Engagement / At-Risk
13084,492,1,122.39999999999999,492,2,Low-Engagement / At-Risk
16073,297,1,122.39999999999999,297,2,Low-Engagement / At-Risk
13244,93,1,121.74000000000001,93,2,Low-Engagement / At-Risk
13182,45,1,121.18,45,2,Low-Engagement / At-Risk
15049,274,1,121.17000000000002,274,2,Low-Engagement / At-Risk
17260,411,1,120.95,411,2,Low-Engagement / At-Risk
17446,177,2,120.9,310,2,Low-Engagement / At-Risk
14884,669,1,120.6,669,2,Low-Engagement / At-Risk
14165,276,1,120.44,276,2,Low-Engagement / At-Risk
14444,456,1,120.44,456,2,Low-Engagement / At-Risk
17543,550,1,120.05,550,2,Low-Engagement / At-Risk
14259,142,1,120.0,142,2,Low-Engagement / At-Risk
14453,190,1,119.93,190,2,Low-Engagement / At-Risk
15161,388,1,119.92,388,2,Low-Engagement / At-Risk
17541,510,1,119.86,510,2,Low-Engagement / At-Risk
17177,505,1,119.5,505,2,Low-Engagement / At-Risk
15843,304,1,118.95000000000002,304,2,Low-Engagement / At-Risk
17280,438,1,118.85999999999999,438,2,Low-Engagement / At-Risk
17079,78,1,118.80000000000001,78,2,Low-Engagement / At-Risk
14155,266,1,118.75,266,2,Low-Engagement / At-Risk
14076,129,1,118.67,129,2,Low-Engagement / At-Risk
12929,312,1,117.85,312,2,Low-Engagement / At-Risk
16291,682,1,117.72,682,2,Low-Engagement / At-Risk
17654,277,1,117.55,277,2,Low-Engagement / At-Risk
16959,87,1,117.35000000000001,87,2,Low-Engagement / At-Risk
14726,655,1,116.5,655,2,Low-Engagement / At-Risk
17117,288,1,116.19999999999999,288,2,Low-Engagement / At-Risk
14874,535,1,116.18,535,2,Low-Engagement / At-Risk
14143,134,1,115.8,134,2,Low-Engagement / At-Risk
16068,594,1,115.73,594,2,Low-Engagement / At-Risk
18027,99,1,115.31,99,2,Low-Engagement / At-Risk
18012,723,1,115.3,723,2,Low-Engagement / At-Risk
17401,541,1,114.85,541,2,Low-Engagement / At-Risk
15905,543,1,114.69,543,2,Low-Engagement / At-Risk
17933,632,1,114.69,632,2,Low-Engagement / At-Risk
14632,263,1,114.56,263,2,Low-Engagement / At-Risk
16247,170,1,114.56,170,2,Low-Engagement / At-Risk
14652,77,1,114.18,77,2,Low-Engagement / At-Risk
14582,41,1,114.11,41,2,Low-Engagement / At-Risk
17275,383,1,114.1,383,2,Low-Engagement / At-Risk
15056,520,1,113.64999999999999,520,2,Low-Engagement / At-Risk
14457,311,1,113.64,311,2,Low-Engagement / At-Risk
18105,38,1,113.48000000000002,38,2,Low-Engagement / At-Risk
16821,382,1,113.35,382,2,Low-Engagement / At-Risk
17784,550,1,112.86,550,2,Low-Engagement / At-Risk
18148,647,1,112.85000000000001,647,2,Low-Engagement / At-Risk
14689,209,1,112.8,209,2,Low-Engagement / At-Risk
16697,241,1,112.75,241,2,Low-Engagement / At-Risk
18129,243,1,112.55000000000001,243,2,Low-Engagement / At-Risk
13241,412,1,112.53,412,2,Low-Engagement / At-Risk
15899,369,1,112.5,369,2,Low-Engagement / At-Risk
15610,52,1,112.46000000000001,52,2,Low-Engagement / At-Risk
13620,528,1,112.34,528,2,Low-Engagement / At-Risk
17900,190,2,112.19999999999999,190,2,Low-Engagement / At-Risk
13193,61,1,112.08,61,2,Low-Engagement / At-Risk
12756,87,1,112.07999999999998,87,2,Low-Engagement / At-Risk
14750,736,1,112.03,736,2,Low-Engagement / At-Risk
17957,66,1,111.68,66,2,Low-Engagement / At-Risk
14668,445,1,111.63,445,2,Low-Engagement / At-Risk
17304,534,1,111.5,534,2,Low-Engagement / At-Risk
17887,129,1,111.35,129,2,Low-Engagement / At-Risk
15352,549,1,111.15,549,2,Low-Engagement / At-Risk
17208,396,1,111.15,396,2,Low-Engagement / At-Risk
18120,214,1,111.15,214,2,Low-Engagement / At-Risk
14464,568,2,111.0,627,2,Low-Engagement / At-Risk
12692,637,1,110.95,637,2,Low-Engagement / At-Risk
14509,534,1,110.95,534,2,Low-Engagement / At-Risk
15537,163,1,110.92,163,2,Low-Engagement / At-Risk
15853,52,1,110.8,52,2,Low-Engagement / At-Risk
18256,388,1,110.7,388,2,Low-Engagement / At-Risk
14787,471,1,110.65,471,2,Low-Engagement / At-Risk
16963,187,1,110.55000000000001,187,2,Low-Engagement / At-Risk
17836,47,1,110.21000000000001,47,2,Low-Engagement / At-Risk
17909,737,1,110.05,737,2,Low-Engagement / At-Risk
15851,527,1,109.73,527,2,Low-Engagement / At-Risk
14033,555,1,109.44,555,2,Low-Engagement / At-Risk
16363,53,1,109.36000000000001,53,2,Low-Engagement / At-Risk
16064,725,1,109.31,725,2,Low-Engagement / At-Risk
16664,569,1,109.2,569,2,Low-Engagement / At-Risk
14721,379,1,109.07,379,2,Low-Engagement / At-Risk
14345,39,1,108.97999999999999,39,2,Low-Engagement / At-Risk
15875,646,1,108.52,646,2,Low-Engagement / At-Risk
16106,66,1,108.38,66,2,Low-Engagement / At-Risk
14374,541,1,108.0,541,2,Low-Engagement / At-Risk
13580,406,1,107.75,406,2,Low-Engagement / At-Risk
14943,663,1,107.62,663,2,Low-Engagement / At-Risk
15395,326,1,107.45,326,2,Low-Engagement / At-Risk
16301,737,1,107.33,737,2,Low-Engagement / At-Risk
15328,408,1,107.24,408,2,Low-Engagement / At-Risk
17893,225,1,107.21,225,2,Low-Engagement / At-Risk
16047,682,1,107.14,682,2,Low-Engagement / At-Risk
15846,385,1,107.01,385,2,Low-Engagement / At-Risk
16630,407,1,106.80000000000001,407,2,Low-Engagement / At-Risk
16082,670,1,106.75,670,2,Low-Engagement / At-Risk
14637,677,1,106.67999999999999,677,2,Low-Engagement / At-Risk
15927,647,1,106.54,647,2,Low-Engagement / At-Risk
16581,183,1,105.84,183,2,Low-Engagement / At-Risk
18103,549,1,105.8,549,2,Low-Engagement / At-Risk
15642,730,1,105.78000000000002,730,2,Low-Engagement / At-Risk
14579,432,1,105.56,432,2,Low-Engagement / At-Risk
15340,562,1,105.5,562,2,Low-Engagement / At-Risk
14027,61,1,104.82,61,2,Low-Engagement / At-Risk
17328,673,1,104.7,673,2,Low-Engagement / At-Risk
16547,546,1,104.25999999999999,546,2,Low-Engagement / At-Risk
16375,470,2,104.0,470,2,Low-Engagement / At-Risk
16896,555,1,103.95,555,2,Low-Engagement / At-Risk
14542,186,1,103.25,186,2,Low-Engagement / At-Risk
15924,731,1,102.82,731,2,Low-Engagement / At-Risk
18124,472,1,102.65,472,2,Low-Engagement / At-Risk
17467,395,1,102.6,395,2,Low-Engagement / At-Risk
13829,421,1,102.0,421,2,Low-Engagement / At-Risk
15486,527,1,102.0,527,2,Low-Engagement / At-Risk
18068,289,1,101.69999999999999,289,2,Low-Engagement / At-Risk
16944,610,1,101.36,610,2,Low-Engagement / At-Risk
18086,274,1,101.34,274,2,Low-Engagement / At-Risk
18195,387,1,101.16,387,2,Low-Engagement / At-Risk
13011,372,1,101.10000000000001,372,2,Low-Engagement / At-Risk
17741,407,2,101.1,561,2,Low-Engagement / At-Risk
16498,161,2,100.97,162,2,Low-Engagement / At-Risk
17493,385,1,100.91000000000001,385,2,Low-Engagement / At-Risk
17224,501,1,100.86,501,2,Low-Engagement / At-Risk
17427,72,1,100.8,72,2,Low-Engagement / At-Risk
14371,295,1,100.5,295,2,Low-Engagement / At-Risk
15635,396,1,100.35,396,2,Low-Engagement / At-Risk
17570,382,1,100.0,382,2,Low-Engagement / At-Risk
17939,160,1,99.14,160,2,Low-Engagement / At-Risk
12774,536,1,98.7,536,2,Low-Engagement / At-Risk
16694,723,1,98.30000000000001,723,2,Low-Engagement / At-Risk
17395,508,1,97.5,508,2,Low-Engagement / At-Risk
14642,59,1,96.12,59,2,Low-Engagement / At-Risk
13793,647,1,96.0,647,2,Low-Engagement / At-Risk
15583,376,1,95.96,376,2,Low-Engagement / At-Risk
17895,44,1,95.45,44,2,Low-Engagement / At-Risk
12548,166,1,95.19999999999999,166,2,Low-Engagement / At-Risk
15285,408,1,94.92,408,2,Low-Engagement / At-Risk
14833,499,1,94.8,499,2,Low-Engagement / At-Risk
15868,583,1,94.53,583,2,Low-Engagement / At-Risk
16339,284,1,94.05,284,2,Low-Engagement / At-Risk
15397,290,1,94.0,290,2,Low-Engagement / At-Risk
18033,65,1,93.82000000000001,65,2,Low-Engagement / At-Risk
14394,565,1,93.8,565,2,Low-Engagement / At-Risk
15305,555,1,93.6,555,2,Low-Engagement / At-Risk
12992,725,1,93.35000000000001,725,2,Low-Engagement / At-Risk
15082,669,1,93.35000000000001,669,2,Low-Engagement / At-Risk
16196,489,1,93.3,489,2,Low-Engagement / At-Risk
14054,65,1,92.46,65,2,Low-Engagement / At-Risk
16831,565,1,91.8,565,2,Low-Engagement / At-Risk
13392,677,1,91.14,677,2,Low-Engagement / At-Risk
14786,550,1,90.96,550,2,Low-Engagement / At-Risk
13947,65,1,90.6,65,2,Low-Engagement / At-Risk
14435,502,1,90.42,502,2,Low-Engagement / At-Risk
14117,144,1,90.0,144,2,Low-Engagement / At-Risk
15686,420,1,90.0,420,2,Low-Engagement / At-Risk
14974,37,1,89.94,37,2,Low-Engagement / At-Risk
16061,431,1,89.65,431,2,Low-Engagement / At-Risk
13535,403,1,89.5,403,2,Low-Engagement / At-Risk
14760,297,1,89.2,297,2,Low-Engagement / At-Risk
13222,577,1,88.5,577,2,Low-Engagement / At-Risk
15603,79,2,88.48,648,2,Low-Engagement / At-Risk
15083,257,1,88.2,257,2,Low-Engagement / At-Risk
16564,569,1,87.8,569,2,Low-Engagement / At-Risk
17606,737,1,87.30000000000001,737,2,Low-Engagement / At-Risk
17763,263,4,86.15,659,2,Low-Engagement / At-Risk
13180,607,1,86.10000000000001,607,2,Low-Engagement / At-Risk
15541,114,1,85.13000000000001,114,2,Low-Engagement / At-Risk
13841,253,1,85.0,253,2,Low-Engagement / At-Risk
12401,303,1,84.3,303,2,Low-Engagement / At-Risk
15094,463,2,83.0,644,2,Low-Engagement / At-Risk
14347,737,1,82.6,737,2,Low-Engagement / At-Risk
13469,653,1,82.4,653,2,Low-Engagement / At-Risk
16028,596,1,82.2,596,2,Low-Engagement / At-Risk
13215,402,1,81.6,402,2,Low-Engagement / At-Risk
13006,56,1,81.57,56,2,Low-Engagement / At-Risk
17620,60,1,81.44,60,2,Low-Engagement / At-Risk
17008,429,1,81.36,429,2,Low-Engagement / At-Risk
14717,733,1,81.3,733,2,Low-Engagement / At-Risk
15170,407,1,81.15,407,2,Low-Engagement / At-Risk
17336,472,1,81.12,472,2,Low-Engagement / At-Risk
17752,359,1,80.64,359,2,Low-Engagement / At-Risk
15833,738,1,80.4,738,2,Low-Engagement / At-Risk
15131,395,1,80.28,395,2,Low-Engagement / At-Risk
14190,666,1,79.9,666,2,Low-Engagement / At-Risk
16165,505,1,79.9,505,2,Low-Engagement / At-Risk
14589,372,1,79.5,372,2,Low-Engagement / At-Risk
14007,513,1,79.48,513,2,Low-Engagement / At-Risk
15753,305,1,79.2,305,2,Low-Engagement / At-Risk
12570,682,1,77.52,682,2,Low-Engagement / At-Risk
13132,262,1,77.3,262,2,Low-Engagement / At-Risk
16867,690,1,76.74000000000001,690,2,Low-Engagement / At-Risk
14373,358,1,76.55,358,2,Low-Engagement / At-Risk
14090,325,1,76.32000000000001,325,2,Low-Engagement / At-Risk
14613,680,1,76.32000000000001,680,2,Low-Engagement / At-Risk
15668,218,1,76.32000000000001,218,2,Low-Engagement / At-Risk
13219,618,1,76.23,618,2,Low-Engagement / At-Risk
17628,81,1,75.75,81,2,Low-Engagement / At-Risk
16610,219,1,75.66,219,2,Low-Engagement / At-Risk
14559,390,1,75.6,390,2,Low-Engagement / At-Risk
17192,536,1,75.28,536,2,Low-Engagement / At-Risk
16420,396,1,75.0,396,2,Low-Engagement / At-Risk
17944,423,1,74.99,423,2,Low-Engagement / At-Risk
13095,71,1,74.39999999999999,71,2,Low-Engagement / At-Risk
12506,233,1,73.5,233,2,Low-Engagement / At-Risk
18032,334,1,73.5,334,2,Low-Engagement / At-Risk
16171,59,1,73.2,59,2,Low-Engagement / At-Risk
17906,247,1,72.9,247,2,Low-Engagement / At-Risk
13105,436,1,72.0,436,2,Low-Engagement / At-Risk
16459,730,1,71.78999999999999,730,2,Low-Engagement / At-Risk
13938,35,1,71.66,35,2,Low-Engagement / At-Risk
13185,268,1,71.4,268,2,Low-Engagement / At-Risk
16970,626,1,71.4,626,2,Low-Engagement / At-Risk
17747,113,1,71.4,113,2,Low-Engagement / At-Risk
13915,394,1,70.80000000000001,394,2,Low-Engagement / At-Risk
14576,372,1,70.80000000000001,372,2,Low-Engagement / At-Risk
15564,463,2,70.74000000000001,676,2,Low-Engagement / At-Risk
12568,645,1,70.0,645,2,Low-Engagement / At-Risk
13172,400,1,69.6,400,2,Low-Engagement / At-Risk
14906,445,1,68.44,445,2,Low-Engagement / At-Risk
12861,620,1,68.25,620,2,Low-Engagement / At-Risk
17249,429,1,68.03,429,2,Low-Engagement / At-Risk
14393,218,1,67.95,218,2,Low-Engagement / At-Risk
17532,386,1,65.34,386,2,Low-Engagement / At-Risk
13022,430,1,65.3,430,2,Low-Engagement / At-Risk
13130,94,1,64.0,94,2,Low-Engagement / At-Risk
16238,423,1,63.66,423,2,Low-Engagement / At-Risk
17216,554,1,63.6,554,2,Low-Engagement / At-Risk
17263,208,1,63.440000000000005,208,2,Low-Engagement / At-Risk
15470,576,1,63.419999999999995,576,2,Low-Engagement / At-Risk
12404,682,1,63.24,682,2,Low-Engagement / At-Risk
16058,406,1,62.7,406,2,Low-Engagement / At-Risk
13218,127,1,62.63999999999999,127,2,Low-Engagement / At-Risk
14650,589,1,62.5,589,2,Low-Engagement / At-Risk
15516,45,3,62.43,47,2,Low-Engagement / At-Risk
13380,433,1,62.4,433,2,Low-Engagement / At-Risk
13303,400,1,61.72,400,2,Low-Engagement / At-Risk
13818,430,1,61.28,430,2,Low-Engagement / At-Risk
15375,690,1,60.959999999999994,690,2,Low-Engagement / At-Risk
16605,724,1,60.48,724,2,Low-Engagement / At-Risk
15250,641,1,60.0,641,2,Low-Engagement / At-Risk
17174,218,1,59.9,218,2,Low-Engagement / At-Risk
13391,204,1,59.8,204,2,Low-Engagement / At-Risk
13682,187,1,59.5,187,2,Low-Engagement / At-Risk
15233,401,1,59.400000000000006,401,2,Low-Engagement / At-Risk
15371,662,1,59.400000000000006,662,2,Low-Engagement / At-Risk
14384,501,1,58.5,501,2,Low-Engagement / At-Risk
12466,682,1,56.73,682,2,Low-Engagement / At-Risk
17775,255,1,56.4,255,2,Low-Engagement / At-Risk
13366,50,1,56.160000000000004,50,2,Low-Engagement / At-Risk
15685,450,1,55.980000000000004,450,2,Low-Engagement / At-Risk
12776,668,1,55.5,668,2,Low-Engagement / At-Risk
17494,502,1,54.699999999999996,502,2,Low-Engagement / At-Risk
12860,693,1,54.22,693,2,Low-Engagement / At-Risk
13306,430,1,53.65,430,2,Low-Engagement / At-Risk
16349,291,1,53.5,291,2,Low-Engagement / At-Risk
17599,478,1,52.05,478,2,Low-Engagement / At-Risk
15313,110,1,52.0,110,2,Low-Engagement / At-Risk
16786,394,1,51.839999999999996,394,2,Low-Engagement / At-Risk
17844,107,1,51.559999999999995,107,2,Low-Engagement / At-Risk
13254,376,1,51.410000000000004,376,2,Low-Engagement / At-Risk
14351,165,1,51.0,165,2,Low-Engagement / At-Risk
14743,593,1,50.48,593,2,Low-Engagement / At-Risk
14380,682,1,48.96,682,2,Low-Engagement / At-Risk
16530,668,1,48.349999999999994,668,2,Low-Engagement / At-Risk
16257,177,1,46.95,177,2,Low-Engagement / At-Risk
13438,547,1,46.5,547,2,Low-Engagement / At-Risk
15698,624,1,46.2,624,2,Low-Engagement / At-Risk
12496,620,2,45.34,620,2,Low-Engagement / At-Risk
15672,725,1,45.300000000000004,725,2,Low-Engagement / At-Risk
17916,629,2,43.87,733,2,Low-Engagement / At-Risk
13913,507,1,42.22,507,2,Low-Engagement / At-Risk
13906,409,1,42.0,409,2,Low-Engagement / At-Risk
16219,501,1,40.8,501,2,Low-Engagement / At-Risk
14266,428,1,40.56,428,2,Low-Engagement / At-Risk
15178,260,1,40.5,260,2,Low-Engagement / At-Risk
14086,463,1,39.95,463,2,Low-Engagement / At-Risk
16659,189,1,39.12,189,2,Low-Engagement / At-Risk
17246,547,2,38.92,738,2,Low-Engagement / At-Risk
18019,52,1,38.45,52,2,Low-Engagement / At-Risk
15455,598,1,38.25,598,2,Low-Engagement / At-Risk
15693,659,1,37.5,659,2,Low-Engagement / At-Risk
16162,252,1,37.4,252,2,Low-Engagement / At-Risk
17352,696,1,36.25,696,2,Low-Engagement / At-Risk
14993,564,1,36.13,564,2,Low-Engagement / At-Risk
15940,311,1,35.8,311,2,Low-Engagement / At-Risk
16417,493,1,35.7,493,2,Low-Engagement / At-Risk
17831,33,1,35.400000000000006,33,2,Low-Engagement / At-Risk
15744,78,1,34.8,78,2,Low-Engagement / At-Risk
17533,435,1,34.8,435,2,Low-Engagement / At-Risk
15871,437,1,33.099999999999994,437,2,Low-Engagement / At-Risk
16941,612,1,33.0,612,2,Low-Engagement / At-Risk
14977,726,1,31.929999999999996,726,2,Low-Engagement / At-Risk
17129,520,1,31.85,520,2,Low-Engagement / At-Risk
16454,45,4,30.950000000000003,611,2,Low-Engagement / At-Risk
13120,239,1,30.599999999999998,239,2,Low-Engagement / At-Risk
14144,486,1,30.599999999999998,486,2,Low-Engagement / At-Risk
16548,599,1,30.15,599,2,Low-Engagement / At-Risk
15575,620,1,30.1,620,2,Low-Engagement / At-Risk
17319,669,1,29.1,669,2,Low-Engagement / At-Risk
17102,262,1,25.5,262,2,Low-Engagement / At-Risk
15284,500,1,24.75,500,2,Low-Engagement / At-Risk
14610,396,2,24.35,514,2,Low-Engagement / At-Risk
16537,641,1,23.35,641,2,Low-Engagement / At-Risk
12606,682,1,21.0,682,2,Low-Engagement / At-Risk
16953,30,1,20.8,30,2,Low-Engagement / At-Risk
17986,56,1,20.8,56,2,Low-Engagement / At-Risk
13112,541,1,20.6,541,2,Low-Engagement / At-Risk
15999,736,1,20.4,736,2,Low-Engagement / At-Risk
13163,610,1,17.65,610,2,Low-Engagement / At-Risk
16093,107,1,17.0,107,2,Low-Engagement / At-Risk
12846,682,1,15.58,682,2,Low-Engagement / At-Risk
14580,518,1,14.850000000000001,518,2,Low-Engagement / At-Risk
14900,522,1,13.919999999999998,522,2,Low-Engagement / At-Risk
16878,84,1,13.3,84,2,Low-Engagement / At-Risk
17956,249,1,12.75,249,2,Low-Engagement / At-Risk
17378,374,1,10.95,374,2,Low-Engagement / At-Risk
18115,698,1,9.700000000000001,698,2,Low-Engagement / At-Risk
15040,542,1,7.49,542,2,Low-Engagement / At-Risk
15913,534,1,6.300000000000001,534,2,Low-Engagement / At-Risk
14792,64,1,6.2,64,2,Low-Engagement / At-Risk
13788,505,1,3.75,505,2,Low-Engagement / At-Risk
16738,298,1,3.75,298,2,Low-Engagement / At-Risk
14095,723,1,2.95,723,2,Low-Engagement / At-Risk
15195,3,1,3861.0,3,3,Occasional / Developing
12597,19,4,3811.22,268,3,Occasional / Developing
16240,24,2,3718.8,77,3,Occasional / Developing
14737,4,4,3554.17,401,3,Occasional / Developing
15113,10,3,3509.43,54,3,Occasional / Developing
15676,19,3,3435.76,284,3,Occasional / Developing
12865,26,4,3323.47,477,3,Occasional / Developing
13868,7,2,3192.54,39,3,Occasional / Developing
16041,31,3,3166.4,141,3,Occasional / Developing
12374,25,4,2989.2200000000003,588,3,Occasional / Developing
14544,24,3,2938.53,470,3,Occasional / Developing
12438,14,2,2906.85,140,3,Occasional / Developing
14903,21,5,2795.33,279,3,Occasional / Developing
14121,4,4,2780.15,60,3,Occasional / Developing
14125,11,3,2720.63,78,3,Occasional / Developing
14756,15,3,2653.76,425,3,Occasional / Developing
13422,64,1,2626.3,64,3,Occasional / Developing
13644,16,4,2624.26,106,3,Occasional / Developing
13471,1,4,2501.84,47,3,Occasional / Developing
12517,28,5,2481.6,190,3,Occasional / Developing
13507,3,4,2479.16,146,3,Occasional / Developing
17131,5,5,2463.17,76,3,Occasional / Developing
12397,36,2,2409.9,135,3,Occasional / Developing
17671,16,5,2403.34,376,3,Occasional / Developing
17313,31,1,2328.84,31,3,Occasional / Developing
13091,28,3,2321.82,730,3,Occasional / Developing
14554,10,4,2279.4900000000002,52,3,Occasional / Developing
13365,34,2,2225.37,218,3,Occasional / Developing
14708,3,5,2212.2799999999997,456,3,Occasional / Developing
16379,4,4,2157.4,79,3,Occasional / Developing
14216,3,5,2150.04,414,3,Occasional / Developing
16134,22,5,2145.34,541,3,Occasional / Developing
12560,5,3,2134.01,143,3,Occasional / Developing
14360,32,4,2118.03,95,3,Occasional / Developing
14691,31,5,2114.33,213,3,Occasional / Developing
16201,3,5,2112.12,416,3,Occasional / Developing
17159,22,5,2099.59,645,3,Occasional / Developing
12610,23,5,2099.54,126,3,Occasional / Developing
12586,17,4,2062.67,723,3,Occasional / Developing
12518,1,5,2056.89,110,3,Occasional / Developing
17666,4,5,2047.8,528,3,Occasional / Developing
15506,23,6,2030.33,478,3,Occasional / Developing
17088,28,4,1991.01,254,3,Occasional / Developing
15478,40,3,1983.48,575,3,Occasional / Developing
17158,32,5,1980.0,642,3,Occasional / Developing
15531,8,2,1972.39,30,3,Occasional / Developing
12674,39,4,1970.6,208,3,Occasional / Developing
17554,1,5,1952.45,148,3,Occasional / Developing
14418,4,3,1937.25,108,3,Occasional / Developing
12528,9,6,1933.48,313,3,Occasional / Developing
12531,15,2,1933.2,686,3,Occasional / Developing
13029,31,5,1927.3,523,3,Occasional / Developing
14332,23,5,1917.41,416,3,Occasional / Developing
14250,7,3,1904.05,89,3,Occasional / Developing
12762,8,2,1898.52,25,3,Occasional / Developing
14912,17,6,1889.25,682,3,Occasional / Developing
15197,11,6,1877.51,728,3,Occasional / Developing
14887,79,1,1862.0,79,3,Occasional / Developing
12381,5,5,1845.31,120,3,Occasional / Developing
18180,5,6,1843.75,143,3,Occasional / Developing
12950,2,3,1843.0,24,3,Occasional / Developing
16102,42,3,1842.14,129,3,Occasional / Developing
17015,29,3,1838.6100000000001,185,3,Occasional / Developing
16169,8,4,1822.97,76,3,Occasional / Developing
17828,23,4,1820.09,185,3,Occasional / Developing
14893,10,3,1809.6100000000001,618,3,Occasional / Developing
15530,22,5,1808.68,513,3,Occasional / Developing
18161,15,6,1803.1000000000001,379,3,Occasional / Developing
18122,8,6,1793.06,151,3,Occasional / Developing
15608,28,5,1785.98,416,3,Occasional / Developing
15452,30,6,1785.1100000000001,511,3,Occasional / Developing
15594,16,5,1771.78,235,3,Occasional / Developing
13456,18,6,1766.72,207,3,Occasional / Developing
16751,31,1,1764.72,31,3,Occasional / Developing
12784,9,3,1763.15,529,3,Occasional / Developing
16511,22,6,1760.49,649,3,Occasional / Developing
16620,4,6,1758.93,738,3,Occasional / Developing
16639,31,4,1747.98,409,3,Occasional / Developing
13808,6,5,1747.66,97,3,Occasional / Developing
16380,61,1,1743.1499999999999,61,3,Occasional / Developing
17974,25,6,1739.09,407,3,Occasional / Developing
14075,5,6,1734.87,541,3,Occasional / Developing
14387,33,3,1727.6,109,3,Occasional / Developing
13363,18,3,1723.86,410,3,Occasional / Developing
15267,22,5,1717.36,183,3,Occasional / Developing
14447,19,6,1711.73,400,3,Occasional / Developing
15947,83,1,1708.24,83,3,Occasional / Developing
13309,7,6,1706.3700000000001,393,3,Occasional / Developing
14859,13,5,1705.64,555,3,Occasional / Developing
17813,14,5,1698.07,71,3,Occasional / Developing
14829,29,7,1692.84,436,3,Occasional / Developing
16671,28,3,1692.27,165,3,Occasional / Developing
13516,21,4,1685.26,418,3,Occasional / Developing
13149,14,4,1676.06,289,3,Occasional / Developing
13308,23,4,1670.3700000000001,597,3,Occasional / Developing
13417,5,6,1669.49,670,3,Occasional / Developing
13064,13,6,1666.8400000000001,592,3,Occasional / Developing
17321,8,6,1665.21,578,3,Occasional / Developing
12912,3,5,1662.3,41,3,Occasional / Developing
18096,12,6,1657.87,513,3,Occasional / Developing
17041,27,6,1655.2,600,3,Occasional / Developing
12657,11,4,1643.18,79,3,Occasional / Developing
17951,40,4,1636.0800000000002,404,3,Occasional / Developing
12398,46,1,1635.6599999999999,46,3,Occasional / Developing
14904,2,4,1630.49,428,3,Occasional / Developing
14759,5,3,1625.97,233,3,Occasional / Developing
15172,9,5,1624.05,237,3,Occasional / Developing
14336,17,4,1614.91,276,3,Occasional / Developing
12847,22,2,1609.0,388,3,Occasional / Developing
15289,29,5,1593.09,622,3,Occasional / Developing
17540,25,6,1590.6000000000001,600,3,Occasional / Developing
14719,2,5,1581.84,249,3,Occasional / Developing
12607,60,1,1579.51,60,3,Occasional / Developing
13186,40,3,1575.89,129,3,Occasional / Developing
17886,32,6,1572.55,590,3,Occasional / Developing
17624,15,4,1568.63,720,3,Occasional / Developing
13939,23,7,1560.96,613,3,Occasional / Developing
16366,19,4,1548.1299999999999,724,3,Occasional / Developing
16790,4,6,1545.6200000000001,38,3,Occasional / Developing
13310,28,5,1541.2,402,3,Occasional / Developing
13579,15,5,1539.04,659,3,Occasional / Developing
16491,47,2,1533.16,413,3,Occasional / Developing
14567,57,2,1530.3600000000001,130,3,Occasional / Developing
15701,2,4,1529.0,111,3,Occasional / Developing
16066,17,5,1521.04,124,3,Occasional / Developing
17977,29,2,1511.45,400,3,Occasional / Developing
15948,8,3,1509.0900000000001,425,3,Occasional / Developing
18022,36,5,1507.25,546,3,Occasional / Developing
15110,24,6,1505.8500000000001,485,3,Occasional / Developing
13810,29,3,1499.01,56,3,Occasional / Developing
15630,45,3,1481.4,644,3,Occasional / Developing
15101,9,6,1477.94,590,3,Occasional / Developing
17590,2,3,1468.02,40,3,Occasional / Developing
13138,22,7,1467.24,397,3,Occasional / Developing
13500,23,4,1466.3,401,3,Occasional / Developing
12882,9,2,1463.04,34,3,Occasional / Developing
16569,3,5,1455.23,723,3,Occasional / Developing
13165,46,3,1451.16,413,3,Occasional / Developing
14657,18,6,1450.19,435,3,Occasional / Developing
17073,18,4,1446.09,109,3,Occasional / Developing
17175,44,4,1443.69,296,3,Occasional / Developing
13278,41,4,1435.85,611,3,Occasional / Developing
15427,33,3,1430.54,47,3,Occasional / Developing
15468,51,3,1430.48,393,3,Occasional / Developing
14684,26,6,1430.03,390,3,Occasional / Developing
13159,9,4,1429.35,116,3,Occasional / Developing
14412,43,3,1426.19,425,3,Occasional / Developing
17411,12,5,1425.38,737,3,Occasional / Developing
18221,22,6,1424.94,390,3,Occasional / Developing
15106,18,5,1422.52,269,3,Occasional / Developing
16463,21,4,1422.4,204,3,Occasional / Developing
14019,47,3,1421.61,138,3,Occasional / Developing
16173,16,6,1418.32,98,3,Occasional / Developing
17856,2,4,1418.03,282,3,Occasional / Developing
16245,24,3,1413.66,257,3,Occasional / Developing
15237,2,4,1412.32,227,3,Occasional / Developing
15444,9,2,1411.21,40,3,Occasional / Developing
12695,7,7,1407.1200000000001,665,3,Occasional / Developing
15186,14,5,1403.2,697,3,Occasional / Developing
14487,27,7,1391.37,379,3,Occasional / Developing
12952,6,4,1387.79,78,3,Occasional / Developing
18167,23,3,1384.8600000000001,106,3,Occasional / Developing
14116,20,5,1382.74,122,3,Occasional / Developing
17878,44,3,1378.93,395,3,Occasional / Developing
12886,68,2,1378.4,220,3,Occasional / Developing
14853,24,5,1376.87,606,3,Occasional / Developing
14662,29,7,1376.43,736,3,Occasional / Developing
14434,22,6,1372.8,72,3,Occasional / Developing
14577,13,7,1364.15,729,3,Occasional / Developing
13396,29,2,1360.99,319,3,Occasional / Developing
17054,28,5,1356.33,245,3,Occasional / Developing
15116,18,4,1352.75,205,3,Occasional / Developing
16079,17,3,1352.0,40,3,Occasional / Developing
16367,37,3,1350.48,383,3,Occasional / Developing
15411,26,4,1348.93,183,3,Occasional / Developing
16669,24,3,1348.88,78,3,Occasional / Developing
12646,5,2,1346.97,49,3,Occasional / Developing
15398,16,2,1345.53,78,3,Occasional / Developing
14550,11,4,1345.06,484,3,Occasional / Developing
14618,9,7,1342.32,547,3,Occasional / Developing
13743,3,7,1341.6,259,3,Occasional / Developing
12620,15,3,1339.41,205,3,Occasional / Developing
12919,8,6,1335.19,170,3,Occasional / Developing
17932,29,3,1331.57,211,3,Occasional / Developing
16295,10,4,1328.55,65,3,Occasional / Developing
13232,13,7,1328.35,243,3,Occasional / Developing
14712,29,4,1328.0700000000002,418,3,Occasional / Developing
14591,15,4,1320.21,213,3,Occasional / Developing
12526,1,3,1316.66,94,3,Occasional / Developing
14921,30,2,1316.07,201,3,Occasional / Developing
14511,11,5,1314.81,134,3,Occasional / Developing
13282,18,4,1313.19,406,3,Occasional / Developing
12364,8,4,1313.1,112,3,Occasional / Developing
13846,25,4,1307.79,400,3,Occasional / Developing
15677,49,3,1305.63,464,3,Occasional / Developing
14297,18,4,1305.33,275,3,Occasional / Developing
14284,31,3,1299.65,654,3,Occasional / Developing
14480,11,4,1299.52,718,3,Occasional / Developing
12488,10,3,1298.66,76,3,Occasional / Developing
16464,20,3,1298.66,142,3,Occasional / Developing
16929,4,7,1295.39,156,3,Occasional / Developing
16212,19,4,1293.71,670,3,Occasional / Developing
15621,4,4,1293.03,22,3,Occasional / Developing
15471,2,3,1292.01,551,3,Occasional / Developing
16744,11,7,1291.91,173,3,Occasional / Developing
17109,29,8,1291.71,498,3,Occasional / Developing
14856,36,3,1290.53,57,3,Occasional / Developing
16372,33,5,1290.31,607,3,Occasional / Developing
15136,3,4,1286.7,96,3,Occasional / Developing
16949,4,6,1286.27,317,3,Occasional / Developing
17521,30,5,1278.06,435,3,Occasional / Developing
15211,60,2,1277.48,365,3,Occasional / Developing
17034,16,5,1276.42,513,3,Occasional / Developing
12394,64,2,1272.48,217,3,Occasional / Developing
12630,10,2,1270.88,44,3,Occasional / Developing
15584,24,6,1268.2,671,3,Occasional / Developing
13892,27,6,1267.6499999999999,576,3,Occasional / Developing
17037,88,1,1267.32,88,3,Occasional / Developing
14379,44,4,1265.16,480,3,Occasional / Developing
14427,50,4,1263.52,632,3,Occasional / Developing
17759,17,5,1261.88,584,3,Occasional / Developing
16688,1,4,1260.86,61,3,Occasional / Developing
14984,19,6,1260.51,697,3,Occasional / Developing
18035,36,5,1260.23,385,3,Occasional / Developing
12993,23,8,1259.6299999999999,660,3,Occasional / Developing
13689,63,2,1259.5,445,3,Occasional / Developing
15009,12,3,1259.43,25,3,Occasional / Developing
15651,37,5,1259.06,596,3,Occasional / Developing
14474,46,2,1258.8899999999999,580,3,Occasional / Developing
14931,5,5,1257.68,241,3,Occasional / Developing
17481,4,4,1255.59,94,3,Occasional / Developing
14419,11,7,1254.64,383,3,Occasional / Developing
14725,25,4,1252.74,535,3,Occasional / Developing
15599,27,3,1250.06,446,3,Occasional / Developing
14020,17,4,1249.01,529,3,Occasional / Developing
14383,38,3,1247.69,164,3,Occasional / Developing
12689,26,2,1247.61,128,3,Occasional / Developing
14240,30,3,1247.49,424,3,Occasional / Developing
13860,1,5,1245.9,87,3,Occasional / Developing
17076,36,6,1242.75,736,3,Occasional / Developing
12985,1,2,1239.38,29,3,Occasional / Developing
18080,19,2,1231.5,243,3,Occasional / Developing
12673,5,3,1230.02,402,3,Occasional / Developing
15269,24,3,1225.3600000000001,390,3,Occasional / Developing
14428,7,5,1224.06,325,3,Occasional / Developing
15376,40,3,1221.56,222,3,Occasional / Developing
14698,2,5,1217.27,51,3,Occasional / Developing
17410,16,5,1214.72,215,3,Occasional / Developing
17198,24,3,1213.88,371,3,Occasional / Developing
18263,26,3,1213.1599999999999,253,3,Occasional / Developing
13918,50,2,1212.8400000000001,253,3,Occasional / Developing
16653,16,2,1212.66,71,3,Occasional / Developing
12464,10,8,1212.05,309,3,Occasional / Developing
17653,37,4,1207.56,120,3,Occasional / Developing
16830,39,4,1207.5,727,3,Occasional / Developing
16762,20,3,1207.24,144,3,Occasional / Developing
17360,17,6,1200.51,435,3,Occasional / Developing
14446,1,5,1200.28,387,3,Occasional / Developing
17397,22,3,1198.28,416,3,Occasional / Developing
15145,4,4,1194.73,248,3,Occasional / Developing
14382,26,2,1193.6299999999999,390,3,Occasional / Developing
12611,52,1,1193.32,52,3,Occasional / Developing
13882,3,5,1191.13,64,3,Occasional / Developing
12462,19,2,1189.59,303,3,Occasional / Developing
15573,32,5,1188.42,729,3,Occasional / Developing
18181,24,5,1188.34,735,3,Occasional / Developing
15737,15,8,1188.1200000000001,243,3,Occasional / Developing
16345,44,2,1178.79,483,3,Occasional / Developing
15994,55,3,1175.68,636,3,Occasional / Developing
15068,46,4,1174.9,621,3,Occasional / Developing
12640,24,3,1174.58,82,3,Occasional / Developing
14126,8,4,1172.46,444,3,Occasional / Developing
12691,28,7,1170.4,421,3,Occasional / Developing
17664,19,4,1166.23,620,3,Occasional / Developing
15525,2,4,1165.15,383,3,Occasional / Developing
14261,51,2,1163.45,79,3,Occasional / Developing
16800,11,1,1162.65,11,3,Occasional / Developing
12546,47,2,1161.5,78,3,Occasional / Developing
13897,50,3,1160.72,677,3,Occasional / Developing
15088,21,2,1160.07,67,3,Occasional / Developing
13601,45,4,1159.99,546,3,Occasional / Developing
13499,18,5,1159.11,270,3,Occasional / Developing
17169,58,3,1156.73,578,3,Occasional / Developing
14788,7,3,1156.32,596,3,Occasional / Developing
13030,11,2,1154.8,368,3,Occasional / Developing
16637,32,4,1154.47,226,3,Occasional / Developing
12475,54,2,1149.64,410,3,Occasional / Developing
15028,8,6,1148.91,394,3,Occasional / Developing
17500,17,3,1138.0,30,3,Occasional / Developing
17302,15,5,1135.63,306,3,Occasional / Developing
13109,60,3,1134.03,551,3,Occasional / Developing
15022,12,5,1133.44,677,3,Occasional / Developing
16989,7,6,1133.25,151,3,Occasional / Developing
18125,30,4,1131.75,316,3,Occasional / Developing
15500,8,4,1131.56,81,3,Occasional / Developing
12427,22,3,1129.3,372,3,Occasional / Developing
13447,23,3,1129.14,36,3,Occasional / Developing
15969,3,5,1127.05,522,3,Occasional / Developing
13167,19,5,1125.15,390,3,Occasional / Developing
17562,14,7,1122.38,173,3,Occasional / Developing
13589,15,6,1120.74,734,3,Occasional / Developing
17423,46,3,1118.95,394,3,Occasional / Developing
17788,74,2,1117.9,130,3,Occasional / Developing
14080,33,5,1115.68,737,3,Occasional / Developing
13509,9,8,1114.72,508,3,Occasional / Developing
16139,19,5,1111.15,736,3,Occasional / Developing
15933,21,3,1107.46,87,3,Occasional / Developing
14102,5,5,1105.8799999999999,45,3,Occasional / Developing
17812,13,7,1105.29,530,3,Occasional / Developing
14948,23,6,1101.97,219,3,Occasional / Developing
16014,38,5,1100.28,678,3,Occasional / Developing
12421,16,6,1098.6,505,3,Occasional / Developing
16916,24,4,1098.45,415,3,Occasional / Developing
14971,35,3,1097.98,43,3,Occasional / Developing
13835,25,7,1095.27,646,3,Occasional / Developing
17703,35,4,1094.84,418,3,Occasional / Developing
15745,19,4,1094.59,236,3,Occasional / Developing
13853,57,1,1090.14,57,3,Occasional / Developing
16188,45,5,1087.66,409,3,Occasional / Developing
15763,32,2,1086.92,78,3,Occasional / Developing
14139,46,4,1086.8,543,3,Occasional / Developing
13546,12,5,1086.24,424,3,Occasional / Developing
16298,23,7,1085.7,442,3,Occasional / Developing
16533,19,3,1082.81,68,3,Occasional / Developing
14805,15,7,1082.55,622,3,Occasional / Developing
13726,39,2,1079.6599999999999,101,3,Occasional / Developing
16642,5,3,1077.45,415,3,Occasional / Developing
16071,45,4,1076.8,655,3,Occasional / Developing
13607,40,2,1075.81,403,3,Occasional / Developing
13727,29,8,1074.15,730,3,Occasional / Developing
15238,29,3,1071.99,184,3,Occasional / Developing
13467,11,2,1071.91,36,3,Occasional / Developing
13521,1,3,1071.73,10,3,Occasional / Developing
14484,50,4,1070.98,723,3,Occasional / Developing
16884,38,4,1070.97,571,3,Occasional / Developing
17522,2,5,1070.71,218,3,Occasional / Developing
16386,29,3,1068.16,388,3,Occasional / Developing
15436,12,3,1067.75,234,3,Occasional / Developing
14488,68,1,1064.28,68,3,Occasional / Developing
14966,15,6,1064.26,724,3,Occasional / Developing
15801,46,3,1063.95,110,3,Occasional / Developing
12936,17,4,1063.9,78,3,Occasional / Developing
17727,15,1,1060.25,15,3,Occasional / Developing
18130,15,3,1059.39,57,3,Occasional / Developing
15645,19,3,1055.17,425,3,Occasional / Developing
15977,17,2,1054.73,39,3,Occasional / Developing
12716,4,2,1053.49,133,3,Occasional / Developing
17934,52,3,1049.15,407,3,Occasional / Developing
15839,33,3,1048.49,148,3,Occasional / Developing
16728,46,4,1048.28,264,3,Occasional / Developing
15407,34,4,1046.74,305,3,Occasional / Developing
17555,20,5,1045.74,586,3,Occasional / Developing
14108,31,4,1044.96,738,3,Occasional / Developing
13359,64,2,1043.31,403,3,Occasional / Developing
16903,29,3,1041.75,415,3,Occasional / Developing
16261,17,6,1041.16,442,3,Occasional / Developing
17042,3,5,1036.58,247,3,Occasional / Developing
14902,26,3,1035.6200000000001,554,3,Occasional / Developing
16260,51,1,1035.45,51,3,Occasional / Developing
17405,1,3,1031.41,150,3,Occasional / Developing
16198,75,2,1030.0410000000002,437,3,Occasional / Developing
16418,45,5,1028.74,423,3,Occasional / Developing
16682,5,5,1028.0,188,3,Occasional / Developing
16160,65,2,1025.44,86,3,Occasional / Developing
14204,2,4,1024.83,737,3,Occasional / Developing
12572,9,2,1020.42,52,3,Occasional / Developing
12403,50,2,1019.36,522,3,Occasional / Developing
13956,5,5,1019.27,271,3,Occasional / Developing
12828,3,6,1018.71,130,3,Occasional / Developing
16284,31,3,1018.48,393,3,Occasional / Developing
14675,16,2,1015.58,389,3,Occasional / Developing
12642,25,3,1013.26,108,3,Occasional / Developing
15951,9,3,1013.17,381,3,Occasional / Developing
17197,30,1,1013.01,30,3,Occasional / Developing
13258,12,5,1009.43,401,3,Occasional / Developing
13429,11,4,1006.8,75,3,Occasional / Developing
15850,19,6,1006.75,726,3,Occasional / Developing
13238,17,6,1006.63,590,3,Occasional / Developing
13427,19,6,1006.53,722,3,Occasional / Developing
13549,26,8,1005.8,388,3,Occasional / Developing
13867,31,3,1005.09,218,3,Occasional / Developing
14214,31,5,1004.38,278,3,Occasional / Developing
18160,57,3,1003.88,386,3,Occasional / Developing
12446,58,1,1002.3100000000001,58,3,Occasional / Developing
12545,75,2,1000.39,260,3,Occasional / Developing
17205,54,3,999.35,564,3,Occasional / Developing
17329,14,5,998.53,736,3,Occasional / Developing
16863,31,3,998.52,410,3,Occasional / Developing
17631,2,7,998.49,730,3,Occasional / Developing
16898,26,5,997.29,577,3,Occasional / Developing
13292,39,5,994.51,526,3,Occasional / Developing
17237,11,4,994.13,382,3,Occasional / Developing
17299,12,6,993.23,481,3,Occasional / Developing
13245,51,2,989.22,432,3,Occasional / Developing
17883,3,7,988.42,652,3,Occasional / Developing
18237,3,5,987.1,134,3,Occasional / Developing
17144,1,2,984.57,85,3,Occasional / Developing
12541,30,3,981.18,281,3,Occasional / Developing
15025,33,2,979.79,568,3,Occasional / Developing
13350,16,2,979.12,79,3,Occasional / Developing
14157,20,5,978.69,646,3,Occasional / Developing
15132,18,5,977.9300000000001,263,3,Occasional / Developing
17221,7,5,976.62,607,3,Occasional / Developing
15406,31,4,975.87,453,3,Occasional / Developing
16376,9,2,974.96,17,3,Occasional / Developing
15449,26,3,974.52,262,3,Occasional / Developing
12994,4,3,974.4200000000001,269,3,Occasional / Developing
16009,22,4,972.11,160,3,Occasional / Developing
16535,5,3,972.04,680,3,Occasional / Developing
17100,18,2,971.74,18,3,Occasional / Developing
14953,25,4,971.32,436,3,Occasional / Developing
15208,1,6,970.52,424,3,Occasional / Developing
18006,23,4,969.51,723,3,Occasional / Developing
14138,2,2,965.8800000000001,64,3,Occasional / Developing
12550,79,1,964.83,79,3,Occasional / Developing
15156,1,3,961.49,34,3,Occasional / Developing
12588,39,4,958.78,598,3,Occasional / Developing
18192,72,1,957.97,72,3,Occasional / Developing
12697,29,3,957.59,169,3,Occasional / Developing
17080,22,7,957.53,526,3,Occasional / Developing
12990,31,7,955.5,620,3,Occasional / Developing
14629,4,2,955.26,47,3,Occasional / Developing
15835,44,4,954.09,331,3,Occasional / Developing
17081,25,6,949.39,655,3,Occasional / Developing
13046,31,3,949.25,456,3,Occasional / Developing
13636,37,5,949.12,285,3,Occasional / Developing
12822,71,2,948.88,87,3,Occasional / Developing
17516,15,6,947.5,379,3,Occasional / Developing
18217,29,4,945.04,526,3,Occasional / Developing
15385,40,3,942.08,677,3,Occasional / Developing
13416,44,3,940.8000000000001,736,3,Occasional / Developing
17527,54,4,939.37,218,3,Occasional / Developing
14140,4,2,935.05,32,3,Occasional / Developing
15787,26,3,933.26,61,3,Occasional / Developing
18154,3,5,932.6,491,3,Occasional / Developing
15243,74,2,927.2800000000001,435,3,Occasional / Developing
17805,74,2,927.03,610,3,Occasional / Developing
13805,52,2,924.6,129,3,Occasional / Developing
14128,61,3,924.21,551,3,Occasional / Developing
18001,12,6,924.14,737,3,Occasional / Developing
13034,55,3,922.68,401,3,Occasional / Developing
15654,9,2,922.53,26,3,Occasional / Developing
16362,32,6,922.16,438,3,Occasional / Developing
12638,33,2,921.49,640,3,Occasional / Developing
15576,38,1,921.37,38,3,Occasional / Developing
15957,32,3,921.25,421,3,Occasional / Developing
17760,22,6,918.93,650,3,Occasional / Developing
16204,23,3,918.71,731,3,Occasional / Developing
14342,21,6,918.44,472,3,Occasional / Developing
14015,53,1,917.34,53,3,Occasional / Developing
15707,35,4,916.98,86,3,Occasional / Developing
14141,3,4,915.13,105,3,Occasional / Developing
14359,19,3,912.18,88,3,Occasional / Developing
15244,65,3,912.08,666,3,Occasional / Developing
14289,9,6,911.26,290,3,Occasional / Developing
15097,4,3,908.35,583,3,Occasional / Developing
14714,24,4,906.24,688,3,Occasional / Developing
12808,37,5,906.1,463,3,Occasional / Developing
13255,9,3,904.46,512,3,Occasional / Developing
15511,12,5,900.53,85,3,Occasional / Developing
12940,55,2,899.69,88,3,Occasional / Developing
15992,4,3,896.6,454,3,Occasional / Developing
15066,53,1,893.59,53,3,Occasional / Developing
12772,60,1,892.47,60,3,Occasional / Developing
17155,18,7,892.46,737,3,Occasional / Developing
16784,20,5,892.33,621,3,Occasional / Developing
16442,2,5,891.98,727,3,Occasional / Developing
15393,16,5,891.34,724,3,Occasional / Developing
16361,10,4,891.21,71,3,Occasional / Developing
17537,30,2,887.67,303,3,Occasional / Developing
16900,17,3,887.11,63,3,Occasional / Developing
15900,24,4,886.5699999999999,563,3,Occasional / Developing
16411,19,4,884.9399999999999,428,3,Occasional / Developing
15907,4,3,882.72,210,3,Occasional / Developing
17480,78,2,882.23,445,3,Occasional / Developing
12680,1,4,880.81,113,3,Occasional / Developing
14551,18,7,878.09,682,3,Occasional / Developing
17864,13,5,876.57,428,3,Occasional / Developing
16513,5,4,874.59,43,3,Occasional / Developing
16657,10,4,874.43,255,3,Occasional / Developing
15469,50,3,874.25,439,3,Occasional / Developing
17361,49,5,871.79,676,3,Occasional / Developing
13200,19,4,870.09,126,3,Occasional / Developing
17566,8,2,869.77,25,3,Occasional / Developing
14753,87,2,869.51,461,3,Occasional / Developing
16357,33,4,868.37,381,3,Occasional / Developing
18156,13,2,862.52,370,3,Occasional / Developing
12787,10,4,862.18,413,3,Occasional / Developing
12794,53,2,860.41,99,3,Occasional / Developing
15870,33,4,857.46,446,3,Occasional / Developing
15287,22,5,856.03,738,3,Occasional / Developing
17064,59,3,855.45,327,3,Occasional / Developing
13991,12,6,852.88,143,3,Occasional / Developing
16070,22,2,852.15,32,3,Occasional / Developing
17674,74,2,851.7,369,3,Occasional / Developing
16020,17,3,851.01,65,3,Occasional / Developing
12713,1,1,848.55,1,3,Occasional / Developing
15264,64,2,848.4,530,3,Occasional / Developing
16877,12,6,846.62,208,3,Occasional / Developing
16500,5,9,843.9100000000001,543,3,Occasional / Developing
16846,50,3,842.41,640,3,Occasional / Developing
14862,26,2,841.1999999999999,149,3,Occasional / Developing
13169,64,3,840.08,562,3,Occasional / Developing
13940,17,4,839.14,144,3,Occasional / Developing
14929,32,2,836.69,422,3,Occasional / Developing
13569,17,4,836.36,428,3,Occasional / Developing
16747,38,2,836.06,68,3,Occasional / Developing
16737,53,2,835.1999999999999,578,3,Occasional / Developing
15012,54,3,834.82,577,3,Occasional / Developing
15766,64,3,831.06,682,3,Occasional / Developing
16924,21,3,829.89,84,3,Occasional / Developing
14087,3,3,829.47,735,3,Occasional / Developing
14851,23,3,829.4100000000001,631,3,Occasional / Developing
12953,10,2,828.8100000000001,522,3,Occasional / Developing
13681,18,4,827.83,155,3,Occasional / Developing
12461,94,2,826.88,155,3,Occasional / Developing
12781,64,2,826.74,285,3,Occasional / Developing
14508,22,5,822.92,540,3,Occasional / Developing
15847,38,5,822.57,642,3,Occasional / Developing
16164,17,3,822.48,43,3,Occasional / Developing
16680,43,3,821.45,535,3,Occasional / Developing
18043,25,3,817.2,367,3,Occasional / Developing
16869,23,4,817.12,175,3,Occasional / Developing
15399,1,3,815.77,79,3,Occasional / Developing
16621,52,4,813.48,278,3,Occasional / Developing
16460,28,3,811.23,82,3,Occasional / Developing
16624,81,2,810.5699999999999,197,3,Occasional / Developing
15533,19,3,807.57,89,3,Occasional / Developing
17495,8,3,806.72,391,3,Occasional / Developing
13637,52,3,804.3,226,3,Occasional / Developing
16469,24,5,803.9,514,3,Occasional / Developing
18265,72,2,801.51,158,3,Occasional / Developing
16127,39,2,801.31,727,3,Occasional / Developing
17114,6,8,801.12,335,3,Occasional / Developing
16438,6,5,798.35,82,3,Occasional / Developing
13389,11,3,797.96,233,3,Occasional / Developing
15637,53,5,797.59,724,3,Occasional / Developing
18084,16,3,795.2299999999999,389,3,Occasional / Developing
13336,77,1,795.12,77,3,Occasional / Developing
15831,58,3,794.64,324,3,Occasional / Developing
13544,40,6,790.2,645,3,Occasional / Developing
13016,73,3,789.89,123,3,Occasional / Developing
16759,8,3,789.79,31,3,Occasional / Developing
14557,85,1,788.38,85,3,Occasional / Developing
17817,4,6,788.15,422,3,Occasional / Developing
13323,3,5,787.85,84,3,Occasional / Developing
16468,74,3,787.52,481,3,Occasional / Developing
13212,20,3,786.83,61,3,Occasional / Developing
12628,4,3,786.46,65,3,Occasional / Developing
15806,46,3,784.58,277,3,Occasional / Developing
15714,12,5,783.96,556,3,Occasional / Developing
16836,40,4,782.37,574,3,Occasional / Developing
15952,34,4,781.91,225,3,Occasional / Developing
17255,41,4,781.7,446,3,Occasional / Developing
15679,24,4,781.28,183,3,Occasional / Developing
15239,10,2,780.59,79,3,Occasional / Developing
13502,17,5,780.5,549,3,Occasional / Developing
18228,57,2,779.9,80,3,Occasional / Developing
12504,18,4,779.05,597,3,Occasional / Developing
14815,37,2,778.5,68,3,Occasional / Developing
14690,44,4,777.68,411,3,Occasional / Developing
16505,32,1,777.6,32,3,Occasional / Developing
13563,84,2,777.53,140,3,Occasional / Developing
15837,65,2,777.01,486,3,Occasional / Developing
15618,33,4,776.851,137,3,Occasional / Developing
14997,46,4,776.5999999999999,656,3,Occasional / Developing
15743,16,4,775.96,185,3,Occasional / Developing
13314,2,3,775.94,74,3,Occasional / Developing
15414,10,3,774.9000000000001,242,3,Occasional / Developing
15773,6,2,774.52,409,3,Occasional / Developing
18058,10,3,774.06,668,3,Occasional / Developing
18112,12,4,773.36,552,3,Occasional / Developing
15075,78,1,773.03,78,3,Occasional / Developing
12923,64,3,770.42,575,3,Occasional / Developing
12965,89,1,769.8100000000001,89,3,Occasional / Developing
16480,76,1,769.29,76,3,Occasional / Developing
16978,78,3,768.88,666,3,Occasional / Developing
13356,80,1,768.24,80,3,Occasional / Developing
12991,23,3,764.82,389,3,Occasional / Developing
16602,36,2,763.33,389,3,Occasional / Developing
17466,10,2,763.28,79,3,Occasional / Developing
15428,15,4,762.75,722,3,Occasional / Developing
13598,47,5,761.96,652,3,Occasional / Developing
14883,19,6,761.59,212,3,Occasional / Developing
17425,19,2,759.17,61,3,Occasional / Developing
18246,24,3,758.8199999999999,610,3,Occasional / Developing
16720,26,3,758.74,722,3,Occasional / Developing
15568,3,3,758.29,73,3,Occasional / Developing
15006,51,2,757.78,453,3,Occasional / Developing
16892,1,7,754.75,731,3,Occasional / Developing
18104,37,1,754.64,37,3,Occasional / Developing
18034,22,3,754.2,376,3,Occasional / Developing
14234,22,4,754.12,57,3,Occasional / Developing
17579,5,4,753.28,578,3,Occasional / Developing
14923,51,1,749.1,51,3,Occasional / Developing
15656,45,4,748.5,284,3,Occasional / Developing
17387,20,2,746.81,34,3,Occasional / Developing
14050,32,2,746.36,106,3,Occasional / Developing
13950,11,4,745.06,247,3,Occasional / Developing
13236,25,2,744.85,107,3,Occasional / Developing
13354,71,1,743.53,71,3,Occasional / Developing
17038,30,2,743.17,415,3,Occasional / Developing
16730,52,3,743.11,319,3,Occasional / Developing
12465,17,2,742.1899999999999,169,3,Occasional / Developing
13721,36,2,741.54,395,3,Occasional / Developing
15919,20,2,739.77,369,3,Occasional / Developing
15720,24,2,739.22,550,3,Occasional / Developing
12603,22,1,739.1999999999999,22,3,Occasional / Developing
15988,19,3,738.89,657,3,Occasional / Developing
17461,23,3,735.82,30,3,Occasional / Developing
17430,33,4,735.17,480,3,Occasional / Developing
17979,36,4,732.41,260,3,Occasional / Developing
13780,7,3,732.07,407,3,Occasional / Developing
13575,23,5,732.0699999999999,176,3,Occasional / Developing
12925,5,3,729.3299999999999,593,3,Occasional / Developing
15872,15,4,729.25,550,3,Occasional / Developing
12723,4,5,725.07,65,3,Occasional / Developing
17964,32,2,724.97,372,3,Occasional / Developing
15368,21,2,722.74,394,3,Occasional / Developing
13441,92,2,720.9,432,3,Occasional / Developing
16023,46,3,719.81,266,3,Occasional / Developing
17999,37,3,718.8,378,3,Occasional / Developing
15274,4,2,716.57,18,3,Occasional / Developing
12519,64,2,716.54,477,3,Occasional / Developing
12535,92,2,716.35,187,3,Occasional / Developing
12492,63,3,715.21,403,3,Occasional / Developing
15330,32,2,714.96,61,3,Occasional / Developing
13147,10,4,712.8000000000001,100,3,Occasional / Developing
17761,33,1,712.78,33,3,Occasional / Developing
14470,12,3,712.04,431,3,Occasional / Developing
15127,66,2,711.5,520,3,Occasional / Developing
13103,40,3,709.64,577,3,Occasional / Developing
13927,75,2,708.26,437,3,Occasional / Developing
12890,24,2,706.02,387,3,Occasional / Developing
16364,12,2,705.79,137,3,Occasional / Developing
16882,67,3,705.12,317,3,Occasional / Developing
16015,4,3,704.55,49,3,Occasional / Developing
12612,74,1,704.0400000000001,74,3,Occasional / Developing
12883,25,4,703.47,89,3,Occasional / Developing
15103,31,2,703.36,86,3,Occasional / Developing
17561,19,4,703.02,733,3,Occasional / Developing
14179,41,2,701.57,52,3,Occasional / Developing
14356,80,2,701.23,81,3,Occasional / Developing
17163,22,4,699.78,676,3,Occasional / Developing
16018,39,4,698.13,732,3,Occasional / Developing
16415,44,3,696.76,677,3,Occasional / Developing
14959,64,4,695.42,296,3,Occasional / Developing
15053,5,3,693.95,282,3,Occasional / Developing
14111,14,4,692.85,242,3,Occasional / Developing
17733,39,2,692.19,262,3,Occasional / Developing
14880,77,3,690.59,289,3,Occasional / Developing
17502,9,4,689.1,29,3,Occasional / Developing
15901,17,7,687.72,544,3,Occasional / Developing
16824,16,3,686.24,394,3,Occasional / Developing
12658,19,1,686.05,19,3,Occasional / Developing
15184,29,4,685.39,724,3,Occasional / Developing
16885,15,4,684.6,385,3,Occasional / Developing
15669,40,4,684.34,264,3,Occasional / Developing
15582,25,3,682.9100000000001,220,3,Occasional / Developing
12478,4,1,680.99,4,3,Occasional / Developing
18082,26,1,680.84,26,3,Occasional / Developing
13524,41,5,680.1800000000001,220,3,Occasional / Developing
13430,19,2,679.45,86,3,Occasional / Developing
13974,49,2,677.72,582,3,Occasional / Developing
16601,41,3,677.0,623,3,Occasional / Developing
13040,9,2,676.99,33,3,Occasional / Developing
17462,60,2,675.69,284,3,Occasional / Developing
13325,82,1,675.3,82,3,Occasional / Developing
14504,47,4,673.26,278,3,Occasional / Developing
16648,43,3,672.8,590,3,Occasional / Developing
17011,30,3,671.7,652,3,Occasional / Developing
17418,42,3,670.0600000000001,387,3,Occasional / Developing
13741,72,3,668.4300000000001,217,3,Occasional / Developing
16268,71,2,667.65,71,3,Occasional / Developing
18123,24,3,666.64,514,3,Occasional / Developing
13596,6,2,664.11,13,3,Occasional / Developing
14720,6,3,663.81,127,3,Occasional / Developing
16573,85,2,663.61,290,3,Occasional / Developing
13028,23,2,661.3199999999999,45,3,Occasional / Developing
15492,28,2,659.4599999999999,74,3,Occasional / Developing
13759,33,2,659.4100000000001,71,3,Occasional / Developing
14452,11,4,658.95,521,3,Occasional / Developing
14150,36,2,658.64,360,3,Occasional / Developing
16887,35,3,658.17,738,3,Occasional / Developing
17852,12,5,657.8100000000001,731,3,Occasional / Developing
17459,43,2,657.3,60,3,Occasional / Developing
16157,16,3,656.69,73,3,Occasional / Developing
16708,46,1,656.63,46,3,Occasional / Developing
17371,17,6,655.37,732,3,Occasional / Developing
13496,11,2,653.33,360,3,Occasional / Developing
15205,85,2,653.24,127,3,Occasional / Developing
17523,11,4,652.74,19,3,Occasional / Developing
16056,45,1,650.75,45,3,Occasional / Developing
16969,39,3,650.41,192,3,Occasional / Developing
17779,21,3,650.32,144,3,Occasional / Developing
14034,22,3,648.89,157,3,Occasional / Developing
12844,29,4,648.6,594,3,Occasional / Developing
16495,3,3,648.26,276,3,Occasional / Developing
17777,25,3,647.56,100,3,Occasional / Developing
16734,52,3,646.76,114,3,Occasional / Developing
12719,5,2,644.95,65,3,Occasional / Developing
16185,17,3,644.72,565,3,Occasional / Developing
15297,10,3,641.94,64,3,Occasional / Developing
14537,58,2,641.4,623,3,Occasional / Developing
12624,106,2,641.13,178,3,Occasional / Developing
13318,1,3,640.76,37,3,Occasional / Developing
12538,29,2,640.45,378,3,Occasional / Developing
14664,20,2,636.24,33,3,Occasional / Developing
15829,99,2,636.14,141,3,Occasional / Developing
14219,4,3,633.83,493,3,Occasional / Developing
13822,6,2,632.0,40,3,Occasional / Developing
17985,22,1,631.35,22,3,Occasional / Developing
16399,19,3,630.22,389,3,Occasional / Developing
13525,15,2,628.78,248,3,Occasional / Developing
13914,12,2,626.45,36,3,Occasional / Developing
14381,52,2,625.9399999999999,451,3,Occasional / Developing
14793,21,2,625.9,535,3,Occasional / Developing
16715,78,2,625.52,563,3,Occasional / Developing
16330,18,7,625.38,663,3,Occasional / Developing
16750,45,5,623.93,232,3,Occasional / Developing
18101,11,5,622.01,674,3,Occasional / Developing
16368,2,3,621.44,436,3,Occasional / Developing
12667,58,1,620.13,58,3,Occasional / Developing
15276,66,4,619.8,435,3,Occasional / Developing
16613,70,1,618.59,70,3,Occasional / Developing
14594,7,2,618.33,373,3,Occasional / Developing
12596,51,2,618.27,242,3,Occasional / Developing
16311,18,2,616.26,49,3,Occasional / Developing
15275,38,1,615.14,38,3,Occasional / Developing
14077,41,6,615.0799999999999,395,3,Occasional / Developing
16847,43,2,614.89,618,3,Occasional / Developing
16566,15,5,614.66,293,3,Occasional / Developing
16343,16,3,614.12,407,3,Occasional / Developing
16589,71,4,612.36,450,3,Occasional / Developing
13832,19,2,609.89,422,3,Occasional / Developing
14636,36,2,609.85,269,3,Occasional / Developing
15748,40,3,609.8100000000001,449,3,Occasional / Developing
15018,39,3,607.46,368,3,Occasional / Developing
17119,3,2,606.91,60,3,Occasional / Developing
15158,45,2,606.02,401,3,Occasional / Developing
12944,36,2,604.51,355,3,Occasional / Developing
12654,11,5,601.98,295,3,Occasional / Developing
12420,64,1,600.39,64,3,Occasional / Developing
18211,26,5,600.07,279,3,Occasional / Developing
12556,50,2,599.56,151,3,Occasional / Developing
13311,4,2,598.57,150,3,Occasional / Developing
14569,1,4,597.3299999999999,604,3,Occasional / Developing
14965,96,2,596.09,96,3,Occasional / Developing
17658,26,2,595.42,211,3,Occasional / Developing
13558,6,4,594.52,68,3,Occasional / Developing
16412,54,5,593.19,673,3,Occasional / Developing
16776,60,2,592.51,416,3,Occasional / Developing
17483,65,4,591.73,415,3,Occasional / Developing
15524,25,2,591.4,607,3,Occasional / Developing
14173,11,6,586.0,731,3,Occasional / Developing
12384,29,2,585.27,122,3,Occasional / Developing
14023,7,2,584.07,250,3,Occasional / Developing
15762,65,2,583.75,77,3,Occasional / Developing
17014,8,3,583.4300000000001,67,3,Occasional / Developing
16445,34,4,583.16,412,3,Occasional / Developing
16596,16,4,579.63,729,3,Occasional / Developing
14529,60,3,578.61,110,3,Occasional / Developing
15830,38,1,576.0,38,3,Occasional / Developing
17557,14,4,575.46,733,3,Occasional / Developing
12879,45,3,573.22,92,3,Occasional / Developing
17274,35,2,573.22,396,3,Occasional / Developing
13379,26,3,572.56,137,3,Occasional / Developing
12816,96,2,572.2,176,3,Occasional / Developing
13816,24,2,571.6700000000001,64,3,Occasional / Developing
18053,71,3,571.07,528,3,Occasional / Developing
15821,44,2,570.96,61,3,Occasional / Developing
15315,64,2,570.5,116,3,Occasional / Developing
15857,19,2,570.48,430,3,Occasional / Developing
17433,88,2,569.96,385,3,Occasional / Developing
13321,72,2,567.36,86,3,Occasional / Developing
16667,68,2,567.1800000000001,284,3,Occasional / Developing
14208,95,2,567.05,551,3,Occasional / Developing
18150,32,3,566.58,202,3,Occasional / Developing
13894,24,3,564.62,310,3,Occasional / Developing
15344,1,3,563.94,74,3,Occasional / Developing
15597,35,2,563.37,575,3,Occasional / Developing
17233,35,3,560.86,725,3,Occasional / Developing
14273,51,4,559.97,242,3,Occasional / Developing
17503,3,2,558.96,39,3,Occasional / Developing
14592,35,3,557.94,64,3,Occasional / Developing
13260,61,1,557.62,61,3,Occasional / Developing
18127,19,4,556.13,403,3,Occasional / Developing
15634,17,2,554.65,383,3,Occasional / Developing
16414,22,5,551.21,695,3,Occasional / Developing
16936,26,2,548.29,386,3,Occasional / Developing
15598,53,2,548.02,428,3,Occasional / Developing
16031,92,2,547.9,247,3,Occasional / Developing
16811,5,2,547.07,17,3,Occasional / Developing
17637,31,2,547.0600000000001,115,3,Occasional / Developing
17295,29,3,547.0,65,3,Occasional / Developing
17520,54,1,546.81,54,3,Occasional / Developing
17806,11,1,546.04,11,3,Occasional / Developing
13390,75,1,544.08,75,3,Occasional / Developing
14716,43,3,543.28,445,3,Occasional / Developing
16519,25,4,542.76,648,3,Occasional / Developing
17447,40,2,541.53,72,3,Occasional / Developing
13812,42,3,539.0,105,3,Occasional / Developing
15539,7,1,538.46,7,3,Occasional / Developing
14539,16,2,537.48,45,3,Occasional / Developing
16804,23,3,536.99,270,3,Occasional / Developing
13207,15,4,535.86,612,3,Occasional / Developing
17436,2,5,534.06,733,3,Occasional / Developing
13594,53,2,533.32,486,3,Occasional / Developing
15659,44,3,532.49,653,3,Occasional / Developing
15115,18,2,531.85,733,3,Occasional / Developing
16706,37,3,531.35,114,3,Occasional / Developing
17458,15,2,529.58,382,3,Occasional / Developing
16406,19,3,528.36,654,3,Occasional / Developing
15756,61,4,528.01,249,3,Occasional / Developing
12479,11,1,527.2,11,3,Occasional / Developing
15467,9,3,524.88,152,3,Occasional / Developing
13277,16,7,523.3,540,3,Occasional / Developing
17712,45,1,522.91,45,3,Occasional / Developing
16413,57,2,522.03,376,3,Occasional / Developing
12571,40,2,519.61,122,3,Occasional / Developing
18205,36,2,517.36,75,3,Occasional / Developing
17510,25,2,514.56,421,3,Occasional / Developing
13177,65,2,512.2,431,3,Occasional / Developing
16561,6,2,511.12,60,3,Occasional / Developing
13710,32,3,509.52,612,3,Occasional / Developing
14317,65,1,508.58000000000004,65,3,Occasional / Developing
13067,82,3,508.51,446,3,Occasional / Developing
14158,40,1,507.66,40,3,Occasional / Developing
17384,19,3,507.55,467,3,Occasional / Developing
17266,2,5,501.71999999999997,641,3,Occasional / Developing
13865,58,4,501.56,290,3,Occasional / Developing
14968,30,2,501.24,458,3,Occasional / Developing
13247,18,4,501.12,83,3,Occasional / Developing
16616,15,2,500.42,157,3,Occasional / Developing
15193,61,1,499.32,61,3,Occasional / Developing
16488,33,3,498.8,149,3,Occasional / Developing
17680,24,3,497.45,511,3,Occasional / Developing
15300,64,1,496.44,64,3,Occasional / Developing
12904,18,2,496.06,172,3,Occasional / Developing
16352,18,2,494.44,38,3,Occasional / Developing
13732,28,1,491.86,28,3,Occasional / Developing
15000,48,1,490.52,48,3,Occasional / Developing
15877,2,2,490.33,18,3,Occasional / Developing
14416,22,2,490.22,42,3,Occasional / Developing
17608,33,4,488.06,607,3,Occasional / Developing
17453,18,2,486.71999999999997,64,3,Occasional / Developing
12920,17,4,486.64,725,3,Occasional / Developing
13153,6,1,486.22,6,3,Occasional / Developing
15216,88,2,486.09,619,3,Occasional / Developing
16999,23,2,484.82,74,3,Occasional / Developing
16024,12,3,483.99,412,3,Occasional / Developing
16603,75,2,482.47,91,3,Occasional / Developing
18216,31,1,481.75,31,3,Occasional / Developing
13176,46,1,481.49,46,3,Occasional / Developing
15048,65,4,479.7,369,3,Occasional / Developing
13428,10,3,478.54,514,3,Occasional / Developing
15277,47,2,476.34,425,3,Occasional / Developing
14975,57,2,472.39,421,3,Occasional / Developing
16038,8,3,471.78000000000003,202,3,Occasional / Developing
15721,12,1,471.40000000000003,12,3,Occasional / Developing
13066,24,2,470.8,32,3,Occasional / Developing
15963,20,2,470.76,45,3,Occasional / Developing
17254,5,3,469.48,401,3,Occasional / Developing
15557,29,1,468.91,29,3,Occasional / Developing
13171,22,3,468.41,299,3,Occasional / Developing
14029,63,2,467.66,144,3,Occasional / Developing
14052,20,2,466.66,391,3,Occasional / Developing
16504,25,1,465.88,25,3,Occasional / Developing
17181,57,3,465.37,596,3,Occasional / Developing
13928,11,4,464.57,133,3,Occasional / Developing
14954,12,2,462.12,703,3,Occasional / Developing
15958,74,4,462.12,551,3,Occasional / Developing
15540,11,2,460.68,376,3,Occasional / Developing
12491,39,1,460.40000000000003,39,3,Occasional / Developing
17111,47,2,459.58,425,3,Occasional / Developing
15121,50,2,457.72,289,3,Occasional / Developing
12375,11,2,457.5,98,3,Occasional / Developing
17344,46,2,457.36,729,3,Occasional / Developing
14819,64,4,456.41,718,3,Occasional / Developing
14335,16,2,454.86,96,3,Occasional / Developing
17564,24,3,454.01,80,3,Occasional / Developing
17376,71,4,453.64,523,3,Occasional / Developing
18158,9,2,453.4,89,3,Occasional / Developing
14184,67,1,452.89,67,3,Occasional / Developing
15124,23,4,450.82,652,3,Occasional / Developing
14784,26,3,449.93,390,3,Occasional / Developing
13877,86,3,449.68,690,3,Occasional / Developing
12448,44,1,449.45,44,3,Occasional / Developing
15739,66,1,449.12,66,3,Occasional / Developing
14761,59,3,447.92,444,3,Occasional / Developing
14780,55,2,447.68,79,3,Occasional / Developing
17370,73,4,446.18,170,3,Occasional / Developing
18270,38,3,444.55,433,3,Occasional / Developing
14638,51,1,443.6,51,3,Occasional / Developing
13954,2,2,439.92,71,3,Occasional / Developing
16025,30,1,439.65999999999997,30,3,Occasional / Developing
16968,4,2,439.43,108,3,Occasional / Developing
12552,39,2,437.82,40,3,Occasional / Developing
12445,22,2,434.98,421,3,Occasional / Developing
14910,3,4,434.35,55,3,Occasional / Developing
14093,12,1,433.86,12,3,Occasional / Developing
16881,67,1,432.0,67,3,Occasional / Developing
12452,17,2,430.57,17,3,Occasional / Developing
12795,19,1,430.48,19,3,Occasional / Developing
12827,6,3,430.15000000000003,44,3,Occasional / Developing
15450,30,1,429.84,30,3,Occasional / Developing
15036,72,3,429.56,180,3,Occasional / Developing
15888,81,3,429.16,527,3,Occasional / Developing
15553,60,1,428.93,60,3,Occasional / Developing
15360,40,1,427.93,40,3,Occasional / Developing
12740,64,1,427.6,64,3,Occasional / Developing
15930,67,1,426.63,67,3,Occasional / Developing
15545,54,2,424.3,371,3,Occasional / Developing
17330,23,4,423.8,648,3,Occasional / Developing
16689,76,2,422.59999999999997,82,3,Occasional / Developing
18240,46,1,422.58,46,3,Occasional / Developing
16149,5,3,422.22,429,3,Occasional / Developing
16773,57,3,421.24,733,3,Occasional / Developing
15206,10,4,420.29999999999995,276,3,Occasional / Developing
13079,4,6,419.18,417,3,Occasional / Developing
17232,3,2,417.77,15,3,Occasional / Developing
12930,78,2,415.8,171,3,Occasional / Developing
15725,15,1,415.25,15,3,Occasional / Developing
13565,19,3,414.8,411,3,Occasional / Developing
18278,74,2,414.20000000000005,405,3,Occasional / Developing
13669,51,3,413.55,407,3,Occasional / Developing
17767,15,2,413.05,410,3,Occasional / Developing
16932,53,3,412.55,571,3,Occasional / Developing
13827,58,3,409.8,143,3,Occasional / Developing
14581,17,2,409.65,544,3,Occasional / Developing
16921,61,3,409.21,600,3,Occasional / Developing
16243,34,2,409.1,55,3,Occasional / Developing
16629,74,2,408.63,96,3,Occasional / Developing
12498,21,3,403.70000000000005,58,3,Occasional / Developing
17785,53,3,403.38,565,3,Occasional / Developing
15504,81,4,402.7,666,3,Occasional / Developing
14494,26,3,401.46,731,3,Occasional / Developing
18164,37,1,399.65000000000003,37,3,Occasional / Developing
17052,28,1,399.09,28,3,Occasional / Developing
17830,2,3,398.7,289,3,Occasional / Developing
15522,33,2,397.99,88,3,Occasional / Developing
13352,60,1,397.97999999999996,60,3,Occasional / Developing
12508,26,2,397.88,29,3,Occasional / Developing
15429,27,2,397.35,75,3,Occasional / Developing
12824,60,1,397.12,60,3,Occasional / Developing
15883,2,2,396.48,33,3,Occasional / Developing
18067,40,1,396.33,40,3,Occasional / Developing
13083,4,3,395.43,425,3,Occasional / Developing
16207,25,1,394.38,25,3,Occasional / Developing
15345,46,1,393.54,46,3,Occasional / Developing
18110,20,2,392.28000000000003,411,3,Occasional / Developing
17379,11,1,389.71999999999997,11,3,Occasional / Developing
14752,44,1,389.64,44,3,Occasional / Developing
17286,22,3,389.18,400,3,Occasional / Developing
15592,47,1,388.58,47,3,Occasional / Developing
13899,16,2,388.52,275,3,Occasional / Developing
13673,19,2,387.44,32,3,Occasional / Developing
17771,57,4,387.41,589,3,Occasional / Developing
17595,12,2,386.69,37,3,Occasional / Developing
17614,57,1,386.32,57,3,Occasional / Developing
17711,11,2,385.1,290,3,Occasional / Developing
16433,28,2,384.52,409,3,Occasional / Developing
17357,24,2,384.39,24,3,Occasional / Developing
16982,61,1,384.06,61,3,Occasional / Developing
14598,44,2,384.04,569,3,Occasional / Developing
13792,66,3,383.95,423,3,Occasional / Developing
15440,55,3,383.68,209,3,Occasional / Developing
12832,32,2,383.03,98,3,Occasional / Developing
13817,29,2,382.98,352,3,Occasional / Developing
17403,36,2,382.87,451,3,Occasional / Developing
16988,5,2,382.67,380,3,Occasional / Developing
13657,11,2,382.14,202,3,Occasional / Developing
17250,4,2,381.97,261,3,Occasional / Developing
14908,74,2,381.9,463,3,Occasional / Developing
17573,29,3,380.6,94,3,Occasional / Developing
17936,5,1,380.13,5,3,Occasional / Developing
14731,47,3,380.02,212,3,Occasional / Developing
16930,26,3,378.89,68,3,Occasional / Developing
17078,36,2,378.2,36,3,Occasional / Developing
17736,9,3,377.44,113,3,Occasional / Developing
17783,72,3,376.96,513,3,Occasional / Developing
17489,59,2,376.64,213,3,Occasional / Developing
14448,9,2,375.35,364,3,Occasional / Developing
14067,64,2,374.7,97,3,Occasional / Developing
13283,60,4,373.36,640,3,Occasional / Developing
12895,42,2,372.8,87,3,Occasional / Developing
12544,36,1,372.7,36,3,Occasional / Developing
12981,30,2,372.21999999999997,133,3,Occasional / Developing
18155,75,3,371.62,292,3,Occasional / Developing
14950,19,1,371.2,19,3,Occasional / Developing
15458,25,2,370.43999999999994,402,3,Occasional / Developing
17911,9,1,366.23,9,3,Occasional / Developing
15949,17,2,364.72,71,3,Occasional / Developing
14528,37,1,364.21999999999997,37,3,Occasional / Developing
13962,22,3,362.8,436,3,Occasional / Developing
17339,94,3,362.36,509,3,Occasional / Developing
16052,54,1,362.06,54,3,Occasional / Developing
13844,11,1,361.62,11,3,Occasional / Developing
17772,11,3,360.75,393,3,Occasional / Developing
13298,1,1,360.0,1,3,Occasional / Developing
16856,15,3,358.49,442,3,Occasional / Developing
16971,38,1,357.21,38,3,Occasional / Developing
18040,19,2,357.20000000000005,246,3,Occasional / Developing
18273,2,4,357.0,591,3,Occasional / Developing
14500,88,3,356.85,190,3,Occasional / Developing
15840,59,2,355.56,173,3,Occasional / Developing
15863,26,5,355.1,723,3,Occasional / Developing
15986,30,2,354.42,382,3,Occasional / Developing
14804,9,1,353.27,9,3,Occasional / Developing
16690,72,4,353.03,451,3,Occasional / Developing
12617,29,1,352.98,29,3,Occasional / Developing
13923,54,1,351.13,54,3,Occasional / Developing
13332,14,1,350.9,14,3,Occasional / Developing
12532,30,1,349.83000000000004,30,3,Occasional / Developing
13790,4,1,348.8,4,3,Occasional / Developing
17668,1,2,347.75,38,3,Occasional / Developing
16423,25,1,346.12,25,3,Occasional / Developing
15781,25,3,345.46,306,3,Occasional / Developing
13068,10,2,344.0,320,3,Occasional / Developing
15520,2,1,343.5,2,3,Occasional / Developing
18081,36,3,343.45,134,3,Occasional / Developing
13519,78,2,343.21,443,3,Occasional / Developing
16851,4,3,342.45,52,3,Occasional / Developing
17835,3,3,342.24,23,3,Occasional / Developing
16826,51,1,341.7,51,3,Occasional / Developing
17928,45,3,341.24,571,3,Occasional / Developing
14799,51,2,338.15,738,3,Occasional / Developing
13930,58,2,337.34,137,3,Occasional / Developing
17973,52,1,337.04,52,3,Occasional / Developing
15619,11,1,336.40000000000003,11,3,Occasional / Developing
17917,45,3,335.03,363,3,Occasional / Developing
13904,37,2,332.64,295,3,Occasional / Developing
17647,65,3,331.65999999999997,669,3,Occasional / Developing
16478,25,3,331.0,66,3,Occasional / Developing
14517,33,2,330.45,142,3,Occasional / Developing
17914,4,1,329.36,4,3,Occasional / Developing
15153,31,1,329.25,31,3,Occasional / Developing
16855,24,2,328.4,43,3,Occasional / Developing
16318,35,1,328.15,35,3,Occasional / Developing
16322,1,2,326.75,36,3,Occasional / Developing
16685,61,2,324.24,61,3,Occasional / Developing
18261,43,2,324.24,96,3,Occasional / Developing
16342,75,4,322.41,180,3,Occasional / Developing
14424,18,1,322.08,18,3,Occasional / Developing
15432,23,2,320.76,541,3,Occasional / Developing
13986,17,1,320.46,17,3,Occasional / Developing
14703,15,1,318.17,15,3,Occasional / Developing
17839,42,1,318.15,42,3,Occasional / Developing
18117,26,1,315.65,26,3,Occasional / Developing
12650,3,1,314.44,3,3,Occasional / Developing
15318,4,1,312.62,4,3,Occasional / Developing
15699,18,1,309.65,18,3,Occasional / Developing
15010,36,1,308.94,36,3,Occasional / Developing
16956,18,1,308.74,18,3,Occasional / Developing
16123,52,1,307.78,52,3,Occasional / Developing
13142,19,1,307.09,19,3,Occasional / Developing
18059,23,3,306.46,68,3,Occasional / Developing
15163,18,2,304.47,192,3,Occasional / Developing
16674,55,2,304.24,98,3,Occasional / Developing
17383,4,2,304.09,453,3,Occasional / Developing
14806,75,2,303.43,439,3,Occasional / Developing
15054,12,2,302.1,40,3,Occasional / Developing
15667,40,1,301.32,40,3,Occasional / Developing
15148,11,1,301.29,11,3,Occasional / Developing
16479,10,2,300.83,10,3,Occasional / Developing
17793,25,1,300.34,25,3,Occasional / Developing
17898,85,4,299.18,567,3,Occasional / Developing
17824,51,1,298.4,51,3,Occasional / Developing
17301,21,2,294.39,624,3,Occasional / Developing
15060,8,4,294.25,9,3,Occasional / Developing
13739,18,2,292.2,528,3,Occasional / Developing
13449,24,1,291.88,24,3,Occasional / Developing
17636,19,1,285.56,19,3,Occasional / Developing
17359,11,2,284.46,648,3,Occasional / Developing
16557,24,2,281.85,137,3,Occasional / Developing
18042,54,2,281.15,542,3,Occasional / Developing
17247,15,1,280.09000000000003,15,3,Occasional / Developing
15556,24,1,279.77,24,3,Occasional / Developing
14764,47,1,278.3,47,3,Occasional / Developing
15355,29,2,277.05,53,3,Occasional / Developing
13606,29,3,276.75,312,3,Occasional / Developing
13272,31,2,276.56,90,3,Occasional / Developing
16313,3,2,274.15000000000003,50,3,Occasional / Developing
12789,65,3,273.35,694,3,Occasional / Developing
13917,50,2,272.04,192,3,Occasional / Developing
13058,25,3,271.40000000000003,152,3,Occasional / Developing
14520,2,2,270.6,291,3,Occasional / Developing
12558,8,1,269.96,8,3,Occasional / Developing
14039,33,2,267.28000000000003,576,3,Occasional / Developing
15320,44,1,267.13,44,3,Occasional / Developing
15423,38,3,266.89,621,3,Occasional / Developing
14863,29,1,266.76,29,3,Occasional / Developing
12962,7,2,266.39,113,3,Occasional / Developing
13189,19,2,260.68,115,3,Occasional / Developing
17901,29,3,260.08,522,3,Occasional / Developing
17022,31,2,260.0,433,3,Occasional / Developing
17219,32,2,259.13,417,3,Occasional / Developing
15014,43,2,257.67,176,3,Occasional / Developing
16542,54,2,257.32,401,3,Occasional / Developing
12430,43,1,256.4,43,3,Occasional / Developing
17896,23,1,256.32,23,3,Occasional / Developing
17385,15,1,256.11,15,3,Occasional / Developing
14881,20,1,255.4,20,3,Occasional / Developing
14765,29,3,254.11,176,3,Occasional / Developing
13404,1,2,252.49,213,3,Occasional / Developing
13592,36,4,247.95999999999998,264,3,Occasional / Developing
13349,11,1,247.32,11,3,Occasional / Developing
14658,5,2,247.15,117,3,Occasional / Developing
15783,11,1,246.3,11,3,Occasional / Developing
12660,11,1,245.1,11,3,Occasional / Developing
16528,4,1,244.41,4,3,Occasional / Developing
17892,56,3,244.1,155,3,Occasional / Developing
15286,50,1,240.55,50,3,Occasional / Developing
15690,4,2,239.76,101,3,Occasional / Developing
17684,44,1,239.41,44,3,Occasional / Developing
16026,43,1,236.09,43,3,Occasional / Developing
14995,39,2,231.98000000000002,280,3,Occasional / Developing
18030,4,2,230.64999999999998,42,3,Occasional / Developing
17125,50,1,230.5,50,3,Occasional / Developing
13960,21,2,230.22,72,3,Occasional / Developing
12812,45,1,229.64000000000001,45,3,Occasional / Developing
13403,18,3,229.5,723,3,Occasional / Developing
13146,26,1,228.91,26,3,Occasional / Developing
13651,35,3,226.85,382,3,Occasional / Developing
18005,4,2,226.47,47,3,Occasional / Developing
14357,43,1,225.12,43,3,Occasional / Developing
13926,23,1,223.85000000000002,23,3,Occasional / Developing
14960,8,2,221.27,171,3,Occasional / Developing
16482,16,1,220.62,16,3,Occasional / Developing
13992,30,3,219.5,463,3,Occasional / Developing
15096,43,1,219.39000000000001,43,3,Occasional / Developing
12702,20,1,219.0,20,3,Occasional / Developing
15790,10,1,218.75,10,3,Occasional / Developing
16666,19,2,217.71,621,3,Occasional / Developing
16189,16,2,215.48,85,3,Occasional / Developing
14601,11,1,213.96,11,3,Occasional / Developing
17153,24,1,213.78,24,3,Occasional / Developing
13271,37,1,211.49,37,3,Occasional / Developing
13532,34,1,210.31,34,3,Occasional / Developing
13828,22,1,209.49,22,3,Occasional / Developing
17166,39,2,206.34,204,3,Occasional / Developing
15758,25,1,205.25,25,3,Occasional / Developing
13017,7,1,204.0,7,3,Occasional / Developing
14385,9,3,202.11,24,3,Occasional / Developing
13322,17,1,199.48000000000002,17,3,Occasional / Developing
12581,40,1,197.71,40,3,Occasional / Developing
14789,29,1,197.64,29,3,Occasional / Developing
13436,2,1,196.89,2,3,Occasional / Developing
13978,15,2,196.79000000000002,45,3,Occasional / Developing
17010,18,1,195.36,18,3,Occasional / Developing
14666,24,1,195.25,24,3,Occasional / Developing
15612,36,2,195.15,62,3,Occasional / Developing
17468,10,3,194.8,375,3,Occasional / Developing
12522,39,2,192.72,51,3,Occasional / Developing
14768,17,2,192.60000000000002,127,3,Occasional / Developing
15692,28,1,191.04,28,3,Occasional / Developing
15567,19,1,186.01,19,3,Occasional / Developing
16914,36,1,183.76,36,3,Occasional / Developing
13460,29,2,183.44,50,3,Occasional / Developing
17904,21,1,181.07,21,3,Occasional / Developing
18147,46,2,179.33999999999997,109,3,Occasional / Developing
17253,18,1,178.26,18,3,Occasional / Developing
18282,8,2,178.05,126,3,Occasional / Developing
12618,22,1,177.31,22,3,Occasional / Developing
17947,37,1,176.68,37,3,Occasional / Developing
14287,8,3,176.63,199,3,Occasional / Developing
12893,31,1,176.55,31,3,Occasional / Developing
18274,30,1,175.92,30,3,Occasional / Developing
14495,51,3,174.8,660,3,Occasional / Developing
15565,50,2,173.16,71,3,Occasional / Developing
12442,3,1,172.06,3,3,Occasional / Developing
13560,7,1,171.42000000000002,7,3,Occasional / Developing
14860,19,1,170.32,19,3,Occasional / Developing
14218,43,1,169.48000000000002,43,3,Occasional / Developing
12367,4,1,168.9,4,3,Occasional / Developing
14578,3,1,168.63,3,3,Occasional / Developing
17737,9,2,168.24,58,3,Occasional / Developing
17650,21,1,166.08,21,3,Occasional / Developing
15904,8,1,164.68,8,3,Occasional / Developing
13603,26,1,164.34,26,3,Occasional / Developing
14354,6,2,163.62,30,3,Occasional / Developing
14485,39,1,162.8,39,3,Occasional / Developing
18174,7,2,162.5,604,3,Occasional / Developing
18014,28,1,162.22,28,3,Occasional / Developing
17600,18,1,161.67000000000002,18,3,Occasional / Developing
12966,10,1,160.18,10,3,Occasional / Developing
17885,12,1,156.34,12,3,Occasional / Developing
14362,22,1,151.5,22,3,Occasional / Developing
13697,39,1,151.29999999999998,39,3,Occasional / Developing
16337,37,1,151.05,37,3,Occasional / Developing
14073,32,1,151.04,32,3,Occasional / Developing
15435,22,1,149.29,22,3,Occasional / Developing
17549,24,2,148.86,52,3,Occasional / Developing
15526,33,2,148.44,33,3,Occasional / Developing
14098,37,1,147.35,37,3,Occasional / Developing
16852,10,2,144.91000000000003,176,3,Occasional / Developing
12587,8,1,144.0,8,3,Occasional / Developing
17186,47,2,144.0,60,3,Occasional / Developing
18209,29,1,139.10000000000002,29,3,Occasional / Developing
15419,25,1,135.86,25,3,Occasional / Developing
14174,33,1,134.46,33,3,Occasional / Developing
14349,10,1,133.5,10,3,Occasional / Developing
14865,7,4,129.72,738,3,Occasional / Developing
17297,17,1,128.18,17,3,Occasional / Developing
13666,60,5,127.89999999999999,736,3,Occasional / Developing
15463,29,1,126.14,29,3,Occasional / Developing
13522,30,1,125.80000000000001,30,3,Occasional / Developing
15017,34,1,125.58,34,3,Occasional / Developing
13638,16,1,122.64,16,3,Occasional / Developing
18015,4,1,120.03,4,3,Occasional / Developing
13188,11,1,114.60000000000001,11,3,Occasional / Developing
12938,26,1,114.14,26,3,Occasional / Developing
17816,37,6,112.32,724,3,Occasional / Developing
14641,22,1,110.46,22,3,Occasional / Developing
13170,27,1,108.81,27,3,Occasional / Developing
14661,27,1,107.95,27,3,Occasional / Developing
15168,26,1,106.56,26,3,Occasional / Developing
17791,30,1,106.1,30,3,Occasional / Developing
14836,10,3,102.44999999999999,30,3,Occasional / Developing
16516,30,1,101.69999999999999,30,3,Occasional / Developing
14946,14,1,100.9,14,3,Occasional / Developing
17538,26,1,98.42,26,3,Occasional / Developing
12984,19,1,97.5,19,3,Occasional / Developing
17024,45,3,95.85,158,3,Occasional / Developing
18249,17,1,95.34,17,3,Occasional / Developing
13160,22,1,91.8,22,3,Occasional / Developing
12659,30,1,91.68,30,3,Occasional / Developing
16506,20,2,90.30000000000001,40,3,Occasional / Developing
16597,4,1,90.04,4,3,Occasional / Developing
16789,8,1,80.8,8,3,Occasional / Developing
17942,8,1,77.50000000000001,8,3,Occasional / Developing
14785,10,2,77.4,15,3,Occasional / Developing
18184,15,1,49.8,15,3,Occasional / Developing
14300,19,1,43.2,19,3,Occasional / Developing
15657,23,1,30.0,23,3,Occasional / Developing
15749,235,3,44534.3,332,1,Regular Customers
15098,182,3,39916.5,182,1,Regular Customers
13902,632,5,34095.26,725,1,Regular Customers
14063,438,9,22710.2,731,1,Regular Customers
15760,631,2,13916.34,631,1,Regular Customers
15032,256,8,13780.65,729,1,Regular Customers
12536,43,3,12601.830000000002,59,1,Regular Customers
13687,438,1,11880.84,438,1,Regular Customers
14134,383,15,11123.35,730,1,Regular Customers
12918,626,1,10953.5,626,1,Regular Customers
18052,565,1,10877.18,565,1,Regular Customers
14028,550,3,10396.5,551,1,Regular Customers
12758,117,7,9903.24,738,1,Regular Customers
12590,211,2,9864.26,211,1,Regular Customers
14091,654,2,9530.08,698,1,Regular Customers
14439,320,5,9443.04,687,1,Regular Customers
12755,281,11,9030.66,694,1,Regular Customers
14160,610,7,8421.47,699,1,Regular Customers
13206,400,13,8308.19,732,1,Regular Customers
17409,185,10,7793.51,729,1,Regular Customers
15413,692,5,6798.72,739,1,Regular Customers
13734,509,4,6695.6900000000005,603,1,Regular Customers
15332,366,6,6553.74,513,1,Regular Customers
15980,89,7,6543.68,556,1,Regular Customers
14855,119,7,6520.3,611,1,Regular Customers
14154,239,8,6460.7,696,1,Regular Customers
15480,116,5,6279.0,676,1,Regular Customers
13615,319,8,6272.53,680,1,Regular Customers
15369,492,11,6251.26,732,1,Regular Customers
12497,82,3,6248.5,645,1,Regular Customers
13334,82,5,6201.8,653,1,Regular Customers
13935,597,3,6116.92,652,1,Regular Customers
15372,137,8,6017.06,664,1,Regular Customers
15202,420,3,6001.49,421,1,Regular Customers
14105,239,5,5988.83,721,1,Regular Customers
14918,116,9,5955.81,611,1,Regular Customers
13722,132,10,5635.41,646,1,Regular Customers
16320,172,6,5628.99,681,1,Regular Customers
16546,291,5,5606.47,442,1,Regular Customers
15228,66,6,5580.2699999999995,500,1,Regular Customers
17204,175,9,5504.6900000000005,548,1,Regular Customers
12378,130,2,5416.32,562,1,Regular Customers
14249,411,12,5400.461,679,1,Regular Customers
14459,155,2,5375.741,651,1,Regular Customers
14442,205,7,5367.0199999999995,690,1,Regular Customers
14081,302,10,5291.09,729,1,Regular Customers
14930,109,6,5236.7300000000005,607,1,Regular Customers
13763,63,3,5217.4400000000005,435,1,Regular Customers
12510,143,9,5178.02,735,1,Regular Customers
12625,212,4,5164.88,597,1,Regular Customers
12432,43,5,5059.32,172,1,Regular Customers
17084,35,3,5001.21,396,1,Regular Customers
17406,333,13,4889.05,733,1,Regular Customers
13659,206,12,4884.68,661,1,Regular Customers
15379,169,8,4877.84,401,1,Regular Customers
12688,114,1,4873.8099999999995,114,1,Regular Customers
13044,291,11,4848.05,700,1,Regular Customers
13562,82,8,4838.18,694,1,Regular Customers
15002,116,9,4769.7300000000005,697,1,Regular Customers
17829,299,5,4756.74,655,1,Regular Customers
13958,380,8,4709.2300000000005,734,1,Regular Customers
16858,369,10,4668.28,725,1,Regular Customers
13124,90,4,4641.66,385,1,Regular Customers
17400,126,8,4623.28,722,1,Regular Customers
15245,134,8,4610.84,595,1,Regular Customers
13851,96,8,4606.46,680,1,Regular Customers
16125,367,14,4581.7,725,1,Regular Customers
17508,281,8,4579.23,733,1,Regular Customers
15416,65,7,4572.82,677,1,Regular Customers
14685,576,8,4536.64,727,1,Regular Customers
17308,393,2,4511.76,453,1,Regular Customers
15764,88,8,4503.08,478,1,Regular Customers
14625,196,11,4497.88,723,1,Regular Customers
15122,114,11,4487.27,619,1,Regular Customers
18064,133,11,4481.83,676,1,Regular Customers
12916,139,7,4479.73,685,1,Regular Customers
14648,416,15,4466.65,729,1,Regular Customers
18093,93,8,4452.71,619,1,Regular Customers
17722,96,5,4430.36,376,1,Regular Customers
17138,276,7,4417.27,673,1,Regular Customers
16563,54,6,4412.56,738,1,Regular Customers
13505,73,4,4393.63,233,1,Regular Customers
16732,32,4,4387.64,731,1,Regular Customers
16118,653,1,4376.25,653,1,Regular Customers
12752,81,1,4366.78,81,1,Regular Customers
12917,128,6,4359.2,730,1,Regular Customers
15633,509,13,4335.96,731,1,Regular Customers
12967,358,3,4306.92,384,1,Regular Customers
18079,45,5,4203.93,492,1,Regular Customers
16072,288,4,4180.09,549,1,Regular Customers
18194,82,6,4162.04,680,1,Regular Customers
14740,197,11,4161.06,653,1,Regular Customers
12653,149,3,4160.83,527,1,Regular Customers
16749,591,2,4157.88,724,1,Regular Customers
17646,219,12,4149.79,724,1,Regular Customers
16209,89,9,4146.78,547,1,Regular Customers
14566,111,4,4092.0,534,1,Regular Customers
12876,58,4,4081.79,590,1,Regular Customers
12371,45,5,4067.38,645,1,Regular Customers
14025,465,8,4057.9,584,1,Regular Customers
17083,109,9,4049.79,669,1,Regular Customers
12840,144,7,4041.97,674,1,Regular Customers
17307,395,11,3999.8900000000003,689,1,Regular Customers
15665,168,5,3987.07,635,1,Regular Customers
14817,200,7,3959.86,628,1,Regular Customers
13542,377,17,3959.4900000000002,729,1,Regular Customers
14465,247,11,3925.85,701,1,Regular Customers
13037,138,12,3914.9500000000003,736,1,Regular Customers
12853,135,11,3907.5,673,1,Regular Customers
15823,372,3,3897.17,731,1,Regular Customers
13446,430,11,3881.89,664,1,Regular Customers
15067,78,5,3862.88,607,1,Regular Customers
18073,114,12,3859.82,197,1,Regular Customers
14565,96,5,3859.2200000000003,474,1,Regular Customers
14532,236,11,3845.78,699,1,Regular Customers
13357,257,5,3805.5099999999998,627,1,Regular Customers
16636,438,4,3802.04,646,1,Regular Customers
15079,213,11,3767.35,732,1,Regular Customers
15834,70,7,3764.39,424,1,Regular Customers
17553,130,4,3757.6,611,1,Regular Customers
12623,276,7,3747.84,697,1,Regular Customers
15704,140,6,3734.6600000000003,583,1,Regular Customers
12502,96,5,3723.87,310,1,Regular Customers
14364,109,8,3717.35,211,1,Regular Customers
12737,499,2,3710.5,499,1,Regular Customers
18168,176,16,3698.8,736,1,Regular Customers
16772,423,3,3698.0499999999997,722,1,Regular Customers
12857,211,6,3688.0,683,1,Regular Customers
12468,188,5,3670.74,683,1,Regular Customers
12872,327,12,3662.4900000000002,736,1,Regular Customers
14857,60,7,3651.851,635,1,Regular Customers
14770,232,8,3637.64,652,1,Regular Customers
16503,107,11,3614.34,536,1,Regular Customers
16718,369,5,3612.13,733,1,Regular Customers
15505,53,5,3610.96,155,1,Regular Customers
15791,44,5,3608.34,642,1,Regular Customers
18242,72,8,3605.21,698,1,Regular Customers
15569,104,10,3583.45,650,1,Regular Customers
17679,53,7,3577.61,736,1,Regular Customers
17311,78,6,3566.56,675,1,Regular Customers
15222,319,11,3550.91,723,1,Regular Customers
16336,421,4,3517.69,632,1,Regular Customers
14934,82,5,3503.5,442,1,Regular Customers
13929,169,11,3494.1,695,1,Regular Customers
17597,214,5,3484.09,583,1,Regular Customers
12631,57,6,3481.57,693,1,Regular Customers
13849,52,5,3469.3,625,1,Regular Customers
14837,90,9,3460.32,685,1,Regular Customers
12609,78,9,3435.86,719,1,Regular Customers
16045,120,8,3434.9300000000003,499,1,Regular Customers
12377,315,4,3426.32,589,1,Regular Customers
16281,72,3,3424.02,682,1,Regular Customers
17876,400,3,3424.02,675,1,Regular Customers
17931,134,14,3402.24,661,1,Regular Customers
13425,108,5,3390.4300000000003,579,1,Regular Customers
13979,73,7,3379.93,737,1,Regular Customers
17723,127,7,3378.4000000000005,376,1,Regular Customers
13135,197,2,3371.45,491,1,Regular Customers
13707,267,5,3365.86,537,1,Regular Customers
15538,538,6,3358.3999999999996,664,1,Regular Customers
13786,367,6,3358.39,736,1,Regular Customers
15265,151,4,3345.64,738,1,Regular Customers
12424,163,4,3340.03,548,1,Regular Customers
13848,92,8,3335.0,730,1,Regular Customers
16351,333,13,3330.0299999999997,735,1,Regular Customers
15065,38,5,3326.86,411,1,Regular Customers
13431,67,8,3316.24,660,1,Regular Customers
13611,89,10,3297.9300000000003,737,1,Regular Customers
13031,407,5,3292.84,554,1,Regular Customers
14161,216,7,3280.08,727,1,Regular Customers
15978,77,3,3279.42,644,1,Regular Customers
17774,97,9,3273.83,669,1,Regular Customers
13291,156,11,3270.79,666,1,Regular Customers
16067,563,3,3269.11,675,1,Regular Customers
13214,418,7,3264.23,646,1,Regular Customers
15057,275,5,3255.96,734,1,Regular Customers
12770,211,2,3246.45,457,1,Regular Customers
17353,129,4,3242.0,624,1,Regular Customers
15625,104,9,3236.4,542,1,Regular Customers
16101,71,4,3229.16,562,1,Regular Customers
14669,242,7,3216.78,737,1,Regular Customers
12456,44,3,3181.04,255,1,Regular Customers
17640,87,6,3168.94,627,1,Regular Customers
12976,212,8,3156.38,665,1,Regular Customers
16584,80,5,3156.17,662,1,Regular Customers
14306,51,6,3151.4,677,1,Regular Customers
15614,438,4,3147.36,627,1,Regular Customers
15095,104,10,3141.64,688,1,Regular Customers
17354,51,4,3133.96,428,1,Regular Customers
15596,101,9,3130.04,500,1,Regular Customers
17145,513,4,3120.91,659,1,Regular Customers
13052,212,7,3119.33,655,1,Regular Customers
15353,255,7,3106.12,738,1,Regular Customers
15491,95,6,3100.09,236,1,Regular Customers
13464,58,6,3097.64,618,1,Regular Customers
12511,429,1,3084.02,429,1,Regular Customers
14700,32,5,3076.06,486,1,Regular Customers
12469,523,2,3070.54,537,1,Regular Customers
13631,100,11,3070.42,267,1,Regular Customers
14038,78,5,3069.88,674,1,Regular Customers
16400,95,9,3059.85,732,1,Regular Customers
16007,48,7,3053.06,543,1,Regular Customers
14916,71,8,3042.95,618,1,Regular Customers
13485,233,11,3019.2200000000003,736,1,Regular Customers
15716,146,11,3014.66,733,1,Regular Customers
13963,308,17,3011.87,597,1,Regular Customers
12754,236,3,3010.74,309,1,Regular Customers
13635,68,4,2999.16,739,1,Regular Customers
15810,79,8,2999.04,673,1,Regular Customers
15182,154,11,2998.952,657,1,Regular Customers
12457,66,8,2995.91,435,1,Regular Customers
14590,425,20,2993.37,732,1,Regular Customers
17032,548,8,2984.32,729,1,Regular Customers
16012,35,5,2978.59,530,1,Regular Customers
17692,127,12,2975.8,541,1,Regular Customers
12854,79,7,2970.9700000000003,728,1,Regular Customers
16120,59,6,2967.51,422,1,Regular Customers
16736,506,5,2956.56,736,1,Regular Customers
14867,186,16,2952.06,734,1,Regular Customers
13253,157,4,2951.11,704,1,Regular Customers
15757,66,6,2940.36,547,1,Regular Customers
17444,148,3,2940.04,173,1,Regular Customers
17588,100,7,2939.55,638,1,Regular Customers
15235,218,16,2937.81,389,1,Regular Customers
12635,90,4,2930.41,457,1,Regular Customers
13764,71,6,2919.62,642,1,Regular Customers
14233,49,7,2904.27,644,1,Regular Customers
16383,75,7,2896.69,673,1,Regular Customers
17320,100,6,2895.77,687,1,Regular Customers
15100,334,7,2894.7,701,1,Regular Customers
17242,108,5,2889.28,685,1,Regular Customers
13501,288,3,2885.11,570,1,Regular Customers
12806,435,4,2878.96,589,1,Regular Customers
16467,509,7,2869.16,738,1,Regular Customers
16229,87,6,2867.86,564,1,Regular Customers
14758,145,7,2864.97,611,1,Regular Customers
16755,114,7,2864.68,730,1,Regular Customers
14875,108,3,2862.4,442,1,Regular Customers
14935,297,2,2849.83,620,1,Regular Customers
16163,232,6,2849.58,738,1,Regular Customers
14842,44,4,2824.69,308,1,Regular Customers
15797,113,6,2821.08,681,1,Regular Customers
13799,117,9,2803.57,644,1,Regular Customers
13205,443,1,2803.2,443,1,Regular Customers
13330,93,6,2796.1,655,1,Regular Customers
12863,52,6,2792.5499999999997,589,1,Regular Customers
17284,60,8,2788.06,445,1,Regular Customers
16104,62,9,2774.46,734,1,Regular Customers
15817,421,3,2766.4,543,1,Regular Customers
16335,552,7,2753.52,736,1,Regular Customers
14665,61,7,2749.65,593,1,Regular Customers
12982,243,8,2744.81,606,1,Regular Customers
12669,151,3,2744.0299999999997,257,1,Regular Customers
15841,73,9,2742.41,730,1,Regular Customers
17241,385,12,2736.64,662,1,Regular Customers
15389,172,5,2733.8,682,1,Regular Customers
15111,29,5,2730.87,592,1,Regular Customers
12986,429,10,2729.84,688,1,Regular Customers
12739,78,4,2726.73,394,1,Regular Customers
17591,73,8,2723.62,691,1,Regular Customers
15985,123,7,2715.28,561,1,Regular Customers
16232,44,7,2712.97,550,1,Regular Customers
18173,87,5,2696.36,613,1,Regular Customers
12725,371,4,2694.56,584,1,Regular Customers
17388,78,11,2675.37,730,1,Regular Customers
14496,312,7,2668.23,633,1,Regular Customers
13473,61,8,2657.7599999999998,724,1,Regular Customers
12516,78,4,2648.62,599,1,Regular Customers
16618,31,5,2647.59,323,1,Regular Customers
13819,302,6,2642.35,738,1,Regular Customers
12520,79,5,2634.26,274,1,Regular Customers
14410,92,11,2631.9,437,1,Regular Customers
16276,177,3,2629.3900000000003,608,1,Regular Customers
12671,606,1,2622.481,606,1,Regular Customers
15142,46,6,2619.92,501,1,Regular Customers
14195,202,6,2615.6,634,1,Regular Customers
14431,303,4,2614.2,688,1,Regular Customers
14564,435,2,2605.62,736,1,Regular Customers
17317,46,3,2600.34,90,1,Regular Customers
15826,56,4,2598.28,568,1,Regular Customers
12412,75,6,2596.93,539,1,Regular Customers
14163,87,5,2594.62,462,1,Regular Customers
14229,52,7,2594.04,472,1,Regular Customers
14147,78,9,2590.2,640,1,Regular Customers
15062,71,8,2585.62,610,1,Regular Customers
12592,92,5,2582.66,519,1,Regular Customers
16244,212,2,2579.38,373,1,Regular Customers
16499,360,8,2578.34,547,1,Regular Customers
17002,86,7,2571.55,641,1,Regular Customers
13652,46,5,2570.85,652,1,Regular Customers
14573,180,13,2565.12,700,1,Regular Customers
13192,95,6,2558.58,687,1,Regular Customers
16036,87,4,2556.84,620,1,Regular Customers
17787,153,4,2553.82,371,1,Regular Customers
14745,113,12,2551.41,638,1,Regular Customers
17465,426,7,2542.79,736,1,Regular Customers
14548,151,9,2541.29,733,1,Regular Customers
16889,195,6,2526.65,566,1,Regular Customers
13344,68,3,2511.69,278,1,Regular Customers
17897,173,9,2510.56,576,1,Regular Customers
17550,197,9,2506.64,670,1,Regular Customers
12978,385,5,2502.82,730,1,Regular Customers
16202,361,9,2501.9900000000002,738,1,Regular Customers
17594,85,4,2497.88,605,1,Regular Customers
13414,134,6,2494.14,603,1,Regular Customers
16795,365,3,2477.29,683,1,Regular Customers
13134,86,6,2475.23,416,1,Regular Customers
16520,186,6,2474.14,647,1,Regular Customers
13762,219,5,2472.48,699,1,Regular Customers
17732,373,8,2470.39,488,1,Regular Customers
12924,88,12,2469.4,731,1,Regular Customers
14421,57,6,2469.37,692,1,Regular Customers
15221,366,4,2465.4500000000003,638,1,Regular Customers
13151,296,3,2465.21,628,1,Regular Customers
14256,260,5,2460.79,695,1,Regular Customers
12701,80,6,2446.41,633,1,Regular Customers
13338,158,4,2445.62,704,1,Regular Customers
18171,59,9,2437.31,704,1,Regular Customers
15623,141,8,2437.05,729,1,Regular Customers
17505,162,5,2435.48,605,1,Regular Customers
13085,158,8,2433.28,739,1,Regular Customers
15077,495,2,2428.08,730,1,Regular Customers
12733,234,4,2424.87,689,1,Regular Customers
15658,190,8,2423.4700000000003,737,1,Regular Customers
15215,47,7,2422.43,613,1,Regular Customers
13878,55,4,2416.9,604,1,Regular Customers
16040,65,7,2416.9,610,1,Regular Customers
12802,187,7,2416.42,564,1,Regular Customers
15341,81,2,2402.7200000000003,449,1,Regular Customers
12393,72,6,2399.4500000000003,428,1,Regular Customers
14414,92,8,2399.33,375,1,Regular Customers
16147,134,5,2398.91,673,1,Regular Customers
17921,64,10,2394.36,512,1,Regular Customers
16812,361,4,2392.0,382,1,Regular Customers
15366,75,7,2389.08,652,1,Regular Customers
14443,54,5,2386.47,379,1,Regular Customers
16105,249,5,2386.19,604,1,Regular Customers
16883,187,19,2374.09,736,1,Regular Customers
13908,80,4,2369.55,277,1,Regular Customers
14295,40,5,2362.91,732,1,Regular Customers
16676,34,6,2361.9,418,1,Regular Customers
16065,365,8,2359.27,463,1,Regular Customers
15015,501,13,2354.97,725,1,Regular Customers
16083,101,4,2351.42,389,1,Regular Customers
15549,77,8,2334.16,697,1,Regular Customers
17004,46,4,2324.36,424,1,Regular Customers
14938,562,2,2322.43,562,1,Regular Customers
13055,78,4,2321.11,430,1,Regular Customers
14346,121,5,2315.75,498,1,Regular Customers
17282,130,5,2308.54,549,1,Regular Customers
17113,574,6,2305.59,698,1,Regular Customers
15946,503,3,2304.18,634,1,Regular Customers
14555,57,6,2304.03,722,1,Regular Customers
18095,313,5,2303.09,599,1,Regular Customers
16077,626,1,2300.4,626,1,Regular Customers
13371,505,2,2297.66,632,1,Regular Customers
12649,107,8,2294.65,696,1,Regular Customers
13280,122,7,2293.33,645,1,Regular Customers
13059,250,10,2291.77,619,1,Regular Customers
17047,85,6,2289.23,732,1,Regular Customers
17018,41,6,2287.7,735,1,Regular Customers
16485,77,5,2287.19,734,1,Regular Customers
14481,165,5,2284.69,678,1,Regular Customers
18051,634,7,2282.28,731,1,Regular Customers
13655,114,6,2280.51,592,1,Regular Customers
17994,122,11,2270.0299999999997,621,1,Regular Customers
13748,96,9,2268.35,738,1,Regular Customers
15638,379,6,2265.2,610,1,Regular Customers
15734,115,4,2263.3,547,1,Regular Customers
13814,92,3,2257.32,527,1,Regular Customers
17414,44,6,2249.52,736,1,Regular Customers
14644,68,7,2247.72,736,1,Regular Customers
16177,50,8,2247.31,647,1,Regular Customers
12868,186,8,2247.06,393,1,Regular Customers
16174,126,7,2246.75,603,1,Regular Customers
13627,59,7,2245.9,640,1,Regular Customers
13407,579,3,2244.7,662,1,Regular Customers
16823,227,7,2243.09,738,1,Regular Customers
15865,41,5,2241.42,703,1,Regular Customers
15629,450,4,2240.9,533,1,Regular Customers
16551,96,7,2237.12,726,1,Regular Customers
16108,85,4,2235.92,631,1,Regular Customers
13662,86,11,2233.61,658,1,Regular Customers
18215,89,5,2232.4900000000002,623,1,Regular Customers
17648,61,5,2216.37,385,1,Regular Customers
13478,469,5,2215.78,677,1,Regular Customers
13320,78,6,2211.6,479,1,Regular Customers
15476,380,4,2209.98,442,1,Regular Customers
14006,116,7,2196.67,653,1,Regular Customers
16317,120,5,2192.51,585,1,Regular Customers
15934,418,2,2190.66,430,1,Regular Customers
14212,90,2,2190.14,446,1,Regular Customers
15649,336,4,2170.35,387,1,Regular Customers
12501,337,1,2169.39,337,1,Regular Customers
15944,277,4,2164.24,726,1,Regular Customers
17822,420,5,2162.93,561,1,Regular Customers
14407,107,6,2157.73,277,1,Regular Customers
13224,60,2,2155.95,151,1,Regular Customers
16275,197,3,2151.11,641,1,Regular Customers
18239,219,6,2150.36,423,1,Regular Customers
16716,267,3,2149.6800000000003,631,1,Regular Customers
17272,42,4,2148.63,263,1,Regular Customers
16004,475,5,2146.39,683,1,Regular Customers
13152,417,7,2146.38,695,1,Regular Customers
18009,235,8,2144.23,653,1,Regular Customers
12687,481,2,2138.91,481,1,Regular Customers
17029,111,7,2137.3,664,1,Regular Customers
17305,649,1,2135.46,649,1,Regular Customers
16493,80,7,2132.09,623,1,Regular Customers
13517,60,3,2128.42,180,1,Regular Customers
14634,438,4,2124.46,542,1,Regular Customers
16807,143,6,2123.88,623,1,Regular Customers
14472,104,9,2118.72,689,1,Regular Customers
16054,145,4,2111.88,617,1,Regular Customers
14399,394,8,2108.21,674,1,Regular Customers
15252,36,5,2103.41,612,1,Regular Customers
14276,99,7,2102.68,660,1,Regular Customers
15815,64,5,2100.6,260,1,Regular Customers
12975,437,6,2100.09,734,1,Regular Customers
17742,113,11,2098.48,738,1,Regular Customers
13753,288,4,2094.57,737,1,Regular Customers
13591,65,7,2093.94,725,1,Regular Customers
14469,416,4,2093.46,680,1,Regular Customers
13265,53,5,2092.66,274,1,Regular Customers
15456,283,10,2091.52,731,1,Regular Customers
15151,423,2,2085.61,510,1,Regular Customers
14896,205,8,2083.2200000000003,734,1,Regular Customers
16934,55,6,2083.14,622,1,Regular Customers
14396,65,7,2079.73,737,1,Regular Customers
18026,501,2,2074.07,505,1,Regular Customers
17048,118,7,2071.68,690,1,Regular Customers
17585,109,7,2064.71,478,1,Regular Customers
13476,179,5,2061.4700000000003,645,1,Regular Customers
18258,464,6,2059.67,573,1,Regular Customers
14188,31,6,2054.36,310,1,Regular Customers
16176,421,4,2052.69,620,1,Regular Customers
13874,358,7,2049.15,673,1,Regular Customers
14232,43,5,2048.07,265,1,Regular Customers
13663,179,5,2047.51,647,1,Regular Customers
14000,211,5,2046.3400000000001,738,1,Regular Customers
12585,234,2,2040.1,351,1,Regular Customers
14988,212,7,2038.65,602,1,Regular Customers
16214,171,4,2038.25,435,1,Regular Customers
16331,432,6,2037.7,643,1,Regular Customers
17846,85,1,2033.1,85,1,Regular Customers
14225,435,4,2031.07,696,1,Regular Customers
15272,57,6,2030.95,663,1,Regular Customers
15164,69,9,2028.1100000000001,690,1,Regular Customers
15384,170,4,2027.79,593,1,Regular Customers
12873,282,3,2027.3,682,1,Regular Customers
13989,66,5,2026.06,564,1,Regular Customers
14631,51,6,2025.69,487,1,Regular Customers
16510,372,6,2025.6,692,1,Regular Customers
14651,67,9,2025.52,632,1,Regular Customers
12418,113,4,2021.2,630,1,Regular Customers
13696,422,3,2020.4,666,1,Regular Customers
12348,75,5,2019.4,438,1,Regular Customers
16197,469,9,2016.71,724,1,Regular Customers
17152,195,4,2016.5,426,1,Regular Customers
17126,152,9,2016.43,465,1,Regular Customers
13693,374,9,2011.82,733,1,Regular Customers
13888,120,7,2001.59,576,1,Regular Customers
14628,91,5,1998.0,683,1,Regular Customers
16698,227,2,1998.0,253,1,Regular Customers
15990,44,7,1997.75,650,1,Regular Customers
14152,75,7,1997.3400000000001,659,1,Regular Customers
15481,401,1,1993.34,401,1,Regular Customers
14301,117,4,1992.18,666,1,Regular Customers
13889,93,6,1991.23,686,1,Regular Customers
16960,39,8,1990.88,647,1,Regular Customers
16529,190,4,1986.8,530,1,Regular Customers
14967,50,6,1982.6100000000001,736,1,Regular Customers
15192,120,5,1981.39,680,1,Regular Customers
17337,151,4,1981.06,310,1,Regular Customers
13725,50,8,1980.56,309,1,Regular Customers
12582,239,4,1980.4,578,1,Regular Customers
15030,72,8,1979.91,645,1,Regular Customers
15795,150,8,1979.8700000000001,691,1,Regular Customers
13208,59,9,1976.3,736,1,Regular Customers
18204,71,3,1975.35,192,1,Regular Customers
14905,158,8,1971.39,736,1,Regular Customers
16032,456,6,1965.72,523,1,Regular Customers
16233,71,9,1965.71,737,1,Regular Customers
17997,74,8,1962.46,164,1,Regular Customers
12399,119,7,1962.3,645,1,Regular Customers
15789,358,6,1962.01,624,1,Regular Customers
16290,465,4,1957.7,566,1,Regular Customers
17039,604,1,1954.99,604,1,Regular Customers
18016,32,7,1954.56,681,1,Regular Customers
13761,50,6,1952.17,657,1,Regular Customers
16993,464,2,1950.9499999999998,576,1,Regular Customers
14014,77,3,1948.21,577,1,Regular Customers
15620,57,4,1942.36,410,1,Regular Customers
15425,400,4,1941.1200000000001,664,1,Regular Customers
12385,379,1,1938.4,379,1,Regular Customers
16619,264,4,1938.33,656,1,Regular Customers
16859,145,7,1932.41,646,1,Regular Customers
15803,51,4,1929.66,676,1,Regular Customers
16788,123,5,1928.93,671,1,Regular Customers
14492,430,7,1921.91,619,1,Regular Customers
16681,73,7,1921.84,641,1,Regular Customers
18220,227,6,1921.76,725,1,Regular Customers
12644,130,4,1918.49,694,1,Regular Customers
12842,70,4,1917.99,738,1,Regular Customers
16650,72,7,1916.11,519,1,Regular Customers
16555,35,6,1915.68,505,1,Regular Customers
16692,256,4,1914.6999999999998,442,1,Regular Customers
16770,58,9,1909.73,474,1,Regular Customers
12947,144,6,1908.03,373,1,Regular Customers
17046,157,5,1906.07,620,1,Regular Customers
14127,123,6,1900.0800000000002,426,1,Regular Customers
14389,65,5,1898.01,590,1,Regular Customers
17560,95,8,1895.8,661,1,Regular Customers
14327,163,6,1894.93,700,1,Regular Customers
15248,411,3,1893.93,534,1,Regular Customers
16631,482,7,1892.52,652,1,Regular Customers
13276,64,5,1891.91,642,1,Regular Customers
15381,214,5,1890.5700000000002,583,1,Regular Customers
16172,95,8,1884.55,513,1,Regular Customers
14403,130,6,1880.51,639,1,Regular Customers
18151,135,6,1879.44,646,1,Regular Customers
13946,79,6,1876.23,736,1,Regular Customers
13503,71,6,1859.24,661,1,Regular Customers
14305,71,3,1858.96,135,1,Regular Customers
14130,319,4,1858.77,728,1,Regular Customers
16043,38,8,1856.5900000000001,482,1,Regular Customers
16049,40,6,1852.15,516,1,Regular Customers
16917,277,2,1851.88,632,1,Regular Customers
12383,185,5,1850.56,352,1,Regular Customers
12507,134,4,1844.06,585,1,Regular Customers
12694,70,3,1843.35,421,1,Regular Customers
15201,87,7,1842.95,611,1,Regular Customers
14224,110,9,1841.71,544,1,Regular Customers
13168,36,5,1840.73,542,1,Regular Customers
17919,88,2,1840.32,439,1,Regular Customers
14870,262,6,1838.95,684,1,Regular Customers
16175,94,7,1836.44,564,1,Regular Customers
15402,149,6,1830.54,592,1,Regular Customers
16152,269,1,1829.04,269,1,Regular Customers
16825,39,5,1826.89,534,1,Regular Customers
17244,53,5,1826.04,734,1,Regular Customers
15678,53,3,1825.94,523,1,Regular Customers
17642,120,5,1824.49,734,1,Regular Customers
14738,43,9,1821.9,733,1,Regular Customers
15339,66,7,1821.02,669,1,Regular Customers
17259,148,6,1820.34,655,1,Regular Customers
16205,31,7,1820.1100000000001,543,1,Regular Customers
15807,50,5,1817.52,666,1,Regular Customers
16634,223,6,1814.61,688,1,Regular Customers
14915,91,11,1811.25,737,1,Regular Customers
16725,302,14,1810.41,726,1,Regular Customers
15133,128,5,1806.9,521,1,Regular Customers
13561,216,11,1803.4,649,1,Regular Customers
16797,393,5,1802.02,737,1,Regular Customers
16249,53,5,1800.07,239,1,Regular Customers
18235,72,3,1796.48,217,1,Regular Customers
17165,284,6,1794.32,729,1,Regular Customers
13711,219,9,1792.26,724,1,Regular Customers
13375,89,2,1792.23,445,1,Regular Customers
12369,413,3,1791.15,642,1,Regular Customers
17603,78,4,1788.38,730,1,Regular Customers
16611,186,6,1785.13,639,1,Regular Customers
15128,60,5,1783.68,430,1,Regular Customers
16110,45,4,1781.59,522,1,Regular Customers
18214,531,4,1780.34,554,1,Regular Customers
15220,52,6,1778.96,281,1,Regular Customers
12458,71,4,1777.49,488,1,Regular Customers
12908,176,5,1776.0,630,1,Regular Customers
13920,432,4,1774.68,562,1,Regular Customers
16124,317,4,1772.49,733,1,Regular Customers
14850,312,7,1770.96,568,1,Regular Customers
14933,444,4,1770.0,444,1,Regular Customers
15972,456,5,1769.33,600,1,Regular Customers
15736,435,2,1767.12,435,1,Regular Customers
13648,400,8,1764.02,738,1,Regular Customers
15777,241,7,1762.61,569,1,Regular Customers
16595,61,5,1757.75,692,1,Regular Customers
12809,178,3,1755.94,647,1,Regular Customers
13155,33,6,1750.18,492,1,Regular Customers
17695,132,5,1746.04,681,1,Regular Customers
14236,81,5,1744.64,505,1,Regular Customers
12425,78,2,1741.41,448,1,Regular Customers
16087,389,5,1739.92,690,1,Regular Customers
13531,205,6,1738.52,736,1,Regular Customers
14584,169,8,1738.16,660,1,Regular Customers
17268,108,11,1733.8899999999999,732,1,Regular Customers
14400,149,3,1732.47,632,1,Regular Customers
15730,66,5,1726.58,431,1,Regular Customers
17190,59,7,1726.57,644,1,Regular Customers
14304,223,3,1725.01,571,1,Regular Customers
16374,66,5,1723.4,588,1,Regular Customers
14021,155,7,1716.58,593,1,Regular Customers
14692,137,12,1715.1399999999999,617,1,Regular Customers
13665,386,3,1711.6599999999999,504,1,Regular Customers
16654,141,8,1711.47,612,1,Regular Customers
12405,149,1,1710.39,149,1,Regular Customers
17731,79,6,1708.99,669,1,Regular Customers
15607,337,9,1708.97,701,1,Regular Customers
12407,50,5,1708.1200000000001,264,1,Regular Customers
16902,116,1,1706.88,116,1,Regular Customers
16398,154,2,1705.8,254,1,Regular Customers
12693,127,7,1703.02,522,1,Regular Customers
15326,334,5,1700.52,738,1,Regular Customers
15911,624,8,1700.24,730,1,Regular Customers
13240,96,8,1699.8600000000001,652,1,Regular Customers
15889,157,8,1699.67,730,1,Regular Customers
16768,48,9,1698.57,733,1,Regular Customers
12932,539,8,1698.56,668,1,Regular Customers
17694,142,3,1695.97,563,1,Regular Customers
16010,246,11,1694.86,412,1,Regular Customers
15976,165,6,1694.41,551,1,Regular Customers
12764,317,1,1693.88,317,1,Regular Customers
14245,220,2,1693.45,264,1,Regular Customers
14078,102,9,1689.71,621,1,Regular Customers
13294,190,3,1689.53,646,1,Regular Customers
17341,157,5,1688.82,540,1,Regular Customers
13566,41,5,1688.6,640,1,Regular Customers
12813,502,3,1687.8,693,1,Regular Customers
15732,212,10,1682.07,674,1,Regular Customers
14643,170,5,1679.89,729,1,Regular Customers
15551,37,7,1679.81,550,1,Regular Customers
13800,310,3,1679.56,737,1,Regular Customers
12870,375,3,1676.95,624,1,Regular Customers
14831,680,3,1676.57,738,1,Regular Customers
17656,73,5,1674.69,129,1,Regular Customers
13587,64,4,1673.5,663,1,Regular Customers
17534,54,5,1668.83,652,1,Regular Customers
13434,74,5,1666.8600000000001,656,1,Regular Customers
16329,428,4,1664.92,739,1,Regular Customers
18276,44,6,1656.52,729,1,Regular Customers
16625,275,5,1654.03,544,1,Regular Customers
13649,257,6,1651.48,527,1,Regular Customers
15996,88,7,1649.65,397,1,Regular Customers
18085,330,4,1645.75,629,1,Regular Customers
13506,316,5,1639.2,461,1,Regular Customers
14420,99,4,1639.17,692,1,Regular Customers
18062,173,6,1632.67,598,1,Regular Customers
14164,71,2,1631.77,81,1,Regular Customers
18136,63,5,1631.3600000000001,451,1,Regular Customers
17571,50,5,1630.91,543,1,Regular Customers
16256,267,3,1629.37,598,1,Regular Customers
13554,380,7,1629.35,447,1,Regular Customers
15167,321,5,1627.62,673,1,Regular Customers
13154,399,3,1624.84,736,1,Regular Customers
14937,57,3,1621.88,130,1,Regular Customers
12379,82,4,1620.22,535,1,Regular Customers
15422,323,7,1619.97,671,1,Regular Customers
12577,35,8,1617.1,736,1,Regular Customers
16224,57,5,1616.54,387,1,Regular Customers
15013,488,10,1610.82,678,1,Regular Customers
16860,453,3,1610.62,662,1,Regular Customers
13900,183,6,1610.59,624,1,Regular Customers
17814,375,2,1609.37,422,1,Regular Customers
13249,92,9,1608.93,685,1,Regular Customers
14920,213,3,1607.17,565,1,Regular Customers
15325,104,8,1601.46,661,1,Regular Customers
14885,132,3,1598.12,466,1,Regular Customers
12514,267,2,1597.76,642,1,Regular Customers
17853,407,3,1596.29,736,1,Regular Customers
13850,129,1,1595.48,129,1,Regular Customers
13239,262,5,1594.69,502,1,Regular Customers
16801,163,4,1594.23,273,1,Regular Customers
17028,581,3,1593.83,721,1,Regular Customers
16092,115,6,1587.94,579,1,Regular Customers
13156,385,3,1586.54,676,1,Regular Customers
16096,264,4,1584.97,645,1,Regular Customers
13740,241,5,1582.77,738,1,Regular Customers
15279,355,5,1580.54,676,1,Regular Customers
13202,394,7,1580.3,731,1,Regular Customers
13752,124,7,1579.8300000000002,528,1,Regular Customers
17222,65,6,1579.51,698,1,Regular Customers
17649,138,3,1578.89,472,1,Regular Customers
12549,576,6,1575.68,698,1,Regular Customers
14489,207,4,1574.93,613,1,Regular Customers
16099,50,7,1573.2,647,1,Regular Customers
14136,401,5,1570.81,732,1,Regular Customers
13539,86,7,1569.3600000000001,591,1,Regular Customers
16774,68,8,1567.48,661,1,Regular Customers
15466,85,4,1560.46,737,1,Regular Customers
12629,386,2,1558.22,423,1,Regular Customers
16140,66,3,1557.6000000000001,442,1,Regular Customers
16394,57,5,1555.34,290,1,Regular Customers
15149,134,5,1554.6100000000001,650,1,Regular Customers
18149,51,7,1553.96,636,1,Regular Customers
13360,432,4,1553.65,701,1,Regular Customers
15074,105,3,1553.1299999999999,468,1,Regular Customers
13377,397,2,1552.88,646,1,Regular Customers
17851,422,6,1552.35,736,1,Regular Customers
14186,427,5,1550.63,645,1,Regular Customers
17454,192,10,1547.94,693,1,Regular Customers
14754,45,6,1547.93,691,1,Regular Customers
16461,178,3,1545.83,646,1,Regular Customers
16017,47,5,1545.58,704,1,Regular Customers
13783,488,4,1542.09,673,1,Regular Customers
12818,262,1,1542.08,262,1,Regular Customers
17837,42,8,1541.23,163,1,Regular Customers
16835,128,6,1538.41,570,1,Regular Customers
15798,493,3,1535.37,682,1,Regular Customers
13402,127,4,1535.13,565,1,Regular Customers
14695,519,3,1534.22,733,1,Regular Customers
18252,51,7,1533.69,721,1,Regular Customers
17990,237,6,1527.6100000000001,732,1,Regular Customers
12926,411,4,1523.97,725,1,Regular Customers
15587,50,7,1522.0800000000002,492,1,Regular Customers
14055,106,3,1520.96,723,1,Regular Customers
14264,155,6,1517.3600000000001,611,1,Regular Customers
14068,320,4,1516.72,678,1,Regular Customers
14267,163,3,1516.24,261,1,Regular Customers
13791,128,2,1516.0,168,1,Regular Customers
14220,247,4,1515.0,569,1,Regular Customers
14682,188,6,1514.81,672,1,Regular Customers
17764,51,5,1513.57,736,1,Regular Customers
17610,540,5,1511.94,733,1,Regular Customers
17025,61,5,1510.6399999999999,641,1,Regular Customers
16037,270,5,1509.34,649,1,Regular Customers
18074,374,2,1509.04,506,1,Regular Customers
13158,95,5,1508.18,388,1,Regular Customers
15261,135,4,1508.0,435,1,Regular Customers
17179,178,6,1507.26,563,1,Regular Customers
16450,150,3,1505.73,656,1,Regular Customers
14802,438,2,1502.98,438,1,Regular Customers
16714,219,4,1497.33,671,1,Regular Customers
15590,382,5,1496.6,607,1,Regular Customers
16340,107,3,1496.24,551,1,Regular Customers
15882,199,8,1495.98,729,1,Regular Customers
15173,381,7,1494.6,618,1,Regular Customers
14894,85,3,1492.81,738,1,Regular Customers
16239,57,6,1492.2,463,1,Regular Customers
16314,390,3,1491.4,473,1,Regular Customers
18268,134,6,1490.23,729,1,Regular Customers
13042,598,3,1488.59,732,1,Regular Customers
14609,72,10,1486.2,669,1,Regular Customers
14246,111,3,1474.06,246,1,Regular Customers
16419,113,8,1463.7,668,1,Regular Customers
16586,249,3,1462.78,636,1,Regular Customers
17978,365,4,1460.9099999999999,731,1,Regular Customers
18196,95,4,1457.19,632,1,Regular Customers
15071,94,4,1455.56,571,1,Regular Customers
13361,472,2,1450.5,618,1,Regular Customers
15574,178,6,1450.48,464,1,Regular Customers
16121,57,5,1450.04,566,1,Regular Customers
15876,409,2,1449.1399999999999,448,1,Regular Customers
13023,64,3,1449.03,529,1,Regular Customers
15076,173,3,1447.74,522,1,Regular Customers
17582,236,5,1446.95,624,1,Regular Customers
13583,156,2,1445.031,679,1,Regular Customers
15636,90,4,1444.58,570,1,Regular Customers
17734,54,6,1442.32,642,1,Regular Customers
18106,330,6,1441.06,694,1,Regular Customers
18066,75,3,1440.4,416,1,Regular Customers
13543,634,2,1439.6100000000001,687,1,Regular Customers
16088,576,2,1437.43,592,1,Regular Customers
12805,382,4,1434.95,675,1,Regular Customers
12389,403,3,1433.33,656,1,Regular Customers
17941,131,4,1433.28,702,1,Regular Customers
13475,191,4,1431.78,299,1,Regular Customers
17950,72,7,1429.46,704,1,Regular Customers
18071,258,6,1428.63,735,1,Regular Customers
13145,40,7,1423.52,600,1,Regular Customers
16980,255,3,1422.8300000000002,428,1,Regular Customers
17438,254,5,1422.77,641,1,Regular Customers
15799,76,4,1421.34,418,1,Regular Customers
14775,58,3,1418.46,372,1,Regular Customers
15223,226,5,1417.95,735,1,Regular Customers
17496,359,4,1412.89,694,1,Regular Customers
16848,53,4,1411.62,433,1,Regular Customers
16906,82,7,1410.92,575,1,Regular Customers
17714,321,5,1410.18,514,1,Regular Customers
17545,43,6,1409.8600000000001,578,1,Regular Customers
16854,417,2,1408.96,640,1,Regular Customers
13049,64,4,1408.24,401,1,Regular Customers
15652,91,5,1405.94,485,1,Regular Customers
14909,437,3,1404.68,663,1,Regular Customers
12765,472,6,1404.58,642,1,Regular Customers
18189,78,3,1403.73,626,1,Regular Customers
13259,62,9,1402.54,699,1,Regular Customers
14687,107,3,1402.06,552,1,Regular Customers
16926,371,5,1399.8600000000001,526,1,Regular Customers
18202,200,3,1396.99,311,1,Regular Customers
16129,407,3,1396.05,508,1,Regular Customers
15322,86,2,1390.86,476,1,Regular Customers
15141,458,7,1388.47,621,1,Regular Customers
13382,281,5,1387.58,732,1,Regular Customers
16167,414,5,1386.1200000000001,739,1,Regular Customers
13572,206,1,1384.25,206,1,Regular Customers
16389,53,4,1382.07,283,1,Regular Customers
14861,52,10,1380.73,732,1,Regular Customers
15751,461,11,1380.44,733,1,Regular Customers
13821,145,6,1379.08,704,1,Regular Customers
13074,511,4,1378.74,724,1,Regular Customers
16727,364,4,1377.77,689,1,Regular Customers
15580,377,8,1375.39,671,1,Regular Customers
17908,374,5,1374.5,726,1,Regular Customers
14265,109,4,1373.35,612,1,Regular Customers
14538,65,5,1370.8400000000001,683,1,Regular Customers
14316,422,5,1370.34,630,1,Regular Customers
12533,628,2,1367.89,739,1,Regular Customers
16300,430,3,1367.32,676,1,Regular Customers
13035,74,3,1364.2,431,1,Regular Customers
14114,274,7,1364.09,607,1,Regular Customers
13760,54,5,1363.6399999999999,593,1,Regular Customers
15347,366,4,1363.6,438,1,Regular Customers
16588,386,4,1361.28,574,1,Regular Customers
13919,59,4,1360.68,541,1,Regular Customers
16384,90,4,1358.95,590,1,Regular Customers
17150,377,6,1357.95,734,1,Regular Customers
17429,128,5,1357.46,430,1,Regular Customers
12875,143,5,1356.99,698,1,Regular Customers
17796,40,7,1351.04,421,1,Regular Customers
14847,149,3,1348.95,565,1,Regular Customers
14320,207,5,1346.75,688,1,Regular Customers
13639,74,2,1346.27,437,1,Regular Customers
12426,195,2,1345.21,663,1,Regular Customers
12463,53,4,1344.78,242,1,Regular Customers
15154,75,3,1343.72,478,1,Regular Customers
17499,290,2,1341.39,562,1,Regular Customers
12711,612,2,1339.05,677,1,Regular Customers
12591,317,3,1338.95,409,1,Regular Customers
13803,255,3,1338.91,619,1,Regular Customers
13220,78,5,1336.0900000000001,576,1,Regular Customers
17033,86,4,1332.79,397,1,Regular Customers
15146,165,2,1327.16,291,1,Regular Customers
12960,414,4,1322.07,661,1,Regular Customers
13497,283,6,1320.33,670,1,Regular Customers
14973,107,3,1314.45,226,1,Regular Customers
16296,626,4,1313.67,722,1,Regular Customers
16756,215,7,1312.3700000000001,640,1,Regular Customers
12639,239,3,1312.37,628,1,Regular Customers
12987,74,5,1312.21,689,1,Regular Customers
17027,79,9,1310.63,730,1,Regular Customers
13855,501,4,1310.3400000000001,731,1,Regular Customers
16955,185,6,1309.41,678,1,Regular Customers
12717,151,3,1308.91,590,1,Regular Customers
16377,267,2,1308.48,618,1,Regular Customers
16282,340,3,1307.58,719,1,Regular Customers
16894,502,3,1306.96,535,1,Regular Customers
15813,208,2,1303.9099999999999,240,1,Regular Customers
15400,92,8,1302.3,561,1,Regular Customers
16370,82,4,1301.91,225,1,Regular Customers
16574,71,3,1301.78,659,1,Regular Customers
15108,142,4,1300.25,228,1,Regular Customers
16943,212,5,1299.49,624,1,Regular Customers
14479,254,4,1299.11,733,1,Regular Customers
12372,72,3,1298.04,297,1,Regular Customers
18286,477,2,1296.43,724,1,Regular Customers
13440,423,7,1295.25,452,1,Regular Customers
16777,80,5,1292.18,633,1,Regular Customers
14619,246,2,1291.24,541,1,Regular Customers
14679,382,3,1289.44,731,1,Regular Customers
15774,69,6,1288.34,656,1,Regular Customers
16608,454,2,1286.6200000000001,664,1,Regular Customers
13300,169,3,1285.51,574,1,Regular Customers
14821,367,7,1278.95,676,1,Regular Customers
13617,40,8,1278.75,495,1,Regular Customers
16951,135,3,1277.75,304,1,Regular Customers
14478,382,4,1276.66,738,1,Regular Customers
13916,464,4,1275.81,676,1,Regular Customers
17142,239,4,1275.25,684,1,Regular Customers
15809,36,7,1274.44,535,1,Regular Customers
14167,39,8,1274.29,681,1,Regular Customers
14490,406,2,1273.47,429,1,Regular Customers
13443,449,6,1273.16,677,1,Regular Customers
17478,408,2,1272.8,633,1,Regular Customers
16222,318,2,1272.05,721,1,Regular Customers
13492,136,3,1269.84,215,1,Regular Customers
15439,405,4,1269.05,654,1,Regular Customers
17531,190,3,1266.82,618,1,Regular Customers
13515,73,6,1265.82,645,1,Regular Customers
17635,424,3,1265.58,591,1,Regular Customers
15038,59,9,1265.41,425,1,Regular Customers
16842,101,3,1264.19,302,1,Regular Customers
13065,373,5,1260.91,548,1,Regular Customers
17343,355,6,1259.94,736,1,Regular Customers
12402,323,6,1256.9,671,1,Regular Customers
17862,324,4,1254.89,563,1,Regular Customers
15064,410,4,1254.41,717,1,Regular Customers
15441,396,3,1254.21,730,1,Regular Customers
15664,51,4,1254.03,650,1,Regular Customers
16292,122,5,1253.76,604,1,Regular Customers
15579,69,5,1250.63,432,1,Regular Customers
17529,610,2,1240.25,698,1,Regular Customers
13863,248,4,1239.55,593,1,Regular Customers
14231,184,4,1235.6200000000001,451,1,Regular Customers
13201,502,4,1233.06,643,1,Regular Customers
12605,376,4,1232.95,458,1,Regular Customers
16527,81,2,1232.94,424,1,Regular Customers
16159,282,4,1232.79,737,1,Regular Customers
16723,91,4,1231.36,735,1,Regular Customers
13019,379,6,1229.95,733,1,Regular Customers
17342,380,4,1227.54,670,1,Regular Customers
12866,283,3,1227.35,503,1,Regular Customers
15800,107,7,1227.07,618,1,Regular Customers
17456,365,2,1225.42,456,1,Regular Customers
15303,290,3,1224.18,684,1,Regular Customers
13787,76,6,1222.5,695,1,Regular Customers
16946,383,5,1222.04,648,1,Regular Customers
17132,452,2,1220.9099999999999,488,1,Regular Customers
14430,512,3,1220.9,607,1,Regular Customers
13243,203,5,1220.38,631,1,Regular Customers
13299,268,3,1218.7,529,1,Regular Customers
13304,351,4,1217.99,670,1,Regular Customers
15390,396,2,1216.66,409,1,Regular Customers
14512,188,7,1215.97,732,1,Regular Customers
15661,317,8,1215.95,579,1,Regular Customers
13405,74,6,1213.811,724,1,Regular Customers
13140,108,5,1213.18,491,1,Regular Customers
16872,77,6,1213.13,463,1,Regular Customers
15377,383,4,1211.75,416,1,Regular Customers
14193,68,3,1210.19,397,1,Regular Customers
18193,165,3,1207.35,442,1,Regular Customers
15181,66,5,1200.2,731,1,Regular Customers
15600,428,4,1199.31,594,1,Regular Customers
17713,382,4,1198.09,549,1,Regular Customers
16307,429,3,1194.92,577,1,Regular Customers
13723,217,6,1194.08,611,1,Regular Customers
14201,60,10,1193.54,588,1,Regular Customers
13293,392,6,1192.94,669,1,Regular Customers
16306,214,7,1192.82,435,1,Regular Customers
13976,207,4,1192.36,668,1,Regular Customers
16471,275,4,1189.98,653,1,Regular Customers
17239,313,4,1189.45,527,1,Regular Customers
14275,396,6,1189.3799999999999,608,1,Regular Customers
18057,393,3,1188.46,691,1,Regular Customers
17800,37,9,1187.21,334,1,Regular Customers
13388,131,3,1185.65,604,1,Regular Customers
18060,408,2,1185.46,565,1,Regular Customers
14206,239,3,1185.01,403,1,Regular Customers
15259,513,4,1182.3799999999999,683,1,Regular Customers
17021,442,6,1182.22,589,1,Regular Customers
13526,738,2,1182.0,738,1,Regular Customers
13395,185,3,1180.23,421,1,Regular Customers
18277,58,5,1180.05,495,1,Regular Customers
17058,82,3,1179.89,240,1,Regular Customers
16614,183,3,1179.79,578,1,Regular Customers
16693,69,5,1179.48,657,1,Regular Customers
13797,437,3,1179.45,648,1,Regular Customers
17062,314,6,1179.14,440,1,Regular Customers
18025,380,6,1177.72,619,1,Regular Customers
17539,618,4,1176.84,727,1,Regular Customers
13233,74,4,1176.46,694,1,Regular Customers
15210,225,3,1176.19,575,1,Regular Customers
14370,451,6,1175.78,677,1,Regular Customers
12885,63,3,1175.22,124,1,Regular Customers
12915,149,4,1174.75,589,1,Regular Customers
17373,40,7,1167.5,649,1,Regular Customers
14693,265,7,1165.36,526,1,Regular Customers
17525,360,3,1161.9,429,1,Regular Customers
12972,414,4,1161.2,661,1,Regular Customers
13459,625,2,1160.4099999999999,682,1,Regular Customers
16838,197,4,1159.61,663,1,Regular Customers
17513,72,3,1158.8,479,1,Regular Customers
16184,64,6,1158.79,211,1,Regular Customers
17127,429,5,1155.0300000000002,735,1,Regular Customers
13462,253,5,1153.85,726,1,Regular Customers
14818,74,6,1153.56,648,1,Regular Customers
17984,145,5,1152.19,739,1,Regular Customers
14475,72,4,1151.15,409,1,Regular Customers
12710,97,3,1149.02,201,1,Regular Customers
14308,549,2,1147.02,549,1,Regular Customers
16766,273,2,1145.6,273,1,Regular Customers
17477,613,2,1144.3,648,1,Regular Customers
14585,50,5,1143.27,417,1,Regular Customers
17770,199,5,1143.27,282,1,Regular Customers
17201,54,4,1143.1,668,1,Regular Customers
12439,683,2,1142.88,726,1,Regular Customers
13856,169,11,1142.03,619,1,Regular Customers
16521,415,3,1140.11,648,1,Regular Customers
15586,593,3,1139.1,701,1,Regular Customers
15879,404,4,1137.8,722,1,Regular Customers
17866,143,3,1134.95,725,1,Regular Customers
13393,584,4,1131.45,732,1,Regular Customers
12616,95,3,1131.1,389,1,Regular Customers
15695,267,4,1131.04,682,1,Regular Customers
17622,598,2,1130.21,598,1,Regular Customers
14450,181,7,1128.44,611,1,Regular Customers
12373,311,3,1127.65,674,1,Regular Customers
14671,549,2,1127.45,568,1,Regular Customers
13778,103,4,1124.49,565,1,Regular Customers
14917,597,2,1123.75,597,1,Regular Customers
17492,248,3,1122.42,518,1,Regular Customers
13486,78,3,1122.41,155,1,Regular Customers
18218,211,4,1121.84,660,1,Regular Customers
13368,257,4,1121.5,424,1,Regular Customers
17007,51,7,1120.1,437,1,Regular Customers
16354,63,5,1119.46,591,1,Regular Customers
16430,57,7,1117.94,682,1,Regular Customers
16278,100,3,1117.84,499,1,Regular Customers
16769,260,4,1117.05,726,1,Regular Customers
16203,59,6,1114.54,504,1,Regular Customers
14672,235,4,1113.14,681,1,Regular Customers
12679,59,4,1113.02,284,1,Regular Customers
12648,155,4,1112.0,701,1,Regular Customers
16702,415,4,1110.83,732,1,Regular Customers
14375,185,3,1106.82,541,1,Regular Customers
14891,148,4,1106.73,437,1,Regular Customers
12434,85,3,1103.43,381,1,Regular Customers
16895,65,5,1102.9,666,1,Regular Customers
13295,360,4,1101.97,577,1,Regular Customers
12785,364,3,1100.4,731,1,Regular Customers
14009,198,3,1099.91,463,1,Regular Customers
17137,416,6,1099.81,678,1,Regular Customers
13108,373,2,1098.52,435,1,Regular Customers
14460,110,9,1093.5,724,1,Regular Customers
17726,395,7,1092.06,682,1,Regular Customers
14199,218,4,1091.7,531,1,Regular Customers
16805,174,5,1091.34,731,1,Regular Customers
16211,89,3,1090.59,438,1,Regular Customers
15254,127,3,1088.35,561,1,Regular Customers
16223,375,2,1087.05,396,1,Regular Customers
14013,110,5,1084.57,624,1,Regular Customers
17420,50,6,1084.43,401,1,Regular Customers
14561,76,3,1080.76,184,1,Regular Customers
13744,95,2,1080.52,292,1,Regular Customers
14343,421,4,1079.66,690,1,Regular Customers
13567,428,4,1079.29,542,1,Regular Customers
15546,607,2,1079.1000000000001,607,1,Regular Customers
14352,157,4,1078.96,273,1,Regular Customers
13656,165,4,1078.85,596,1,Regular Customers
16183,67,4,1077.81,407,1,Regular Customers
17366,432,2,1077.24,456,1,Regular Customers
16048,373,4,1075.23,550,1,Regular Customers
15912,178,9,1074.7,729,1,Regular Customers
16231,379,4,1074.47,598,1,Regular Customers
16593,51,8,1071.1399999999999,735,1,Regular Customers
12728,71,5,1070.17,384,1,Regular Customers
17871,205,5,1068.95,693,1,Regular Customers
17854,185,6,1068.5,732,1,Regular Customers
15626,75,3,1067.52,421,1,Regular Customers
17277,228,2,1065.3500000000001,323,1,Regular Customers
15639,134,3,1065.08,605,1,Regular Customers
13959,79,6,1064.77,511,1,Regular Customers
17849,218,8,1063.76,635,1,Regular Customers
12815,148,2,1063.46,198,1,Regular Customers
17616,174,4,1060.8,452,1,Regular Customers
15706,64,4,1060.56,116,1,Regular Customers
17421,386,3,1059.41,735,1,Regular Customers
17214,60,6,1059.1200000000001,359,1,Regular Customers
14734,426,4,1056.42,551,1,Regular Customers
12791,374,6,1056.1100000000001,624,1,Regular Customers
12580,247,2,1052.9,577,1,Regular Customers
15886,60,4,1052.8700000000001,598,1,Regular Customers
15855,137,6,1052.72,476,1,Regular Customers
16391,401,4,1052.26,562,1,Regular Customers
14947,72,6,1049.79,625,1,Regular Customers
15026,80,5,1048.8899999999999,448,1,Regular Customers
17578,218,7,1047.33,530,1,Regular Customers
15091,68,3,1046.6100000000001,675,1,Regular Customers
15535,173,6,1044.3700000000001,449,1,Regular Customers
14813,370,4,1041.79,611,1,Regular Customers
13613,453,5,1039.8500000000001,661,1,Regular Customers
13873,120,8,1038.92,647,1,Regular Customers
17926,133,5,1035.49,579,1,Regular Customers
12811,261,5,1033.9,428,1,Regular Customers
17724,71,3,1033.0,138,1,Regular Customers
14248,318,3,1032.95,515,1,Regular Customers
13000,107,4,1032.5,725,1,Regular Customers
14932,366,2,1029.66,386,1,Regular Customers
16385,60,5,1028.55,632,1,Regular Customers
17869,107,7,1027.96,547,1,Regular Customers
16227,225,3,1027.22,535,1,Regular Customers
15887,407,3,1027.15,556,1,Regular Customers
15003,473,6,1027.03,682,1,Regular Customers
17749,178,3,1026.18,546,1,Regular Customers
13602,65,4,1025.17,561,1,Regular Customers
17310,387,2,1025.1,535,1,Regular Customers
17362,239,7,1024.04,703,1,Regular Customers
16568,428,2,1020.9000000000001,641,1,Regular Customers
13376,99,3,1019.76,234,1,Regular Customers
18142,157,2,1019.52,216,1,Regular Customers
16441,67,5,1019.13,627,1,Regular Customers
12905,577,2,1018.42,682,1,Regular Customers
16787,398,4,1017.53,699,1,Regular Customers
12793,335,3,1017.33,401,1,Regular Customers
15970,304,2,1017.32,599,1,Regular Customers
12652,331,2,1017.03,434,1,Regular Customers
13641,641,5,1016.47,734,1,Regular Customers
13333,411,3,1015.74,659,1,Regular Customers
16623,246,4,1015.24,592,1,Regular Customers
14355,366,3,1014.45,627,1,Regular Customers
12410,309,3,1013.71,502,1,Regular Customers
13466,184,5,1013.35,628,1,Regular Customers
16451,88,3,1013.15,735,1,Regular Customers
17980,166,4,1012.72,393,1,Regular Customers
15713,143,4,1010.79,724,1,Regular Customers
13039,584,4,1010.73,722,1,Regular Customers
16572,127,3,1009.6,276,1,Regular Customers
16287,170,5,1006.98,690,1,Regular Customers
15771,604,3,1006.54,694,1,Regular Customers
12703,71,4,1006.53,685,1,Regular Customers
15363,373,2,1004.11,493,1,Regular Customers
16435,512,3,1003.0699999999999,514,1,Regular Customers
16122,73,6,1001.34,425,1,Regular Customers
13857,393,6,1001.01,571,1,Regular Customers
15508,189,6,1000.27,235,1,Regular Customers
18143,117,2,1000.16,142,1,Regular Customers
13005,174,4,999.68,457,1,Regular Customers
12413,67,4,999.45,402,1,Regular Customers
12722,85,4,997.63,151,1,Regular Customers
13965,477,3,996.61,703,1,Regular Customers
16699,380,7,994.6,735,1,Regular Customers
15104,197,2,993.54,282,1,Regular Customers
14223,92,3,991.13,264,1,Regular Customers
13559,513,2,990.0,544,1,Regular Customers
15973,367,3,988.44,429,1,Regular Customers
16130,422,4,987.48,617,1,Regular Customers
13439,255,3,986.61,526,1,Regular Customers
12862,426,2,984.62,495,1,Regular Customers
14142,373,2,983.15,646,1,Regular Customers
15109,246,3,983.1,736,1,Regular Customers
14510,376,3,979.85,436,1,Regular Customers
14230,436,3,979.8000000000001,548,1,Regular Customers
14454,376,5,977.3,733,1,Regular Customers
17123,162,3,977.17,573,1,Regular Customers
15247,122,3,976.06,537,1,Regular Customers
15646,158,5,974.61,410,1,Regular Customers
17958,117,2,973.88,728,1,Regular Customers
12525,498,3,973.73,647,1,Regular Customers
14350,274,3,972.03,430,1,Regular Customers
13223,200,6,969.1200000000001,665,1,Regular Customers
16254,378,3,967.44,632,1,Regular Customers
17987,185,5,965.4399999999999,551,1,Regular Customers
15084,380,2,965.2,646,1,Regular Customers
16763,199,2,964.6999999999999,738,1,Regular Customers
15268,479,3,961.9000000000001,606,1,Regular Customers
16518,61,4,959.37,556,1,Regular Customers
17172,79,3,956.5699999999999,727,1,Regular Customers
16141,88,2,955.94,417,1,Regular Customers
16947,236,5,955.21,647,1,Regular Customers
15430,468,2,954.75,528,1,Regular Customers
17298,101,5,954.26,642,1,Regular Customers
17189,106,5,953.63,738,1,Regular Customers
12414,217,6,952.41,464,1,Regular Customers
14615,394,5,951.76,548,1,Regular Customers
17955,199,6,949.9,665,1,Regular Customers
12874,385,2,948.42,554,1,Regular Customers
12355,214,2,947.61,568,1,Regular Customers
16136,60,4,946.8,664,1,Regular Customers
14994,382,5,946.72,623,1,Regular Customers
16861,60,5,946.59,509,1,Regular Customers
17356,312,5,946.47,689,1,Regular Customers
16146,157,4,946.38,449,1,Regular Customers
17544,390,3,944.82,390,1,Regular Customers
13261,269,2,944.1,286,1,Regular Customers
17860,369,4,943.84,728,1,Regular Customers
16199,392,7,942.75,631,1,Regular Customers
17604,217,6,942.38,682,1,Regular Customers
14958,147,6,941.99,736,1,Regular Customers
14326,242,3,940.98,533,1,Regular Customers
15107,311,9,940.35,452,1,Regular Customers
13936,180,3,939.66,414,1,Regular Customers
16109,219,3,939.48,699,1,Regular Customers
14437,366,5,936.34,584,1,Regular Customers
12942,131,3,934.35,366,1,Regular Customers
16781,372,2,934.25,669,1,Regular Customers
15792,400,2,933.84,619,1,Regular Customers
16661,540,4,932.76,722,1,Regular Customers
14924,246,3,931.01,639,1,Regular Customers
15723,365,4,930.7,574,1,Regular Customers
14338,161,3,928.1,537,1,Regular Customers
13288,443,5,927.61,666,1,Regular Customers
16975,423,3,926.12,506,1,Regular Customers
12745,487,3,925.41,682,1,Regular Customers
16643,246,2,923.11,423,1,Regular Customers
17322,376,5,922.59,737,1,Regular Customers
13122,94,2,922.39,240,1,Regular Customers
17472,191,4,922.35,628,1,Regular Customers
14605,374,4,921.5600000000001,731,1,Regular Customers
14272,74,4,920.81,582,1,Regular Customers
17363,395,3,920.46,402,1,Regular Customers
12998,493,3,920.08,654,1,Regular Customers
13872,527,3,919.57,726,1,Regular Customers
15304,61,9,919.5500000000001,422,1,Regular Customers
14061,507,3,917.4300000000001,738,1,Regular Customers
14423,218,3,916.6099999999999,695,1,Regular Customers
14176,297,5,916.01,381,1,Regular Customers
14839,418,3,915.28,704,1,Regular Customers
14549,311,4,913.6,737,1,Regular Customers
15364,96,2,913.19,254,1,Regular Customers
16034,196,6,911.3199999999999,409,1,Regular Customers
14133,130,4,911.14,734,1,Regular Customers
16138,379,3,910.35,591,1,Regular Customers
13038,80,3,908.46,291,1,Regular Customers
17464,158,3,907.14,619,1,Regular Customers
13573,50,6,904.52,637,1,Regular Customers
15180,367,3,904.4300000000001,589,1,Regular Customers
17746,240,4,904.1800000000001,610,1,Regular Customers
17176,202,3,902.3199999999999,677,1,Regular Customers
17382,65,8,902.28,570,1,Regular Customers
13548,96,3,901.44,471,1,Regular Customers
12945,288,2,900.11,656,1,Regular Customers
14729,374,3,899.73,625,1,Regular Customers
16834,228,2,898.96,674,1,Regular Customers
17226,309,3,895.47,665,1,Regular Customers
14065,389,3,891.02,432,1,Regular Customers
16228,385,3,885.71,400,1,Regular Customers
17704,169,2,885.19,240,1,Regular Customers
17708,188,4,884.1800000000001,424,1,Regular Customers
16387,323,5,882.46,639,1,Regular Customers
13937,169,2,880.13,403,1,Regular Customers
15653,93,2,877.4399999999999,116,1,Regular Customers
14645,157,3,876.89,635,1,Regular Customers
13166,283,2,875.93,414,1,Regular Customers
14681,71,6,875.1500000000001,654,1,Regular Customers
15224,358,5,871.36,693,1,Regular Customers
16948,139,7,868.77,656,1,Regular Customers
17167,380,3,867.11,445,1,Regular Customers
16567,194,2,865.6,337,1,Regular Customers
13922,352,3,865.2,467,1,Regular Customers
14600,306,2,865.1700000000001,393,1,Regular Customers
17358,303,5,861.01,653,1,Regular Customers
13891,378,3,859.21,582,1,Regular Customers
15542,512,3,855.71,738,1,Regular Customers
17968,374,4,855.54,512,1,Regular Customers
12878,236,2,854.99,266,1,Regular Customers
14873,210,2,854.13,634,1,Regular Customers
14686,414,5,852.53,659,1,Regular Customers
15266,338,5,852.21,702,1,Regular Customers
13479,201,4,851.37,477,1,Regular Customers
17223,310,3,850.88,375,1,Regular Customers
18108,254,3,848.8100000000001,738,1,Regular Customers
14202,381,3,847.76,625,1,Regular Customers
13221,240,2,847.41,359,1,Regular Customers
13487,58,5,846.87,735,1,Regular Customers
14803,162,3,845.55,292,1,Regular Customers
15070,373,3,843.25,724,1,Regular Customers
16344,158,4,842.42,669,1,Regular Customers
16810,192,2,842.0400000000001,420,1,Regular Customers
16798,554,3,841.16,729,1,Regular Customers
12891,186,11,840.5,659,1,Regular Customers
18247,415,3,839.73,631,1,Regular Customers
17332,528,5,838.27,656,1,Regular Customers
14037,176,6,836.95,733,1,Regular Customers
13795,388,4,836.3,638,1,Regular Customers
16644,178,2,833.78,212,1,Regular Customers
15759,218,7,830.9300000000001,738,1,Regular Customers
15617,396,3,828.5500000000001,507,1,Regular Customers
17003,402,4,828.21,579,1,Regular Customers
17045,113,5,827.6800000000001,429,1,Regular Customers
15945,365,4,827.27,738,1,Regular Customers
12792,257,2,827.01,535,1,Regular Customers
17880,365,3,824.9200000000001,730,1,Regular Customers
13513,127,3,824.59,655,1,Regular Customers
14260,471,3,824.28,549,1,Regular Customers
15314,199,3,820.4499999999999,428,1,Regular Customers
17683,386,3,819.01,554,1,Regular Customers
15483,161,10,817.8199999999999,684,1,Regular Customers
14890,254,3,817.25,660,1,Regular Customers
14872,484,3,816.6,633,1,Regular Customers
13514,74,4,815.9000000000001,682,1,Regular Customers
14556,596,3,815.69,689,1,Regular Customers
13811,184,3,814.5,239,1,Regular Customers
12763,138,2,814.16,369,1,Regular Customers
14624,57,6,814.07,605,1,Regular Customers
16658,368,6,814.07,619,1,Regular Customers
17194,274,3,812.5,530,1,Regular Customers
13045,99,3,808.92,486,1,Regular Customers
18248,123,2,804.02,186,1,Regular Customers
15644,166,4,803.54,261,1,Regular Customers
17023,417,3,800.18,697,1,Regular Customers
13720,117,4,799.9,255,1,Regular Customers
13041,451,4,799.13,590,1,Regular Customers
17251,363,3,798.98,725,1,Regular Customers
15309,611,4,797.96,735,1,Regular Customers
17281,374,6,797.8499999999999,673,1,Regular Customers
16155,382,5,796.9,540,1,Regular Customers
15396,113,2,796.38,584,1,Regular Customers
16952,109,5,795.83,728,1,Regular Customers
16961,116,3,794.56,532,1,Regular Customers
17212,253,3,794.41,487,1,Regular Customers
16679,366,3,793.06,547,1,Regular Customers
13296,137,6,792.51,577,1,Regular Customers
14022,225,2,792.15,487,1,Regular Customers
16250,261,3,791.38,387,1,Regular Customers
14976,57,7,790.86,327,1,Regular Customers
13484,241,3,790.72,640,1,Regular Customers
14656,169,5,790.0,604,1,Regular Customers
17952,378,4,788.46,542,1,Regular Customers
14513,101,6,788.01,568,1,Regular Customers
14463,98,4,786.5699999999999,500,1,Regular Customers
16739,177,2,786.43,537,1,Regular Customers
13770,422,4,785.37,730,1,Regular Customers
13595,517,3,784.48,646,1,Regular Customers
13415,473,4,784.17,728,1,Regular Customers
13453,166,3,781.6899999999999,402,1,Regular Customers
13287,603,3,781.59,705,1,Regular Customers
15246,238,3,780.4,556,1,Regular Customers
17691,358,4,780.0500000000001,547,1,Regular Customers
13781,251,3,778.83,721,1,Regular Customers
13745,162,2,777.36,546,1,Regular Customers
15092,215,3,776.46,463,1,Regular Customers
15921,173,4,775.26,641,1,Regular Customers
16565,364,4,773.05,556,1,Regular Customers
17349,179,5,772.41,631,1,Regular Customers
17801,451,3,770.03,692,1,Regular Customers
13980,60,5,768.82,656,1,Regular Customers
15331,500,3,767.91,609,1,Regular Customers
14413,362,4,764.52,689,1,Regular Customers
13699,155,2,764.15,550,1,Regular Customers
16806,103,4,762.16,239,1,Regular Customers
16392,270,3,756.7,562,1,Regular Customers
14247,278,5,753.56,551,1,Regular Customers
14998,170,4,753.18,605,1,Regular Customers
13730,136,2,752.6,162,1,Regular Customers
13070,192,4,751.7,732,1,Regular Customers
14048,305,3,748.69,382,1,Regular Customers
14942,402,4,746.56,730,1,Regular Customers
17889,212,7,746.42,619,1,Regular Customers
18190,192,5,745.62,718,1,Regular Customers
14228,438,3,745.5,547,1,Regular Customers
12871,84,3,744.02,440,1,Regular Customers
14104,155,5,743.53,560,1,Regular Customers
15420,434,6,743.0,734,1,Regular Customers
14302,431,3,742.9000000000001,738,1,Regular Customers
13713,408,3,740.76,583,1,Regular Customers
15462,94,4,737.05,446,1,Regular Customers
15045,152,2,735.66,258,1,Regular Customers
12527,82,5,735.51,529,1,Regular Customers
15938,112,9,734.81,557,1,Regular Customers
17548,234,4,731.26,396,1,Regular Customers
17681,597,5,731.2,694,1,Regular Customers
14778,127,2,730.86,309,1,Regular Customers
13921,402,4,730.7,722,1,Regular Customers
13452,259,3,729.8,473,1,Regular Customers
17756,376,3,728.75,394,1,Regular Customers
17141,418,4,727.58,684,1,Regular Customers
17374,219,3,727.11,395,1,Regular Customers
16447,136,3,727.1,660,1,Regular Customers
18078,217,4,725.53,628,1,Regular Customers
13729,436,3,724.73,684,1,Regular Customers
14798,53,8,724.31,649,1,Regular Customers
17572,71,10,723.01,725,1,Regular Customers
17615,130,6,721.8,485,1,Regular Customers
12573,227,5,717.41,465,1,Regular Customers
13512,261,4,713.39,583,1,Regular Customers
13057,530,3,709.59,632,1,Regular Customers
16309,106,2,706.57,241,1,Regular Customers
17051,194,4,706.49,628,1,Regular Customers
14699,214,4,702.6,526,1,Regular Customers
16997,288,3,702.0,326,1,Regular Customers
17825,599,4,701.96,726,1,Regular Customers
13242,112,7,699.4,668,1,Regular Customers
13101,234,4,695.4,681,1,Regular Customers
12817,281,3,690.98,435,1,Regular Customers
15361,362,4,689.07,543,1,Regular Customers
12450,156,5,688.2,474,1,Regular Customers
18017,81,4,688.0,431,1,Regular Customers
17935,138,7,686.14,735,1,Regular Customers
13585,531,3,684.54,738,1,Regular Customers
15207,416,3,683.9200000000001,547,1,Regular Customers
17874,185,6,683.46,256,1,Regular Customers
12601,190,6,681.26,405,1,Regular Customers
13809,305,3,679.7,461,1,Regular Customers
14182,444,4,678.77,596,1,Regular Customers
13925,93,4,678.25,135,1,Regular Customers
13951,176,3,674.45,294,1,Regular Customers
16226,203,5,672.1700000000001,414,1,Regular Customers
15562,352,3,671.4300000000001,726,1,Regular Customers
17709,170,5,671.01,603,1,Regular Customers
17962,142,4,666.96,695,1,Regular Customers
13217,122,4,666.48,656,1,Regular Customers
15643,192,3,664.0,282,1,Regular Customers
16862,547,4,662.33,701,1,Regular Customers
14425,435,3,661.39,738,1,Regular Customers
17375,199,4,660.55,432,1,Regular Customers
13433,501,4,658.3199999999999,697,1,Regular Customers
15715,556,5,658.02,620,1,Regular Customers
16696,135,4,657.9000000000001,248,1,Regular Customers
16117,190,3,654.4,592,1,Regular Customers
17398,115,3,653.38,255,1,Regular Customers
13820,418,3,652.75,681,1,Regular Customers
12855,373,4,650.9399999999999,402,1,Regular Customers
13474,236,3,646.59,495,1,Regular Customers
14024,122,3,645.74,391,1,Regular Customers
17380,434,3,645.0,535,1,Regular Customers
17312,139,3,644.3,159,1,Regular Customers
17963,471,4,643.16,689,1,Regular Customers
12734,353,3,639.65,392,1,Regular Customers
17998,380,3,639.24,738,1,Regular Customers
16428,414,3,638.49,498,1,Regular Customers
17334,302,3,635.15,407,1,Regular Customers
14283,463,4,628.4399999999999,570,1,Regular Customers
16158,522,9,628.32,734,1,Regular Customers
17134,107,3,625.3,442,1,Regular Customers
16792,282,5,623.46,704,1,Regular Customers
16431,213,3,623.28,297,1,Regular Customers
15016,173,5,620.89,543,1,Regular Customers
13301,104,4,618.09,292,1,Regular Customers
14455,432,4,617.72,495,1,Regular Customers
17639,276,6,615.17,484,1,Regular Customers
14570,281,3,613.75,443,1,Regular Customers
17035,246,4,613.59,737,1,Regular Customers
13008,323,3,612.13,723,1,Regular Customers
17325,280,3,609.5699999999999,642,1,Regular Customers
17707,185,8,609.3000000000001,733,1,Regular Customers
15717,234,5,607.0,593,1,Regular Customers
16321,72,7,604.5500000000001,739,1,Regular Customers
16080,82,4,602.5600000000001,450,1,Regular Customers
15424,254,3,597.78,463,1,Regular Customers
16780,100,3,596.4,407,1,Regular Customers
15346,333,3,596.12,431,1,Regular Customers
17845,555,4,596.09,576,1,Regular Customers
13684,286,4,594.88,621,1,Regular Customers
14746,406,4,593.5,424,1,Regular Customers
18232,82,4,592.97,197,1,Regular Customers
15160,357,4,589.27,421,1,Regular Customers
15624,117,4,588.13,256,1,Regular Customers
17392,307,3,585.92,450,1,Regular Customers
14670,280,3,583.33,732,1,Regular Customers
15918,191,3,582.88,632,1,Regular Customers
18262,140,3,577.54,603,1,Regular Customers
13262,263,3,573.45,601,1,Regular Customers
14053,124,4,572.3,487,1,Regular Customers
15198,92,5,571.35,690,1,Regular Customers
15691,252,4,571.3,733,1,Regular Customers
17122,119,4,570.5,500,1,Regular Customers
15920,154,9,569.14,725,1,Regular Customers
13948,361,4,548.76,736,1,Regular Customers
18039,374,4,548.22,641,1,Regular Customers
16475,88,4,544.3,274,1,Regular Customers
13955,154,3,544.0699999999999,375,1,Regular Customers
16927,116,3,543.05,362,1,Regular Customers
13785,429,4,542.49,460,1,Regular Customers
15675,81,4,542.04,404,1,Regular Customers
16647,170,4,541.9,544,1,Regular Customers
17580,253,5,541.02,422,1,Regular Customers
15890,395,5,535.65,605,1,Regular Customers
16707,400,4,533.41,640,1,Regular Customers
15917,248,5,530.17,737,1,Regular Customers
14616,243,5,527.78,549,1,Regular Customers
17765,159,4,524.0,449,1,Regular Customers
12956,306,4,521.89,724,1,Regular Customers
15689,120,3,521.03,618,1,Regular Customers
14949,469,4,515.0,721,1,Regular Customers
12897,205,4,514.25,544,1,Regular Customers
12977,156,4,513.88,511,1,Regular Customers
12361,287,4,511.25,682,1,Regular Customers
14552,152,3,507.93,592,1,Regular Customers
15881,312,5,501.39000000000004,364,1,Regular Customers
17110,165,3,499.9,610,1,Regular Customers
17256,107,5,498.93,600,1,Regular Customers
15278,562,4,496.15999999999997,665,1,Regular Customers
16977,395,4,496.0,632,1,Regular Customers
15447,331,5,492.88,625,1,Regular Customers
18203,157,4,492.52,731,1,Regular Customers
14722,147,3,489.52,486,1,Regular Customers
14322,429,4,474.1,660,1,Regular Customers
13642,216,4,472.2,433,1,Regular Customers
16473,165,4,470.83,374,1,Regular Customers
13489,105,4,449.52,295,1,Regular Customers
15488,93,5,431.92,583,1,Regular Customers
13413,640,6,429.44,687,1,Regular Customers
17740,389,6,426.9,697,1,Regular Customers
16832,184,5,417.61,459,1,Regular Customers
16816,103,4,417.06,358,1,Regular Customers
16356,198,6,415.87,552,1,Regular Customers
16998,150,5,402.0,444,1,Regular Customers
15577,151,5,396.03000000000003,726,1,Regular Customers
16827,393,5,392.13,589,1,Regular Customers
17912,310,6,374.55,375,1,Regular Customers
13346,463,6,299.4,597,1,Regular Customers
18037,154,15,167.42,738,1,Regular Customers
