Customer ID,Recency,Frequency,Monetary,Cluster,Segment,Predicted90DaySpend,PriorityGroup
12346,326,12,77556.46,0,High-Value Loyal,8.351688898354759,Protect / Retain
12347,2,8,5633.32,0,High-Value Loyal,439.32571193285685,Protect / Retain
12348,75,5,2019.4,1,Lapsed Valuable Customers,48.12709464934126,Re-engagement Opportunity
12349,19,4,4428.69,0,High-Value Loyal,59.178396487495334,Protect / Retain
12350,310,1,334.4,2,Low-Engagement / Dormant,1.0860968956030252,Standard
12351,375,1,300.93,2,Low-Engagement / Dormant,2.674498776330013,Standard
12352,36,10,2849.84,0,High-Value Loyal,42.2649368659228,Protect / Retain
12353,204,2,406.76,2,Low-Engagement / Dormant,4.466764457869742,Standard
12354,232,1,1079.4,2,Low-Engagement / Dormant,3.8569586797844604,Standard
12355,214,2,947.61,1,Lapsed Valuable Customers,3.0728836875422147,Re-engagement Opportunity
12356,23,6,6371.73,0,High-Value Loyal,66.07034783178496,Protect / Retain
12357,33,3,18287.66,0,High-Value Loyal,158.2690787032133,Protect / Retain
12358,2,5,3887.07,0,High-Value Loyal,68.39434604155984,Protect / Retain
12359,58,10,8873.39,0,High-Value Loyal,475.22788169385245,Protect / Retain
12360,52,8,4252.89,0,High-Value Loyal,206.79236718235686,Protect / Retain
12361,287,4,511.25,1,Lapsed Valuable Customers,3.373942730053433,Re-engagement Opportunity
12362,3,11,5356.23,0,High-Value Loyal,86.97171208852558,Protect / Retain
12363,110,2,552.0,2,Low-Engagement / Dormant,30.469707336866456,Standard
12364,8,4,1313.1,3,Recent / Developing,107.15164529600253,Emerging High-Value
12365,291,2,641.38,2,Low-Engagement / Dormant,3.4942222649384815,Standard
12366,634,1,500.24,2,Low-Engagement / Dormant,1.2222584585384753,Standard
12367,4,1,168.9,3,Recent / Developing,,Standard
12368,628,1,917.6999999999999,2,Low-Engagement / Dormant,0.24510775645972604,Standard
12369,413,3,1791.15,1,Lapsed Valuable Customers,5.832315081949812,Re-engagement Opportunity
12370,51,7,4316.56,0,High-Value Loyal,39.062935825567365,Protect / Retain
12371,45,5,4067.38,1,Lapsed Valuable Customers,68.02313095410139,Re-engagement Opportunity
12372,72,3,1298.04,1,Lapsed Valuable Customers,12.236790840873441,Re-engagement Opportunity
12373,311,3,1127.65,1,Lapsed Valuable Customers,3.1140914468192977,Re-engagement Opportunity
12374,25,4,2989.2200000000003,3,Recent / Developing,44.0859841225956,Standard
12375,11,2,457.5,3,Recent / Developing,41.88591872282679,Standard
12376,390,2,503.15,2,Low-Engagement / Dormant,2.25256734229197,Standard
12377,315,4,3426.32,1,Lapsed Valuable Customers,8.544909507672727,Re-engagement Opportunity
12378,130,2,5416.32,1,Lapsed Valuable Customers,38.82375947919787,Re-engagement Opportunity
12379,82,4,1620.22,1,Lapsed Valuable Customers,20.74172348619657,Re-engagement Opportunity
12380,22,11,9676.300000000001,0,High-Value Loyal,279.7111842847972,Protect / Retain
12381,5,5,1845.31,3,Recent / Developing,75.01615733420567,Emerging High-Value
12383,185,5,1850.56,1,Lapsed Valuable Customers,22.1285166968314,Re-engagement Opportunity
12384,29,2,585.27,3,Recent / Developing,64.48231849541851,Emerging High-Value
12385,379,1,1938.4,1,Lapsed Valuable Customers,8.274623998261157,Re-engagement Opportunity
12386,338,2,660.8,2,Low-Engagement / Dormant,6.822244248847682,Standard
12387,415,1,143.94,2,Low-Engagement / Dormant,0.8770992685213985,Standard
12388,16,8,3901.11,0,High-Value Loyal,134.40998246391615,Protect / Retain
12389,403,3,1433.33,1,Lapsed Valuable Customers,2.3966208065679377,Re-engagement Opportunity
12390,80,1,549.84,2,Low-Engagement / Dormant,,Standard
12391,22,6,2724.84,0,High-Value Loyal,14.945813565459439,Protect / Retain
12392,591,1,234.75000000000003,2,Low-Engagement / Dormant,0.3606487028757636,Standard
12393,72,6,2399.4500000000003,1,Lapsed Valuable Customers,132.07340383982978,Re-engagement Opportunity
12394,64,2,1272.48,3,Recent / Developing,4.6994945814328535,Standard
12395,19,15,5067.27,0,High-Value Loyal,349.6131426524952,Protect / Retain
12396,674,1,931.43,2,Low-Engagement / Dormant,0.6446285966197935,Standard
12397,36,2,2409.9,3,Recent / Developing,72.02427762498108,Emerging High-Value
12398,46,1,1635.6599999999999,3,Recent / Developing,,Standard
12399,119,7,1962.3,1,Lapsed Valuable Customers,10.337572847946428,Re-engagement Opportunity
12400,414,1,205.25,2,Low-Engagement / Dormant,3.671354712260794,Standard
12401,303,1,84.3,2,Low-Engagement / Dormant,0.43061604062014136,Standard
12402,323,6,1256.9,1,Lapsed Valuable Customers,3.859880796624179,Re-engagement Opportunity
12403,50,2,1019.36,3,Recent / Developing,11.114298746605535,Standard
12404,682,1,63.24,2,Low-Engagement / Dormant,0.14258216214183528,Standard
12405,149,1,1710.39,1,Lapsed Valuable Customers,18.7145995350512,Re-engagement Opportunity
12406,22,5,6390.36,0,High-Value Loyal,150.80606052427987,Protect / Retain
12407,50,5,1708.1200000000001,1,Lapsed Valuable Customers,182.66204989827006,Re-engagement Opportunity
12408,33,8,4340.7699999999995,0,High-Value Loyal,201.30635866750475,Protect / Retain
12409,79,7,23419.29,0,High-Value Loyal,379.04297862301553,Protect / Retain
12410,309,3,1013.71,1,Lapsed Valuable Customers,2.8082587181066545,Re-engagement Opportunity
12411,410,1,346.9,2,Low-Engagement / Dormant,1.6342858507483902,Standard
12412,75,6,2596.93,1,Lapsed Valuable Customers,46.1745883016183,Re-engagement Opportunity
12413,67,4,999.45,1,Lapsed Valuable Customers,6.5984566896126875,Re-engagement Opportunity
12414,217,6,952.41,1,Lapsed Valuable Customers,3.8095256547237035,Re-engagement Opportunity
12415,24,28,144458.37,0,High-Value Loyal,35771.08635695852,Protect / Retain
12416,657,1,202.56,2,Low-Engagement / Dormant,0.09970316861000661,Standard
12417,3,20,6797.41,0,High-Value Loyal,646.4787440346412,Protect / Retain
12418,113,4,2021.2,1,Lapsed Valuable Customers,1.6536018555094865,Re-engagement Opportunity
12419,386,2,503.01,2,Low-Engagement / Dormant,2.2615658089019965,Standard
12420,64,1,600.39,3,Recent / Developing,,Standard
12421,16,6,1098.6,3,Recent / Developing,46.02204881102104,Standard
12422,96,17,5231.8,0,High-Value Loyal,170.27012591526912,Protect / Retain
12423,1,10,2622.39,0,High-Value Loyal,166.40871543580425,Protect / Retain
12424,163,4,3340.03,1,Lapsed Valuable Customers,12.686866337973912,Re-engagement Opportunity
12425,78,2,1741.41,1,Lapsed Valuable Customers,14.504563904126089,Re-engagement Opportunity
12426,195,2,1345.21,1,Lapsed Valuable Customers,4.071263013876489,Re-engagement Opportunity
12427,22,3,1129.3,3,Recent / Developing,4.057692183243594,Standard
12428,26,9,7956.46,0,High-Value Loyal,442.9881275143813,Protect / Retain
12429,9,8,7485.91,0,High-Value Loyal,385.3839237261975,Protect / Retain
12430,43,1,256.4,3,Recent / Developing,,Standard
12431,36,27,10790.47,0,High-Value Loyal,1373.8556236079983,Protect / Retain
12432,43,5,5059.32,1,Lapsed Valuable Customers,102.83988599959075,Re-engagement Opportunity
12433,1,10,20581.26,0,High-Value Loyal,1183.1832995101083,Protect / Retain
12434,85,3,1103.43,1,Lapsed Valuable Customers,7.646575152429548,Re-engagement Opportunity
12435,80,6,13925.93,0,High-Value Loyal,198.2529435026882,Protect / Retain
12436,100,1,509.01,2,Low-Engagement / Dormant,27.197115507519698,Standard
12437,2,39,12683.4,0,High-Value Loyal,1542.6469353618331,Protect / Retain
12438,14,2,2906.85,3,Recent / Developing,66.66363971246497,Emerging High-Value
12439,683,2,1142.88,1,Lapsed Valuable Customers,1.0921948171454314,Re-engagement Opportunity
12440,462,2,859.2,2,Low-Engagement / Dormant,0.829291282047014,Standard
12441,367,1,347.1,2,Low-Engagement / Dormant,1.2585597366405175,Standard
12442,3,1,172.06,3,Recent / Developing,,Standard
12443,732,1,485.31,2,Low-Engagement / Dormant,0.40155098567963055,Standard
12444,21,5,5005.46,0,High-Value Loyal,207.52722274088956,Protect / Retain
12445,22,2,434.98,3,Recent / Developing,3.96850530043708,Standard
12446,58,1,1002.3100000000001,3,Recent / Developing,,Standard
12447,243,1,476.49,2,Low-Engagement / Dormant,1.758202995249962,Standard
12448,44,1,449.45,3,Recent / Developing,,Standard
12449,22,6,4835.89,0,High-Value Loyal,87.10040487527012,Protect / Retain
12450,156,5,688.2,1,Lapsed Valuable Customers,8.18252195969217,Re-engagement Opportunity
12451,11,8,12669.88,0,High-Value Loyal,327.7338756435126,Protect / Retain
12452,17,2,430.57,3,Recent / Developing,,Standard
12453,134,1,707.09,2,Low-Engagement / Dormant,15.56756917175635,Standard
12454,56,5,16679.78,0,High-Value Loyal,33.889117795536414,Protect / Retain
12455,73,10,5879.95,0,High-Value Loyal,187.5653482330688,Protect / Retain
12456,44,3,3181.04,1,Lapsed Valuable Customers,127.40825735854297,Re-engagement Opportunity
12457,66,8,2995.91,1,Lapsed Valuable Customers,37.0692631407076,Re-engagement Opportunity
12458,71,4,1777.49,1,Lapsed Valuable Customers,11.063492668895595,Re-engagement Opportunity
12459,605,1,454.36,2,Low-Engagement / Dormant,1.458847396248753,Standard
12460,456,1,326.65,2,Low-Engagement / Dormant,3.1584699800267413,Standard
12461,94,2,826.88,3,Recent / Developing,18.709558065921648,Standard
12462,19,2,1189.59,3,Recent / Developing,5.703536831731297,Standard
12463,53,4,1344.78,1,Lapsed Valuable Customers,56.12946300510425,Re-engagement Opportunity
12464,10,8,1212.05,3,Recent / Developing,73.31090386232728,Emerging High-Value
12465,17,2,742.1899999999999,3,Recent / Developing,14.796781987631531,Standard
12466,682,1,56.73,2,Low-Engagement / Dormant,0.22344392585962794,Standard
12467,423,1,132.8,2,Low-Engagement / Dormant,0.7753887265379582,Standard
12468,188,5,3670.74,1,Lapsed Valuable Customers,46.109275328977475,Re-engagement Opportunity
12469,523,2,3070.54,1,Lapsed Valuable Customers,0.36076682314613734,Re-engagement Opportunity
12470,690,1,211.95,2,Low-Engagement / Dormant,0.29878609833577763,Standard
12471,2,79,39918.19,0,High-Value Loyal,5973.638949080348,Protect / Retain
12472,32,19,17880.59,0,High-Value Loyal,841.9272473672236,Protect / Retain
12473,29,5,3928.0499999999997,0,High-Value Loyal,225.17594893421852,Protect / Retain
12474,17,31,12372.75,0,High-Value Loyal,1596.8568276105852,Protect / Retain
12475,54,2,1149.64,3,Recent / Developing,2.2473704358445192,Standard
12476,16,23,14083.91,0,High-Value Loyal,1277.400599092959,Protect / Retain
12477,23,9,20276.37,0,High-Value Loyal,1404.94145434802,Protect / Retain
12478,4,1,680.99,3,Recent / Developing,,Standard
12479,11,1,527.2,3,Recent / Developing,,Standard
12480,28,7,5464.85,0,High-Value Loyal,462.23852857786073,Protect / Retain
12481,23,15,12344.89,0,High-Value Loyal,845.0685125267237,Protect / Retain
12482,576,29,23691.4,0,High-Value Loyal,0.3403312979149268,Protect / Retain
12483,17,19,5097.18,0,High-Value Loyal,324.9225660622632,Protect / Retain
12484,33,12,6354.1,0,High-Value Loyal,376.6969641777158,Protect / Retain
12485,529,1,708.1,2,Low-Engagement / Dormant,4.84377568114428,Standard
12486,432,1,1037.28,2,Low-Engagement / Dormant,2.127623409879593,Standard
12487,731,1,285.29999999999995,2,Low-Engagement / Dormant,0.4168661677158174,Standard
12488,10,3,1298.66,3,Recent / Developing,,Standard
12489,336,1,334.93,2,Low-Engagement / Dormant,1.2016324650542243,Standard
12490,5,21,9823.64,0,High-Value Loyal,1100.217299060742,Protect / Retain
12491,39,1,460.40000000000003,3,Recent / Developing,,Standard
12492,63,3,715.21,3,Recent / Developing,23.076843338932548,Standard
12493,166,2,433.74,2,Low-Engagement / Dormant,11.02518517500459,Standard
12494,16,9,1872.8700000000001,0,High-Value Loyal,39.145897806606136,Protect / Retain
12495,641,1,357.4,2,Low-Engagement / Dormant,0.09901561680200621,Standard
12496,620,2,45.34,2,Low-Engagement / Dormant,1.0544832282270042,Standard
12497,82,3,6248.5,1,Lapsed Valuable Customers,27.94517533530432,Re-engagement Opportunity
12498,21,3,403.70000000000005,3,Recent / Developing,,Standard
12499,560,1,393.72,2,Low-Engagement / Dormant,1.9778488573596433,Standard
12500,23,19,5955.21,0,High-Value Loyal,360.1340691482068,Protect / Retain
12501,337,1,2169.39,1,Lapsed Valuable Customers,11.221619009430029,Re-engagement Opportunity
12502,96,5,3723.87,1,Lapsed Valuable Customers,35.306432796392386,Re-engagement Opportunity
12503,584,1,1126.0,2,Low-Engagement / Dormant,0.7238396857412521,Standard
12504,18,4,779.05,3,Recent / Developing,6.767100104006813,Standard
12505,409,1,955.2,2,Low-Engagement / Dormant,1.6993812771291572,Standard
12506,233,1,73.5,2,Low-Engagement / Dormant,1.5399401040805167,Standard
12507,134,4,1844.06,1,Lapsed Valuable Customers,2.26765903924718,Re-engagement Opportunity
12508,26,2,397.88,3,Recent / Developing,,Standard
12509,284,1,176.5,2,Low-Engagement / Dormant,0.7863129452900065,Standard
12510,143,9,5178.02,1,Lapsed Valuable Customers,59.54776333849179,Re-engagement Opportunity
12511,429,1,3084.02,1,Lapsed Valuable Customers,8.10890283208014,Re-engagement Opportunity
12512,66,2,132.18,2,Low-Engagement / Dormant,,Standard
12513,113,1,612.29,2,Low-Engagement / Dormant,42.966175589849676,Standard
12514,267,2,1597.76,1,Lapsed Valuable Customers,3.413491850155695,Re-engagement Opportunity
12515,353,1,383.7,2,Low-Engagement / Dormant,1.6554468212462186,Standard
12516,78,4,2648.62,1,Lapsed Valuable Customers,66.00269443023913,Re-engagement Opportunity
12517,28,5,2481.6,3,Recent / Developing,220.96149874137632,Emerging High-Value
12518,1,5,2056.89,3,Recent / Developing,121.77157386567046,Emerging High-Value
12519,64,2,716.54,3,Recent / Developing,5.212249155812025,Standard
12520,79,5,2634.26,1,Lapsed Valuable Customers,222.2654113858063,Re-engagement Opportunity
12521,143,1,599.68,2,Low-Engagement / Dormant,14.257478754678607,Standard
12522,39,2,192.72,3,Recent / Developing,,Standard
12523,19,23,4352.35,0,High-Value Loyal,421.3162704817733,Protect / Retain
12524,9,17,11126.11,0,High-Value Loyal,276.30418104939497,Protect / Retain
12525,498,3,973.73,1,Lapsed Valuable Customers,0.8876890818886958,Re-engagement Opportunity
12526,1,3,1316.66,3,Recent / Developing,53.9333504419639,Standard
12527,82,5,735.51,1,Lapsed Valuable Customers,11.935771781464481,Re-engagement Opportunity
12528,9,6,1933.48,3,Recent / Developing,104.47362190468998,Emerging High-Value
12529,528,1,316.48,2,Low-Engagement / Dormant,1.003923195346022,Standard
12530,60,9,3759.26,0,High-Value Loyal,178.88905870700393,Protect / Retain
12531,15,2,1933.2,3,Recent / Developing,3.436515212120243,Standard
12532,30,1,349.83000000000004,3,Recent / Developing,,Standard
12533,628,2,1367.89,1,Lapsed Valuable Customers,1.286286975860741,Re-engagement Opportunity
12534,131,1,1089.18,2,Low-Engagement / Dormant,32.299061557589006,Standard
12535,92,2,716.35,3,Recent / Developing,12.548511978462745,Standard
12536,43,3,12601.830000000002,1,Lapsed Valuable Customers,,Re-engagement Opportunity
12537,409,1,732.94,2,Low-Engagement / Dormant,10.732529081672826,Standard
12538,29,2,640.45,3,Recent / Developing,8.750681797476034,Standard
12539,22,7,11214.75,0,High-Value Loyal,201.00267451718358,Protect / Retain
12540,20,33,22254.49,0,High-Value Loyal,2831.4051300159676,Protect / Retain
12541,30,3,981.18,3,Recent / Developing,47.987063964103584,Standard
12542,484,2,481.88,2,Low-Engagement / Dormant,0.5923434542997008,Standard
12543,448,1,980.25,2,Low-Engagement / Dormant,9.439297394616151,Standard
12544,36,1,372.7,3,Recent / Developing,,Standard
12545,75,2,1000.39,3,Recent / Developing,7.725781636403625,Standard
12546,47,2,1161.5,3,Recent / Developing,,Standard
12547,198,3,383.58,2,Low-Engagement / Dormant,2.0776135273503122,Standard
12548,166,1,95.19999999999999,2,Low-Engagement / Dormant,1.7601175972063918,Standard
12549,576,6,1575.68,1,Lapsed Valuable Customers,0.9183545991446054,Re-engagement Opportunity
12550,79,1,964.83,3,Recent / Developing,,Standard
12551,358,1,168.0,2,Low-Engagement / Dormant,1.7367126725899875,Standard
12552,39,2,437.82,3,Recent / Developing,,Standard
12553,8,12,4608.75,0,High-Value Loyal,483.59708791562906,Protect / Retain
12554,449,1,468.5,2,Low-Engagement / Dormant,4.015700590061476,Standard
12555,682,1,129.23,2,Low-Engagement / Dormant,0.10711592341937086,Standard
12556,50,2,599.56,3,Recent / Developing,67.08557684354894,Emerging High-Value
12557,16,8,18716.14,0,High-Value Loyal,976.3540477801317,Protect / Retain
12558,8,1,269.96,3,Recent / Developing,,Standard
12559,311,2,561.71,2,Low-Engagement / Dormant,3.0151809685496413,Standard
12560,5,3,2134.01,3,Recent / Developing,247.49431693839344,Emerging High-Value
12561,303,1,238.85,2,Low-Engagement / Dormant,2.666914160927665,Standard
12562,8,9,4966.92,0,High-Value Loyal,331.6512095411871,Protect / Retain
12563,409,1,249.24,2,Low-Engagement / Dormant,3.035331783035706,Standard
12564,261,1,456.9,2,Low-Engagement / Dormant,1.4223218261808153,Standard
12565,289,1,145.92,2,Low-Engagement / Dormant,0.8075091771856018,Standard
12566,86,1,351.65,2,Low-Engagement / Dormant,,Standard
12567,23,15,13709.86,0,High-Value Loyal,1471.143347026402,Protect / Retain
12568,645,1,70.0,2,Low-Engagement / Dormant,0.1723878286736653,Standard
12569,2,32,4124.69,0,High-Value Loyal,612.24364983988,Protect / Retain
12570,682,1,77.52,2,Low-Engagement / Dormant,0.11860520398421526,Standard
12571,40,2,519.61,3,Recent / Developing,65.0152137559235,Emerging High-Value
12572,9,2,1020.42,3,Recent / Developing,,Standard
12573,227,5,717.41,1,Lapsed Valuable Customers,8.157961642842228,Re-engagement Opportunity
12574,316,1,218.45,2,Low-Engagement / Dormant,2.5340559751876692,Standard
12575,457,2,622.8199999999999,2,Low-Engagement / Dormant,2.162049268534282,Standard
12576,36,8,2142.72,0,High-Value Loyal,71.44293121563712,Protect / Retain
12577,35,8,1617.1,1,Lapsed Valuable Customers,91.41228492455322,Re-engagement Opportunity
12578,21,4,4642.45,0,High-Value Loyal,40.64457863992608,Protect / Retain
12579,78,1,440.42,2,Low-Engagement / Dormant,,Standard
12580,247,2,1052.9,1,Lapsed Valuable Customers,1.762592780211212,Re-engagement Opportunity
12581,40,1,197.71,3,Recent / Developing,,Standard
12582,239,4,1980.4,1,Lapsed Valuable Customers,13.72829670210676,Re-engagement Opportunity
12583,3,27,14447.44,0,High-Value Loyal,1552.461577695936,Protect / Retain
12584,4,9,2338.15,0,High-Value Loyal,66.62845740210678,Protect / Retain
12585,234,2,2040.1,1,Lapsed Valuable Customers,9.494509736703161,Re-engagement Opportunity
12586,17,4,2062.67,3,Recent / Developing,16.99888713797365,Standard
12587,8,1,144.0,3,Recent / Developing,,Standard
12588,39,4,958.78,3,Recent / Developing,8.874760358670105,Standard
12589,29,8,4695.66,0,High-Value Loyal,104.42432970375592,Protect / Retain
12590,211,2,9864.26,1,Lapsed Valuable Customers,13.161115889956495,Re-engagement Opportunity
12591,317,3,1338.95,1,Lapsed Valuable Customers,7.598655760947078,Re-engagement Opportunity
12592,92,5,2582.66,1,Lapsed Valuable Customers,16.241350452305806,Re-engagement Opportunity
12593,109,3,418.09999999999997,2,Low-Engagement / Dormant,15.843403806813344,Standard
12594,38,15,5090.110000000001,0,High-Value Loyal,391.85035063168675,Protect / Retain
12595,505,1,299.02,2,Low-Engagement / Dormant,0.45117295176407785,Standard
12596,51,2,618.27,3,Recent / Developing,10.243261674002639,Standard
12597,19,4,3811.22,3,Recent / Developing,172.12952514845085,Emerging High-Value
12598,10,11,4534.09,0,High-Value Loyal,200.99864803216678,Protect / Retain
12599,29,13,2296.72,0,High-Value Loyal,86.74016566563685,Protect / Retain
12600,29,21,5043.92,0,High-Value Loyal,474.0562988711878,Protect / Retain
12601,190,6,681.26,1,Lapsed Valuable Customers,5.914365689665131,Re-engagement Opportunity
12602,59,1,153.12,2,Low-Engagement / Dormant,,Standard
12603,22,1,739.1999999999999,3,Recent / Developing,,Standard
12604,79,2,254.18,2,Low-Engagement / Dormant,2.5690803338524657,Standard
12605,376,4,1232.95,1,Lapsed Valuable Customers,4.415555453584654,Re-engagement Opportunity
12606,682,1,21.0,2,Low-Engagement / Dormant,0.25619028084222845,Standard
12607,60,1,1579.51,3,Recent / Developing,,Standard
12608,405,1,415.79,2,Low-Engagement / Dormant,1.6731731997586807,Standard
12609,78,9,3435.86,1,Lapsed Valuable Customers,150.46974328318296,Re-engagement Opportunity
12610,23,5,2099.54,3,Recent / Developing,283.2496836563978,Emerging High-Value
12611,52,1,1193.32,3,Recent / Developing,,Standard
12612,74,1,704.0400000000001,3,Recent / Developing,,Standard
12613,57,10,6817.37,0,High-Value Loyal,386.31654655563,Protect / Retain
12614,278,1,315.6,2,Low-Engagement / Dormant,1.4829424849392225,Standard
12615,2,8,5740.98,0,High-Value Loyal,172.31082550446425,Protect / Retain
12616,95,3,1131.1,1,Lapsed Valuable Customers,17.094866056012297,Re-engagement Opportunity
12617,29,1,352.98,3,Recent / Developing,,Standard
12618,22,1,177.31,3,Recent / Developing,,Standard
12619,16,10,3781.38,0,High-Value Loyal,60.36915431516634,Protect / Retain
12620,15,3,1339.41,3,Recent / Developing,24.63115028876014,Standard
12621,2,35,24775.81,0,High-Value Loyal,3198.3210549489077,Protect / Retain
12622,232,1,180.1,2,Low-Engagement / Dormant,1.9092610567589925,Standard
12623,276,7,3747.84,1,Lapsed Valuable Customers,20.71883339131996,Re-engagement Opportunity
12624,106,2,641.13,3,Recent / Developing,12.302011183073061,Standard
12625,212,4,5164.88,1,Lapsed Valuable Customers,32.504097756329976,Re-engagement Opportunity
12626,23,9,6620.48,0,High-Value Loyal,588.242028364587,Protect / Retain
12627,11,7,4478.53,0,High-Value Loyal,234.0135728337123,Protect / Retain
12628,4,3,786.46,3,Recent / Developing,,Standard
12629,386,2,1558.22,1,Lapsed Valuable Customers,5.094383592478508,Re-engagement Opportunity
12630,10,2,1270.88,3,Recent / Developing,,Standard
12631,57,6,3481.57,1,Lapsed Valuable Customers,11.512238001802913,Re-engagement Opportunity
12632,521,2,804.88,2,Low-Engagement / Dormant,0.7036495657814689,Standard
12633,59,7,5678.16,0,High-Value Loyal,159.97183362912725,Protect / Retain
12634,536,2,490.0,2,Low-Engagement / Dormant,0.5645324598672539,Standard
12635,90,4,2930.41,1,Lapsed Valuable Customers,103.8690378719064,Re-engagement Opportunity
12636,739,1,141.0,2,Low-Engagement / Dormant,0.7668551399318846,Standard
12637,67,12,8283.81,0,High-Value Loyal,522.0360045676015,Protect / Retain
12638,33,2,921.49,3,Recent / Developing,1.5999745129099474,Standard
12639,239,3,1312.37,1,Lapsed Valuable Customers,3.0304595276752315,Re-engagement Opportunity
12640,24,3,1174.58,3,Recent / Developing,,Standard
12641,115,1,185.9,2,Low-Engagement / Dormant,4.773007398335968,Standard
12642,25,3,1013.26,3,Recent / Developing,46.140108229134526,Standard
12643,128,12,8304.82,0,High-Value Loyal,98.26241773541527,Protect / Retain
12644,130,4,1918.49,1,Lapsed Valuable Customers,1.6870484517779887,Re-engagement Opportunity
12645,34,8,3539.3,0,High-Value Loyal,185.78650835291148,Protect / Retain
12646,5,2,1346.97,3,Recent / Developing,,Standard
12647,22,36,17924.35,0,High-Value Loyal,310.6598424583362,Protect / Retain
12648,155,4,1112.0,1,Lapsed Valuable Customers,10.910659980648742,Re-engagement Opportunity
12649,107,8,2294.65,1,Lapsed Valuable Customers,23.079056143413332,Re-engagement Opportunity
12650,3,1,314.44,3,Recent / Developing,,Standard
12651,335,4,377.75,2,Low-Engagement / Dormant,1.5678925675451354,Standard
12652,331,2,1017.03,1,Lapsed Valuable Customers,2.4705410516658737,Re-engagement Opportunity
12653,149,3,4160.83,1,Lapsed Valuable Customers,14.163465947640132,Re-engagement Opportunity
12654,11,5,601.98,3,Recent / Developing,7.517712017940804,Standard
12655,424,1,261.35,2,Low-Engagement / Dormant,2.285188891470103,Standard
12656,17,8,6407.83,0,High-Value Loyal,38.99574812633876,Protect / Retain
12657,11,4,1643.18,3,Recent / Developing,,Standard
12658,19,1,686.05,3,Recent / Developing,,Standard
12659,30,1,91.68,3,Recent / Developing,,Standard
12660,11,1,245.1,3,Recent / Developing,,Standard
12661,436,1,162.0,2,Low-Engagement / Dormant,0.9803664583336672,Standard
12662,1,20,6988.02,0,High-Value Loyal,738.1275913608577,Protect / Retain
12663,625,2,239.4,2,Low-Engagement / Dormant,0.17610137250048702,Standard
12664,8,11,6070.04,0,High-Value Loyal,109.25126417878539,Protect / Retain
12665,325,3,313.6,2,Low-Engagement / Dormant,2.299206439540313,Standard
12666,394,1,1248.42,2,Low-Engagement / Dormant,1.5551862564372894,Standard
12667,58,1,620.13,3,Recent / Developing,,Standard
12668,12,10,11383.03,0,High-Value Loyal,290.67439588714933,Protect / Retain
12669,151,3,2744.0299999999997,1,Lapsed Valuable Customers,62.22458862474959,Re-engagement Opportunity
12670,10,7,3760.29,0,High-Value Loyal,33.79995564575873,Protect / Retain
12671,606,1,2622.481,1,Lapsed Valuable Customers,0.15859195073827234,Re-engagement Opportunity
12672,330,2,437.05,2,Low-Engagement / Dormant,2.222485881406524,Standard
12673,5,3,1230.02,3,Recent / Developing,7.872707407969285,Standard
12674,39,4,1970.6,3,Recent / Developing,171.35531999149248,Emerging High-Value
12675,554,2,957.25,2,Low-Engagement / Dormant,3.2748134531951902,Standard
12676,25,11,2843.09,0,High-Value Loyal,186.8618349824111,Protect / Retain
12677,555,2,395.1,2,Low-Engagement / Dormant,0.2896897771077912,Standard
12678,42,21,34281.18,0,High-Value Loyal,2346.0807557726775,Protect / Retain
12679,59,4,1113.02,1,Lapsed Valuable Customers,25.494819511977788,Re-engagement Opportunity
12680,1,4,880.81,3,Recent / Developing,88.78329481746354,Emerging High-Value
12681,15,45,30868.28,0,High-Value Loyal,1263.7179688350823,Protect / Retain
12682,4,52,24025.51,0,High-Value Loyal,3486.0853111161564,Protect / Retain
12683,4,21,12696.78,0,High-Value Loyal,1390.63576822196,Protect / Retain
12684,8,7,2283.63,0,High-Value Loyal,151.93592595261867,Protect / Retain
12685,28,6,2863.08,0,High-Value Loyal,179.0716971764885,Protect / Retain
12686,372,1,178.28,2,Low-Engagement / Dormant,0.8900869194638817,Standard
12687,481,2,2138.91,1,Lapsed Valuable Customers,1.4178161798173432,Re-engagement Opportunity
12688,114,1,4873.8099999999995,1,Lapsed Valuable Customers,13.665316539600859,Re-engagement Opportunity
12689,26,2,1247.61,3,Recent / Developing,30.74895130358864,Standard
12690,206,1,389.01,2,Low-Engagement / Dormant,3.7292184921180533,Standard
12691,28,7,1170.4,3,Recent / Developing,42.29698516749781,Standard
12692,637,1,110.95,2,Low-Engagement / Dormant,0.3937879513171625,Standard
12693,127,7,1703.02,1,Lapsed Valuable Customers,11.025704687178003,Re-engagement Opportunity
12694,70,3,1843.35,1,Lapsed Valuable Customers,155.98015454994615,Re-engagement Opportunity
12695,7,7,1407.1200000000001,3,Recent / Developing,22.236911408451967,Standard
12696,435,2,851.91,2,Low-Engagement / Dormant,2.474833923872313,Standard
12697,29,3,957.59,3,Recent / Developing,17.813921238714684,Standard
12698,590,1,339.75,2,Low-Engagement / Dormant,0.5049603673922545,Standard
12699,418,1,638.11,2,Low-Engagement / Dormant,6.498985466323669,Standard
12700,8,4,4939.99,0,High-Value Loyal,212.80520102264325,Protect / Retain
12701,80,6,2446.41,1,Lapsed Valuable Customers,90.1423604824844,Re-engagement Opportunity
12702,20,1,219.0,3,Recent / Developing,,Standard
12703,71,4,1006.53,1,Lapsed Valuable Customers,6.790221115650133,Re-engagement Opportunity
12704,7,8,2340.84,0,High-Value Loyal,224.1989724637652,Protect / Retain
12705,15,14,11762.1,0,High-Value Loyal,1050.3542594531439,Protect / Retain
12707,292,1,603.42,2,Low-Engagement / Dormant,3.0971652914726344,Standard
12708,30,18,5314.1,0,High-Value Loyal,528.4686052527138,Protect / Retain
12709,15,34,30814.46,0,High-Value Loyal,3106.114994910995,Protect / Retain
12710,97,3,1149.02,1,Lapsed Valuable Customers,48.07877930833388,Re-engagement Opportunity
12711,612,2,1339.05,1,Lapsed Valuable Customers,0.6983394134798633,Re-engagement Opportunity
12712,29,21,7193.66,0,High-Value Loyal,702.2621045724866,Protect / Retain
12713,1,1,848.55,3,Recent / Developing,,Standard
12714,9,12,14093.71,0,High-Value Loyal,632.5449701837472,Protect / Retain
12715,106,1,343.36,2,Low-Engagement / Dormant,49.371997839550474,Standard
12716,4,2,1053.49,3,Recent / Developing,27.34615404739162,Standard
12717,151,3,1308.91,1,Lapsed Valuable Customers,4.252202623757892,Re-engagement Opportunity
12718,71,1,238.25,2,Low-Engagement / Dormant,,Standard
12719,5,2,644.95,3,Recent / Developing,,Standard
12720,3,30,8260.67,0,High-Value Loyal,1440.6098416020745,Protect / Retain
12721,32,8,4013.08,0,High-Value Loyal,193.1862871069322,Protect / Retain
12722,85,4,997.63,1,Lapsed Valuable Customers,162.01913821035518,Re-engagement Opportunity
12723,4,5,725.07,3,Recent / Developing,,Standard
12724,5,7,2317.52,0,High-Value Loyal,75.15008219637564,Protect / Retain
12725,371,4,2694.56,1,Lapsed Valuable Customers,17.099896003544917,Re-engagement Opportunity
12726,28,11,4014.6,0,High-Value Loyal,210.25697210857683,Protect / Retain
12727,11,10,5679.53,0,High-Value Loyal,147.54163403862202,Protect / Retain
12728,71,5,1070.17,1,Lapsed Valuable Customers,9.530315953056986,Re-engagement Opportunity
12729,114,1,453.01,2,Low-Engagement / Dormant,25.0429100153429,Standard
12730,522,1,829.25,2,Low-Engagement / Dormant,2.846145476919552,Standard
12731,24,17,25775.71,0,High-Value Loyal,2141.734132299545,Protect / Retain
12732,180,1,236.26000000000002,2,Low-Engagement / Dormant,5.567252537118171,Standard
12733,234,4,2424.87,1,Lapsed Valuable Customers,9.364251354742624,Re-engagement Opportunity
12734,353,3,639.65,1,Lapsed Valuable Customers,3.8995197255884384,Re-engagement Opportunity
12735,315,2,779.5699999999999,2,Low-Engagement / Dormant,5.188717276060476,Standard
12736,333,1,234.0,2,Low-Engagement / Dormant,2.491259586692439,Standard
12737,499,2,3710.5,1,Lapsed Valuable Customers,0.5233474124273954,Re-engagement Opportunity
12738,372,1,310.7,2,Low-Engagement / Dormant,2.556412553140344,Standard
12739,78,4,2726.73,1,Lapsed Valuable Customers,19.87557216800844,Re-engagement Opportunity
12740,64,1,427.6,3,Recent / Developing,,Standard
12741,529,2,406.07,2,Low-Engagement / Dormant,1.0188847957723748,Standard
12742,626,1,1201.52,2,Low-Engagement / Dormant,0.5134662562429156,Standard
12743,134,2,540.13,2,Low-Engagement / Dormant,18.93668332394237,Standard
12744,52,11,25317.06,0,High-Value Loyal,3016.890644469658,Protect / Retain
12745,487,3,925.41,1,Lapsed Valuable Customers,0.46700144871661375,Re-engagement Opportunity
12746,541,1,254.55,2,Low-Engagement / Dormant,0.7615495746187657,Standard
12747,2,26,9257.039999999999,0,High-Value Loyal,860.50361804315,Protect / Retain
12748,1,336,55511.09,0,High-Value Loyal,8075.290818871444,Protect / Retain
12749,4,9,6897.36,0,High-Value Loyal,393.3159239351935,Protect / Retain
12750,129,1,275.88,2,Low-Engagement / Dormant,35.9315698540341,Standard
12751,445,1,268.27,2,Low-Engagement / Dormant,5.220547892573678,Standard
12752,81,1,4366.78,1,Lapsed Valuable Customers,,Re-engagement Opportunity
12753,23,6,21429.39,0,High-Value Loyal,1547.523681551371,Protect / Retain
12754,236,3,3010.74,1,Lapsed Valuable Customers,10.40894094968603,Re-engagement Opportunity
12755,281,11,9030.66,1,Lapsed Valuable Customers,16.85053607163701,Re-engagement Opportunity
12756,87,1,112.07999999999998,2,Low-Engagement / Dormant,,Standard
12757,16,13,7834.650000000001,0,High-Value Loyal,379.9047772112209,Protect / Retain
12758,117,7,9903.24,1,Lapsed Valuable Customers,69.21862862292089,Re-engagement Opportunity
12759,52,8,5020.74,0,High-Value Loyal,336.6970612453889,Protect / Retain
12760,456,1,347.8,2,Low-Engagement / Dormant,3.792746919325146,Standard
12761,458,2,782.95,2,Low-Engagement / Dormant,1.9902747522568993,Standard
12762,8,2,1898.52,3,Recent / Developing,,Standard
12763,138,2,814.16,1,Lapsed Valuable Customers,10.244739818806272,Re-engagement Opportunity
12764,317,1,1693.88,1,Lapsed Valuable Customers,1.9123733643344498,Re-engagement Opportunity
12765,472,6,1404.58,1,Lapsed Valuable Customers,1.528402425470557,Re-engagement Opportunity
12766,4,9,10068.28,0,High-Value Loyal,856.931743328845,Protect / Retain
12767,376,1,949.82,2,Low-Engagement / Dormant,2.082538311254507,Standard
12768,451,1,168.69000000000003,2,Low-Engagement / Dormant,1.5862466077371284,Standard
12769,239,1,1143.6,2,Low-Engagement / Dormant,1.6397513126054584,Standard
12770,211,2,3246.45,1,Lapsed Valuable Customers,5.290092652868975,Re-engagement Opportunity
12771,486,1,282.3,2,Low-Engagement / Dormant,0.9661082841444693,Standard
12772,60,1,892.47,3,Recent / Developing,,Standard
12773,564,1,124.25,2,Low-Engagement / Dormant,0.41792805421591256,Standard
12774,536,1,98.7,2,Low-Engagement / Dormant,0.2720587545602438,Standard
12775,17,7,1686.12,0,High-Value Loyal,130.08222303262556,Protect / Retain
12776,668,1,55.5,2,Low-Engagement / Dormant,0.20218538206513129,Standard
12777,458,1,519.45,2,Low-Engagement / Dormant,1.396799872401374,Standard
12778,20,9,1775.68,0,High-Value Loyal,82.43839829994637,Protect / Retain
12779,38,14,6722.2699999999995,0,High-Value Loyal,469.9759705788462,Protect / Retain
12780,599,1,337.4,2,Low-Engagement / Dormant,0.16413145139649835,Standard
12781,64,2,826.74,3,Recent / Developing,7.038917807314212,Standard
12782,5,11,4618.24,0,High-Value Loyal,407.57028129707567,Protect / Retain
12783,2,6,2225.91,0,High-Value Loyal,,Protect / Retain
12784,9,3,1763.15,3,Recent / Developing,7.53750977653799,Standard
12785,364,3,1100.4,1,Lapsed Valuable Customers,3.4769337663246596,Re-engagement Opportunity
12786,610,1,728.5,2,Low-Engagement / Dormant,0.9426853096367194,Standard
12787,10,4,862.18,3,Recent / Developing,35.46116976772001,Standard
12788,463,4,444.9,2,Low-Engagement / Dormant,0.9627560996192358,Standard
12789,65,3,273.35,3,Recent / Developing,3.944441740820163,Standard
12790,192,2,591.85,2,Low-Engagement / Dormant,8.52757970129978,Standard
12791,374,6,1056.1100000000001,1,Lapsed Valuable Customers,2.800165433096343,Re-engagement Opportunity
12792,257,2,827.01,1,Lapsed Valuable Customers,3.0986890574070225,Re-engagement Opportunity
12793,335,3,1017.33,1,Lapsed Valuable Customers,5.0329035873224806,Re-engagement Opportunity
12794,53,2,860.41,3,Recent / Developing,102.78385667269609,Emerging High-Value
12795,19,1,430.48,3,Recent / Developing,,Standard
12796,628,1,381.0,2,Low-Engagement / Dormant,0.12900080526136937,Standard
12797,366,2,806.11,2,Low-Engagement / Dormant,3.4524195606665806,Standard
12798,10,4,8510.93,0,High-Value Loyal,150.39120987826024,Protect / Retain
12799,529,1,219.35,2,Low-Engagement / Dormant,0.3574994816965332,Standard
12800,470,3,584.25,2,Low-Engagement / Dormant,0.8854965276730896,Standard
12801,501,1,1071.82,2,Low-Engagement / Dormant,0.8616009190337719,Standard
12802,187,7,2416.42,1,Lapsed Valuable Customers,44.187427585912765,Re-engagement Opportunity
12803,393,1,1092.81,2,Low-Engagement / Dormant,4.120148827267262,Standard
12804,466,2,325.37,2,Low-Engagement / Dormant,0.8984703314212978,Standard
12805,382,4,1434.95,1,Lapsed Valuable Customers,2.8629578974608836,Re-engagement Opportunity
12806,435,4,2878.96,1,Lapsed Valuable Customers,5.7134444973085055,Re-engagement Opportunity
12807,383,1,330.35,2,Low-Engagement / Dormant,1.5319799722338394,Standard
12808,37,5,906.1,3,Recent / Developing,16.981140990439606,Standard
12809,178,3,1755.94,1,Lapsed Valuable Customers,3.485479590048461,Re-engagement Opportunity
12810,535,2,534.99,2,Low-Engagement / Dormant,1.030738379423521,Standard
12811,261,5,1033.9,1,Lapsed Valuable Customers,6.771491644549339,Re-engagement Opportunity
12812,45,1,229.64000000000001,3,Recent / Developing,,Standard
12813,502,3,1687.8,1,Lapsed Valuable Customers,0.4430309185456458,Re-engagement Opportunity
12814,102,1,125.92,2,Low-Engagement / Dormant,10.243872105834173,Standard
12815,148,2,1063.46,1,Lapsed Valuable Customers,14.700100161440963,Re-engagement Opportunity
12816,96,2,572.2,3,Recent / Developing,16.068909638056333,Standard
12817,281,3,690.98,1,Lapsed Valuable Customers,4.505122742503357,Re-engagement Opportunity
12818,262,1,1542.08,1,Lapsed Valuable Customers,2.750843430140044,Re-engagement Opportunity
12819,458,1,540.52,2,Low-Engagement / Dormant,1.6483736572277528,Standard
12820,3,11,2689.52,0,High-Value Loyal,76.41986051141538,Protect / Retain
12821,214,2,220.8,2,Low-Engagement / Dormant,3.369079002164718,Standard
12822,71,2,948.88,3,Recent / Developing,,Standard
12823,75,18,6501.5,0,High-Value Loyal,136.91078362516575,Protect / Retain
12824,60,1,397.12,3,Recent / Developing,,Standard
12825,521,2,518.63,2,Low-Engagement / Dormant,0.6454288671445408,Standard
12826,3,12,2955.75,0,High-Value Loyal,156.920166146447,Protect / Retain
12827,6,3,430.15000000000003,3,Recent / Developing,,Standard
12828,3,6,1018.71,3,Recent / Developing,197.28869080857055,Emerging High-Value
12829,337,3,385.3,2,Low-Engagement / Dormant,4.110982588331889,Standard
12830,38,6,6814.64,0,High-Value Loyal,280.1531044001235,Protect / Retain
12831,262,3,451.11,2,Low-Engagement / Dormant,3.42175467147212,Standard
12832,32,2,383.03,3,Recent / Developing,118.64107144767287,Emerging High-Value
12833,145,1,417.38,2,Low-Engagement / Dormant,18.75763395078393,Standard
12834,283,1,312.38,2,Low-Engagement / Dormant,2.2865946554188357,Standard
12835,428,41,5996.83,0,High-Value Loyal,1.5701188497370653,Protect / Retain
12836,59,15,6559.7300000000005,0,High-Value Loyal,455.5039196656075,Protect / Retain
12837,173,2,662.66,2,Low-Engagement / Dormant,6.20845486429569,Standard
12838,34,10,3366.7,0,High-Value Loyal,44.03253388532491,Protect / Retain
12839,3,26,10071.73,0,High-Value Loyal,1507.6247145440054,Protect / Retain
12840,144,7,4041.97,1,Lapsed Valuable Customers,91.30568460355283,Re-engagement Opportunity
12841,5,40,7464.19,0,High-Value Loyal,1026.3226448542855,Protect / Retain
12842,70,4,1917.99,1,Lapsed Valuable Customers,9.6838504843848,Re-engagement Opportunity
12843,66,30,6583.36,0,High-Value Loyal,174.31525233272782,Protect / Retain
12844,29,4,648.6,3,Recent / Developing,13.491602377759909,Standard
12845,267,4,354.09,2,Low-Engagement / Dormant,2.117385244144233,Standard
12846,682,1,15.58,2,Low-Engagement / Dormant,0.2598338756640138,Standard
12847,22,2,1609.0,3,Recent / Developing,26.649951715162846,Standard
12848,676,1,208.0,2,Low-Engagement / Dormant,0.1991021948324108,Standard
12849,31,6,3042.47,0,High-Value Loyal,65.8399081917223,Protect / Retain
12850,446,1,330.0,2,Low-Engagement / Dormant,7.7667278231055885,Standard
12851,97,2,280.76,2,Low-Engagement / Dormant,6.598704060986823,Standard
12852,295,1,311.55,2,Low-Engagement / Dormant,2.2699476974966584,Standard
12853,135,11,3907.5,1,Lapsed Valuable Customers,113.01386603794936,Re-engagement Opportunity
12854,79,7,2970.9700000000003,1,Lapsed Valuable Customers,95.8015047970966,Re-engagement Opportunity
12855,373,4,650.9399999999999,1,Lapsed Valuable Customers,6.198462759986553,Re-engagement Opportunity
12856,8,6,2170.78,0,High-Value Loyal,,Protect / Retain
12857,211,6,3688.0,1,Lapsed Valuable Customers,38.30906742764427,Re-engagement Opportunity
12858,383,1,147.27,2,Low-Engagement / Dormant,1.1637766310001287,Standard
12859,459,1,575.1,2,Low-Engagement / Dormant,1.9002094563552456,Standard
12860,693,1,54.22,2,Low-Engagement / Dormant,0.2057973961240282,Standard
12861,620,1,68.25,2,Low-Engagement / Dormant,0.5055493805386804,Standard
12862,426,2,984.62,1,Lapsed Valuable Customers,2.3782231407741903,Re-engagement Opportunity
12863,52,6,2792.5499999999997,1,Lapsed Valuable Customers,25.60167600350745,Re-engagement Opportunity
12864,138,2,299.57,2,Low-Engagement / Dormant,5.986916086488474,Standard
12865,26,4,3323.47,3,Recent / Developing,131.24843559925034,Emerging High-Value
12866,283,3,1227.35,1,Lapsed Valuable Customers,4.554636039142744,Re-engagement Opportunity
12867,26,13,7829.26,0,High-Value Loyal,570.9838643005188,Protect / Retain
12868,186,8,2247.06,1,Lapsed Valuable Customers,40.85546272281296,Re-engagement Opportunity
12869,682,1,337.66999999999996,2,Low-Engagement / Dormant,0.2725413968240934,Standard
12870,375,3,1676.95,1,Lapsed Valuable Customers,5.137164234517711,Re-engagement Opportunity
12871,84,3,744.02,1,Lapsed Valuable Customers,17.06337470854147,Re-engagement Opportunity
12872,327,12,3662.4900000000002,1,Lapsed Valuable Customers,19.686988409708004,Re-engagement Opportunity
12873,282,3,2027.3,1,Lapsed Valuable Customers,4.396615724853643,Re-engagement Opportunity
12874,385,2,948.42,1,Lapsed Valuable Customers,2.345140158602348,Re-engagement Opportunity
12875,143,5,1356.99,1,Lapsed Valuable Customers,13.043389163242646,Re-engagement Opportunity
12876,58,4,4081.79,1,Lapsed Valuable Customers,134.57921828104827,Re-engagement Opportunity
12877,4,20,2942.14,0,High-Value Loyal,197.6198875512207,Protect / Retain
12878,236,2,854.99,1,Lapsed Valuable Customers,4.157722565684241,Re-engagement Opportunity
12879,45,3,573.22,3,Recent / Developing,26.834532258963897,Standard
12880,382,2,640.13,2,Low-Engagement / Dormant,3.444864791027145,Standard
12881,276,1,298.0,2,Low-Engagement / Dormant,2.5218448293345253,Standard
12882,9,2,1463.04,3,Recent / Developing,,Standard
12883,25,4,703.47,3,Recent / Developing,,Standard
12884,88,1,309.05,2,Low-Engagement / Dormant,,Standard
12885,63,3,1175.22,1,Lapsed Valuable Customers,40.395430739223556,Re-engagement Opportunity
12886,68,2,1378.4,3,Recent / Developing,17.502295907388586,Standard
12887,384,1,222.4,2,Low-Engagement / Dormant,4.474154180339973,Standard
12888,214,2,354.12,2,Low-Engagement / Dormant,3.4222679631463877,Standard
12889,381,4,385.46000000000004,2,Low-Engagement / Dormant,1.9078795525338406,Standard
12890,24,2,706.02,3,Recent / Developing,3.7225662690390915,Standard
12891,186,11,840.5,1,Lapsed Valuable Customers,4.635340156996795,Re-engagement Opportunity
12892,397,1,263.38,2,Low-Engagement / Dormant,3.3458531686091337,Standard
12893,31,1,176.55,3,Recent / Developing,,Standard
12894,575,1,157.35,2,Low-Engagement / Dormant,0.9836914652251675,Standard
12895,42,2,372.8,3,Recent / Developing,,Standard
12897,205,4,514.25,1,Lapsed Valuable Customers,4.115339281148328,Re-engagement Opportunity
12898,464,2,296.21000000000004,2,Low-Engagement / Dormant,0.4669548184238468,Standard
12899,414,1,366.4,2,Low-Engagement / Dormant,1.3354942508803864,Standard
12900,422,1,340.33,2,Low-Engagement / Dormant,1.4657739955181386,Standard
12901,9,28,17654.54,0,High-Value Loyal,3096.11782867354,Protect / Retain
12902,265,1,138.68,2,Low-Engagement / Dormant,1.6247765354486599,Standard
12903,429,1,833.53,2,Low-Engagement / Dormant,3.1260550011071278,Standard
12904,18,2,496.06,3,Recent / Developing,26.21279130526174,Standard
12905,577,2,1018.42,1,Lapsed Valuable Customers,1.2534080808060222,Re-engagement Opportunity
12906,12,5,2919.81,0,High-Value Loyal,,Protect / Retain
12907,396,2,508.91,2,Low-Engagement / Dormant,2.4575539555014747,Standard
12908,176,5,1776.0,1,Lapsed Valuable Customers,10.480312520235127,Re-engagement Opportunity
12909,40,8,3103.19,0,High-Value Loyal,104.63285376119794,Protect / Retain
12910,23,13,5796.52,0,High-Value Loyal,180.02126550121497,Protect / Retain
12911,552,1,1651.72,2,Low-Engagement / Dormant,1.8840081164088183,Standard
12912,3,5,1662.3,3,Recent / Developing,,Standard
12913,5,13,6700.860000000001,0,High-Value Loyal,102.8247185283443,Protect / Retain
12914,401,1,223.98,2,Low-Engagement / Dormant,3.6877226458256134,Standard
12915,149,4,1174.75,1,Lapsed Valuable Customers,10.337204167745206,Re-engagement Opportunity
12916,139,7,4479.73,1,Lapsed Valuable Customers,77.89751777245553,Re-engagement Opportunity
12917,128,6,4359.2,1,Lapsed Valuable Customers,36.15729520827642,Re-engagement Opportunity
12918,626,1,10953.5,1,Lapsed Valuable Customers,0.13135642114311682,Re-engagement Opportunity
12919,8,6,1335.19,3,Recent / Developing,97.98650523230579,Emerging High-Value
12920,17,4,486.64,3,Recent / Developing,2.1433905671384395,Standard
12921,9,74,35921.04,0,High-Value Loyal,4825.583904757424,Protect / Retain
12922,161,1,405.38,2,Low-Engagement / Dormant,12.309807329236133,Standard
12923,64,3,770.42,3,Recent / Developing,5.345328087626347,Standard
12924,88,12,2469.4,1,Lapsed Valuable Customers,131.96555966461696,Re-engagement Opportunity
12925,5,3,729.3299999999999,3,Recent / Developing,3.143187887832579,Standard
12926,411,4,1523.97,1,Lapsed Valuable Customers,3.547681150501991,Re-engagement Opportunity
12927,395,1,197.31,2,Low-Engagement / Dormant,3.115304265487657,Standard
12928,35,12,4304.89,0,High-Value Loyal,259.8009355650603,Protect / Retain
12929,312,1,117.85,2,Low-Engagement / Dormant,0.6022061547430886,Standard
12930,78,2,415.8,3,Recent / Developing,22.41366456946291,Standard
12931,22,57,92347.34,0,High-Value Loyal,12330.243325051635,Protect / Retain
12932,539,8,1698.56,1,Lapsed Valuable Customers,1.2652487229931424,Re-engagement Opportunity
12933,24,8,1636.6299999999999,0,High-Value Loyal,81.58325145791952,Protect / Retain
12934,737,1,181.65,2,Low-Engagement / Dormant,0.9371644186871297,Standard
12935,2,15,4243.86,0,High-Value Loyal,386.3177840458048,Protect / Retain
12936,17,4,1063.9,3,Recent / Developing,,Standard
12937,15,9,3097.61,0,High-Value Loyal,76.07910028055866,Protect / Retain
12938,26,1,114.14,3,Recent / Developing,,Standard
12939,64,20,25264.8,0,High-Value Loyal,673.6394740848468,Protect / Retain
12940,55,2,899.69,3,Recent / Developing,,Standard
12941,724,1,377.49,2,Low-Engagement / Dormant,0.34650036329602374,Standard
12942,131,3,934.35,1,Lapsed Valuable Customers,24.86268831624594,Re-engagement Opportunity
12943,558,2,496.5,2,Low-Engagement / Dormant,0.5910051513340331,Standard
12944,36,2,604.51,3,Recent / Developing,7.6122675441102885,Standard
12945,288,2,900.11,1,Lapsed Valuable Customers,2.30751472947785,Re-engagement Opportunity
12946,437,1,324.45,2,Low-Engagement / Dormant,2.4832462225837193,Standard
12947,144,6,1908.03,1,Lapsed Valuable Customers,25.719301948946182,Re-engagement Opportunity
12948,16,9,2317.43,0,High-Value Loyal,80.60522718898416,Protect / Retain
12949,31,22,15526.7,0,High-Value Loyal,1313.1182715673986,Protect / Retain
12950,2,3,1843.0,3,Recent / Developing,,Standard
12951,9,15,3213.7200000000003,0,High-Value Loyal,142.53256553131442,Protect / Retain
12952,6,4,1387.79,3,Recent / Developing,,Standard
12953,10,2,828.8100000000001,3,Recent / Developing,10.809459439296798,Standard
12954,639,1,162.45,2,Low-Engagement / Dormant,0.22098053449853894,Standard
12955,1,11,4757.16,0,High-Value Loyal,582.4034727287668,Protect / Retain
12956,306,4,521.89,1,Lapsed Valuable Customers,4.274060095493214,Re-engagement Opportunity
12957,10,13,8706.97,0,High-Value Loyal,686.5430198937747,Protect / Retain
12958,400,2,467.34,2,Low-Engagement / Dormant,2.176014510164859,Standard
12959,484,1,150.95,2,Low-Engagement / Dormant,0.21897725178397248,Standard
12960,414,4,1322.07,1,Lapsed Valuable Customers,3.3418590975048597,Re-engagement Opportunity
12961,379,1,211.99,2,Low-Engagement / Dormant,2.957497349367566,Standard
12962,7,2,266.39,3,Recent / Developing,7.155898808278954,Standard
12963,8,12,3601.59,0,High-Value Loyal,61.54969826294882,Protect / Retain
12964,437,1,132.24,2,Low-Engagement / Dormant,1.250234753949857,Standard
12965,89,1,769.8100000000001,3,Recent / Developing,,Standard
12966,10,1,160.18,3,Recent / Developing,,Standard
12967,358,3,4306.92,1,Lapsed Valuable Customers,6.601546987728523,Re-engagement Opportunity
12968,112,1,135.95,2,Low-Engagement / Dormant,9.72179828405176,Standard
12969,603,1,122.45,2,Low-Engagement / Dormant,0.216403605523584,Standard
12970,7,10,1453.6,0,High-Value Loyal,78.84580892551584,Protect / Retain
12971,4,116,15972.79,0,High-Value Loyal,2671.0002101669957,Protect / Retain
12972,414,4,1161.2,1,Lapsed Valuable Customers,2.6105394452949984,Re-engagement Opportunity
12973,414,1,385.55,2,Low-Engagement / Dormant,0.9606577863230483,Standard
12974,198,2,408.95,2,Low-Engagement / Dormant,2.8415701931506208,Standard
12975,437,6,2100.09,1,Lapsed Valuable Customers,8.40311947939591,Re-engagement Opportunity
12976,212,8,3156.38,1,Lapsed Valuable Customers,39.905821231512284,Re-engagement Opportunity
12977,156,4,513.88,1,Lapsed Valuable Customers,5.317105426348195,Re-engagement Opportunity
12978,385,5,2502.82,1,Lapsed Valuable Customers,14.382869457781457,Re-engagement Opportunity
12979,729,1,517.7,2,Low-Engagement / Dormant,1.3567815072662746,Standard
12980,158,21,16245.78,0,High-Value Loyal,86.4675646201492,Protect / Retain
12981,30,2,372.21999999999997,3,Recent / Developing,11.787905450202903,Standard
12982,243,8,2744.81,1,Lapsed Valuable Customers,47.19717142287536,Re-engagement Opportunity
12983,598,1,490.08000000000004,2,Low-Engagement / Dormant,1.5166144546315097,Standard
12984,19,1,97.5,3,Recent / Developing,,Standard
12985,1,2,1239.38,3,Recent / Developing,,Standard
12986,429,10,2729.84,1,Lapsed Valuable Customers,9.635136853709758,Re-engagement Opportunity
12987,74,5,1312.21,1,Lapsed Valuable Customers,13.711766767363503,Re-engagement Opportunity
12988,292,1,505.82,2,Low-Engagement / Dormant,2.7526179872449412,Standard
12989,3,33,13551.75,0,High-Value Loyal,725.2448363204609,Protect / Retain
12990,31,7,955.5,3,Recent / Developing,13.79697559631403,Standard
12991,23,3,764.82,3,Recent / Developing,66.83838093792943,Emerging High-Value
12992,725,1,93.35000000000001,2,Low-Engagement / Dormant,0.1640902272483759,Standard
12993,23,8,1259.6299999999999,3,Recent / Developing,27.240154247503234,Standard
12994,4,3,974.4200000000001,3,Recent / Developing,35.38836681108508,Standard
12995,85,1,211.32,2,Low-Engagement / Dormant,,Standard
12996,376,1,355.5,2,Low-Engagement / Dormant,1.453700393174103,Standard
12997,22,8,2110.91,0,High-Value Loyal,15.611794304061052,Protect / Retain
12998,493,3,920.08,1,Lapsed Valuable Customers,0.7786235108041701,Re-engagement Opportunity
12999,196,3,455.88,2,Low-Engagement / Dormant,5.170688753213367,Standard
13000,107,4,1032.5,1,Lapsed Valuable Customers,6.191113431924616,Re-engagement Opportunity
13001,4,33,24042.65,0,High-Value Loyal,790.6218044815746,Protect / Retain
13002,318,3,414.13,2,Low-Engagement / Dormant,1.9742981175555503,Standard
13003,106,3,149.05,2,Low-Engagement / Dormant,3.203123976003784,Standard
13004,12,36,11650.85,0,High-Value Loyal,1483.008485752363,Protect / Retain
13005,174,4,999.68,1,Lapsed Valuable Customers,9.60469359757416,Re-engagement Opportunity
13006,56,1,81.57,2,Low-Engagement / Dormant,,Standard
13007,580,1,175.25,2,Low-Engagement / Dormant,0.20150250095631705,Standard
13008,323,3,612.13,1,Lapsed Valuable Customers,6.540380453368167,Re-engagement Opportunity
13009,673,1,234.0,2,Low-Engagement / Dormant,0.2621416752481177,Standard
13010,374,2,330.12,2,Low-Engagement / Dormant,3.042357732571697,Standard
13011,372,1,101.10000000000001,2,Low-Engagement / Dormant,0.39143846206458843,Standard
13012,9,11,2957.83,0,High-Value Loyal,118.67686160814343,Protect / Retain
13013,1,29,12625.77,0,High-Value Loyal,1665.7472844076472,Protect / Retain
13014,11,11,5381.08,0,High-Value Loyal,433.1406741487002,Protect / Retain
13015,53,11,6579.78,0,High-Value Loyal,240.62823786813954,Protect / Retain
13016,73,3,789.89,3,Recent / Developing,37.40683609032203,Standard
13017,7,1,204.0,3,Recent / Developing,,Standard
13018,16,35,9763.16,0,High-Value Loyal,1449.8603290655258,Protect / Retain
13019,379,6,1229.95,1,Lapsed Valuable Customers,3.205098045509523,Re-engagement Opportunity
13020,563,2,618.96,2,Low-Engagement / Dormant,3.037797662873141,Standard
13021,4,17,4887.24,0,High-Value Loyal,376.43534104941983,Protect / Retain
13022,430,1,65.3,2,Low-Engagement / Dormant,0.1257691590574964,Standard
13023,64,3,1449.03,1,Lapsed Valuable Customers,8.290437343735162,Re-engagement Opportunity
13024,471,2,555.87,2,Low-Engagement / Dormant,0.7963275966846273,Standard
13025,732,1,323.39,2,Low-Engagement / Dormant,0.12817527113376317,Standard
13026,1,9,1733.08,0,High-Value Loyal,25.497332834129086,Protect / Retain
13027,114,19,17239.2,0,High-Value Loyal,245.4977598433496,Protect / Retain
13028,23,2,661.3199999999999,3,Recent / Developing,,Standard
13029,31,5,1927.3,3,Recent / Developing,33.08365960602221,Standard
13030,11,2,1154.8,3,Recent / Developing,10.652940465465097,Standard
13031,407,5,3292.84,1,Lapsed Valuable Customers,8.167154381885567,Re-engagement Opportunity
13032,52,9,2815.96,0,High-Value Loyal,46.06268249167754,Protect / Retain
13033,357,2,220.55,2,Low-Engagement / Dormant,3.2099888227004776,Standard
13034,55,3,922.68,3,Recent / Developing,4.285003180329532,Standard
13035,74,3,1364.2,1,Lapsed Valuable Customers,11.03726560921777,Re-engagement Opportunity
13036,685,1,307.1,2,Low-Engagement / Dormant,0.1617137817911089,Standard
13037,138,12,3914.9500000000003,1,Lapsed Valuable Customers,115.18295331857475,Re-engagement Opportunity
13038,80,3,908.46,1,Lapsed Valuable Customers,19.520225418206167,Re-engagement Opportunity
13039,584,4,1010.73,1,Lapsed Valuable Customers,0.8689948332269821,Re-engagement Opportunity
13040,9,2,676.99,3,Recent / Developing,,Standard
13041,451,4,799.13,1,Lapsed Valuable Customers,3.2103708520930323,Re-engagement Opportunity
13042,598,3,1488.59,1,Lapsed Valuable Customers,1.6649406445434392,Re-engagement Opportunity
13043,273,1,516.42,2,Low-Engagement / Dormant,1.6600498408107607,Standard
13044,291,11,4848.05,1,Lapsed Valuable Customers,11.391686031976903,Re-engagement Opportunity
13045,99,3,808.92,1,Lapsed Valuable Customers,4.132926230686235,Re-engagement Opportunity
13046,31,3,949.25,3,Recent / Developing,5.780183624097607,Standard
13047,32,24,8795.16,0,High-Value Loyal,735.8883143592259,Protect / Retain
13048,14,9,4049.13,0,High-Value Loyal,216.58206056980248,Protect / Retain
13049,64,4,1408.24,1,Lapsed Valuable Customers,7.7555903260827765,Re-engagement Opportunity
13050,15,35,12314.53,0,High-Value Loyal,1622.4553413974718,Protect / Retain
13051,579,2,155.8,2,Low-Engagement / Dormant,0.5100980775229589,Standard
13052,212,7,3119.33,1,Lapsed Valuable Customers,28.10679700315921,Re-engagement Opportunity
13053,622,1,127.65,2,Low-Engagement / Dormant,0.31091329661187495,Standard
13055,78,4,2321.11,1,Lapsed Valuable Customers,81.79739282570439,Re-engagement Opportunity
13056,551,1,209.48,2,Low-Engagement / Dormant,0.11889399264692382,Standard
13057,530,3,709.59,1,Lapsed Valuable Customers,2.1547098262691238,Re-engagement Opportunity
13058,25,3,271.40000000000003,3,Recent / Developing,19.902444424881747,Standard
13059,250,10,2291.77,1,Lapsed Valuable Customers,26.753449464974775,Re-engagement Opportunity
13060,254,1,307.53,2,Low-Engagement / Dormant,3.298573097490369,Standard
13061,72,1,248.61,2,Low-Engagement / Dormant,,Standard
13062,191,1,346.98,2,Low-Engagement / Dormant,1.8738663637367405,Standard
13063,481,1,188.4,2,Low-Engagement / Dormant,0.22193712921582784,Standard
13064,13,6,1666.8400000000001,3,Recent / Developing,51.93089607786375,Standard
13065,373,5,1260.91,1,Lapsed Valuable Customers,3.506920609546496,Re-engagement Opportunity
13066,24,2,470.8,3,Recent / Developing,,Standard
13067,82,3,508.51,3,Recent / Developing,2.85220821510372,Standard
13068,10,2,344.0,3,Recent / Developing,2.507164962701478,Standard
13069,1,38,9616.95,0,High-Value Loyal,473.25858883748367,Protect / Retain
13070,192,4,751.7,1,Lapsed Valuable Customers,10.636329769328665,Re-engagement Opportunity
13071,612,1,129.22,2,Low-Engagement / Dormant,0.48060570019459736,Standard
13072,267,1,177.15,2,Low-Engagement / Dormant,0.9400052890474296,Standard
13073,411,2,418.08,2,Low-Engagement / Dormant,1.724284274368059,Standard
13074,511,4,1378.74,1,Lapsed Valuable Customers,1.8844979303807021,Re-engagement Opportunity
13075,130,1,919.61,2,Low-Engagement / Dormant,19.824702991361562,Standard
13076,458,1,135.4,2,Low-Engagement / Dormant,1.1322070568995222,Standard
13077,1,11,3054.37,0,High-Value Loyal,71.2942011167995,Protect / Retain
13078,3,57,29532.45,0,High-Value Loyal,4014.3645479048337,Protect / Retain
13079,4,6,419.18,3,Recent / Developing,12.66243324616672,Standard
13080,179,4,280.73,2,Low-Engagement / Dormant,1.6396106726274333,Standard
13081,12,28,59205.15,0,High-Value Loyal,8001.534894277641,Protect / Retain
13082,126,21,7335.75,0,High-Value Loyal,253.86349014316775,Protect / Retain
13083,4,3,395.43,3,Recent / Developing,1.4185604896894153,Standard
13084,492,1,122.39999999999999,2,Low-Engagement / Dormant,0.22901896634469432,Standard
13085,158,8,2433.28,1,Lapsed Valuable Customers,16.07987673820219,Re-engagement Opportunity
13086,383,1,439.33000000000004,2,Low-Engagement / Dormant,1.743687735305811,Standard
13087,726,1,313.64,2,Low-Engagement / Dormant,0.36823694078897906,Standard
13088,417,1,236.11,2,Low-Engagement / Dormant,2.7123285487795976,Standard
13089,3,203,116647.53,0,High-Value Loyal,15662.04979248552,Protect / Retain
13090,9,24,14100.14,0,High-Value Loyal,1380.608258357916,Protect / Retain
13091,28,3,2321.82,3,Recent / Developing,4.57005034743332,Standard
13092,71,12,2140.28,0,High-Value Loyal,31.378625994816815,Protect / Retain
13093,276,55,54943.65,0,High-Value Loyal,8.274681765036753,Protect / Retain
13094,21,13,2433.1200000000003,0,High-Value Loyal,106.38615028594745,Protect / Retain
13095,71,1,74.39999999999999,2,Low-Engagement / Dormant,,Standard
13096,394,1,419.70000000000005,2,Low-Engagement / Dormant,0.8218493958404903,Standard
13097,33,28,13324.1,0,High-Value Loyal,1154.3739249969103,Protect / Retain
13098,1,28,28882.44,0,High-Value Loyal,3424.3452983852694,Protect / Retain
13099,99,1,207.35999999999999,2,Low-Engagement / Dormant,5.858629249006268,Standard
13101,234,4,695.4,1,Lapsed Valuable Customers,5.621100034080411,Re-engagement Opportunity
13102,1,37,11696.92,0,High-Value Loyal,1126.370478950419,Protect / Retain
13103,40,3,709.64,3,Recent / Developing,10.917785684747898,Standard
13104,3,9,1709.1,0,High-Value Loyal,30.155381022163375,Protect / Retain
13105,436,1,72.0,2,Low-Engagement / Dormant,0.9074740553321319,Standard
13106,133,2,603.46,2,Low-Engagement / Dormant,10.283352260809405,Standard
13107,44,9,5253.07,0,High-Value Loyal,354.0957988204376,Protect / Retain
13108,373,2,1098.52,1,Lapsed Valuable Customers,5.150714480665693,Re-engagement Opportunity
13109,60,3,1134.03,3,Recent / Developing,10.816226949325578,Standard
13110,31,12,2957.4700000000003,0,High-Value Loyal,207.6350343446207,Protect / Retain
13111,719,1,321.88000000000005,2,Low-Engagement / Dormant,0.07301498086518636,Standard
13112,541,1,20.6,2,Low-Engagement / Dormant,0.5061577809688651,Standard
13113,1,37,18603.04,0,High-Value Loyal,1197.84346595444,Protect / Retain
13114,731,1,234.38,2,Low-Engagement / Dormant,0.5042202470834422,Standard
13115,12,10,5494.7,0,High-Value Loyal,143.76397764092667,Protect / Retain
13116,138,1,501.14,2,Low-Engagement / Dormant,13.234459910905377,Standard
13117,22,18,2643.81,0,High-Value Loyal,66.38331414690492,Protect / Retain
13118,20,9,2415.41,0,High-Value Loyal,120.68300541596459,Protect / Retain
13119,669,1,134.9,2,Low-Engagement / Dormant,0.2924416905327678,Standard
13120,239,1,30.599999999999998,2,Low-Engagement / Dormant,2.9847771278044495,Standard
13121,269,1,283.73,2,Low-Engagement / Dormant,2.8951367662961203,Standard
13122,94,2,922.39,1,Lapsed Valuable Customers,11.327201092660683,Re-engagement Opportunity
13123,473,2,506.75,2,Low-Engagement / Dormant,1.0429272714581541,Standard
13124,90,4,4641.66,1,Lapsed Valuable Customers,52.484392459105294,Re-engagement Opportunity
13125,524,1,148.62,2,Low-Engagement / Dormant,0.5546330764118662,Standard
13126,5,13,3998.25,0,High-Value Loyal,78.83465900427822,Protect / Retain
13127,78,1,259.17,2,Low-Engagement / Dormant,,Standard
13128,631,1,263.5,2,Low-Engagement / Dormant,0.7846855773580311,Standard
13129,452,2,233.25,2,Low-Engagement / Dormant,3.9619366370137943,Standard
13130,94,1,64.0,2,Low-Engagement / Dormant,2.9849039563500863,Standard
13131,23,7,3313.77,0,High-Value Loyal,89.89141244548674,Protect / Retain
13132,262,1,77.3,2,Low-Engagement / Dormant,0.5187275183842738,Standard
13133,274,3,200.45000000000002,2,Low-Engagement / Dormant,2.6280030674963637,Standard
13134,86,6,2475.23,1,Lapsed Valuable Customers,160.21475524018956,Re-engagement Opportunity
13135,197,2,3371.45,1,Lapsed Valuable Customers,12.034957996641836,Re-engagement Opportunity
13136,56,13,6274.56,0,High-Value Loyal,591.6941481758279,Protect / Retain
13137,11,16,7586.94,0,High-Value Loyal,569.491097881552,Protect / Retain
13138,22,7,1467.24,3,Recent / Developing,58.37669611018047,Standard
13139,16,8,8202.98,0,High-Value Loyal,176.04066309434947,Protect / Retain
13140,108,5,1213.18,1,Lapsed Valuable Customers,13.955984578971666,Re-engagement Opportunity
13141,85,17,7656.08,0,High-Value Loyal,377.6467572694044,Protect / Retain
13142,19,1,307.09,3,Recent / Developing,,Standard
13143,585,1,405.1,2,Low-Engagement / Dormant,0.9774217660132661,Standard
13144,333,2,135.35,2,Low-Engagement / Dormant,0.56932266362242,Standard
13145,40,7,1423.52,1,Lapsed Valuable Customers,26.306446413629747,Re-engagement Opportunity
13146,26,1,228.91,3,Recent / Developing,,Standard
13147,10,4,712.8000000000001,3,Recent / Developing,23.847162583790478,Standard
13148,29,26,8497.82,0,High-Value Loyal,776.8242436328471,Protect / Retain
13149,14,4,1676.06,3,Recent / Developing,116.0948548002524,Emerging High-Value
13150,484,3,449.96999999999997,2,Low-Engagement / Dormant,0.4654818047801571,Standard
13151,296,3,2465.21,1,Lapsed Valuable Customers,6.9152422655140215,Re-engagement Opportunity
13152,417,7,2146.38,1,Lapsed Valuable Customers,3.590850021838782,Re-engagement Opportunity
13153,6,1,486.22,3,Recent / Developing,,Standard
13154,399,3,1624.84,1,Lapsed Valuable Customers,3.078440898047094,Re-engagement Opportunity
13155,33,6,1750.18,1,Lapsed Valuable Customers,12.29718192516468,Re-engagement Opportunity
13156,385,3,1586.54,1,Lapsed Valuable Customers,1.905921702224606,Re-engagement Opportunity
13157,49,9,5687.36,0,High-Value Loyal,372.0626873948097,Protect / Retain
13158,95,5,1508.18,1,Lapsed Valuable Customers,105.9565986329573,Re-engagement Opportunity
13159,9,4,1429.35,3,Recent / Developing,169.89036332476303,Emerging High-Value
13160,22,1,91.8,3,Recent / Developing,,Standard
13161,313,2,472.13,2,Low-Engagement / Dormant,2.433046978622082,Standard
13162,122,16,9275.49,0,High-Value Loyal,74.79401438529631,Protect / Retain
13163,610,1,17.65,2,Low-Engagement / Dormant,0.47169163833995864,Standard
13164,569,2,372.2,2,Low-Engagement / Dormant,0.4855331192978791,Standard
13165,46,3,1451.16,3,Recent / Developing,17.13819522942765,Standard
13166,283,2,875.93,1,Lapsed Valuable Customers,5.407348279213041,Re-engagement Opportunity
13167,19,5,1125.15,3,Recent / Developing,119.0291532864415,Emerging High-Value
13168,36,5,1840.73,1,Lapsed Valuable Customers,79.06538028494504,Re-engagement Opportunity
13169,64,3,840.08,3,Recent / Developing,6.0970847001160955,Standard
13170,27,1,108.81,3,Recent / Developing,,Standard
13171,22,3,468.41,3,Recent / Developing,5.837900078693117,Standard
13172,400,1,69.6,2,Low-Engagement / Dormant,0.1524446210104365,Standard
13173,4,11,2565.76,0,High-Value Loyal,48.17927907638005,Protect / Retain
13174,16,12,9364.42,0,High-Value Loyal,64.93052684696632,Protect / Retain
13175,582,2,831.45,2,Low-Engagement / Dormant,1.4682284750065975,Standard
13176,46,1,481.49,3,Recent / Developing,,Standard
13177,65,2,512.2,3,Recent / Developing,3.7823502329012904,Standard
13178,26,21,14059.19,0,High-Value Loyal,1389.390023900607,Protect / Retain
13179,619,1,572.3100000000001,2,Low-Engagement / Dormant,2.7983076862759297,Standard
13180,607,1,86.10000000000001,2,Low-Engagement / Dormant,0.3602646520850871,Standard
13181,381,1,359.69,2,Low-Engagement / Dormant,1.4613059921964804,Standard
13182,45,1,121.18,2,Low-Engagement / Dormant,,Standard
13183,8,15,7036.18,0,High-Value Loyal,450.4255286349957,Protect / Retain
13184,15,10,1668.95,0,High-Value Loyal,266.53874277681746,Protect / Retain
13185,268,1,71.4,2,Low-Engagement / Dormant,0.71798891567266,Standard
13186,40,3,1575.89,3,Recent / Developing,164.52942548003023,Emerging High-Value
13187,337,4,341.36,2,Low-Engagement / Dormant,1.9970677476544145,Standard
13188,11,1,114.60000000000001,3,Recent / Developing,,Standard
13189,19,2,260.68,3,Recent / Developing,22.490092075148517,Standard
13190,544,3,570.66,2,Low-Engagement / Dormant,1.1751850293709623,Standard
13191,658,1,164.69,2,Low-Engagement / Dormant,1.2739645181136514,Standard
13192,95,6,2558.58,1,Lapsed Valuable Customers,29.525436808240528,Re-engagement Opportunity
13193,61,1,112.08,2,Low-Engagement / Dormant,,Standard
13194,136,2,472.78,2,Low-Engagement / Dormant,7.025577899881477,Standard
13195,414,1,136.73,2,Low-Engagement / Dormant,1.5202182054377478,Standard
13196,11,7,3068.84,0,High-Value Loyal,42.25479427434996,Protect / Retain
13197,610,1,373.01000000000005,2,Low-Engagement / Dormant,0.20752661443650688,Standard
13198,10,8,4974.2300000000005,0,High-Value Loyal,507.74839508339187,Protect / Retain
13199,4,67,16432.89,0,High-Value Loyal,1608.9133537703217,Protect / Retain
13200,19,4,870.09,3,Recent / Developing,74.9209830290733,Emerging High-Value
13201,502,4,1233.06,1,Lapsed Valuable Customers,1.0563225211194882,Re-engagement Opportunity
13202,394,7,1580.3,1,Lapsed Valuable Customers,6.5955477421526,Re-engagement Opportunity
13203,10,10,2648.25,0,High-Value Loyal,93.08968953332712,Protect / Retain
13204,731,1,966.6600000000001,2,Low-Engagement / Dormant,1.029668986999951,Standard
13205,443,1,2803.2,1,Lapsed Valuable Customers,2.835108745222544,Re-engagement Opportunity
13206,400,13,8308.19,1,Lapsed Valuable Customers,10.09534482209168,Re-engagement Opportunity
13207,15,4,535.86,3,Recent / Developing,11.807114691659697,Standard
13208,59,9,1976.3,1,Lapsed Valuable Customers,60.1636565988712,Re-engagement Opportunity
13209,30,13,8509.51,0,High-Value Loyal,602.7882181824115,Protect / Retain
13210,94,1,353.48,2,Low-Engagement / Dormant,19.285744735891463,Standard
13211,10,10,2618.77,0,High-Value Loyal,74.37920752671819,Protect / Retain
13212,20,3,786.83,3,Recent / Developing,,Standard
13213,57,11,3851.52,0,High-Value Loyal,342.0545500241937,Protect / Retain
13214,418,7,3264.23,1,Lapsed Valuable Customers,3.3095510721752204,Re-engagement Opportunity
13215,402,1,81.6,2,Low-Engagement / Dormant,0.6470433789594958,Standard
13216,268,1,333.74,2,Low-Engagement / Dormant,1.1168151992204551,Standard
13217,122,4,666.48,1,Lapsed Valuable Customers,5.053702276421806,Re-engagement Opportunity
13218,127,1,62.63999999999999,2,Low-Engagement / Dormant,2.4788349410430537,Standard
13219,618,1,76.23,2,Low-Engagement / Dormant,0.31117459238616596,Standard
13220,78,5,1336.0900000000001,1,Lapsed Valuable Customers,28.79832832897555,Re-engagement Opportunity
13221,240,2,847.41,1,Lapsed Valuable Customers,4.432027890856288,Re-engagement Opportunity
13222,577,1,88.5,2,Low-Engagement / Dormant,0.7559437433882887,Standard
13223,200,6,969.1200000000001,1,Lapsed Valuable Customers,5.733932444382703,Re-engagement Opportunity
13224,60,2,2155.95,1,Lapsed Valuable Customers,71.05799711423826,Re-engagement Opportunity
13225,3,16,16260.07,0,High-Value Loyal,518.5273418138712,Protect / Retain
13226,273,2,312.46,2,Low-Engagement / Dormant,3.113165178462073,Standard
13227,202,1,257.7,2,Low-Engagement / Dormant,5.3838882643631845,Standard
13228,81,1,358.0,2,Low-Engagement / Dormant,,Standard
13229,226,1,160.95,2,Low-Engagement / Dormant,1.4252203584480267,Standard
13230,4,30,6213.46,0,High-Value Loyal,249.04545208499343,Protect / Retain
13232,13,7,1328.35,3,Recent / Developing,128.1855889446725,Emerging High-Value
13233,74,4,1176.46,1,Lapsed Valuable Customers,16.854759394766003,Re-engagement Opportunity
13234,673,2,346.5,2,Low-Engagement / Dormant,0.2260410756059417,Standard
13235,212,1,1031.07,2,Low-Engagement / Dormant,4.771543771660626,Standard
13236,25,2,744.85,3,Recent / Developing,63.14175157706201,Emerging High-Value
13237,388,1,643.0,2,Low-Engagement / Dormant,2.592385223774926,Standard
13238,17,6,1006.63,3,Recent / Developing,29.89488079412357,Standard
13239,262,5,1594.69,1,Lapsed Valuable Customers,16.287015644754145,Re-engagement Opportunity
13240,96,8,1699.8600000000001,1,Lapsed Valuable Customers,16.51464843225448,Re-engagement Opportunity
13241,412,1,112.53,2,Low-Engagement / Dormant,1.1867083229053437,Standard
13242,112,7,699.4,1,Lapsed Valuable Customers,3.8057499859068247,Re-engagement Opportunity
13243,203,5,1220.38,1,Lapsed Valuable Customers,12.624429953461828,Re-engagement Opportunity
13244,93,1,121.74000000000001,2,Low-Engagement / Dormant,16.61227243595381,Standard
13245,51,2,989.22,3,Recent / Developing,4.43591589500392,Standard
13246,18,11,3351.75,0,High-Value Loyal,238.99962307460828,Protect / Retain
13247,18,4,501.12,3,Recent / Developing,,Standard
13248,125,2,465.68,2,Low-Engagement / Dormant,8.054857875923407,Standard
13249,92,9,1608.93,1,Lapsed Valuable Customers,7.2797507299362145,Re-engagement Opportunity
13250,461,2,253.09,2,Low-Engagement / Dormant,1.446775383475063,Standard
13251,402,1,252.68,2,Low-Engagement / Dormant,2.458552771524647,Standard
13252,394,2,399.3,2,Low-Engagement / Dormant,2.339404919706494,Standard
13253,157,4,2951.11,1,Lapsed Valuable Customers,16.22562098585905,Re-engagement Opportunity
13254,376,1,51.410000000000004,2,Low-Engagement / Dormant,0.4575726015705667,Standard
13255,9,3,904.46,3,Recent / Developing,15.54299628280384,Standard
13257,436,1,149.75,2,Low-Engagement / Dormant,0.5399374392067531,Standard
13258,12,5,1009.43,3,Recent / Developing,18.554608317290807,Standard
13259,62,9,1402.54,1,Lapsed Valuable Customers,24.85928695371396,Re-engagement Opportunity
13260,61,1,557.62,3,Recent / Developing,,Standard
13261,269,2,944.1,1,Lapsed Valuable Customers,1.7364259279942238,Re-engagement Opportunity
13262,263,3,573.45,1,Lapsed Valuable Customers,4.022489386839998,Re-engagement Opportunity
13263,1,39,8676.2,0,High-Value Loyal,1513.0015446918,Protect / Retain
13264,443,1,722.5600000000001,2,Low-Engagement / Dormant,4.542039550257932,Standard
13265,53,5,2092.66,1,Lapsed Valuable Customers,104.72434034342825,Re-engagement Opportunity
13266,11,19,6135.04,0,High-Value Loyal,733.7370868716334,Protect / Retain
13267,3,36,9758.26,0,High-Value Loyal,1104.9604840247373,Protect / Retain
13268,18,11,3174.75,0,High-Value Loyal,216.74141530028368,Protect / Retain
13269,1,28,8888.75,0,High-Value Loyal,976.2560848883663,Protect / Retain
13270,366,1,1180.0,2,Low-Engagement / Dormant,1.295606087019928,Standard
13271,37,1,211.49,3,Recent / Developing,,Standard
13272,31,2,276.56,3,Recent / Developing,,Standard
13273,113,1,138.98,2,Low-Engagement / Dormant,10.470088922226944,Standard
13274,409,1,360.85,2,Low-Engagement / Dormant,1.5069219543771908,Standard
13275,384,2,238.86,2,Low-Engagement / Dormant,2.992870568720939,Standard
13276,64,5,1891.91,1,Lapsed Valuable Customers,39.349231381495684,Re-engagement Opportunity
13277,16,7,523.3,3,Recent / Developing,8.506740687944358,Standard
13278,41,4,1435.85,3,Recent / Developing,7.367416582825052,Standard
13279,78,1,137.75,2,Low-Engagement / Dormant,,Standard
13280,122,7,2293.33,1,Lapsed Valuable Customers,34.4958308913213,Re-engagement Opportunity
13281,439,1,350.85,2,Low-Engagement / Dormant,3.5575849258039374,Standard
13282,18,4,1313.19,3,Recent / Developing,31.902524802011122,Standard
13283,60,4,373.36,3,Recent / Developing,5.882602174563779,Standard
13284,331,1,201.19,2,Low-Engagement / Dormant,3.5947822106139835,Standard
13285,23,6,3364.59,0,High-Value Loyal,218.15764275741742,Protect / Retain
13286,600,1,734.91,2,Low-Engagement / Dormant,2.0740164980706255,Standard
13287,603,3,781.59,1,Lapsed Valuable Customers,1.0687699297595843,Re-engagement Opportunity
13288,443,5,927.61,1,Lapsed Valuable Customers,5.73285498172297,Re-engagement Opportunity
13289,724,1,307.95,2,Low-Engagement / Dormant,0.31420719630553273,Standard
13290,438,1,208.63,2,Low-Engagement / Dormant,1.8336793195222745,Standard
13291,156,11,3270.79,1,Lapsed Valuable Customers,150.23164494946292,Re-engagement Opportunity
13292,39,5,994.51,3,Recent / Developing,9.276520686420353,Standard
13293,392,6,1192.94,1,Lapsed Valuable Customers,2.4488248527872654,Re-engagement Opportunity
13294,190,3,1689.53,1,Lapsed Valuable Customers,7.223037299824728,Re-engagement Opportunity
13295,360,4,1101.97,1,Lapsed Valuable Customers,4.200294794727272,Re-engagement Opportunity
13296,137,6,792.51,1,Lapsed Valuable Customers,6.265694865276557,Re-engagement Opportunity
13297,8,7,4368.62,0,High-Value Loyal,131.1016684726605,Protect / Retain
13298,1,1,360.0,3,Recent / Developing,,Standard
13299,268,3,1218.7,1,Lapsed Valuable Customers,2.718892446715932,Re-engagement Opportunity
13300,169,3,1285.51,1,Lapsed Valuable Customers,5.341678101950376,Re-engagement Opportunity
13301,104,4,618.09,1,Lapsed Valuable Customers,21.304614959153216,Re-engagement Opportunity
13302,155,2,159.2,2,Low-Engagement / Dormant,1.342369879332797,Standard
13303,400,1,61.72,2,Low-Engagement / Dormant,0.1364690092495362,Standard
13304,351,4,1217.99,1,Lapsed Valuable Customers,4.068056743807331,Re-engagement Opportunity
13305,4,16,3752.61,0,High-Value Loyal,478.88762929371694,Protect / Retain
13306,430,1,53.65,2,Low-Engagement / Dormant,0.45285817086410063,Standard
13307,120,3,273.34,2,Low-Engagement / Dormant,3.4871494882695973,Standard
13308,23,4,1670.3700000000001,3,Recent / Developing,19.990938604907136,Standard
13309,7,6,1706.3700000000001,3,Recent / Developing,73.79743869604755,Emerging High-Value
13310,28,5,1541.2,3,Recent / Developing,82.71774484085948,Emerging High-Value
13311,4,2,598.57,3,Recent / Developing,20.405413015344678,Standard
13312,451,1,124.75,2,Low-Engagement / Dormant,1.3542402937602813,Standard
13313,22,12,3445.32,0,High-Value Loyal,265.47372526321607,Protect / Retain
13314,2,3,775.94,3,Recent / Developing,,Standard
13315,689,1,310.26,2,Low-Engagement / Dormant,0.10962796537029876,Standard
13316,37,10,12940.82,0,High-Value Loyal,849.6112039726712,Protect / Retain
13317,66,19,6486.091,0,High-Value Loyal,351.9885181565504,Protect / Retain
13318,1,3,640.76,3,Recent / Developing,,Standard
13319,5,58,22082.5,0,High-Value Loyal,3103.812427360787,Protect / Retain
13320,78,6,2211.6,1,Lapsed Valuable Customers,84.63959669513588,Re-engagement Opportunity
13321,72,2,567.36,3,Recent / Developing,,Standard
13322,17,1,199.48000000000002,3,Recent / Developing,,Standard
13323,3,5,787.85,3,Recent / Developing,,Standard
13324,36,18,10513.47,0,High-Value Loyal,303.25701382175487,Protect / Retain
13325,82,1,675.3,3,Recent / Developing,,Standard
13326,432,1,281.76,2,Low-Engagement / Dormant,4.440092938284999,Standard
13327,39,20,9879.48,0,High-Value Loyal,891.5795988112011,Protect / Retain
13328,316,1,1308.48,2,Low-Engagement / Dormant,1.966129938764937,Standard
13329,32,8,5112.97,0,High-Value Loyal,100.27771564011934,Protect / Retain
13330,93,6,2796.1,1,Lapsed Valuable Customers,21.51265316646177,Re-engagement Opportunity
13331,402,1,262.4,2,Low-Engagement / Dormant,2.366562869860305,Standard
13332,14,1,350.9,3,Recent / Developing,,Standard
13333,411,3,1015.74,1,Lapsed Valuable Customers,2.465882828778752,Re-engagement Opportunity
13334,82,5,6201.8,1,Lapsed Valuable Customers,126.12835783219676,Re-engagement Opportunity
13336,77,1,795.12,3,Recent / Developing,,Standard
13337,546,1,1575.26,2,Low-Engagement / Dormant,1.0548753530653643,Standard
13338,158,4,2445.62,1,Lapsed Valuable Customers,23.193126750535647,Re-engagement Opportunity
13339,201,1,860.12,2,Low-Engagement / Dormant,7.476668840075339,Standard
13340,45,12,22100.56,0,High-Value Loyal,1489.3390521543977,Protect / Retain
13341,261,1,775.85,2,Low-Engagement / Dormant,4.148894938821268,Standard
13343,178,1,353.43,2,Low-Engagement / Dormant,4.269898522777936,Standard
13344,68,3,2511.69,1,Lapsed Valuable Customers,10.43455991683852,Re-engagement Opportunity
13345,288,1,389.5,2,Low-Engagement / Dormant,1.6784949271611564,Standard
13346,463,6,299.4,1,Lapsed Valuable Customers,0.7228506227243525,Re-engagement Opportunity
13347,70,1,341.36,2,Low-Engagement / Dormant,,Standard
13348,64,1,233.76,2,Low-Engagement / Dormant,,Standard
13349,11,1,247.32,3,Recent / Developing,,Standard
13350,16,2,979.12,3,Recent / Developing,,Standard
13351,66,1,373.94,2,Low-Engagement / Dormant,,Standard
13352,60,1,397.97999999999996,3,Recent / Developing,,Standard
13354,71,1,743.53,3,Recent / Developing,,Standard
13355,122,1,674.7,2,Low-Engagement / Dormant,21.029996389233382,Standard
13356,80,1,768.24,3,Recent / Developing,,Standard
13357,257,5,3805.5099999999998,1,Lapsed Valuable Customers,16.384990972795432,Re-engagement Opportunity
13358,269,1,439.03,2,Low-Engagement / Dormant,1.0282460157005102,Standard
13359,64,2,1043.31,3,Recent / Developing,6.064616682444118,Standard
13360,432,4,1553.65,1,Lapsed Valuable Customers,3.85688113720673,Re-engagement Opportunity
13361,472,2,1450.5,1,Lapsed Valuable Customers,0.7351461246445692,Re-engagement Opportunity
13362,9,7,5394.07,0,High-Value Loyal,75.60073094780162,Protect / Retain
13363,18,3,1723.86,3,Recent / Developing,15.084396867078906,Standard
13364,71,1,134.95999999999998,2,Low-Engagement / Dormant,,Standard
13365,34,2,2225.37,3,Recent / Developing,18.09460342920309,Standard
13366,50,1,56.160000000000004,2,Low-Engagement / Dormant,,Standard
13367,432,1,510.20000000000005,2,Low-Engagement / Dormant,1.7257709933313277,Standard
13368,257,4,1121.5,1,Lapsed Valuable Customers,5.1145217148164415,Re-engagement Opportunity
13369,366,1,616.5600000000001,2,Low-Engagement / Dormant,3.8177644904775754,Standard
13370,372,1,1509.74,2,Low-Engagement / Dormant,2.4038207287999898,Standard
13371,505,2,2297.66,1,Lapsed Valuable Customers,0.5046696873972866,Re-engagement Opportunity
13372,90,1,378.64,2,Low-Engagement / Dormant,,Standard
13373,61,6,7587.1900000000005,0,High-Value Loyal,247.96486534461445,Protect / Retain
13374,415,2,422.8,2,Low-Engagement / Dormant,2.247339145025275,Standard
13375,89,2,1792.23,1,Lapsed Valuable Customers,17.160316572267803,Re-engagement Opportunity
13376,99,3,1019.76,1,Lapsed Valuable Customers,16.75740650640716,Re-engagement Opportunity
13377,397,2,1552.88,1,Lapsed Valuable Customers,3.40990531930676,Re-engagement Opportunity
13379,26,3,572.56,3,Recent / Developing,31.164597347188312,Standard
13380,433,1,62.4,2,Low-Engagement / Dormant,0.16851267472773118,Standard
13381,32,12,8224.37,0,High-Value Loyal,513.2745159124268,Protect / Retain
13382,281,5,1387.58,1,Lapsed Valuable Customers,6.699913225994345,Re-engagement Opportunity
13383,544,1,305.28000000000003,2,Low-Engagement / Dormant,1.1753129927900312,Standard
13384,31,11,6680.83,0,High-Value Loyal,471.9635807949249,Protect / Retain
13385,330,1,534.57,2,Low-Engagement / Dormant,1.9482837112858682,Standard
13386,414,2,835.46,2,Low-Engagement / Dormant,3.632933913959473,Standard
13387,417,1,186.94,2,Low-Engagement / Dormant,2.4820477346404086,Standard
13388,131,3,1185.65,1,Lapsed Valuable Customers,4.345329920999195,Re-engagement Opportunity
13389,11,3,797.96,3,Recent / Developing,6.3512425187971955,Standard
13390,75,1,544.08,3,Recent / Developing,,Standard
13391,204,1,59.8,2,Low-Engagement / Dormant,6.174770336897564,Standard
13392,677,1,91.14,2,Low-Engagement / Dormant,0.19349485817713782,Standard
13393,584,4,1131.45,1,Lapsed Valuable Customers,1.5793254913556132,Re-engagement Opportunity
13394,2,19,6621.7,0,High-Value Loyal,614.0868327694544,Protect / Retain
13395,185,3,1180.23,1,Lapsed Valuable Customers,22.298947920241105,Re-engagement Opportunity
13396,29,2,1360.99,3,Recent / Developing,1.8066043901696216,Standard
13397,73,10,3191.87,0,High-Value Loyal,104.56811281145758,Protect / Retain
13398,192,2,670.34,2,Low-Engagement / Dormant,5.491235465191123,Standard
13399,464,3,275.4,2,Low-Engagement / Dormant,0.8391353035351363,Standard
13400,583,1,310.83,2,Low-Engagement / Dormant,0.3699464988887404,Standard
13402,127,4,1535.13,1,Lapsed Valuable Customers,6.027232387429651,Re-engagement Opportunity
13403,18,3,229.5,3,Recent / Developing,3.6469949526487557,Standard
13404,1,2,252.49,3,Recent / Developing,9.798879939031139,Standard
13405,74,6,1213.811,1,Lapsed Valuable Customers,21.944394390351363,Re-engagement Opportunity
13406,427,2,568.92,2,Low-Engagement / Dormant,2.4812608961160962,Standard
13407,579,3,2244.7,1,Lapsed Valuable Customers,0.4624121085850858,Re-engagement Opportunity
13408,2,106,51733.462,0,High-Value Loyal,9468.27565743204,Protect / Retain
13410,24,9,2201.96,0,High-Value Loyal,43.15393015394716,Protect / Retain
13411,107,1,213.55,2,Low-Engagement / Dormant,14.49071021708222,Standard
13412,620,1,487.34999999999997,2,Low-Engagement / Dormant,2.496393603208994,Standard
13413,640,6,429.44,1,Lapsed Valuable Customers,0.7992763282290363,Re-engagement Opportunity
13414,134,6,2494.14,1,Lapsed Valuable Customers,21.47420446886359,Re-engagement Opportunity
13415,473,4,784.17,1,Lapsed Valuable Customers,1.0043050596626306,Re-engagement Opportunity
13416,44,3,940.8000000000001,3,Recent / Developing,2.1571013587503116,Standard
13417,5,6,1669.49,3,Recent / Developing,31.90114215998937,Standard
13418,12,31,12182.9,0,High-Value Loyal,1787.315502808839,Protect / Retain
13419,64,1,221.06,2,Low-Engagement / Dormant,,Standard
13420,150,2,159.85,2,Low-Engagement / Dormant,2.4346689911340906,Standard
13421,40,8,4058.75,0,High-Value Loyal,70.8565121870288,Protect / Retain
13422,64,1,2626.3,3,Recent / Developing,,Standard
13423,429,1,217.03,2,Low-Engagement / Dormant,3.312162731869003,Standard
13424,450,1,572.77,2,Low-Engagement / Dormant,3.5759016693921764,Standard
13425,108,5,3390.4300000000003,1,Lapsed Valuable Customers,36.56475488821947,Re-engagement Opportunity
13426,1,22,8167.38,0,High-Value Loyal,509.6007326214394,Protect / Retain
13427,19,6,1006.53,3,Recent / Developing,20.97365359027713,Standard
13428,10,3,478.54,3,Recent / Developing,5.592857357609585,Standard
13429,11,4,1006.8,3,Recent / Developing,,Standard
13430,19,2,679.45,3,Recent / Developing,,Standard
13431,67,8,3316.24,1,Lapsed Valuable Customers,32.13502229242906,Re-engagement Opportunity
13432,571,2,439.1,2,Low-Engagement / Dormant,1.999055430049529,Standard
13433,501,4,658.3199999999999,1,Lapsed Valuable Customers,0.5887630587188621,Re-engagement Opportunity
13434,74,5,1666.8600000000001,1,Lapsed Valuable Customers,24.415254991335054,Re-engagement Opportunity
13435,5,9,4447.33,0,High-Value Loyal,85.12146102902366,Protect / Retain
13436,2,1,196.89,3,Recent / Developing,,Standard
13437,14,7,3408.06,0,High-Value Loyal,564.2586605003831,Protect / Retain
13438,547,1,46.5,2,Low-Engagement / Dormant,0.5074191091419907,Standard
13439,255,3,986.61,1,Lapsed Valuable Customers,9.31124398747389,Re-engagement Opportunity
13440,423,7,1295.25,1,Lapsed Valuable Customers,2.3678317367869757,Re-engagement Opportunity
13441,92,2,720.9,3,Recent / Developing,9.779331532975158,Standard
13442,667,3,419.87,2,Low-Engagement / Dormant,1.1990098120896102,Standard
13443,449,6,1273.16,1,Lapsed Valuable Customers,7.037213799686049,Re-engagement Opportunity
13444,374,2,619.08,2,Low-Engagement / Dormant,4.451759708807608,Standard
13445,626,1,241.89999999999998,2,Low-Engagement / Dormant,0.16331445753034654,Standard
13446,430,11,3881.89,1,Lapsed Valuable Customers,1.1859992503287506,Re-engagement Opportunity
13447,23,3,1129.14,3,Recent / Developing,,Standard
13448,17,13,9189.89,0,High-Value Loyal,443.62941909472966,Protect / Retain
13449,24,1,291.88,3,Recent / Developing,,Standard
13450,27,13,4120.04,0,High-Value Loyal,202.88028880279828,Protect / Retain
13451,26,11,7090.06,0,High-Value Loyal,319.0096456761887,Protect / Retain
13452,259,3,729.8,1,Lapsed Valuable Customers,3.3290129215049493,Re-engagement Opportunity
13453,166,3,781.6899999999999,1,Lapsed Valuable Customers,12.051575246744804,Re-engagement Opportunity
13454,641,1,219.87,2,Low-Engagement / Dormant,0.11629276637194426,Standard
13455,25,6,2905.93,0,High-Value Loyal,51.75726145680203,Protect / Retain
13456,18,6,1766.72,3,Recent / Developing,53.87802005538708,Standard
13457,689,2,148.22,2,Low-Engagement / Dormant,0.2815724183239564,Standard
13458,7,16,11959.27,0,High-Value Loyal,1039.355374337031,Protect / Retain
13459,625,2,1160.4099999999999,1,Lapsed Valuable Customers,0.6280066388289383,Re-engagement Opportunity
13460,29,2,183.44,3,Recent / Developing,,Standard
13461,39,6,4160.0,0,High-Value Loyal,68.74273871085616,Protect / Retain
13462,253,5,1153.85,1,Lapsed Valuable Customers,6.384447260157087,Re-engagement Opportunity
13464,58,6,3097.64,1,Lapsed Valuable Customers,61.183034188892194,Re-engagement Opportunity
13465,446,2,931.12,2,Low-Engagement / Dormant,3.7956904198577224,Standard
13466,184,5,1013.35,1,Lapsed Valuable Customers,7.349380880907987,Re-engagement Opportunity
13467,11,2,1071.91,3,Recent / Developing,,Standard
13468,2,72,13375.51,0,High-Value Loyal,1551.246320731797,Protect / Retain
13469,653,1,82.4,2,Low-Engagement / Dormant,0.13317857678082173,Standard
13470,99,2,165.0,2,Low-Engagement / Dormant,3.8236471226966575,Standard
13471,1,4,2501.84,3,Recent / Developing,,Standard
13472,464,2,592.24,2,Low-Engagement / Dormant,1.706930432404611,Standard
13473,61,8,2657.7599999999998,1,Lapsed Valuable Customers,51.482495018783126,Re-engagement Opportunity
13474,236,3,646.59,1,Lapsed Valuable Customers,13.799948464552896,Re-engagement Opportunity
13475,191,4,1431.78,1,Lapsed Valuable Customers,59.02161820984283,Re-engagement Opportunity
13476,179,5,2061.4700000000003,1,Lapsed Valuable Customers,8.182158299192807,Re-engagement Opportunity
13477,38,11,2819.17,0,High-Value Loyal,111.72997356892732,Protect / Retain
13478,469,5,2215.78,1,Lapsed Valuable Customers,2.8771356307376053,Re-engagement Opportunity
13479,201,4,851.37,1,Lapsed Valuable Customers,10.518304840347017,Re-engagement Opportunity
13480,417,2,627.82,2,Low-Engagement / Dormant,4.439775005322635,Standard
13481,46,11,3830.84,0,High-Value Loyal,249.23103527426392,Protect / Retain
13482,232,2,336.09,2,Low-Engagement / Dormant,2.715396652209083,Standard
13483,66,1,140.34,2,Low-Engagement / Dormant,,Standard
13484,241,3,790.72,1,Lapsed Valuable Customers,3.758463797056386,Re-engagement Opportunity
13485,233,11,3019.2200000000003,1,Lapsed Valuable Customers,35.73086596359428,Re-engagement Opportunity
13486,78,3,1122.41,1,Lapsed Valuable Customers,56.08136824897625,Re-engagement Opportunity
13487,58,5,846.87,1,Lapsed Valuable Customers,16.197589079310752,Re-engagement Opportunity
13488,17,23,15587.88,0,High-Value Loyal,1535.8273031632768,Protect / Retain
13489,105,4,449.52,1,Lapsed Valuable Customers,18.68458391459847,Re-engagement Opportunity
13490,654,1,154.25,2,Low-Engagement / Dormant,0.5688812532933732,Standard
13491,52,27,4566.56,0,High-Value Loyal,119.30333086681185,Protect / Retain
13492,136,3,1269.84,1,Lapsed Valuable Customers,20.453488099606965,Re-engagement Opportunity
13493,275,2,618.63,2,Low-Engagement / Dormant,4.129882601088236,Standard
13494,312,1,316.26000000000005,2,Low-Engagement / Dormant,1.4637486644143198,Standard
13495,8,10,5374.26,0,High-Value Loyal,177.01397207572677,Protect / Retain
13496,11,2,653.33,3,Recent / Developing,1.939342655149136,Standard
13497,283,6,1320.33,1,Lapsed Valuable Customers,6.286389675196209,Re-engagement Opportunity
13498,730,1,327.38,2,Low-Engagement / Dormant,0.4052433667062182,Standard
13499,18,5,1159.11,3,Recent / Developing,6.329756450975642,Standard
13500,23,4,1466.3,3,Recent / Developing,49.34008331871623,Standard
13501,288,3,2885.11,1,Lapsed Valuable Customers,16.30389039190896,Re-engagement Opportunity
13502,17,5,780.5,3,Recent / Developing,8.540626359129254,Standard
13503,71,6,1859.24,1,Lapsed Valuable Customers,8.939735993171674,Re-engagement Opportunity
13504,64,1,295.93,2,Low-Engagement / Dormant,,Standard
13505,73,4,4393.63,1,Lapsed Valuable Customers,293.4034052539493,Re-engagement Opportunity
13506,316,5,1639.2,1,Lapsed Valuable Customers,19.411538719300857,Re-engagement Opportunity
13507,3,4,2479.16,3,Recent / Developing,350.00372430888217,Emerging High-Value
13508,244,2,287.05,2,Low-Engagement / Dormant,2.889543638623489,Standard
13509,9,8,1114.72,3,Recent / Developing,24.15135344171459,Standard
13510,1,11,4558.29,0,High-Value Loyal,254.14417068079578,Protect / Retain
13511,677,1,282.76,2,Low-Engagement / Dormant,0.7861588204531804,Standard
13512,261,4,713.39,1,Lapsed Valuable Customers,7.5470549554026025,Re-engagement Opportunity
13513,127,3,824.59,1,Lapsed Valuable Customers,3.9989876521371808,Re-engagement Opportunity
13514,74,4,815.9000000000001,1,Lapsed Valuable Customers,5.069895393408404,Re-engagement Opportunity
13515,73,6,1265.82,1,Lapsed Valuable Customers,24.811556892215492,Re-engagement Opportunity
13516,21,4,1685.26,3,Recent / Developing,8.97000775799546,Standard
13517,60,3,2128.42,1,Lapsed Valuable Customers,242.4798229397301,Re-engagement Opportunity
13518,86,1,627.16,2,Low-Engagement / Dormant,,Standard
13519,78,2,343.21,3,Recent / Developing,4.819314324155234,Standard
13520,59,11,6909.4,0,High-Value Loyal,348.0954650431546,Protect / Retain
13521,1,3,1071.73,3,Recent / Developing,,Standard
13522,30,1,125.80000000000001,3,Recent / Developing,,Standard
13523,33,6,5101.52,0,High-Value Loyal,179.09162872721865,Protect / Retain
13524,41,5,680.1800000000001,3,Recent / Developing,92.81508700066352,Emerging High-Value
13525,15,2,628.78,3,Recent / Developing,7.482540598617442,Standard
13526,738,2,1182.0,1,Lapsed Valuable Customers,1.1859227292357468,Re-engagement Opportunity
13527,34,12,4541.29,0,High-Value Loyal,185.12081198481306,Protect / Retain
13529,79,2,307.76,2,Low-Engagement / Dormant,11.98130286194163,Standard
13530,634,1,402.97999999999996,2,Low-Engagement / Dormant,0.4250720120722378,Standard
13531,205,6,1738.52,1,Lapsed Valuable Customers,14.560445967920025,Re-engagement Opportunity
13532,34,1,210.31,3,Recent / Developing,,Standard
13533,183,3,269.09,2,Low-Engagement / Dormant,6.41747013291559,Standard
13534,2,35,7720.9,0,High-Value Loyal,1194.3782420976854,Protect / Retain
13535,403,1,89.5,2,Low-Engagement / Dormant,0.3852971907244865,Standard
13536,1,7,3444.39,0,High-Value Loyal,,Protect / Retain
13537,426,2,717.85,2,Low-Engagement / Dormant,2.805903201303187,Standard
13538,43,12,3103.13,0,High-Value Loyal,201.10828142337127,Protect / Retain
13539,86,7,1569.3600000000001,1,Lapsed Valuable Customers,11.229903743904401,Re-engagement Opportunity
13540,467,3,632.39,2,Low-Engagement / Dormant,0.8354874909596404,Standard
13541,427,2,785.25,2,Low-Engagement / Dormant,1.8565796933789775,Standard
13542,377,17,3959.4900000000002,1,Lapsed Valuable Customers,4.557647397682634,Re-engagement Opportunity
13543,634,2,1439.6100000000001,1,Lapsed Valuable Customers,0.8121130179896341,Re-engagement Opportunity
13544,40,6,790.2,3,Recent / Developing,28.486530057651954,Standard
13545,391,2,364.93,2,Low-Engagement / Dormant,1.6464344370499542,Standard
13546,12,5,1086.24,3,Recent / Developing,26.631398078876224,Standard
13547,408,1,167.08,2,Low-Engagement / Dormant,1.1290162439186038,Standard
13548,96,3,901.44,1,Lapsed Valuable Customers,7.575468555517071,Re-engagement Opportunity
13549,26,8,1005.8,3,Recent / Developing,75.53035075287143,Emerging High-Value
13550,383,1,342.55,2,Low-Engagement / Dormant,4.098959773425003,Standard
13551,319,2,244.2,2,Low-Engagement / Dormant,2.173385559976427,Standard
13552,66,22,6948.92,0,High-Value Loyal,653.5749416553172,Protect / Retain
13553,675,1,499.6,2,Low-Engagement / Dormant,2.0736882878984932,Standard
13554,380,7,1629.35,1,Lapsed Valuable Customers,11.281738773776002,Re-engagement Opportunity
13555,74,13,8891.84,0,High-Value Loyal,323.06929448679557,Protect / Retain
13556,429,2,200.82,2,Low-Engagement / Dormant,1.836610580314851,Standard
13557,28,13,3032.26,0,High-Value Loyal,51.9949226219331,Protect / Retain
13558,6,4,594.52,3,Recent / Developing,,Standard
13559,513,2,990.0,1,Lapsed Valuable Customers,0.9598887857850523,Re-engagement Opportunity
13560,7,1,171.42000000000002,3,Recent / Developing,,Standard
13561,216,11,1803.4,1,Lapsed Valuable Customers,18.26472957201332,Re-engagement Opportunity
13562,82,8,4838.18,1,Lapsed Valuable Customers,137.61946674921126,Re-engagement Opportunity
13563,84,2,777.53,3,Recent / Developing,68.99425487648949,Emerging High-Value
13564,144,37,17035.02,0,High-Value Loyal,105.76256739041338,Protect / Retain
13565,19,3,414.8,3,Recent / Developing,4.82904732004036,Standard
13566,41,5,1688.6,1,Lapsed Valuable Customers,27.776301569110984,Re-engagement Opportunity
13567,428,4,1079.29,1,Lapsed Valuable Customers,3.7733387632775957,Re-engagement Opportunity
13568,173,1,187.05,2,Low-Engagement / Dormant,2.065587772429603,Standard
13569,17,4,836.36,3,Recent / Developing,20.75848941757735,Standard
13570,243,1,239.49,2,Low-Engagement / Dormant,3.8113290402646234,Standard
13571,13,26,4537.26,0,High-Value Loyal,426.40625895473636,Protect / Retain
13572,206,1,1384.25,1,Lapsed Valuable Customers,6.178579647194123,Re-engagement Opportunity
13573,50,6,904.52,1,Lapsed Valuable Customers,9.075291086163475,Re-engagement Opportunity
13574,411,1,404.45,2,Low-Engagement / Dormant,2.6725271461007165,Standard
13575,23,5,732.0699999999999,3,Recent / Developing,71.07035256065947,Emerging High-Value
13576,10,28,11551.74,0,High-Value Loyal,1660.2365293101375,Protect / Retain
13577,25,11,3489.28,0,High-Value Loyal,254.99156529940115,Protect / Retain
13578,409,1,147.66,2,Low-Engagement / Dormant,0.7778687831908796,Standard
13579,15,5,1539.04,3,Recent / Developing,4.6615388068629,Standard
13580,406,1,107.75,2,Low-Engagement / Dormant,0.26754237010937276,Standard
13581,309,2,280.53000000000003,2,Low-Engagement / Dormant,4.405594956424185,Standard
13582,390,2,241.68,2,Low-Engagement / Dormant,2.7932747530781397,Standard
13583,156,2,1445.031,1,Lapsed Valuable Customers,2.8041254567617915,Re-engagement Opportunity
13584,307,3,385.7,2,Low-Engagement / Dormant,3.796164459415221,Standard
13585,531,3,684.54,1,Lapsed Valuable Customers,1.173868810421879,Re-engagement Opportunity
13586,541,1,127.28,2,Low-Engagement / Dormant,0.44995940065909923,Standard
13587,64,4,1673.5,1,Lapsed Valuable Customers,17.725586364293534,Re-engagement Opportunity
13588,16,9,2478.95,0,High-Value Loyal,347.28260792618113,Protect / Retain
13589,15,6,1120.74,3,Recent / Developing,34.04793289589945,Standard
13590,11,18,6336.04,0,High-Value Loyal,613.9391954077983,Protect / Retain
13591,65,7,2093.94,1,Lapsed Valuable Customers,31.095766894407735,Re-engagement Opportunity
13592,36,4,247.95999999999998,3,Recent / Developing,8.372792297072884,Standard
13593,108,14,5493.29,0,High-Value Loyal,183.35204448119345,Protect / Retain
13594,53,2,533.32,3,Recent / Developing,3.2094814079460616,Standard
13595,517,3,784.48,1,Lapsed Valuable Customers,2.961535227072898,Re-engagement Opportunity
13596,6,2,664.11,3,Recent / Developing,,Standard
13597,400,2,396.71,2,Low-Engagement / Dormant,2.183949551453513,Standard
13598,47,5,761.96,3,Recent / Developing,5.597048544629576,Standard
13599,1,33,10163.880000000001,0,High-Value Loyal,785.9322125875668,Protect / Retain
13600,312,2,518.42,2,Low-Engagement / Dormant,5.027954942444089,Standard
13601,45,4,1159.99,3,Recent / Developing,38.60185784629591,Standard
13602,65,4,1025.17,1,Lapsed Valuable Customers,4.950931888198239,Re-engagement Opportunity
13603,26,1,164.34,3,Recent / Developing,,Standard
13604,659,1,717.62,2,Low-Engagement / Dormant,0.8248640191774814,Standard
13605,387,2,522.67,2,Low-Engagement / Dormant,5.442798909435953,Standard
13606,29,3,276.75,3,Recent / Developing,5.006640883941963,Standard
13607,40,2,1075.81,3,Recent / Developing,2.0109605072223324,Standard
13608,541,1,232.05,2,Low-Engagement / Dormant,0.6408376212169793,Standard
13609,593,1,167.35,2,Low-Engagement / Dormant,0.6454149483158174,Standard
13610,12,14,2103.71,0,High-Value Loyal,102.47333270477124,Protect / Retain
13611,89,10,3297.9300000000003,1,Lapsed Valuable Customers,294.9368893096614,Re-engagement Opportunity
13612,633,1,818.29,2,Low-Engagement / Dormant,0.3127043447496061,Standard
13613,453,5,1039.8500000000001,1,Lapsed Valuable Customers,2.714661173170416,Re-engagement Opportunity
13614,24,6,2332.74,0,High-Value Loyal,69.30257975286612,Protect / Retain
13615,319,8,6272.53,1,Lapsed Valuable Customers,8.977712906226111,Re-engagement Opportunity
13616,568,2,283.85,2,Low-Engagement / Dormant,0.34120205657423086,Standard
13617,40,8,1278.75,1,Lapsed Valuable Customers,59.97186836646749,Re-engagement Opportunity
13618,174,1,177.34,2,Low-Engagement / Dormant,1.4794428130820854,Standard
13619,545,2,224.94,2,Low-Engagement / Dormant,0.522264064444253,Standard
13620,528,1,112.34,2,Low-Engagement / Dormant,0.5243648611634223,Standard
13621,117,1,213.85,2,Low-Engagement / Dormant,10.945931026313279,Standard
13622,696,1,658.95,2,Low-Engagement / Dormant,1.351840047565569,Standard
13623,31,10,2533.06,0,High-Value Loyal,44.34239905919,Protect / Retain
13624,388,1,462.08,2,Low-Engagement / Dormant,5.291457255357904,Standard
13625,597,1,301.26,2,Low-Engagement / Dormant,0.25157899997953403,Standard
13626,253,2,707.04,2,Low-Engagement / Dormant,7.890553700033161,Standard
13627,59,7,2245.9,1,Lapsed Valuable Customers,67.3806895082495,Re-engagement Opportunity
13628,676,1,310.14,2,Low-Engagement / Dormant,0.3029568401956912,Standard
13629,23,19,13370.86,0,High-Value Loyal,1811.838264035789,Protect / Retain
13630,5,7,2031.78,0,High-Value Loyal,300.8990519408921,Protect / Retain
13631,100,11,3070.42,1,Lapsed Valuable Customers,36.30393367297647,Re-engagement Opportunity
13632,25,8,3645.81,0,High-Value Loyal,99.82182096087051,Protect / Retain
13634,33,16,5033.77,0,High-Value Loyal,173.63313672788496,Protect / Retain
13635,68,4,2999.16,1,Lapsed Valuable Customers,48.20330484790537,Re-engagement Opportunity
13636,37,5,949.12,3,Recent / Developing,38.63483645775621,Standard
13637,52,3,804.3,3,Recent / Developing,26.794164289726776,Standard
13638,16,1,122.64,3,Recent / Developing,,Standard
13639,74,2,1346.27,1,Lapsed Valuable Customers,5.981001234828331,Re-engagement Opportunity
13640,611,1,405.0,2,Low-Engagement / Dormant,1.6514689705815373,Standard
13641,641,5,1016.47,1,Lapsed Valuable Customers,1.5599042932080383,Re-engagement Opportunity
13642,216,4,472.2,1,Lapsed Valuable Customers,7.8732784789293895,Re-engagement Opportunity
13643,31,10,2156.77,0,High-Value Loyal,38.340424615914415,Protect / Retain
13644,16,4,2624.26,3,Recent / Developing,317.89869066018554,Emerging High-Value
13645,120,1,252.1,2,Low-Engagement / Dormant,8.70097505026832,Standard
13646,400,2,326.25,2,Low-Engagement / Dormant,2.2475330136223075,Standard
13647,10,8,3041.68,0,High-Value Loyal,95.23999581463782,Protect / Retain
13648,400,8,1764.02,1,Lapsed Valuable Customers,12.354472070248956,Re-engagement Opportunity
13649,257,6,1651.48,1,Lapsed Valuable Customers,15.42270399725966,Re-engagement Opportunity
13650,17,10,3288.0,0,High-Value Loyal,112.75390069807554,Protect / Retain
13651,35,3,226.85,3,Recent / Developing,1.2078076709439698,Standard
13652,46,5,2570.85,1,Lapsed Valuable Customers,35.66593338727729,Re-engagement Opportunity
13653,488,1,152.2,2,Low-Engagement / Dormant,0.20539750524375144,Standard
13654,43,11,6308.0,0,High-Value Loyal,417.01135604157747,Protect / Retain
13655,114,6,2280.51,1,Lapsed Valuable Customers,16.24303913253741,Re-engagement Opportunity
13656,165,4,1078.85,1,Lapsed Valuable Customers,6.750666123129544,Re-engagement Opportunity
13657,11,2,382.14,3,Recent / Developing,8.67312856408641,Standard
13658,10,9,6025.5,0,High-Value Loyal,143.6996696208863,Protect / Retain
13659,206,12,4884.68,1,Lapsed Valuable Customers,57.36133075405898,Re-engagement Opportunity
13660,400,1,306.64,2,Low-Engagement / Dormant,3.693228264350021,Standard
13661,603,1,325.24,2,Low-Engagement / Dormant,0.4655801596823058,Standard
13662,86,11,2233.61,1,Lapsed Valuable Customers,46.45865985984981,Re-engagement Opportunity
13663,179,5,2047.51,1,Lapsed Valuable Customers,10.42639267725307,Re-engagement Opportunity
13665,386,3,1711.6599999999999,1,Lapsed Valuable Customers,13.659983028875647,Re-engagement Opportunity
13666,60,5,127.89999999999999,3,Recent / Developing,6.234812318988996,Standard
13667,149,1,299.05,2,Low-Engagement / Dormant,39.5578947844831,Standard
13668,3,35,12948.48,0,High-Value Loyal,1428.4808963751243,Protect / Retain
13669,51,3,413.55,3,Recent / Developing,11.914675314286917,Standard
13670,75,1,349.7,2,Low-Engagement / Dormant,,Standard
13671,395,1,172.6,2,Low-Engagement / Dormant,1.5207396570333853,Standard
13672,301,3,419.92,2,Low-Engagement / Dormant,4.007676329893037,Standard
13673,19,2,387.44,3,Recent / Developing,,Standard
13674,433,1,240.68,2,Low-Engagement / Dormant,2.979945973358907,Standard
13675,151,2,486.82000000000005,2,Low-Engagement / Dormant,11.267676595659971,Standard
13676,539,2,243.9,2,Low-Engagement / Dormant,0.6237727056287931,Standard
13677,405,2,551.24,2,Low-Engagement / Dormant,7.082770784411326,Standard
13678,152,1,232.6,2,Low-Engagement / Dormant,21.31390561901113,Standard
13679,494,3,281.26,2,Low-Engagement / Dormant,1.0921502214051442,Standard
13680,1,12,11419.67,0,High-Value Loyal,106.62642298954162,Protect / Retain
13681,18,4,827.83,3,Recent / Developing,19.959690539592998,Standard
13682,187,1,59.5,2,Low-Engagement / Dormant,1.782244109076299,Standard
13683,458,1,258.6,2,Low-Engagement / Dormant,2.1303702433788074,Standard
13684,286,4,594.88,1,Lapsed Valuable Customers,7.460944883950566,Re-engagement Opportunity
13685,3,7,3119.44,0,High-Value Loyal,,Protect / Retain
13686,183,3,409.04,2,Low-Engagement / Dormant,4.895770241574061,Standard
13687,438,1,11880.84,1,Lapsed Valuable Customers,9.499531179157154,Re-engagement Opportunity
13688,635,1,375.5,2,Low-Engagement / Dormant,0.17690641639029037,Standard
13689,63,2,1259.5,3,Recent / Developing,16.20322814359556,Standard
13690,59,1,172.25,2,Low-Engagement / Dormant,,Standard
13691,396,1,212.78,2,Low-Engagement / Dormant,3.512296998577317,Standard
13692,25,5,3114.4,0,High-Value Loyal,144.9701417884078,Protect / Retain
13693,374,9,2011.82,1,Lapsed Valuable Customers,15.80169510012174,Re-engagement Opportunity
13694,4,143,196482.81,0,High-Value Loyal,29400.771047874656,Protect / Retain
13695,31,16,2770.73,0,High-Value Loyal,165.72351702345813,Protect / Retain
13696,422,3,2020.4,1,Lapsed Valuable Customers,3.673375863564509,Re-engagement Opportunity
13697,39,1,151.29999999999998,3,Recent / Developing,,Standard
13698,597,2,451.73,2,Low-Engagement / Dormant,0.32623402428030407,Standard
13699,155,2,764.15,1,Lapsed Valuable Customers,1.807472424652948,Re-engagement Opportunity
13700,26,13,2596.9700000000003,0,High-Value Loyal,97.37328225920962,Protect / Retain
13701,447,1,161.0,2,Low-Engagement / Dormant,0.8820723482562688,Standard
13702,446,1,135.18,2,Low-Engagement / Dormant,0.9199560586675211,Standard
13703,318,2,425.56,2,Low-Engagement / Dormant,2.6195145183879784,Standard
13704,5,9,2308.06,0,High-Value Loyal,,Protect / Retain
13705,8,7,2035.33,0,High-Value Loyal,20.915938227192107,Protect / Retain
13706,303,2,631.17,2,Low-Engagement / Dormant,3.8235549907727537,Standard
13707,267,5,3365.86,1,Lapsed Valuable Customers,20.659993382379415,Re-engagement Opportunity
13708,271,1,285.33,2,Low-Engagement / Dormant,3.266000610246148,Standard
13709,4,18,7571.35,0,High-Value Loyal,721.5065274512158,Protect / Retain
13710,32,3,509.52,3,Recent / Developing,2.489245225051105,Standard
13711,219,9,1792.26,1,Lapsed Valuable Customers,17.118745802223273,Re-engagement Opportunity
13712,247,2,766.42,2,Low-Engagement / Dormant,9.276084365219234,Standard
13713,408,3,740.76,1,Lapsed Valuable Customers,6.6340741813149045,Re-engagement Opportunity
13714,465,1,161.35,2,Low-Engagement / Dormant,0.4983277501894496,Standard
13715,281,17,8425.69,0,High-Value Loyal,9.266182167729957,Protect / Retain
13716,269,1,138.28,2,Low-Engagement / Dormant,1.7716516049066109,Standard
13717,32,8,1763.3,0,High-Value Loyal,122.9633673409067,Protect / Retain
13718,246,2,306.55,2,Low-Engagement / Dormant,3.4001200188920175,Standard
13719,15,11,2783.08,0,High-Value Loyal,94.49860448370268,Protect / Retain
13720,117,4,799.9,1,Lapsed Valuable Customers,38.30013135684017,Re-engagement Opportunity
13721,36,2,741.54,3,Recent / Developing,4.352666806354201,Standard
13722,132,10,5635.41,1,Lapsed Valuable Customers,146.16223950296202,Re-engagement Opportunity
13723,217,6,1194.08,1,Lapsed Valuable Customers,3.404507822203639,Re-engagement Opportunity
13724,637,1,213.01,2,Low-Engagement / Dormant,0.16980477944541364,Standard
13725,50,8,1980.56,1,Lapsed Valuable Customers,99.70400869837292,Re-engagement Opportunity
13726,39,2,1079.6599999999999,3,Recent / Developing,120.81101548768943,Emerging High-Value
13727,29,8,1074.15,3,Recent / Developing,7.815797604874154,Standard
13728,37,16,2855.17,0,High-Value Loyal,190.90675381615216,Protect / Retain
13729,436,3,724.73,1,Lapsed Valuable Customers,4.772031249327927,Re-engagement Opportunity
13730,136,2,752.6,1,Lapsed Valuable Customers,16.062243735538292,Re-engagement Opportunity
13731,219,2,610.59,2,Low-Engagement / Dormant,4.681114115689074,Standard
13732,28,1,491.86,3,Recent / Developing,,Standard
13733,411,2,487.03000000000003,2,Low-Engagement / Dormant,2.982267415305112,Standard
13734,509,4,6695.6900000000005,1,Lapsed Valuable Customers,0.7371446437913105,Re-engagement Opportunity
13735,25,13,9762.77,0,High-Value Loyal,642.8209536194213,Protect / Retain
13736,5,7,2752.47,0,High-Value Loyal,88.36124761081891,Protect / Retain
13737,200,1,339.59999999999997,2,Low-Engagement / Dormant,2.192231561020991,Standard
13738,396,1,434.78000000000003,2,Low-Engagement / Dormant,2.8302054193034953,Standard
13739,18,2,292.2,3,Recent / Developing,1.7917091266563954,Standard
13740,241,5,1582.77,1,Lapsed Valuable Customers,6.271522495860939,Re-engagement Opportunity
13741,72,3,668.4300000000001,3,Recent / Developing,13.540260699264188,Standard
13742,17,12,3107.87,0,High-Value Loyal,315.3575764341134,Protect / Retain
13743,3,7,1341.6,3,Recent / Developing,127.41721962168674,Emerging High-Value
13744,95,2,1080.52,1,Lapsed Valuable Customers,19.916013393386166,Re-engagement Opportunity
13745,162,2,777.36,1,Lapsed Valuable Customers,4.012582742565659,Re-engagement Opportunity
13746,414,1,176.69,2,Low-Engagement / Dormant,0.6139084443789671,Standard
13747,374,2,249.39999999999998,2,Low-Engagement / Dormant,2.1154844084125615,Standard
13748,96,9,2268.35,1,Lapsed Valuable Customers,26.254100479677042,Re-engagement Opportunity
13750,54,11,3602.1800000000003,0,High-Value Loyal,186.58276173213136,Protect / Retain
13751,288,1,296.25,2,Low-Engagement / Dormant,3.797351156315674,Standard
13752,124,7,1579.8300000000002,1,Lapsed Valuable Customers,27.340982367317235,Re-engagement Opportunity
13753,288,4,2094.57,1,Lapsed Valuable Customers,16.07521349907324,Re-engagement Opportunity
13754,152,3,447.05,2,Low-Engagement / Dormant,10.15868512838808,Standard
13755,4,9,2108.06,0,High-Value Loyal,,Protect / Retain
13756,2,23,9188.75,0,High-Value Loyal,1292.7601003027467,Protect / Retain
13757,675,1,195.55,2,Low-Engagement / Dormant,0.2091113030212199,Standard
13758,12,15,9416.98,0,High-Value Loyal,555.5278164200842,Protect / Retain
13759,33,2,659.4100000000001,3,Recent / Developing,,Standard
13760,54,5,1363.6399999999999,1,Lapsed Valuable Customers,10.535589378812075,Re-engagement Opportunity
13761,50,6,1952.17,1,Lapsed Valuable Customers,61.75957303032742,Re-engagement Opportunity
13762,219,5,2472.48,1,Lapsed Valuable Customers,10.455751157634445,Re-engagement Opportunity
13763,63,3,5217.4400000000005,1,Lapsed Valuable Customers,26.27713357153175,Re-engagement Opportunity
13764,71,6,2919.62,1,Lapsed Valuable Customers,88.83714538627903,Re-engagement Opportunity
13765,653,1,352.821,2,Low-Engagement / Dormant,0.25310476058892545,Standard
13766,495,1,190.35,2,Low-Engagement / Dormant,0.13280200302097214,Standard
13767,2,73,35540.53,0,High-Value Loyal,5404.769990227599,Protect / Retain
13768,727,2,875.97,2,Low-Engagement / Dormant,0.70169244192513,Standard
13769,2,20,5800.42,0,High-Value Loyal,593.102985957772,Protect / Retain
13770,422,4,785.37,1,Lapsed Valuable Customers,4.464413244638983,Re-engagement Opportunity
13771,64,9,5728.82,0,High-Value Loyal,170.29606024287588,Protect / Retain
13772,34,8,3100.02,0,High-Value Loyal,119.98508767554404,Protect / Retain
13773,397,2,301.54,2,Low-Engagement / Dormant,2.459523536320674,Standard
13774,82,1,345.0,2,Low-Engagement / Dormant,,Standard
13775,591,1,1049.66,2,Low-Engagement / Dormant,1.1036176477020465,Standard
13776,428,2,623.98,2,Low-Engagement / Dormant,1.7219902528708366,Standard
13777,1,61,56478.42,0,High-Value Loyal,5183.1361664909955,Protect / Retain
13778,103,4,1124.49,1,Lapsed Valuable Customers,4.688710592570045,Re-engagement Opportunity
13779,516,1,161.13,2,Low-Engagement / Dormant,0.6098343406943221,Standard
13780,7,3,732.07,3,Recent / Developing,24.410860264304468,Standard
13781,251,3,778.83,1,Lapsed Valuable Customers,5.285949183487668,Re-engagement Opportunity
13782,13,13,1786.08,0,High-Value Loyal,63.26109383384595,Protect / Retain
13783,488,4,1542.09,1,Lapsed Valuable Customers,0.9436073803251376,Re-engagement Opportunity
13784,10,14,2910.23,0,High-Value Loyal,115.94077644425533,Protect / Retain
13785,429,4,542.49,1,Lapsed Valuable Customers,2.266147178177151,Re-engagement Opportunity
13786,367,6,3358.39,1,Lapsed Valuable Customers,36.57401916862906,Re-engagement Opportunity
13787,76,6,1222.5,1,Lapsed Valuable Customers,7.8826468832360606,Re-engagement Opportunity
13788,505,1,3.75,2,Low-Engagement / Dormant,0.2164287189238072,Standard
13789,388,1,239.45999999999998,2,Low-Engagement / Dormant,2.5367533563880116,Standard
13790,4,1,348.8,3,Recent / Developing,,Standard
13791,128,2,1516.0,1,Lapsed Valuable Customers,35.94887755437528,Re-engagement Opportunity
13792,66,3,383.95,3,Recent / Developing,5.111291000278631,Standard
13793,647,1,96.0,2,Low-Engagement / Dormant,0.2182060536033003,Standard
13794,547,1,126.03,2,Low-Engagement / Dormant,0.20739336735386127,Standard
13795,388,4,836.3,1,Lapsed Valuable Customers,10.516013566740746,Re-engagement Opportunity
13796,499,1,289.7,2,Low-Engagement / Dormant,0.5581650661927847,Standard
13797,437,3,1179.45,1,Lapsed Valuable Customers,3.4775904578246113,Re-engagement Opportunity
13798,1,110,75836.87,0,High-Value Loyal,8288.616842807098,Protect / Retain
13799,117,9,2803.57,1,Lapsed Valuable Customers,44.70650247131074,Re-engagement Opportunity
13800,310,3,1679.56,1,Lapsed Valuable Customers,4.255555778629137,Re-engagement Opportunity
13801,67,1,324.8,2,Low-Engagement / Dormant,,Standard
13802,139,19,26259.11,0,High-Value Loyal,343.4081349807319,Protect / Retain
13803,255,3,1338.91,1,Lapsed Valuable Customers,4.561939322420914,Re-engagement Opportunity
13804,31,9,3161.12,0,High-Value Loyal,341.4096515306612,Protect / Retain
13805,52,2,924.6,3,Recent / Developing,25.386558093126794,Standard
13806,64,1,256.38,2,Low-Engagement / Dormant,,Standard
13807,367,3,534.8,2,Low-Engagement / Dormant,3.3744046053709673,Standard
13808,6,5,1747.66,3,Recent / Developing,82.46825046498705,Emerging High-Value
13809,305,3,679.7,1,Lapsed Valuable Customers,3.67128878830257,Re-engagement Opportunity
13810,29,3,1499.01,3,Recent / Developing,,Standard
13811,184,3,814.5,1,Lapsed Valuable Customers,6.9924906426724895,Re-engagement Opportunity
13812,42,3,539.0,3,Recent / Developing,113.6238469111261,Emerging High-Value
13813,40,8,2765.47,0,High-Value Loyal,41.516915605753844,Protect / Retain
13814,92,3,2257.32,1,Lapsed Valuable Customers,5.268164608258944,Re-engagement Opportunity
13815,22,8,7475.74,0,High-Value Loyal,413.9031877240235,Protect / Retain
13816,24,2,571.6700000000001,3,Recent / Developing,,Standard
13817,29,2,382.98,3,Recent / Developing,2.0210312258592937,Standard
13818,430,1,61.28,2,Low-Engagement / Dormant,0.22301678400036873,Standard
13819,302,6,2642.35,1,Lapsed Valuable Customers,35.20820060154723,Re-engagement Opportunity
13820,418,3,652.75,1,Lapsed Valuable Customers,5.651672141529711,Re-engagement Opportunity
13821,145,6,1379.08,1,Lapsed Valuable Customers,22.573951471009064,Re-engagement Opportunity
13822,6,2,632.0,3,Recent / Developing,,Standard
13823,19,7,3403.4500000000003,0,High-Value Loyal,121.57969825542398,Protect / Retain
13824,33,12,3314.76,0,High-Value Loyal,145.78027473989087,Protect / Retain
13825,622,2,255.59,2,Low-Engagement / Dormant,0.21739904556941977,Standard
13826,176,1,189.5,2,Low-Engagement / Dormant,1.5701669095799622,Standard
13827,58,3,409.8,3,Recent / Developing,70.93342866717339,Emerging High-Value
13828,22,1,209.49,3,Recent / Developing,,Standard
13829,421,1,102.0,2,Low-Engagement / Dormant,0.27050352809027745,Standard
13830,582,1,156.85000000000002,2,Low-Engagement / Dormant,0.29141955602395847,Standard
13831,16,18,6993.54,0,High-Value Loyal,492.3882595351001,Protect / Retain
13832,19,2,609.89,3,Recent / Developing,7.85034731179552,Standard
13833,159,2,700.41,2,Low-Engagement / Dormant,8.686186761583347,Standard
13834,577,2,324.19,2,Low-Engagement / Dormant,0.37387215422003417,Standard
13835,25,7,1095.27,3,Recent / Developing,36.482365402915605,Standard
13836,399,2,620.37,2,Low-Engagement / Dormant,3.462103221124024,Standard
13837,212,2,266.59000000000003,2,Low-Engagement / Dormant,4.094461378059005,Standard
13838,6,10,1920.73,0,High-Value Loyal,46.61438799729307,Protect / Retain
13839,486,1,139.95000000000002,2,Low-Engagement / Dormant,2.2563911428867076,Standard
13840,416,1,651.4,2,Low-Engagement / Dormant,7.010615048651888,Standard
13841,253,1,85.0,2,Low-Engagement / Dormant,1.4152951931678046,Standard
13842,59,18,5629.91,0,High-Value Loyal,472.6093663022485,Protect / Retain
13843,381,1,319.75,2,Low-Engagement / Dormant,1.580755836779836,Standard
13844,11,1,361.62,3,Recent / Developing,,Standard
13845,65,1,312.98,2,Low-Engagement / Dormant,,Standard
13846,25,4,1307.79,3,Recent / Developing,22.880171287122316,Standard
13847,720,1,310.72,2,Low-Engagement / Dormant,0.18761040724204453,Standard
13848,92,8,3335.0,1,Lapsed Valuable Customers,17.996827827131483,Re-engagement Opportunity
13849,52,5,3469.3,1,Lapsed Valuable Customers,140.41093337756973,Re-engagement Opportunity
13850,129,1,1595.48,1,Lapsed Valuable Customers,32.99050322187404,Re-engagement Opportunity
13851,96,8,4606.46,1,Lapsed Valuable Customers,37.92124392734664,Re-engagement Opportunity
13852,611,1,187.35000000000002,2,Low-Engagement / Dormant,0.2777912312049929,Standard
13853,57,1,1090.14,3,Recent / Developing,,Standard
13854,9,39,12253.96,0,High-Value Loyal,1548.8100333708617,Protect / Retain
13855,501,4,1310.3400000000001,1,Lapsed Valuable Customers,1.6017335065493996,Re-engagement Opportunity
13856,169,11,1142.03,1,Lapsed Valuable Customers,8.247407645672636,Re-engagement Opportunity
13857,393,6,1001.01,1,Lapsed Valuable Customers,6.592283073595446,Re-engagement Opportunity
13858,57,1,216.17,2,Low-Engagement / Dormant,,Standard
13859,326,2,515.86,2,Low-Engagement / Dormant,2.3593240793280605,Standard
13860,1,5,1245.9,3,Recent / Developing,,Standard
13861,429,2,273.26,2,Low-Engagement / Dormant,2.839592084821783,Standard
13862,18,9,2556.09,0,High-Value Loyal,241.62548283079585,Protect / Retain
13863,248,4,1239.55,1,Lapsed Valuable Customers,5.021586455449068,Re-engagement Opportunity
13864,387,1,662.4000000000001,2,Low-Engagement / Dormant,2.703027061700869,Standard
13865,58,4,501.56,3,Recent / Developing,35.714968373278666,Standard
13866,74,1,145.67000000000002,2,Low-Engagement / Dormant,,Standard
13867,31,3,1005.09,3,Recent / Developing,3.794376662167591,Standard
13868,7,2,3192.54,3,Recent / Developing,,Standard
13869,123,10,7996.87,0,High-Value Loyal,123.04175524436096,Protect / Retain
13870,2,15,5712.08,0,High-Value Loyal,556.4002134223895,Protect / Retain
13871,23,17,7885.85,0,High-Value Loyal,802.9493031758581,Protect / Retain
13872,527,3,919.57,1,Lapsed Valuable Customers,1.2185401510108544,Re-engagement Opportunity
13873,120,8,1038.92,1,Lapsed Valuable Customers,7.984540579596363,Re-engagement Opportunity
13874,358,7,2049.15,1,Lapsed Valuable Customers,13.255585518876893,Re-engagement Opportunity
13875,54,14,4814.37,0,High-Value Loyal,456.8160724250741,Protect / Retain
13876,64,1,122.7,2,Low-Engagement / Dormant,,Standard
13877,86,3,449.68,3,Recent / Developing,1.6610875574896722,Standard
13878,55,4,2416.9,1,Lapsed Valuable Customers,9.053108589701932,Re-engagement Opportunity
13879,646,1,395.5,2,Low-Engagement / Dormant,0.5284134373769845,Standard
13880,21,17,4391.66,0,High-Value Loyal,348.8996032882493,Protect / Retain
13881,4,43,45179.1,0,High-Value Loyal,6126.526924519939,Protect / Retain
13882,3,5,1191.13,3,Recent / Developing,,Standard
13883,11,15,6560.02,0,High-Value Loyal,242.04263122829715,Protect / Retain
13884,7,10,1825.03,0,High-Value Loyal,19.74366486162291,Protect / Retain
13885,189,2,506.8,2,Low-Engagement / Dormant,3.9278193967631054,Standard
13886,71,1,243.56,2,Low-Engagement / Dormant,,Standard
13887,204,1,349.55,2,Low-Engagement / Dormant,4.549895267027191,Standard
13888,120,7,2001.59,1,Lapsed Valuable Customers,12.976815258851081,Re-engagement Opportunity
13889,93,6,1991.23,1,Lapsed Valuable Customers,4.871731484869546,Re-engagement Opportunity
13890,1,14,2927.38,0,High-Value Loyal,56.73451622850748,Protect / Retain
13891,378,3,859.21,1,Lapsed Valuable Customers,6.567794019746513,Re-engagement Opportunity
13892,27,6,1267.6499999999999,3,Recent / Developing,24.481078022988065,Standard
13893,298,1,821.1,2,Low-Engagement / Dormant,2.4953493822583344,Standard
13894,24,3,564.62,3,Recent / Developing,1.8109979898065443,Standard
13895,28,6,4008.52,0,High-Value Loyal,87.00951503277656,Protect / Retain
13896,626,1,388.55,2,Low-Engagement / Dormant,0.48789731949403714,Standard
13897,50,3,1160.72,3,Recent / Developing,12.739820233674672,Standard
13898,326,2,686.4,2,Low-Engagement / Dormant,7.620868930733329,Standard
13899,16,2,388.52,3,Recent / Developing,6.998380480750366,Standard
13900,183,6,1610.59,1,Lapsed Valuable Customers,15.94113298140001,Re-engagement Opportunity
13901,72,15,5676.34,0,High-Value Loyal,487.97051606782435,Protect / Retain
13902,632,5,34095.26,1,Lapsed Valuable Customers,0.5225421740817857,Re-engagement Opportunity
13903,400,1,165.45000000000002,2,Low-Engagement / Dormant,1.1240473011073038,Standard
13904,37,2,332.64,3,Recent / Developing,3.2591963165071607,Standard
13905,733,1,312.65,2,Low-Engagement / Dormant,0.4260003537064731,Standard
13906,409,1,42.0,2,Low-Engagement / Dormant,0.8259935083822738,Standard
13907,692,1,136.8,2,Low-Engagement / Dormant,0.15441712197373297,Standard
13908,80,4,2369.55,1,Lapsed Valuable Customers,145.45674602261838,Re-engagement Opportunity
13909,423,2,282.85,2,Low-Engagement / Dormant,3.3654301759033047,Standard
13911,57,20,4234.99,0,High-Value Loyal,503.27637635815074,Protect / Retain
13912,424,1,124.95,2,Low-Engagement / Dormant,0.35109970320107386,Standard
13913,507,1,42.22,2,Low-Engagement / Dormant,0.23813346031495483,Standard
13914,12,2,626.45,3,Recent / Developing,,Standard
13915,394,1,70.80000000000001,2,Low-Engagement / Dormant,0.10796583408911442,Standard
13916,464,4,1275.81,1,Lapsed Valuable Customers,1.7500729559778296,Re-engagement Opportunity
13917,50,2,272.04,3,Recent / Developing,3.328060688763431,Standard
13918,50,2,1212.8400000000001,3,Recent / Developing,8.049686848113577,Standard
13919,59,4,1360.68,1,Lapsed Valuable Customers,17.271379589305276,Re-engagement Opportunity
13920,432,4,1774.68,1,Lapsed Valuable Customers,4.208143435017057,Re-engagement Opportunity
13921,402,4,730.7,1,Lapsed Valuable Customers,4.145080295431882,Re-engagement Opportunity
13922,352,3,865.2,1,Lapsed Valuable Customers,3.951101079950886,Re-engagement Opportunity
13923,54,1,351.13,3,Recent / Developing,,Standard
13924,2,6,1838.8500000000001,0,High-Value Loyal,,Protect / Retain
13925,93,4,678.25,1,Lapsed Valuable Customers,39.03199794923486,Re-engagement Opportunity
13926,23,1,223.85000000000002,3,Recent / Developing,,Standard
13927,75,2,708.26,3,Recent / Developing,5.13267433159592,Standard
13928,11,4,464.57,3,Recent / Developing,84.08401660439412,Emerging High-Value
13929,169,11,3494.1,1,Lapsed Valuable Customers,46.47853350369304,Re-engagement Opportunity
13930,58,2,337.34,3,Recent / Developing,21.82490111476259,Standard
13931,96,11,5257.38,0,High-Value Loyal,25.97967421915849,Protect / Retain
13932,295,1,307.4,2,Low-Engagement / Dormant,1.9813464797979092,Standard
13933,109,2,608.7900000000001,2,Low-Engagement / Dormant,14.585062525429507,Standard
13934,264,1,922.1,2,Low-Engagement / Dormant,1.5841056864192302,Standard
13935,597,3,6116.92,1,Lapsed Valuable Customers,0.11818089623496895,Re-engagement Opportunity
13936,180,3,939.66,1,Lapsed Valuable Customers,32.54641820907751,Re-engagement Opportunity
13937,169,2,880.13,1,Lapsed Valuable Customers,9.429020689614081,Re-engagement Opportunity
13938,35,1,71.66,2,Low-Engagement / Dormant,,Standard
13939,23,7,1560.96,3,Recent / Developing,46.68444986768331,Standard
13940,17,4,839.14,3,Recent / Developing,77.35430486949076,Emerging High-Value
13941,22,15,11122.300000000001,0,High-Value Loyal,604.278140070056,Protect / Retain
13942,535,1,320.0,2,Low-Engagement / Dormant,1.6190406025206068,Standard
13943,578,1,246.54,2,Low-Engagement / Dormant,1.0649077832749905,Standard
13944,653,1,200.43,2,Low-Engagement / Dormant,0.21104269287788255,Standard
13945,395,2,854.15,2,Low-Engagement / Dormant,3.1001068593846517,Standard
13946,79,6,1876.23,1,Lapsed Valuable Customers,46.03225227470202,Re-engagement Opportunity
13947,65,1,90.6,2,Low-Engagement / Dormant,,Standard
13948,361,4,548.76,1,Lapsed Valuable Customers,3.8454852088811404,Re-engagement Opportunity
13949,3,6,2427.32,0,High-Value Loyal,170.83106811494298,Protect / Retain
13950,11,4,745.06,3,Recent / Developing,3.3655683975138966,Standard
13951,176,3,674.45,1,Lapsed Valuable Customers,17.32842317484399,Re-engagement Opportunity
13952,218,14,12823.521,0,High-Value Loyal,60.54364702666273,Protect / Retain
13953,7,12,6640.68,0,High-Value Loyal,157.9687301798663,Protect / Retain
13954,2,2,439.92,3,Recent / Developing,,Standard
13955,154,3,544.0699999999999,1,Lapsed Valuable Customers,14.115061550776044,Re-engagement Opportunity
13956,5,5,1019.27,3,Recent / Developing,84.42435694348107,Emerging High-Value
13957,418,3,458.25,2,Low-Engagement / Dormant,2.639420962711502,Standard
13958,380,8,4709.2300000000005,1,Lapsed Valuable Customers,13.548710003149692,Re-engagement Opportunity
13959,79,6,1064.77,1,Lapsed Valuable Customers,13.779457976556536,Re-engagement Opportunity
13960,21,2,230.22,3,Recent / Developing,,Standard
13961,392,1,538.4,2,Low-Engagement / Dormant,2.0806292648195943,Standard
13962,22,3,362.8,3,Recent / Developing,5.388671326345296,Standard
13963,308,17,3011.87,1,Lapsed Valuable Customers,6.4374531001761754,Re-engagement Opportunity
13964,387,2,438.9,2,Low-Engagement / Dormant,1.9130097835897104,Standard
13965,477,3,996.61,1,Lapsed Valuable Customers,0.7195200266943969,Re-engagement Opportunity
13966,435,1,384.26,2,Low-Engagement / Dormant,4.515002407552164,Standard
13967,146,2,166.3,2,Low-Engagement / Dormant,1.5764276010098213,Standard
13968,423,1,123.66,2,Low-Engagement / Dormant,0.6268529247768355,Standard
13969,7,35,13291.05,0,High-Value Loyal,1881.791530649555,Protect / Retain
13970,386,2,846.55,2,Low-Engagement / Dormant,4.26478380202345,Standard
13971,19,14,4667.57,0,High-Value Loyal,344.7882502618981,Protect / Retain
13972,71,2,190.25,2,Low-Engagement / Dormant,7.385321957612767,Standard
13973,287,1,264.7,2,Low-Engagement / Dormant,3.993413701087131,Standard
13974,49,2,677.72,3,Recent / Developing,4.123802828661952,Standard
13975,31,12,5256.4,0,High-Value Loyal,469.9160619441987,Protect / Retain
13976,207,4,1192.36,1,Lapsed Valuable Customers,11.638842167739362,Re-engagement Opportunity
13977,411,1,519.8100000000001,2,Low-Engagement / Dormant,1.9619119667338307,Standard
13978,15,2,196.79000000000002,3,Recent / Developing,,Standard
13979,73,7,3379.93,1,Lapsed Valuable Customers,87.82031072495363,Re-engagement Opportunity
13980,60,5,768.82,1,Lapsed Valuable Customers,10.225793813491798,Re-engagement Opportunity
13981,416,1,331.14,2,Low-Engagement / Dormant,1.5111216791323587,Standard
13982,39,9,4382.89,0,High-Value Loyal,260.3961685017526,Protect / Retain
13983,30,21,7083.25,0,High-Value Loyal,553.245507632617,Protect / Retain
13984,27,12,2048.6,0,High-Value Loyal,60.49642721143735,Protect / Retain
13985,4,22,10020.86,0,High-Value Loyal,1184.3364088601907,Protect / Retain
13986,17,1,320.46,3,Recent / Developing,,Standard
13987,380,2,682.54,2,Low-Engagement / Dormant,8.828808707879075,Standard
13988,20,8,4757.8,0,High-Value Loyal,165.82018871964382,Protect / Retain
13989,66,5,2026.06,1,Lapsed Valuable Customers,69.88138602778147,Re-engagement Opportunity
13990,213,1,311.3,2,Low-Engagement / Dormant,5.91486308218302,Standard
13991,12,6,852.88,3,Recent / Developing,28.264351406122465,Standard
13992,30,3,219.5,3,Recent / Developing,2.569052820218201,Standard
13993,43,19,6775.71,0,High-Value Loyal,615.8076585039923,Protect / Retain
13994,4,6,2274.14,0,High-Value Loyal,102.47956659754422,Protect / Retain
13995,15,14,3902.01,0,High-Value Loyal,325.1729240900459,Protect / Retain
13996,386,2,895.76,2,Low-Engagement / Dormant,3.9059439567991148,Standard
13997,519,3,376.46,2,Low-Engagement / Dormant,0.5747815625371031,Standard
13998,447,3,566.7,2,Low-Engagement / Dormant,4.343422331929602,Standard
13999,10,29,9502.26,0,High-Value Loyal,1455.625593542495,Protect / Retain
14000,211,5,2046.3400000000001,1,Lapsed Valuable Customers,17.206923223453156,Re-engagement Opportunity
14001,46,9,4530.09,0,High-Value Loyal,135.16092105807783,Protect / Retain
14002,134,2,529.73,2,Low-Engagement / Dormant,45.08278872885203,Standard
14003,733,1,209.41,2,Low-Engagement / Dormant,0.5101667361980267,Standard
14004,43,11,6258.45,0,High-Value Loyal,430.13131506616537,Protect / Retain
14005,10,5,2874.72,0,High-Value Loyal,106.9039196025304,Protect / Retain
14006,116,7,2196.67,1,Lapsed Valuable Customers,13.539380382669808,Re-engagement Opportunity
14007,513,1,79.48,2,Low-Engagement / Dormant,0.6898398973437924,Standard
14008,432,1,509.04,2,Low-Engagement / Dormant,2.181909152160566,Standard
14009,198,3,1099.91,1,Lapsed Valuable Customers,12.672211430542784,Re-engagement Opportunity
14010,565,2,445.15,2,Low-Engagement / Dormant,0.26115506034629526,Standard
14011,480,2,457.82,2,Low-Engagement / Dormant,0.6566089594449895,Standard
14012,278,1,328.8,2,Low-Engagement / Dormant,1.2245598318162625,Standard
14013,110,5,1084.57,1,Lapsed Valuable Customers,8.774615047002978,Re-engagement Opportunity
14014,77,3,1948.21,1,Lapsed Valuable Customers,9.625166921562105,Re-engagement Opportunity
14015,53,1,917.34,3,Recent / Developing,,Standard
14016,162,11,11403.41,0,High-Value Loyal,207.79477728026484,Protect / Retain
14017,571,1,229.75,2,Low-Engagement / Dormant,0.43040365142291126,Standard
14018,645,1,367.15000000000003,2,Low-Engagement / Dormant,0.09427797146160263,Standard
14019,47,3,1421.61,3,Recent / Developing,88.1140946739062,Emerging High-Value
14020,17,4,1249.01,3,Recent / Developing,11.309701723092633,Standard
14021,155,7,1716.58,1,Lapsed Valuable Customers,15.467397145229453,Re-engagement Opportunity
14022,225,2,792.15,1,Lapsed Valuable Customers,5.620976006528037,Re-engagement Opportunity
14023,7,2,584.07,3,Recent / Developing,10.57375436235646,Standard
14024,122,3,645.74,1,Lapsed Valuable Customers,36.97550628007546,Re-engagement Opportunity
14025,465,8,4057.9,1,Lapsed Valuable Customers,1.7178603239124004,Re-engagement Opportunity
14026,471,2,713.11,2,Low-Engagement / Dormant,2.011739855237327,Standard
14027,61,1,104.82,2,Low-Engagement / Dormant,,Standard
14028,550,3,10396.5,1,Lapsed Valuable Customers,0.1257224485168476,Re-engagement Opportunity
14029,63,2,467.66,3,Recent / Developing,13.545867294214723,Standard
14030,18,20,8198.3,0,High-Value Loyal,402.8182573213933,Protect / Retain
14031,7,44,40919.58,0,High-Value Loyal,4704.554832796704,Protect / Retain
14032,2,16,4850.2699999999995,0,High-Value Loyal,347.2267699664915,Protect / Retain
14033,555,1,109.44,2,Low-Engagement / Dormant,1.2637191352520898,Standard
14034,22,3,648.89,3,Recent / Developing,35.834869073107754,Standard
14035,29,9,2794.75,0,High-Value Loyal,87.43126698935001,Protect / Retain
14036,285,1,626.65,2,Low-Engagement / Dormant,3.143030078128132,Standard
14037,176,6,836.95,1,Lapsed Valuable Customers,8.836833548622415,Re-engagement Opportunity
14038,78,5,3069.88,1,Lapsed Valuable Customers,57.296471931065014,Re-engagement Opportunity
14039,33,2,267.28000000000003,3,Recent / Developing,0.9683025669374491,Standard
14040,41,35,12523.81,0,High-Value Loyal,1005.9062431432695,Protect / Retain
14041,266,1,141.41,2,Low-Engagement / Dormant,2.308769971718779,Standard
14042,725,1,431.98,2,Low-Engagement / Dormant,0.13351119875513764,Standard
14043,491,2,302.6,2,Low-Engagement / Dormant,0.36398711773477543,Standard
14044,27,10,3077.7,0,High-Value Loyal,149.26639640987818,Protect / Retain
14045,109,16,11313.029999999999,0,High-Value Loyal,28.354225463914773,Protect / Retain
14046,284,1,154.99,2,Low-Engagement / Dormant,1.769987046067661,Standard
14047,9,14,4255.03,0,High-Value Loyal,147.14201644902369,Protect / Retain
14048,305,3,748.69,1,Lapsed Valuable Customers,19.340785387774204,Re-engagement Opportunity
14049,17,13,13023.4,0,High-Value Loyal,621.1158809908901,Protect / Retain
14050,32,2,746.36,3,Recent / Developing,131.5021706659695,Emerging High-Value
14051,1,37,22394.4,0,High-Value Loyal,3386.538840870997,Protect / Retain
14052,20,2,466.66,3,Recent / Developing,5.338826432876692,Standard
14053,124,4,572.3,1,Lapsed Valuable Customers,5.701426016538563,Re-engagement Opportunity
14054,65,1,92.46,2,Low-Engagement / Dormant,,Standard
14055,106,3,1520.96,1,Lapsed Valuable Customers,0.978287150736487,Re-engagement Opportunity
14056,1,23,8152.71,0,High-Value Loyal,1200.1172588008235,Protect / Retain
14057,24,22,8346.66,0,High-Value Loyal,1305.3114456540566,Protect / Retain
14058,463,2,469.19,2,Low-Engagement / Dormant,1.095243100040956,Standard
14059,267,1,183.6,2,Low-Engagement / Dormant,1.804297329589925,Standard
14060,5,30,9519.08,0,High-Value Loyal,986.9857617920312,Protect / Retain
14061,507,3,917.4300000000001,1,Lapsed Valuable Customers,0.8814329697957533,Re-engagement Opportunity
14062,10,24,25585.65,0,High-Value Loyal,1995.482364788034,Protect / Retain
14063,438,9,22710.2,1,Lapsed Valuable Customers,8.751985389522732,Re-engagement Opportunity
14064,29,15,3260.24,0,High-Value Loyal,232.6715786088455,Protect / Retain
14065,389,3,891.02,1,Lapsed Valuable Customers,3.4987546333974886,Re-engagement Opportunity
14066,267,1,152.55,2,Low-Engagement / Dormant,0.6091228193155825,Standard
14067,64,2,374.7,3,Recent / Developing,70.5194777648496,Emerging High-Value
14068,320,4,1516.72,1,Lapsed Valuable Customers,3.9102318971472565,Re-engagement Opportunity
14069,515,2,225.81,2,Low-Engagement / Dormant,0.4451428929165627,Standard
14070,685,1,321.6,2,Low-Engagement / Dormant,0.5284149314592705,Standard
14071,4,8,1437.57,0,High-Value Loyal,3.813884565868033,Protect / Retain
14072,667,1,390.85,2,Low-Engagement / Dormant,0.3038182716293208,Standard
14073,32,1,151.04,3,Recent / Developing,,Standard
14074,623,1,219.39999999999998,2,Low-Engagement / Dormant,0.3306333215343352,Standard
14075,5,6,1734.87,3,Recent / Developing,17.657280915809917,Standard
14076,129,1,118.67,2,Low-Engagement / Dormant,13.010596878120023,Standard
14077,41,6,615.0799999999999,3,Recent / Developing,9.217696227989968,Standard
14078,102,9,1689.71,1,Lapsed Valuable Customers,17.6393047471843,Re-engagement Opportunity
14079,125,2,618.73,2,Low-Engagement / Dormant,1.488483096996428,Standard
14080,33,5,1115.68,3,Recent / Developing,6.277897976943742,Standard
14081,302,10,5291.09,1,Lapsed Valuable Customers,17.762778344535036,Re-engagement Opportunity
14082,365,2,413.36,2,Low-Engagement / Dormant,2.0260992700220806,Standard
14083,4,11,1376.2,0,High-Value Loyal,21.185329845675184,Protect / Retain
14084,512,1,150.5,2,Low-Engagement / Dormant,0.39775413324086356,Standard
14085,2,33,10028.72,0,High-Value Loyal,462.7516010339852,Protect / Retain
14086,463,1,39.95,2,Low-Engagement / Dormant,0.9841178072203774,Standard
14087,3,3,829.47,3,Recent / Developing,28.042430345895525,Standard
14088,10,16,64036.8,0,High-Value Loyal,8957.573438649453,Protect / Retain
14089,57,1,158.75,2,Low-Engagement / Dormant,,Standard
14090,325,1,76.32000000000001,2,Low-Engagement / Dormant,0.4599265293632981,Standard
14091,654,2,9530.08,1,Lapsed Valuable Customers,0.31214574585302923,Re-engagement Opportunity
14092,8,24,7229.45,0,High-Value Loyal,1022.1781831225601,Protect / Retain
14093,12,1,433.86,3,Recent / Developing,,Standard
14094,440,1,311.77,2,Low-Engagement / Dormant,3.6987590770108687,Standard
14095,723,1,2.95,2,Low-Engagement / Dormant,0.31595019583199135,Standard
14096,4,17,65164.79,0,High-Value Loyal,371.56007794038067,Protect / Retain
14097,481,2,422.85999999999996,2,Low-Engagement / Dormant,0.6902443026046612,Standard
14098,37,1,147.35,3,Recent / Developing,,Standard
14099,16,20,5750.91,0,High-Value Loyal,745.0972999468456,Protect / Retain
14100,138,1,191.95000000000002,2,Low-Engagement / Dormant,5.288370088429851,Standard
14101,74,13,9961.93,0,High-Value Loyal,366.1710222448785,Protect / Retain
14102,5,5,1105.8799999999999,3,Recent / Developing,,Standard
14104,155,5,743.53,1,Lapsed Valuable Customers,15.836208307676541,Re-engagement Opportunity
14105,239,5,5988.83,1,Lapsed Valuable Customers,32.22956298384198,Re-engagement Opportunity
14106,737,1,214.79999999999998,2,Low-Engagement / Dormant,0.9850461941422268,Standard
14107,52,11,4877.3,0,High-Value Loyal,313.2433813321582,Protect / Retain
14108,31,4,1044.96,3,Recent / Developing,16.294379830186593,Standard
14109,73,1,144.2,2,Low-Engagement / Dormant,,Standard
14110,4,33,12987.95,0,High-Value Loyal,1308.0182503121118,Protect / Retain
14111,14,4,692.85,3,Recent / Developing,30.809722576722475,Standard
14112,23,13,5834.59,0,High-Value Loyal,417.2329026049697,Protect / Retain
14113,4,16,7092.610000000001,0,High-Value Loyal,80.84243089576239,Protect / Retain
14114,274,7,1364.09,1,Lapsed Valuable Customers,8.582502142189085,Re-engagement Opportunity
14115,502,2,622.6700000000001,2,Low-Engagement / Dormant,0.8046447793603758,Standard
14116,20,5,1382.74,3,Recent / Developing,49.123664687277305,Standard
14117,144,1,90.0,2,Low-Engagement / Dormant,4.279803280420267,Standard
14118,429,1,458.45,2,Low-Engagement / Dormant,1.1832744496809726,Standard
14119,376,2,183.37,2,Low-Engagement / Dormant,1.839717196301182,Standard
14121,4,4,2780.15,3,Recent / Developing,,Standard
14122,406,3,362.42,2,Low-Engagement / Dormant,2.9174576565644874,Standard
14123,733,1,436.18,2,Low-Engagement / Dormant,0.3129674687680656,Standard
14124,84,1,419.58000000000004,2,Low-Engagement / Dormant,,Standard
14125,11,3,2720.63,3,Recent / Developing,,Standard
14126,8,4,1172.46,3,Recent / Developing,12.663464441476659,Standard
14127,123,6,1900.0800000000002,1,Lapsed Valuable Customers,49.2157647925289,Re-engagement Opportunity
14128,61,3,924.21,3,Recent / Developing,12.033148703646194,Standard
14129,2,9,2591.34,0,High-Value Loyal,34.819879544528895,Protect / Retain
14130,319,4,1858.77,1,Lapsed Valuable Customers,11.47073224200841,Re-engagement Opportunity
14131,649,1,168.22,2,Low-Engagement / Dormant,0.7279695012632683,Standard
14132,2,11,3586.0299999999997,0,High-Value Loyal,513.1404409249935,Protect / Retain
14133,130,4,911.14,1,Lapsed Valuable Customers,11.389081825210281,Re-engagement Opportunity
14134,383,15,11123.35,1,Lapsed Valuable Customers,4.344889473941473,Re-engagement Opportunity
14135,2,24,9643.92,0,High-Value Loyal,520.3914999618149,Protect / Retain
14136,401,5,1570.81,1,Lapsed Valuable Customers,3.9192994641079992,Re-engagement Opportunity
14137,696,1,332.7,2,Low-Engagement / Dormant,0.47729555404068996,Standard
14138,2,2,965.8800000000001,3,Recent / Developing,,Standard
14139,46,4,1086.8,3,Recent / Developing,5.825442935280451,Standard
14140,4,2,935.05,3,Recent / Developing,,Standard
14141,3,4,915.13,3,Recent / Developing,127.58814252229826,Emerging High-Value
14142,373,2,983.15,1,Lapsed Valuable Customers,3.007626980079206,Re-engagement Opportunity
14143,134,1,115.8,2,Low-Engagement / Dormant,11.174224971092434,Standard
14144,486,1,30.599999999999998,2,Low-Engagement / Dormant,0.49746376460597796,Standard
14145,47,7,7600.05,0,High-Value Loyal,174.09006769840983,Protect / Retain
14146,9,12,9450.3,0,High-Value Loyal,259.12942862490445,Protect / Retain
14147,78,9,2590.2,1,Lapsed Valuable Customers,36.24183809715437,Re-engagement Opportunity
14148,234,2,466.29,2,Low-Engagement / Dormant,5.161706927045222,Standard
14149,221,1,446.62,2,Low-Engagement / Dormant,2.370505629632746,Standard
14150,36,2,658.64,3,Recent / Developing,3.3780312612641255,Standard
14151,673,2,679.45,2,Low-Engagement / Dormant,1.9350271905496066,Standard
14152,75,7,1997.3400000000001,1,Lapsed Valuable Customers,52.93677171039918,Re-engagement Opportunity
14153,483,1,233.4,2,Low-Engagement / Dormant,0.24200420753188961,Standard
14154,239,8,6460.7,1,Lapsed Valuable Customers,35.5493904206581,Re-engagement Opportunity
14155,266,1,118.75,2,Low-Engagement / Dormant,0.6473866870825107,Standard
14156,10,156,313759.82,0,High-Value Loyal,35516.05554862617,Protect / Retain
14157,20,5,978.69,3,Recent / Developing,17.258862888383103,Standard
14158,40,1,507.66,3,Recent / Developing,,Standard
14159,20,20,7860.8,0,High-Value Loyal,882.9684018059643,Protect / Retain
14160,610,7,8421.47,1,Lapsed Valuable Customers,0.38308052426212635,Re-engagement Opportunity
14161,216,7,3280.08,1,Lapsed Valuable Customers,32.85330161824694,Re-engagement Opportunity
14162,174,2,289.36,2,Low-Engagement / Dormant,8.072054254696,Standard
14163,87,5,2594.62,1,Lapsed Valuable Customers,67.44235255571822,Re-engagement Opportunity
14164,71,2,1631.77,1,Lapsed Valuable Customers,,Re-engagement Opportunity
14165,276,1,120.44,2,Low-Engagement / Dormant,3.5803516703571745,Standard
14166,505,2,251.15,2,Low-Engagement / Dormant,0.4595878075703601,Standard
14167,39,8,1274.29,1,Lapsed Valuable Customers,28.984607190401444,Re-engagement Opportunity
14168,421,2,370.45,2,Low-Engagement / Dormant,2.083105324131371,Standard
14169,431,2,621.51,2,Low-Engagement / Dormant,2.912011237754971,Standard
14170,375,3,570.18,2,Low-Engagement / Dormant,12.895180978154869,Standard
14171,98,2,498.79,2,Low-Engagement / Dormant,2.1254208263726344,Standard
14172,605,3,369.02,2,Low-Engagement / Dormant,0.44968861100060015,Standard
14173,11,6,586.0,3,Recent / Developing,8.355795698846514,Standard
14174,33,1,134.46,3,Recent / Developing,,Standard
14175,60,8,7678.88,0,High-Value Loyal,308.6315502618418,Protect / Retain
14176,297,5,916.01,1,Lapsed Valuable Customers,4.167766346027549,Re-engagement Opportunity
14177,86,13,2209.69,0,High-Value Loyal,101.51959327386712,Protect / Retain
14178,9,7,1600.26,0,High-Value Loyal,86.09154658164985,Protect / Retain
14179,41,2,701.57,3,Recent / Developing,,Standard
14180,11,33,6319.25,0,High-Value Loyal,705.1293903157397,Protect / Retain
14181,411,2,308.35,2,Low-Engagement / Dormant,2.19680862489313,Standard
14182,444,4,678.77,1,Lapsed Valuable Customers,4.022543333866389,Re-engagement Opportunity
14183,411,2,278.34000000000003,2,Low-Engagement / Dormant,2.7104286187476876,Standard
14184,67,1,452.89,3,Recent / Developing,,Standard
14185,331,1,197.65,2,Low-Engagement / Dormant,1.9680517020027923,Standard
14186,427,5,1550.63,1,Lapsed Valuable Customers,3.0263335626571686,Re-engagement Opportunity
14187,474,1,123.5,2,Low-Engagement / Dormant,0.2096396846200321,Standard
14188,31,6,2054.36,1,Lapsed Valuable Customers,166.34280194040227,Re-engagement Opportunity
14189,2,16,5814.39,0,High-Value Loyal,581.4408870894459,Protect / Retain
14190,666,1,79.9,2,Low-Engagement / Dormant,0.16296470715688727,Standard
14191,2,15,4817.66,0,High-Value Loyal,210.48618483026155,Protect / Retain
14192,388,1,293.74,2,Low-Engagement / Dormant,3.3283578968080483,Standard
14193,68,3,1210.19,1,Lapsed Valuable Customers,11.538571621491663,Re-engagement Opportunity
14194,5,36,18670.59,0,High-Value Loyal,3158.218013274677,Protect / Retain
14195,202,6,2615.6,1,Lapsed Valuable Customers,13.518753587261827,Re-engagement Opportunity
14196,107,1,335.52,2,Low-Engagement / Dormant,20.52057599848601,Standard
14197,411,1,390.05,2,Low-Engagement / Dormant,1.6559497259776104,Standard
14198,18,9,1569.73,0,High-Value Loyal,43.73894546842831,Protect / Retain
14199,218,4,1091.7,1,Lapsed Valuable Customers,3.989113370215928,Re-engagement Opportunity
14200,617,1,379.2,2,Low-Engagement / Dormant,0.2351075332674241,Standard
14201,60,10,1193.54,1,Lapsed Valuable Customers,16.426954939443732,Re-engagement Opportunity
14202,381,3,847.76,1,Lapsed Valuable Customers,2.815721303618497,Re-engagement Opportunity
14203,397,1,339.34,2,Low-Engagement / Dormant,1.1257961207991638,Standard
14204,2,4,1024.83,3,Recent / Developing,23.48647824578103,Standard
14205,17,9,2414.2,0,High-Value Loyal,92.47108912995688,Protect / Retain
14206,239,3,1185.01,1,Lapsed Valuable Customers,10.021116719742075,Re-engagement Opportunity
14207,688,1,157.8,2,Low-Engagement / Dormant,0.3274508181045083,Standard
14208,95,2,567.05,3,Recent / Developing,3.091740417224505,Standard
14209,11,15,4993.27,0,High-Value Loyal,429.1815599263681,Protect / Retain
14210,106,16,5861.52,0,High-Value Loyal,112.9831190824575,Protect / Retain
14211,53,18,4402.29,0,High-Value Loyal,265.275854436773,Protect / Retain
14212,90,2,2190.14,1,Lapsed Valuable Customers,32.71891277443111,Re-engagement Opportunity
14213,405,1,1192.2,2,Low-Engagement / Dormant,1.5800474405600997,Standard
14214,31,5,1004.38,3,Recent / Developing,64.16681891511746,Emerging High-Value
14215,12,9,3416.33,0,High-Value Loyal,169.89382621847133,Protect / Retain
14216,3,5,2150.04,3,Recent / Developing,4.23166526421236,Standard
14217,2,23,3416.89,0,High-Value Loyal,182.3145446019513,Protect / Retain
14218,43,1,169.48000000000002,3,Recent / Developing,,Standard
14219,4,3,633.83,3,Recent / Developing,3.7008524443943736,Standard
14220,247,4,1515.0,1,Lapsed Valuable Customers,4.485828241603656,Re-engagement Opportunity
14221,42,17,6517.49,0,High-Value Loyal,780.8711311057403,Protect / Retain
14222,177,1,683.17,2,Low-Engagement / Dormant,12.424172676364146,Standard
14223,92,3,991.13,1,Lapsed Valuable Customers,23.466333777924355,Re-engagement Opportunity
14224,110,9,1841.71,1,Lapsed Valuable Customers,32.67990562028007,Re-engagement Opportunity
14225,435,4,2031.07,1,Lapsed Valuable Customers,7.954410654021337,Re-engagement Opportunity
14226,29,6,2985.13,0,High-Value Loyal,131.0503576379569,Protect / Retain
14227,26,15,6368.71,0,High-Value Loyal,281.15497107382686,Protect / Retain
14228,438,3,745.5,1,Lapsed Valuable Customers,2.574519574521433,Re-engagement Opportunity
14229,52,7,2594.04,1,Lapsed Valuable Customers,41.502073381599914,Re-engagement Opportunity
14230,436,3,979.8000000000001,1,Lapsed Valuable Customers,1.7050420143830207,Re-engagement Opportunity
14231,184,4,1235.6200000000001,1,Lapsed Valuable Customers,18.226900192496245,Re-engagement Opportunity
14232,43,5,2048.07,1,Lapsed Valuable Customers,206.7718431874935,Re-engagement Opportunity
14233,49,7,2904.27,1,Lapsed Valuable Customers,71.92386025954737,Re-engagement Opportunity
14234,22,4,754.12,3,Recent / Developing,,Standard
14235,75,9,4717.99,0,High-Value Loyal,286.16669933260357,Protect / Retain
14236,81,5,1744.64,1,Lapsed Valuable Customers,6.895021231756975,Re-engagement Opportunity
14237,373,2,632.14,2,Low-Engagement / Dormant,3.108365529000994,Standard
14238,326,3,434.23,2,Low-Engagement / Dormant,3.265608620379758,Standard
14239,43,21,4263.17,0,High-Value Loyal,383.938094802719,Protect / Retain
14240,30,3,1247.49,3,Recent / Developing,9.553585211125505,Standard
14241,184,2,333.70000000000005,2,Low-Engagement / Dormant,3.5739843447767807,Standard
14242,235,2,280.55,2,Low-Engagement / Dormant,5.041092042163546,Standard
14243,9,17,7431.05,0,High-Value Loyal,764.3223744170022,Protect / Retain
14244,661,1,366.41999999999996,2,Low-Engagement / Dormant,0.820764770178153,Standard
14245,220,2,1693.45,1,Lapsed Valuable Customers,9.184900761882794,Re-engagement Opportunity
14246,111,3,1474.06,1,Lapsed Valuable Customers,67.97777627874319,Re-engagement Opportunity
14247,278,5,753.56,1,Lapsed Valuable Customers,9.391090412499759,Re-engagement Opportunity
14248,318,3,1032.95,1,Lapsed Valuable Customers,3.4092786962616994,Re-engagement Opportunity
14249,411,12,5400.461,1,Lapsed Valuable Customers,2.0709994041998607,Re-engagement Opportunity
14250,7,3,1904.05,3,Recent / Developing,,Standard
14251,2,5,2879.7000000000003,0,High-Value Loyal,,Protect / Retain
14252,381,1,350.99,2,Low-Engagement / Dormant,1.1854054405156564,Standard
14253,493,2,363.40000000000003,2,Low-Engagement / Dormant,0.6197463389678242,Standard
14254,433,1,601.03,2,Low-Engagement / Dormant,3.8881532819418014,Standard
14255,546,1,1000.63,2,Low-Engagement / Dormant,0.5769292903678541,Standard
14256,260,5,2460.79,1,Lapsed Valuable Customers,22.49665650384305,Re-engagement Opportunity
14257,64,9,5954.45,0,High-Value Loyal,322.8579137452794,Protect / Retain
14258,9,25,32051.34,0,High-Value Loyal,2521.4087638942187,Protect / Retain
14259,142,1,120.0,2,Low-Engagement / Dormant,15.197675683743421,Standard
14260,471,3,824.28,1,Lapsed Valuable Customers,1.0059277392447559,Re-engagement Opportunity
14261,51,2,1163.45,3,Recent / Developing,,Standard
14262,8,8,2618.23,0,High-Value Loyal,113.37701054590262,Protect / Retain
14263,423,1,322.93,2,Low-Engagement / Dormant,1.5955422682830245,Standard
14264,155,6,1517.3600000000001,1,Lapsed Valuable Customers,10.433022013572863,Re-engagement Opportunity
14265,109,4,1373.35,1,Lapsed Valuable Customers,11.891947184679886,Re-engagement Opportunity
14266,428,1,40.56,2,Low-Engagement / Dormant,0.13750009289536635,Standard
14267,163,3,1516.24,1,Lapsed Valuable Customers,12.781101602875339,Re-engagement Opportunity
14268,471,1,354.85,2,Low-Engagement / Dormant,0.49394767122805094,Standard
14269,439,1,295.73,2,Low-Engagement / Dormant,4.746847559394286,Standard
14270,332,1,492.65000000000003,2,Low-Engagement / Dormant,1.4944534473790996,Standard
14271,226,2,214.18,2,Low-Engagement / Dormant,4.93760610188233,Standard
14272,74,4,920.81,1,Lapsed Valuable Customers,9.416685154196388,Re-engagement Opportunity
14273,51,4,559.97,3,Recent / Developing,79.11868361675032,Emerging High-Value
14274,686,1,256.6,2,Low-Engagement / Dormant,0.16940358695073637,Standard
14275,396,6,1189.3799999999999,1,Lapsed Valuable Customers,3.5456580248214626,Re-engagement Opportunity
14276,99,7,2102.68,1,Lapsed Valuable Customers,13.346166698016916,Re-engagement Opportunity
14277,15,9,17197.61,0,High-Value Loyal,251.52946901873665,Protect / Retain
14278,410,1,205.83,2,Low-Engagement / Dormant,3.9711692937341962,Standard
14279,521,2,191.86,2,Low-Engagement / Dormant,0.9673761296071782,Standard
14280,197,1,134.04,2,Low-Engagement / Dormant,1.975205065698162,Standard
14281,408,1,245.15,2,Low-Engagement / Dormant,1.8596011530817154,Standard
14282,3,25,7821.76,0,High-Value Loyal,1058.0986745493049,Protect / Retain
14283,463,4,628.4399999999999,1,Lapsed Valuable Customers,1.3737636488768918,Re-engagement Opportunity
14284,31,3,1299.65,3,Recent / Developing,5.5621074338578085,Standard
14285,21,8,3284.42,0,High-Value Loyal,53.70599475949109,Protect / Retain
14286,24,7,8479.76,0,High-Value Loyal,244.48069306389695,Protect / Retain
14287,8,3,176.63,3,Recent / Developing,11.804987078993042,Standard
14288,213,1,426.6,2,Low-Engagement / Dormant,3.5114680758477164,Standard
14289,9,6,911.26,3,Recent / Developing,57.78612413969258,Standard
14290,11,8,4516.56,0,High-Value Loyal,53.0303192799406,Protect / Retain
14291,2,23,7904.1,0,High-Value Loyal,899.6532171573313,Protect / Retain
14292,8,16,9226.25,0,High-Value Loyal,495.16402622391206,Protect / Retain
14293,3,9,3267.9300000000003,0,High-Value Loyal,122.29238126732336,Protect / Retain
14294,407,1,375.34,2,Low-Engagement / Dormant,1.7843447233209542,Standard
14295,40,5,2362.91,1,Lapsed Valuable Customers,31.65545885329983,Re-engagement Opportunity
14296,421,2,456.40000000000003,2,Low-Engagement / Dormant,2.512285130014318,Standard
14297,18,4,1305.33,3,Recent / Developing,5.157635453398175,Standard
14298,8,82,91194.49,0,High-Value Loyal,10232.647144859498,Protect / Retain
14299,8,27,14499.49,0,High-Value Loyal,651.6420250021526,Protect / Retain
14300,19,1,43.2,3,Recent / Developing,,Standard
14301,117,4,1992.18,1,Lapsed Valuable Customers,1.3205220758877592,Re-engagement Opportunity
14302,431,3,742.9000000000001,1,Lapsed Valuable Customers,3.262650857729774,Re-engagement Opportunity
14303,407,2,277.94,2,Low-Engagement / Dormant,2.634816104790052,Standard
14304,223,3,1725.01,1,Lapsed Valuable Customers,7.828108966874846,Re-engagement Opportunity
14305,71,3,1858.96,1,Lapsed Valuable Customers,106.25645741226865,Re-engagement Opportunity
14306,51,6,3151.4,1,Lapsed Valuable Customers,19.764784795382653,Re-engagement Opportunity
14307,89,10,5071.03,0,High-Value Loyal,387.5098035196846,Protect / Retain
14308,549,2,1147.02,1,Lapsed Valuable Customers,0.800927689198178,Re-engagement Opportunity
14309,8,11,3780.81,0,High-Value Loyal,219.6512877991958,Protect / Retain
14310,433,1,492.1,2,Low-Engagement / Dormant,1.4559580285676985,Standard
14311,243,2,516.45,2,Low-Engagement / Dormant,3.563921677818976,Standard
14312,47,11,3090.29,0,High-Value Loyal,151.17494565363432,Protect / Retain
14314,107,2,229.8,2,Low-Engagement / Dormant,6.106208351804202,Standard
14315,45,8,3197.82,0,High-Value Loyal,101.22583831829016,Protect / Retain
14316,422,5,1370.34,1,Lapsed Valuable Customers,3.7463959252893884,Re-engagement Opportunity
14317,65,1,508.58000000000004,3,Recent / Developing,,Standard
14318,460,1,158.02,2,Low-Engagement / Dormant,0.8528923513824574,Standard
14319,424,1,494.85,2,Low-Engagement / Dormant,2.0646928502746142,Standard
14320,207,5,1346.75,1,Lapsed Valuable Customers,15.409216881378127,Re-engagement Opportunity
14321,11,7,2218.06,0,High-Value Loyal,133.61938068622413,Protect / Retain
14322,429,4,474.1,1,Lapsed Valuable Customers,2.295973064687863,Re-engagement Opportunity
14323,115,2,605.0600000000001,2,Low-Engagement / Dormant,28.84718996732437,Standard
14324,410,2,701.61,2,Low-Engagement / Dormant,5.141275935947642,Standard
14325,570,1,245.48000000000002,2,Low-Engagement / Dormant,0.5352010597755534,Standard
14326,242,3,940.98,1,Lapsed Valuable Customers,2.875393711126892,Re-engagement Opportunity
14327,163,6,1894.93,1,Lapsed Valuable Customers,12.275829489379552,Re-engagement Opportunity
14328,438,1,445.05,2,Low-Engagement / Dormant,1.1856669573357852,Standard
14329,17,15,9887.62,0,High-Value Loyal,763.6232441257106,Protect / Retain
14330,624,1,200.63,2,Low-Engagement / Dormant,0.3714402948401614,Standard
14331,124,2,462.65999999999997,2,Low-Engagement / Dormant,30.31182514318278,Standard
14332,23,5,1917.41,3,Recent / Developing,34.52361004456103,Standard
14333,68,1,415.2,2,Low-Engagement / Dormant,,Standard
14334,17,12,4318.48,0,High-Value Loyal,320.7570911208515,Protect / Retain
14335,16,2,454.86,3,Recent / Developing,55.707411501407975,Standard
14336,17,4,1614.91,3,Recent / Developing,70.61709647341802,Emerging High-Value
14338,161,3,928.1,1,Lapsed Valuable Customers,6.339397583921801,Re-engagement Opportunity
14339,243,2,620.27,2,Low-Engagement / Dormant,7.653437193080071,Standard
14340,219,1,134.7,2,Low-Engagement / Dormant,1.0434446140323548,Standard
14341,45,18,4452.02,0,High-Value Loyal,396.69806218063286,Protect / Retain
14342,21,6,918.44,3,Recent / Developing,28.697469670947946,Standard
14343,421,4,1079.66,1,Lapsed Valuable Customers,2.2644168447642254,Re-engagement Opportunity
14344,127,20,3333.7000000000003,0,High-Value Loyal,111.76671481162737,Protect / Retain
14345,39,1,108.97999999999999,2,Low-Engagement / Dormant,,Standard
14346,121,5,2315.75,1,Lapsed Valuable Customers,25.815054791047892,Re-engagement Opportunity
14347,737,1,82.6,2,Low-Engagement / Dormant,0.4505035199430558,Standard
14348,260,1,409.57,2,Low-Engagement / Dormant,1.30176643743774,Standard
14349,10,1,133.5,3,Recent / Developing,,Standard
14350,274,3,972.03,1,Lapsed Valuable Customers,4.871812178473913,Re-engagement Opportunity
14351,165,1,51.0,2,Low-Engagement / Dormant,1.864520368485638,Standard
14352,157,4,1078.96,1,Lapsed Valuable Customers,21.57988067338084,Re-engagement Opportunity
14353,215,3,376.5,2,Low-Engagement / Dormant,3.005491064804617,Standard
14354,6,2,163.62,3,Recent / Developing,,Standard
14355,366,3,1014.45,1,Lapsed Valuable Customers,3.945459554061343,Re-engagement Opportunity
14356,80,2,701.23,3,Recent / Developing,,Standard
14357,43,1,225.12,3,Recent / Developing,,Standard
14358,389,2,400.06,2,Low-Engagement / Dormant,2.8137153542022575,Standard
14359,19,3,912.18,3,Recent / Developing,,Standard
14360,32,4,2118.03,3,Recent / Developing,136.9001583275765,Emerging High-Value
14361,579,1,214.70999999999998,2,Low-Engagement / Dormant,0.1970163430383345,Standard
14362,22,1,151.5,3,Recent / Developing,,Standard
14363,402,2,227.47000000000003,2,Low-Engagement / Dormant,2.644914938393791,Standard
14364,109,8,3717.35,1,Lapsed Valuable Customers,59.48466764094444,Re-engagement Opportunity
14365,395,2,634.68,2,Low-Engagement / Dormant,7.221946511602999,Standard
14366,525,1,136.0,2,Low-Engagement / Dormant,1.3344837838505819,Standard
14367,8,16,9227.82,0,High-Value Loyal,752.1025614999395,Protect / Retain
14368,320,1,155.0,2,Low-Engagement / Dormant,0.5691009517635897,Standard
14369,642,2,469.13,2,Low-Engagement / Dormant,0.5065538792501875,Standard
14370,451,6,1175.78,1,Lapsed Valuable Customers,2.7545390343122205,Re-engagement Opportunity
14371,295,1,100.5,2,Low-Engagement / Dormant,0.45715106932480537,Standard
14372,443,2,860.08,2,Low-Engagement / Dormant,2.7130436137930642,Standard
14373,358,1,76.55,2,Low-Engagement / Dormant,0.33939095938621444,Standard
14374,541,1,108.0,2,Low-Engagement / Dormant,0.8056542888776222,Standard
14375,185,3,1106.82,1,Lapsed Valuable Customers,17.93208211832116,Re-engagement Opportunity
14376,683,1,215.46,2,Low-Engagement / Dormant,0.12555962986142333,Standard
14377,191,2,617.05,2,Low-Engagement / Dormant,5.038751497825762,Standard
14378,622,1,131.25,2,Low-Engagement / Dormant,0.33041918214414595,Standard
14379,44,4,1265.16,3,Recent / Developing,16.358364200356903,Standard
14380,682,1,48.96,2,Low-Engagement / Dormant,0.2041277983852207,Standard
14381,52,2,625.9399999999999,3,Recent / Developing,11.772303269382636,Standard
14382,26,2,1193.6299999999999,3,Recent / Developing,34.98626342108269,Standard
14383,38,3,1247.69,3,Recent / Developing,42.167352742192506,Standard
14384,501,1,58.5,2,Low-Engagement / Dormant,1.0703041643046882,Standard
14385,9,3,202.11,3,Recent / Developing,,Standard
14386,297,1,142.4,2,Low-Engagement / Dormant,0.9590058194927881,Standard
14387,33,3,1727.6,3,Recent / Developing,108.01879788545388,Emerging High-Value
14388,10,16,6701.0,0,High-Value Loyal,907.6188261597316,Protect / Retain
14389,65,5,1898.01,1,Lapsed Valuable Customers,27.80124612412633,Re-engagement Opportunity
14390,10,13,6373.7300000000005,0,High-Value Loyal,601.0293640005349,Protect / Retain
14391,577,1,135.6,2,Low-Engagement / Dormant,0.27959601116923266,Standard
14392,432,1,266.4,2,Low-Engagement / Dormant,2.736366597737813,Standard
14393,218,1,67.95,2,Low-Engagement / Dormant,1.2725926455619796,Standard
14394,565,1,93.8,2,Low-Engagement / Dormant,0.2396210285758545,Standard
14395,2,20,8110.610000000001,0,High-Value Loyal,724.2339890683404,Protect / Retain
14396,65,7,2079.73,1,Lapsed Valuable Customers,57.85936650556255,Re-engagement Opportunity
14397,3,19,2612.96,0,High-Value Loyal,332.72740256365415,Protect / Retain
14398,401,2,707.79,2,Low-Engagement / Dormant,3.1033895864717898,Standard
14399,394,8,2108.21,1,Lapsed Valuable Customers,11.92794621217738,Re-engagement Opportunity
14400,149,3,1732.47,1,Lapsed Valuable Customers,2.668947636909582,Re-engagement Opportunity
14401,4,22,6795.9,0,High-Value Loyal,1184.624669779528,Protect / Retain
14402,652,1,285.6,2,Low-Engagement / Dormant,0.29477598026733526,Standard
14403,130,6,1880.51,1,Lapsed Valuable Customers,7.698112914593473,Re-engagement Opportunity
14404,34,13,2853.36,0,High-Value Loyal,248.2594751560992,Protect / Retain
14405,387,1,195.0,2,Low-Engagement / Dormant,3.6362937828376785,Standard
14406,119,1,156.75,2,Low-Engagement / Dormant,5.343269339219694,Standard
14407,107,6,2157.73,1,Lapsed Valuable Customers,93.68961921671304,Re-engagement Opportunity
14408,11,11,4102.27,0,High-Value Loyal,218.55297807351258,Protect / Retain
14409,71,9,3756.09,0,High-Value Loyal,120.24079474810648,Protect / Retain
14410,92,11,2631.9,1,Lapsed Valuable Customers,88.54369708087748,Re-engagement Opportunity
14411,311,1,1063.0,2,Low-Engagement / Dormant,1.642301434353017,Standard
14412,43,3,1426.19,3,Recent / Developing,19.97529520858438,Standard
14413,362,4,764.52,1,Lapsed Valuable Customers,6.128649303712523,Re-engagement Opportunity
14414,92,8,2399.33,1,Lapsed Valuable Customers,82.37397215919381,Re-engagement Opportunity
14415,1,23,11980.09,0,High-Value Loyal,1405.152273326407,Protect / Retain
14416,22,2,490.22,3,Recent / Developing,,Standard
14417,388,1,524.65,2,Low-Engagement / Dormant,11.73470585335572,Standard
14418,4,3,1937.25,3,Recent / Developing,25.19779096145959,Standard
14419,11,7,1254.64,3,Recent / Developing,8.974342429292571,Standard
14420,99,4,1639.17,1,Lapsed Valuable Customers,2.484035829958043,Re-engagement Opportunity
14421,57,6,2469.37,1,Lapsed Valuable Customers,86.8817954358376,Re-engagement Opportunity
14422,1,19,10271.52,0,High-Value Loyal,840.573818470229,Protect / Retain
14423,218,3,916.6099999999999,1,Lapsed Valuable Customers,5.624240589198451,Re-engagement Opportunity
14424,18,1,322.08,3,Recent / Developing,,Standard
14425,435,3,661.39,1,Lapsed Valuable Customers,3.7816134710661604,Re-engagement Opportunity
14426,24,17,11727.94,0,High-Value Loyal,955.8731078231835,Protect / Retain
14427,50,4,1263.52,3,Recent / Developing,2.7627875625421896,Standard
14428,7,5,1224.06,3,Recent / Developing,6.123548245855121,Standard
14429,404,1,516.28,2,Low-Engagement / Dormant,1.7888965450959151,Standard
14430,512,3,1220.9,1,Lapsed Valuable Customers,0.9269943680819731,Re-engagement Opportunity
14431,303,4,2614.2,1,Lapsed Valuable Customers,14.721988665012528,Re-engagement Opportunity
14432,10,6,2248.5,0,High-Value Loyal,,Protect / Retain
14433,466,1,280.7,2,Low-Engagement / Dormant,1.4934456191833307,Standard
14434,22,6,1372.8,3,Recent / Developing,,Standard
14435,502,1,90.42,2,Low-Engagement / Dormant,0.34768341356128524,Standard
14436,99,2,271.70000000000005,2,Low-Engagement / Dormant,2.022915283135386,Standard
14437,366,5,936.34,1,Lapsed Valuable Customers,2.6612710734329976,Re-engagement Opportunity
14438,306,1,131.9,2,Low-Engagement / Dormant,0.8796138369079851,Standard
14439,320,5,9443.04,1,Lapsed Valuable Customers,11.373213477479634,Re-engagement Opportunity
14440,8,13,6638.7300000000005,0,High-Value Loyal,139.1341283461266,Protect / Retain
14441,1,11,4611.6900000000005,0,High-Value Loyal,160.1394025918109,Protect / Retain
14442,205,7,5367.0199999999995,1,Lapsed Valuable Customers,52.47976355203864,Re-engagement Opportunity
14443,54,5,2386.47,1,Lapsed Valuable Customers,104.20846650998217,Re-engagement Opportunity
14444,456,1,120.44,2,Low-Engagement / Dormant,1.542382104212307,Standard
14445,456,1,221.65,2,Low-Engagement / Dormant,2.5266048344576264,Standard
14446,1,5,1200.28,3,Recent / Developing,33.09536514439862,Standard
14447,19,6,1711.73,3,Recent / Developing,67.99594739138041,Emerging High-Value
14448,9,2,375.35,3,Recent / Developing,3.2656303454296305,Standard
14449,19,8,2441.2,0,High-Value Loyal,125.46623395679487,Protect / Retain
14450,181,7,1128.44,1,Lapsed Valuable Customers,10.56213542721708,Re-engagement Opportunity
14451,60,12,3258.68,0,High-Value Loyal,108.95231691772881,Protect / Retain
14452,11,4,658.95,3,Recent / Developing,13.809074477755155,Standard
14453,190,1,119.93,2,Low-Engagement / Dormant,1.0563130948889992,Standard
14454,376,5,977.3,1,Lapsed Valuable Customers,4.133718813329847,Re-engagement Opportunity
14455,432,4,617.72,1,Lapsed Valuable Customers,6.073875064458301,Re-engagement Opportunity
14456,5,9,3017.28,0,High-Value Loyal,177.10443234296963,Protect / Retain
14457,311,1,113.64,2,Low-Engagement / Dormant,0.7297220689104147,Standard
14458,381,1,228.07,2,Low-Engagement / Dormant,3.0733946789257693,Standard
14459,155,2,5375.741,1,Lapsed Valuable Customers,17.323526981079848,Re-engagement Opportunity
14460,110,9,1093.5,1,Lapsed Valuable Customers,9.378019152834831,Re-engagement Opportunity
14461,148,13,6676.91,0,High-Value Loyal,138.0205570815783,Protect / Retain
14462,66,12,2242.81,0,High-Value Loyal,250.98943508009725,Protect / Retain
14463,98,4,786.5699999999999,1,Lapsed Valuable Customers,7.69624194992673,Re-engagement Opportunity
14464,568,2,111.0,2,Low-Engagement / Dormant,0.368246699452898,Standard
14465,247,11,3925.85,1,Lapsed Valuable Customers,22.276563845674083,Re-engagement Opportunity
14466,29,13,4646.9,0,High-Value Loyal,229.76564076913735,Protect / Retain
14467,18,12,2203.2400000000002,0,High-Value Loyal,31.729091577464224,Protect / Retain
14468,734,1,204.24,2,Low-Engagement / Dormant,0.5426593935990008,Standard
14469,416,4,2093.46,1,Lapsed Valuable Customers,3.2414948982978413,Re-engagement Opportunity
14470,12,3,712.04,3,Recent / Developing,4.478721077715836,Standard
14471,591,2,400.95,2,Low-Engagement / Dormant,0.20528956057148054,Standard
14472,104,9,2118.72,1,Lapsed Valuable Customers,40.6383223388222,Re-engagement Opportunity
14473,74,2,234.34000000000003,2,Low-Engagement / Dormant,1.5056448936880096,Standard
14474,46,2,1258.8899999999999,3,Recent / Developing,27.92777637772501,Standard
14475,72,4,1151.15,1,Lapsed Valuable Customers,22.173516591816977,Re-engagement Opportunity
14476,257,1,193.0,2,Low-Engagement / Dormant,3.849259866789981,Standard
14477,20,7,1969.6,0,High-Value Loyal,27.980721706585637,Protect / Retain
14478,382,4,1276.66,1,Lapsed Valuable Customers,4.9965460856956145,Re-engagement Opportunity
14479,254,4,1299.11,1,Lapsed Valuable Customers,6.273068842620647,Re-engagement Opportunity
14480,11,4,1299.52,3,Recent / Developing,4.428765617435917,Standard
14481,165,5,2284.69,1,Lapsed Valuable Customers,14.91948173535024,Re-engagement Opportunity
14482,18,12,4306.72,0,High-Value Loyal,267.22565157206316,Protect / Retain
14483,282,2,257.1,2,Low-Engagement / Dormant,3.4983929200969937,Standard
14484,50,4,1070.98,3,Recent / Developing,12.238599183423887,Standard
14485,39,1,162.8,3,Recent / Developing,,Standard
14486,512,2,175.5,2,Low-Engagement / Dormant,0.3637024623928715,Standard
14487,27,7,1391.37,3,Recent / Developing,3.856253451560091,Standard
14488,68,1,1064.28,3,Recent / Developing,,Standard
14489,207,4,1574.93,1,Lapsed Valuable Customers,24.397051621476578,Re-engagement Opportunity
14490,406,2,1273.47,1,Lapsed Valuable Customers,4.818889543543584,Re-engagement Opportunity
14491,175,2,468.13,2,Low-Engagement / Dormant,11.771926742251164,Standard
14492,430,7,1921.91,1,Lapsed Valuable Customers,6.699492850874266,Re-engagement Opportunity
14493,7,10,5087.86,0,High-Value Loyal,372.218910963834,Protect / Retain
14494,26,3,401.46,3,Recent / Developing,5.301062410426873,Standard
14495,51,3,174.8,3,Recent / Developing,13.038863624133356,Standard
14496,312,7,2668.23,1,Lapsed Valuable Customers,34.32191995662626,Re-engagement Opportunity
14497,309,2,697.0600000000001,2,Low-Engagement / Dormant,4.188524712600798,Standard
14498,43,10,3900.83,0,High-Value Loyal,308.75757045833615,Protect / Retain
14499,26,7,2101.79,0,High-Value Loyal,76.26180440049764,Protect / Retain
14500,88,3,356.85,3,Recent / Developing,8.381284466599212,Standard
14501,184,2,251.21,2,Low-Engagement / Dormant,4.303087694064995,Standard
14502,20,11,2429.83,0,High-Value Loyal,125.40783836316649,Protect / Retain
14503,3,6,3543.26,0,High-Value Loyal,24.252553564073523,Protect / Retain
14504,47,4,673.26,3,Recent / Developing,10.241133428581714,Standard
14505,17,19,11879.08,0,High-Value Loyal,1007.4833450765314,Protect / Retain
14506,17,7,3217.25,0,High-Value Loyal,51.39979836339491,Protect / Retain
14507,24,11,3216.7400000000002,0,High-Value Loyal,178.59689007248488,Protect / Retain
14508,22,5,822.92,3,Recent / Developing,13.196918406900686,Standard
14509,534,1,110.95,2,Low-Engagement / Dormant,0.8745682347981213,Standard
14510,376,3,979.85,1,Lapsed Valuable Customers,5.279186536848844,Re-engagement Opportunity
14511,11,5,1314.81,3,Recent / Developing,106.01592108281305,Emerging High-Value
14512,188,7,1215.97,1,Lapsed Valuable Customers,10.902100758540701,Re-engagement Opportunity
14513,101,6,788.01,1,Lapsed Valuable Customers,4.723200361137446,Re-engagement Opportunity
14514,61,9,4380.04,0,High-Value Loyal,189.35430516482205,Protect / Retain
14515,18,12,3724.06,0,High-Value Loyal,115.79068996017305,Protect / Retain
14516,516,1,151.17,2,Low-Engagement / Dormant,0.8529554668525687,Standard
14517,33,2,330.45,3,Recent / Developing,51.496512348193654,Standard
14518,64,1,174.37,2,Low-Engagement / Dormant,,Standard
14519,684,2,203.14,2,Low-Engagement / Dormant,0.5125612825738838,Standard
14520,2,2,270.6,3,Recent / Developing,2.7814242977250263,Standard
14521,491,1,199.45000000000002,2,Low-Engagement / Dormant,0.28868951616646976,Standard
14522,24,8,1748.42,0,High-Value Loyal,21.391047551438255,Protect / Retain
14523,108,1,241.09,2,Low-Engagement / Dormant,15.211342426534166,Standard
14524,32,13,2909.86,0,High-Value Loyal,229.08910153838156,Protect / Retain
14525,20,17,8026.54,0,High-Value Loyal,611.7459290039016,Protect / Retain
14526,389,1,258.65,2,Low-Engagement / Dormant,2.9737641593724846,Standard
14527,3,122,27764.21,0,High-Value Loyal,2724.022083377444,Protect / Retain
14528,37,1,364.21999999999997,3,Recent / Developing,,Standard
14529,60,3,578.61,3,Recent / Developing,38.38277378056817,Standard
14530,26,16,6088.87,0,High-Value Loyal,591.4464292628043,Protect / Retain
14531,480,1,376.34,2,Low-Engagement / Dormant,1.032624630383804,Standard
14532,236,11,3845.78,1,Lapsed Valuable Customers,26.199625637561574,Re-engagement Opportunity
14533,25,11,3466.37,0,High-Value Loyal,42.99483418915741,Protect / Retain
14534,3,26,6187.66,0,High-Value Loyal,978.7714120402269,Protect / Retain
14535,60,9,5973.2300000000005,0,High-Value Loyal,307.9685016345223,Protect / Retain
14536,260,1,170.95,2,Low-Engagement / Dormant,2.1010847233184293,Standard
14537,58,2,641.4,3,Recent / Developing,3.197228511251354,Standard
14538,65,5,1370.8400000000001,1,Lapsed Valuable Customers,7.279185230118348,Re-engagement Opportunity
14539,16,2,537.48,3,Recent / Developing,,Standard
14540,10,11,3709.64,0,High-Value Loyal,84.33554787773991,Protect / Retain
14541,59,14,2491.38,0,High-Value Loyal,125.50315796511164,Protect / Retain
14542,186,1,103.25,2,Low-Engagement / Dormant,1.2792586313263967,Standard
14543,29,39,14587.87,0,High-Value Loyal,755.2059384285715,Protect / Retain
14544,24,3,2938.53,3,Recent / Developing,61.918433070546506,Emerging High-Value
14545,674,1,349.25,2,Low-Engagement / Dormant,0.15660899335513576,Standard
14546,5,11,5184.84,0,High-Value Loyal,229.61265846546775,Protect / Retain
14547,4,8,3974.75,0,High-Value Loyal,,Protect / Retain
14548,151,9,2541.29,1,Lapsed Valuable Customers,49.24583059396914,Re-engagement Opportunity
14549,311,4,913.6,1,Lapsed Valuable Customers,6.70612080715807,Re-engagement Opportunity
14550,11,4,1345.06,3,Recent / Developing,9.20286499083188,Standard
14551,18,7,878.09,3,Recent / Developing,18.310648974967954,Standard
14552,152,3,507.93,1,Lapsed Valuable Customers,5.226411796214137,Re-engagement Opportunity
14553,19,9,1818.6,0,High-Value Loyal,117.86016877550674,Protect / Retain
14554,10,4,2279.4900000000002,3,Recent / Developing,,Standard
14555,57,6,2304.03,1,Lapsed Valuable Customers,35.88439151550888,Re-engagement Opportunity
14556,596,3,815.69,1,Lapsed Valuable Customers,2.9620992189923316,Re-engagement Opportunity
14557,85,1,788.38,3,Recent / Developing,,Standard
14558,654,3,655.5,2,Low-Engagement / Dormant,0.6921535724235692,Standard
14559,390,1,75.6,2,Low-Engagement / Dormant,0.24005120962754023,Standard
14560,7,44,6114.03,0,High-Value Loyal,329.983164127284,Protect / Retain
14561,76,3,1080.76,1,Lapsed Valuable Customers,47.62286624360773,Re-engagement Opportunity
14562,4,26,6638.150000000001,0,High-Value Loyal,748.4620721111582,Protect / Retain
14563,510,2,640.54,2,Low-Engagement / Dormant,4.620009954329872,Standard
14564,435,2,2605.62,1,Lapsed Valuable Customers,8.623700012725811,Re-engagement Opportunity
14565,96,5,3859.2200000000003,1,Lapsed Valuable Customers,9.82247421993346,Re-engagement Opportunity
14566,111,4,4092.0,1,Lapsed Valuable Customers,4.825582040269296,Re-engagement Opportunity
14567,57,2,1530.3600000000001,3,Recent / Developing,74.31908095668139,Emerging High-Value
14568,435,1,919.7,2,Low-Engagement / Dormant,3.0976861124724,Standard
14569,1,4,597.3299999999999,3,Recent / Developing,30.100581284307147,Standard
14570,281,3,613.75,1,Lapsed Valuable Customers,9.955576041470836,Re-engagement Opportunity
14571,425,1,160.0,2,Low-Engagement / Dormant,0.7599417579193992,Standard
14572,3,11,5526.88,0,High-Value Loyal,380.998250716435,Protect / Retain
14573,180,13,2565.12,1,Lapsed Valuable Customers,23.817855794508674,Re-engagement Opportunity
14574,733,1,143.70000000000002,2,Low-Engagement / Dormant,0.5709759057556295,Standard
14575,488,1,420.22,2,Low-Engagement / Dormant,2.8992334667128197,Standard
14576,372,1,70.80000000000001,2,Low-Engagement / Dormant,0.3017640673018033,Standard
14577,13,7,1364.15,3,Recent / Developing,45.80201176622796,Standard
14578,3,1,168.63,3,Recent / Developing,,Standard
14579,432,1,105.56,2,Low-Engagement / Dormant,0.9793851352144358,Standard
14580,518,1,14.850000000000001,2,Low-Engagement / Dormant,0.493489005614409,Standard
14581,17,2,409.65,3,Recent / Developing,3.3684231040264505,Standard
14582,41,1,114.11,2,Low-Engagement / Dormant,,Standard
14583,6,8,1660.29,0,High-Value Loyal,124.51359183682528,Protect / Retain
14584,169,8,1738.16,1,Lapsed Valuable Customers,12.636638138202084,Re-engagement Opportunity
14585,50,5,1143.27,1,Lapsed Valuable Customers,10.685736146473555,Re-engagement Opportunity
14586,277,1,237.36,2,Low-Engagement / Dormant,3.2366448054253465,Standard
14587,19,9,1580.29,0,High-Value Loyal,148.0267790910928,Protect / Retain
14588,578,1,135.39,2,Low-Engagement / Dormant,0.2554379859602502,Standard
14589,372,1,79.5,2,Low-Engagement / Dormant,0.42279885733441214,Standard
14590,425,20,2993.37,1,Lapsed Valuable Customers,2.727569753089171,Re-engagement Opportunity
14591,15,4,1320.21,3,Recent / Developing,13.292292369461133,Standard
14592,35,3,557.94,3,Recent / Developing,,Standard
14593,22,12,3665.5299999999997,0,High-Value Loyal,163.4833255855654,Protect / Retain
14594,7,2,618.33,3,Recent / Developing,2.330857413146366,Standard
14595,20,8,2164.45,0,High-Value Loyal,8.887898568850533,Protect / Retain
14596,627,1,222.22000000000003,2,Low-Engagement / Dormant,0.47895631898283836,Standard
14597,11,6,2184.63,0,High-Value Loyal,137.60967204245785,Protect / Retain
14598,44,2,384.04,3,Recent / Developing,1.7576644183782064,Standard
14599,390,2,457.89,2,Low-Engagement / Dormant,5.404181308271406,Standard
14600,306,2,865.1700000000001,1,Lapsed Valuable Customers,4.761515492866521,Re-engagement Opportunity
14601,11,1,213.96,3,Recent / Developing,,Standard
14602,656,1,205.35999999999999,2,Low-Engagement / Dormant,0.26682549578208137,Standard
14603,275,1,660.0,2,Low-Engagement / Dormant,4.119181759014613,Standard
14604,633,1,143.85999999999999,2,Low-Engagement / Dormant,0.43193947873077676,Standard
14605,374,4,921.5600000000001,1,Lapsed Valuable Customers,3.4549685299006665,Re-engagement Opportunity
14606,1,192,30558.25,0,High-Value Loyal,3169.324124937587,Protect / Retain
14607,16,22,23763.13,0,High-Value Loyal,457.312150403775,Protect / Retain
14608,4,11,3352.94,0,High-Value Loyal,42.21725222961062,Protect / Retain
14609,72,10,1486.2,1,Lapsed Valuable Customers,47.38310725736843,Re-engagement Opportunity
14610,396,2,24.35,2,Low-Engagement / Dormant,1.2326790722902603,Standard
14611,444,2,604.3299999999999,2,Low-Engagement / Dormant,5.492922641874054,Standard
14612,415,1,877.7,2,Low-Engagement / Dormant,2.1569813779977114,Standard
14613,680,1,76.32000000000001,2,Low-Engagement / Dormant,0.1450324648469011,Standard
14614,386,1,295.13,2,Low-Engagement / Dormant,3.0956208750006917,Standard
14615,394,5,951.76,1,Lapsed Valuable Customers,2.707011405852113,Re-engagement Opportunity
14616,243,5,527.78,1,Lapsed Valuable Customers,2.7299158543176563,Re-engagement Opportunity
14617,403,2,190.47000000000003,2,Low-Engagement / Dormant,1.2381405032475923,Standard
14618,9,7,1342.32,3,Recent / Developing,4.786302448080078,Standard
14619,246,2,1291.24,1,Lapsed Valuable Customers,2.414713281926303,Re-engagement Opportunity
14620,206,2,412.78000000000003,2,Low-Engagement / Dormant,5.966880937574116,Standard
14621,1,9,3000.57,0,High-Value Loyal,83.70429031441064,Protect / Retain
14622,185,1,320.58000000000004,2,Low-Engagement / Dormant,2.6216546161121768,Standard
14623,32,10,2016.98,0,High-Value Loyal,34.25791957449589,Protect / Retain
14624,57,6,814.07,1,Lapsed Valuable Customers,12.173572192956437,Re-engagement Opportunity
14625,196,11,4497.88,1,Lapsed Valuable Customers,68.01345282704558,Re-engagement Opportunity
14626,24,11,5410.92,0,High-Value Loyal,448.6166691602686,Protect / Retain
14627,379,1,462.75,2,Low-Engagement / Dormant,1.5043148280049081,Standard
14628,91,5,1998.0,1,Lapsed Valuable Customers,2.943328061969889,Re-engagement Opportunity
14629,4,2,955.26,3,Recent / Developing,,Standard
14630,484,1,338.65,2,Low-Engagement / Dormant,0.4844074699138696,Standard
14631,51,6,2025.69,1,Lapsed Valuable Customers,58.13936332850918,Re-engagement Opportunity
14632,263,1,114.56,2,Low-Engagement / Dormant,0.904392150339866,Standard
14633,266,1,344.90000000000003,2,Low-Engagement / Dormant,1.2846549418781485,Standard
14634,438,4,2124.46,1,Lapsed Valuable Customers,3.5965385442593667,Re-engagement Opportunity
14635,454,1,215.22,2,Low-Engagement / Dormant,3.5732397485787826,Standard
14636,36,2,609.85,3,Recent / Developing,6.574131067492555,Standard
14637,677,1,106.67999999999999,2,Low-Engagement / Dormant,0.31312395875986065,Standard
14638,51,1,443.6,3,Recent / Developing,,Standard
14639,52,9,4978.96,0,High-Value Loyal,161.9980627537355,Protect / Retain
14640,24,10,3649.36,0,High-Value Loyal,331.3228190416088,Protect / Retain
14641,22,1,110.46,3,Recent / Developing,,Standard
14642,59,1,96.12,2,Low-Engagement / Dormant,,Standard
14643,170,5,1679.89,1,Lapsed Valuable Customers,14.888085924084182,Re-engagement Opportunity
14644,68,7,2247.72,1,Lapsed Valuable Customers,23.948824435257563,Re-engagement Opportunity
14645,157,3,876.89,1,Lapsed Valuable Customers,5.623223428346478,Re-engagement Opportunity
14646,2,151,528602.52,0,High-Value Loyal,43281.9261170333,Protect / Retain
14647,201,2,506.04,2,Low-Engagement / Dormant,5.045432818279838,Standard
14648,416,15,4466.65,1,Lapsed Valuable Customers,1.490184209107754,Re-engagement Opportunity
14649,5,9,3651.19,0,High-Value Loyal,98.96919119213737,Protect / Retain
14650,589,1,62.5,2,Low-Engagement / Dormant,0.41410579768811406,Standard
14651,67,9,2025.52,1,Lapsed Valuable Customers,56.14956758652907,Re-engagement Opportunity
14652,77,1,114.18,2,Low-Engagement / Dormant,,Standard
14653,1,12,3593.06,0,High-Value Loyal,72.19022663839772,Protect / Retain
14654,738,1,246.86,2,Low-Engagement / Dormant,0.8310124937069905,Standard
14655,8,7,3878.51,0,High-Value Loyal,143.5928766350545,Protect / Retain
14656,169,5,790.0,1,Lapsed Valuable Customers,7.998081444695284,Re-engagement Opportunity
14657,18,6,1450.19,3,Recent / Developing,100.61153547991401,Emerging High-Value
14658,5,2,247.15,3,Recent / Developing,15.86463439729668,Standard
14659,9,9,2529.93,0,High-Value Loyal,243.23743786956726,Protect / Retain
14660,87,2,285.74,2,Low-Engagement / Dormant,40.582341962381875,Standard
14661,27,1,107.95,3,Recent / Developing,,Standard
14662,29,7,1376.43,3,Recent / Developing,34.88028996273859,Standard
14663,430,2,490.6,2,Low-Engagement / Dormant,3.8003297239594183,Standard
14664,20,2,636.24,3,Recent / Developing,,Standard
14665,61,7,2749.65,1,Lapsed Valuable Customers,26.392785169828954,Re-engagement Opportunity
14666,24,1,195.25,3,Recent / Developing,,Standard
14667,11,54,21593.05,0,High-Value Loyal,2914.745249475365,Protect / Retain
14668,445,1,111.63,2,Low-Engagement / Dormant,1.2747345535547165,Standard
14669,242,7,3216.78,1,Lapsed Valuable Customers,22.987129139805333,Re-engagement Opportunity
14670,280,3,583.33,1,Lapsed Valuable Customers,23.107975503293474,Re-engagement Opportunity
14671,549,2,1127.45,1,Lapsed Valuable Customers,1.0064759350482062,Re-engagement Opportunity
14672,235,4,1113.14,1,Lapsed Valuable Customers,4.810862199312432,Re-engagement Opportunity
14673,3,7,3410.81,0,High-Value Loyal,116.6223198763767,Protect / Retain
14674,509,1,173.66,2,Low-Engagement / Dormant,0.15575404296969556,Standard
14675,16,2,1015.58,3,Recent / Developing,20.877503123527646,Standard
14676,31,12,8356.79,0,High-Value Loyal,398.94287989792247,Protect / Retain
14677,593,1,184.91,2,Low-Engagement / Dormant,0.13773396430318288,Standard
14678,579,1,403.39,2,Low-Engagement / Dormant,1.3627238307375058,Standard
14679,382,3,1289.44,1,Lapsed Valuable Customers,2.7257330774529924,Re-engagement Opportunity
14680,25,58,57369.38,0,High-Value Loyal,8821.718509691707,Protect / Retain
14681,71,6,875.1500000000001,1,Lapsed Valuable Customers,17.687297684227133,Re-engagement Opportunity
14682,188,6,1514.81,1,Lapsed Valuable Customers,14.23276926587654,Re-engagement Opportunity
14683,588,1,146.56,2,Low-Engagement / Dormant,0.5183530410152555,Standard
14684,26,6,1430.03,3,Recent / Developing,148.65023110405212,Emerging High-Value
14685,576,8,4536.64,1,Lapsed Valuable Customers,0.28722777972086105,Re-engagement Opportunity
14686,414,5,852.53,1,Lapsed Valuable Customers,9.613403183991753,Re-engagement Opportunity
14687,107,3,1402.06,1,Lapsed Valuable Customers,1.1596512316534218,Re-engagement Opportunity
14688,8,28,7635.4,0,High-Value Loyal,1434.897252103325,Protect / Retain
14689,209,1,112.8,2,Low-Engagement / Dormant,3.055223329412436,Standard
14690,44,4,777.68,3,Recent / Developing,34.16869154151075,Standard
14691,31,5,2114.33,3,Recent / Developing,137.3084392701006,Emerging High-Value
14692,137,12,1715.1399999999999,1,Lapsed Valuable Customers,14.721085834732023,Re-engagement Opportunity
14693,265,7,1165.36,1,Lapsed Valuable Customers,3.5926001417846374,Re-engagement Opportunity
14694,617,1,244.31,2,Low-Engagement / Dormant,0.27248308846285263,Standard
14695,519,3,1534.22,1,Lapsed Valuable Customers,1.340152450634946,Re-engagement Opportunity
14696,4,8,2767.9,0,High-Value Loyal,225.5384026710641,Protect / Retain
14697,218,2,188.60999999999999,2,Low-Engagement / Dormant,2.063084700106057,Standard
14698,2,5,1217.27,3,Recent / Developing,,Standard
14699,214,4,702.6,1,Lapsed Valuable Customers,7.464889349399331,Re-engagement Opportunity
14700,32,5,3076.06,1,Lapsed Valuable Customers,112.29999540523539,Re-engagement Opportunity
14701,11,15,4487.11,0,High-Value Loyal,265.2633221245828,Protect / Retain
14702,1,29,6679.2300000000005,0,High-Value Loyal,593.7423743194975,Protect / Retain
14703,15,1,318.17,3,Recent / Developing,,Standard
14704,11,11,1752.92,0,High-Value Loyal,39.23474362804163,Protect / Retain
14705,199,1,179.0,2,Low-Engagement / Dormant,2.3727288549526264,Standard
14706,619,1,367.54,2,Low-Engagement / Dormant,0.46312192761077914,Standard
14707,436,2,139.2,2,Low-Engagement / Dormant,1.9850431456321476,Standard
14708,3,5,2212.2799999999997,3,Recent / Developing,75.66258702077913,Emerging High-Value
14709,15,25,8886.33,0,High-Value Loyal,1549.4000101244715,Protect / Retain
14710,14,13,1899.79,0,High-Value Loyal,77.84506058944586,Protect / Retain
14711,10,11,2839.62,0,High-Value Loyal,372.839668491648,Protect / Retain
14712,29,4,1328.0700000000002,3,Recent / Developing,40.33586738461266,Standard
14713,9,21,5414.71,0,High-Value Loyal,383.1673844169988,Protect / Retain
14714,24,4,906.24,3,Recent / Developing,11.21301223502736,Standard
14715,25,8,1825.45,0,High-Value Loyal,35.623031248558654,Protect / Retain
14716,43,3,543.28,3,Recent / Developing,27.63568369404678,Standard
14717,733,1,81.3,2,Low-Engagement / Dormant,0.6400356817848432,Standard
14718,410,1,226.42,2,Low-Engagement / Dormant,3.0870637631132034,Standard
14719,2,5,1581.84,3,Recent / Developing,75.83372516007685,Emerging High-Value
14720,6,3,663.81,3,Recent / Developing,14.762645670704096,Standard
14721,379,1,109.07,2,Low-Engagement / Dormant,1.2847906331578718,Standard
14722,147,3,489.52,1,Lapsed Valuable Customers,7.929472154123901,Re-engagement Opportunity
14723,10,11,2050.25,0,High-Value Loyal,103.86781269517908,Protect / Retain
14724,590,1,341.9,2,Low-Engagement / Dormant,0.351263615949627,Standard
14725,25,4,1252.74,3,Recent / Developing,20.29503866338557,Standard
14726,655,1,116.5,2,Low-Engagement / Dormant,0.21497106359597007,Standard
14727,274,3,463.72999999999996,2,Low-Engagement / Dormant,4.397991636824365,Standard
14728,413,1,190.58,2,Low-Engagement / Dormant,2.9631792597456768,Standard
14729,374,3,899.73,1,Lapsed Valuable Customers,4.451008934387395,Re-engagement Opportunity
14730,1,8,1897.57,0,High-Value Loyal,180.3520630578355,Protect / Retain
14731,47,3,380.02,3,Recent / Developing,9.632973990654543,Standard
14732,8,19,5517.07,0,High-Value Loyal,536.4445682920916,Protect / Retain
14733,16,15,16165.17,0,High-Value Loyal,781.4211900957681,Protect / Retain
14734,426,4,1056.42,1,Lapsed Valuable Customers,2.07727497767655,Re-engagement Opportunity
14735,4,56,12240.16,0,High-Value Loyal,1474.4563940167714,Protect / Retain
14736,485,2,374.05,2,Low-Engagement / Dormant,1.1418878989373542,Standard
14737,4,4,3554.17,3,Recent / Developing,92.07182753823717,Emerging High-Value
14738,43,9,1821.9,1,Lapsed Valuable Customers,62.44725322101664,Re-engagement Opportunity
14739,4,25,12287.5,0,High-Value Loyal,959.9295311344331,Protect / Retain
14740,197,11,4161.06,1,Lapsed Valuable Customers,53.79589406026585,Re-engagement Opportunity
14741,12,7,1897.59,0,High-Value Loyal,283.86062614430165,Protect / Retain
14742,435,1,579.85,2,Low-Engagement / Dormant,5.054752411802809,Standard
14743,593,1,50.48,2,Low-Engagement / Dormant,0.48298453677260594,Standard
14744,16,14,3885.08,0,High-Value Loyal,68.96356990914256,Protect / Retain
14745,113,12,2551.41,1,Lapsed Valuable Customers,70.04005172227401,Re-engagement Opportunity
14746,406,4,593.5,1,Lapsed Valuable Customers,5.29524701416312,Re-engagement Opportunity
14747,249,1,328.2,2,Low-Engagement / Dormant,1.4733103801207692,Standard
14748,29,10,3152.32,0,High-Value Loyal,282.1921222248776,Protect / Retain
14749,480,1,310.15,2,Low-Engagement / Dormant,0.3866681174033315,Standard
14750,736,1,112.03,2,Low-Engagement / Dormant,1.0006877517581798,Standard
14751,684,2,126.45,2,Low-Engagement / Dormant,0.20540647475886667,Standard
14752,44,1,389.64,3,Recent / Developing,,Standard
14753,87,2,869.51,3,Recent / Developing,5.093824173368395,Standard
14754,45,6,1547.93,1,Lapsed Valuable Customers,13.53689599795339,Re-engagement Opportunity
14755,10,25,9972.550000000001,0,High-Value Loyal,1135.1771596308367,Protect / Retain
14756,15,3,2653.76,3,Recent / Developing,63.16958917371025,Emerging High-Value
14757,75,1,420.5,2,Low-Engagement / Dormant,,Standard
14758,145,7,2864.97,1,Lapsed Valuable Customers,54.16343372702539,Re-engagement Opportunity
14759,5,3,1625.97,3,Recent / Developing,57.81754636191927,Standard
14760,297,1,89.2,2,Low-Engagement / Dormant,0.5744467739795038,Standard
14761,59,3,447.92,3,Recent / Developing,4.0645447060022075,Standard
14762,264,2,417.57,2,Low-Engagement / Dormant,3.837268836828813,Standard
14764,47,1,278.3,3,Recent / Developing,,Standard
14765,29,3,254.11,3,Recent / Developing,16.067537176792218,Standard
14766,8,11,6556.13,0,High-Value Loyal,462.5097130284656,Protect / Retain
14767,474,1,382.81,2,Low-Engagement / Dormant,0.9106273998045442,Standard
14768,17,2,192.60000000000002,3,Recent / Developing,15.572468888644094,Standard
14769,3,17,15514.11,0,High-Value Loyal,1372.4166192137943,Protect / Retain
14770,232,8,3637.64,1,Lapsed Valuable Customers,28.84192416968229,Re-engagement Opportunity
14771,621,2,594.62,2,Low-Engagement / Dormant,1.7645968120030446,Standard
14772,112,1,139.26,2,Low-Engagement / Dormant,8.107757361871723,Standard
14773,593,1,140.55,2,Low-Engagement / Dormant,0.2683387326863983,Standard
14774,529,1,241.45,2,Low-Engagement / Dormant,0.7063959059053027,Standard
14775,58,3,1418.46,1,Lapsed Valuable Customers,60.793480930177104,Re-engagement Opportunity
14776,51,15,3708.3,0,High-Value Loyal,284.3593933226594,Protect / Retain
14777,404,1,307.56,2,Low-Engagement / Dormant,2.4686587203857617,Standard
14778,127,2,730.86,1,Lapsed Valuable Customers,10.969554696802776,Re-engagement Opportunity
14779,281,3,386.15,2,Low-Engagement / Dormant,2.86847380318991,Standard
14780,55,2,447.68,3,Recent / Developing,,Standard
14782,320,1,200.10000000000002,2,Low-Engagement / Dormant,3.1083122144307036,Standard
14783,659,1,307.3,2,Low-Engagement / Dormant,0.06565377385656009,Standard
14784,26,3,449.93,3,Recent / Developing,4.60459712100152,Standard
14785,10,2,77.4,3,Recent / Developing,,Standard
14786,550,1,90.96,2,Low-Engagement / Dormant,0.5738723855386021,Standard
14787,471,1,110.65,2,Low-Engagement / Dormant,0.23075686931176242,Standard
14788,7,3,1156.32,3,Recent / Developing,7.754142780335685,Standard
14789,29,1,197.64,3,Recent / Developing,,Standard
14790,17,10,2526.62,0,High-Value Loyal,57.958681169004834,Protect / Retain
14791,607,1,303.63,2,Low-Engagement / Dormant,0.363952824026311,Standard
14792,64,1,6.2,2,Low-Engagement / Dormant,,Standard
14793,21,2,625.9,3,Recent / Developing,4.5417817256296775,Standard
14794,3,10,1953.9,0,High-Value Loyal,50.22303266312112,Protect / Retain
14795,166,1,131.45000000000002,2,Low-Engagement / Dormant,2.337276890084548,Standard
14796,1,27,10840.54,0,High-Value Loyal,1824.414114496501,Protect / Retain
14797,507,1,300.31,2,Low-Engagement / Dormant,0.41662356621911706,Standard
14798,53,8,724.31,1,Lapsed Valuable Customers,11.966341042595129,Re-engagement Opportunity
14799,51,2,338.15,3,Recent / Developing,2.8488856739600523,Standard
14800,48,17,7747.17,0,High-Value Loyal,380.2035874863462,Protect / Retain
14801,61,1,189.34,2,Low-Engagement / Dormant,,Standard
14802,438,2,1502.98,1,Lapsed Valuable Customers,1.5279628130904035,Re-engagement Opportunity
14803,162,3,845.55,1,Lapsed Valuable Customers,14.591301175565116,Re-engagement Opportunity
14804,9,1,353.27,3,Recent / Developing,,Standard
14805,15,7,1082.55,3,Recent / Developing,14.383937277953594,Standard
14806,75,2,303.43,3,Recent / Developing,2.7387045364935085,Standard
14807,391,2,504.14,2,Low-Engagement / Dormant,2.34015307169971,Standard
14808,40,8,2718.6,0,High-Value Loyal,382.2934160991838,Protect / Retain
14809,621,2,686.76,2,Low-Engagement / Dormant,1.5222486158187492,Standard
14810,41,13,2531.92,0,High-Value Loyal,232.8442245871863,Protect / Retain
14811,387,1,170.5,2,Low-Engagement / Dormant,0.6103769990502956,Standard
14812,599,1,178.85,2,Low-Engagement / Dormant,0.24130911768068475,Standard
14813,370,4,1041.79,1,Lapsed Valuable Customers,6.438261856451947,Re-engagement Opportunity
14814,581,1,154.21,2,Low-Engagement / Dormant,0.7525808323082019,Standard
14815,37,2,778.5,3,Recent / Developing,,Standard
14816,197,1,271.85,2,Low-Engagement / Dormant,3.104152466927765,Standard
14817,200,7,3959.86,1,Lapsed Valuable Customers,77.05916257853717,Re-engagement Opportunity
14818,74,6,1153.56,1,Lapsed Valuable Customers,41.36443855562776,Re-engagement Opportunity
14819,64,4,456.41,3,Recent / Developing,14.574832815063287,Standard
14820,21,9,1274.76,0,High-Value Loyal,26.71132840968226,Protect / Retain
14821,367,7,1278.95,1,Lapsed Valuable Customers,3.477797555075698,Re-engagement Opportunity
14822,485,1,157.70000000000002,2,Low-Engagement / Dormant,0.18617019376898686,Standard
14823,180,3,321.43,2,Low-Engagement / Dormant,8.122638179683278,Standard
14824,10,10,4022.9100000000003,0,High-Value Loyal,141.1568702732461,Protect / Retain
14825,4,24,4919.18,0,High-Value Loyal,437.1271515261651,Protect / Retain
14826,582,2,385.2,2,Low-Engagement / Dormant,0.26626401913083897,Standard
14828,197,13,9839.460000000001,0,High-Value Loyal,66.47781666068502,Protect / Retain
14829,29,7,1692.84,3,Recent / Developing,98.33360807393873,Emerging High-Value
14830,53,1,188.88,2,Low-Engagement / Dormant,,Standard
14831,680,3,1676.57,1,Lapsed Valuable Customers,2.683151358954011,Re-engagement Opportunity
14832,630,1,322.69,2,Low-Engagement / Dormant,0.3284860885846629,Standard
14833,499,1,94.8,2,Low-Engagement / Dormant,0.17687162000741383,Standard
14834,18,7,2206.16,0,High-Value Loyal,53.5166275316186,Protect / Retain
14835,529,2,297.0,2,Low-Engagement / Dormant,0.6392187754128066,Standard
14836,10,3,102.44999999999999,3,Recent / Developing,,Standard
14837,90,9,3460.32,1,Lapsed Valuable Customers,243.8480704454534,Re-engagement Opportunity
14838,423,2,769.9200000000001,2,Low-Engagement / Dormant,6.022989182891359,Standard
14839,418,3,915.28,1,Lapsed Valuable Customers,2.7932287178272905,Re-engagement Opportunity
14840,268,2,362.71,2,Low-Engagement / Dormant,2.1937360071677436,Standard
14841,53,14,7163.0,0,High-Value Loyal,488.52221534538194,Protect / Retain
14842,44,4,2824.69,1,Lapsed Valuable Customers,92.63408426738484,Re-engagement Opportunity
14843,437,1,211.79999999999998,2,Low-Engagement / Dormant,2.525960804963032,Standard
14844,64,10,6702.43,0,High-Value Loyal,362.6297724011077,Protect / Retain
14845,600,1,150.0,2,Low-Engagement / Dormant,1.5182870272412643,Standard
14846,427,1,437.4,2,Low-Engagement / Dormant,1.2702042823768402,Standard
14847,149,3,1348.95,1,Lapsed Valuable Customers,2.9398512923821514,Re-engagement Opportunity
14848,405,1,310.56,2,Low-Engagement / Dormant,2.343173514816276,Standard
14849,22,43,15763.45,0,High-Value Loyal,2615.1694048983977,Protect / Retain
14850,312,7,1770.96,1,Lapsed Valuable Customers,15.504377243174044,Re-engagement Opportunity
14851,23,3,829.4100000000001,3,Recent / Developing,9.43700709695776,Standard
14852,58,18,6132.43,0,High-Value Loyal,1039.5636923616032,Protect / Retain
14853,24,5,1376.87,3,Recent / Developing,19.42962742072296,Standard
14854,78,11,4303.06,0,High-Value Loyal,310.7037077240447,Protect / Retain
14855,119,7,6520.3,1,Lapsed Valuable Customers,110.6146887993189,Re-engagement Opportunity
14856,36,3,1290.53,3,Recent / Developing,,Standard
14857,60,7,3651.851,1,Lapsed Valuable Customers,301.077774789659,Re-engagement Opportunity
14858,506,1,180.75,2,Low-Engagement / Dormant,0.15951661705132972,Standard
14859,13,5,1705.64,3,Recent / Developing,29.88718901739767,Standard
14860,19,1,170.32,3,Recent / Developing,,Standard
14861,52,10,1380.73,1,Lapsed Valuable Customers,9.324875608827137,Re-engagement Opportunity
14862,26,2,841.1999999999999,3,Recent / Developing,63.71893016200374,Emerging High-Value
14863,29,1,266.76,3,Recent / Developing,,Standard
14865,7,4,129.72,3,Recent / Developing,4.653447152292294,Standard
14866,11,19,20850.22,0,High-Value Loyal,591.7669281389856,Protect / Retain
14867,186,16,2952.06,1,Lapsed Valuable Customers,25.493421184541862,Re-engagement Opportunity
14868,3,12,4184.01,0,High-Value Loyal,560.616195494986,Protect / Retain
14869,9,6,2778.14,0,High-Value Loyal,36.01255468935375,Protect / Retain
14870,262,6,1838.95,1,Lapsed Valuable Customers,10.095604505384056,Re-engagement Opportunity
14871,3,9,1228.17,0,High-Value Loyal,24.891373443134672,Protect / Retain
14872,484,3,816.6,1,Lapsed Valuable Customers,0.5731025750632937,Re-engagement Opportunity
14873,210,2,854.13,1,Lapsed Valuable Customers,4.838637036659192,Re-engagement Opportunity
14874,535,1,116.18,2,Low-Engagement / Dormant,0.29700472276400064,Standard
14875,108,3,2862.4,1,Lapsed Valuable Customers,11.016568296789544,Re-engagement Opportunity
14876,521,2,256.7,2,Low-Engagement / Dormant,0.4265232993377807,Standard
14877,418,2,425.85,2,Low-Engagement / Dormant,2.5183660322801558,Standard
14878,13,25,4076.5,0,High-Value Loyal,72.61258369807592,Protect / Retain
14879,685,1,185.06,2,Low-Engagement / Dormant,0.23962359989363935,Standard
14880,77,3,690.59,3,Recent / Developing,9.854936211112912,Standard
14881,20,1,255.4,3,Recent / Developing,,Standard
14882,27,14,3546.65,0,High-Value Loyal,63.64486621909833,Protect / Retain
14883,19,6,761.59,3,Recent / Developing,17.083796646195072,Standard
14884,669,1,120.6,2,Low-Engagement / Dormant,0.112043821511621,Standard
14885,132,3,1598.12,1,Lapsed Valuable Customers,6.341359751797732,Re-engagement Opportunity
14886,253,1,364.8,2,Low-Engagement / Dormant,1.641124084175833,Standard
14887,79,1,1862.0,3,Recent / Developing,,Standard
14888,207,1,369.2,2,Low-Engagement / Dormant,4.956236965220965,Standard
14889,336,1,135.9,2,Low-Engagement / Dormant,1.113350269863905,Standard
14890,254,3,817.25,1,Lapsed Valuable Customers,6.093153234263769,Re-engagement Opportunity
14891,148,4,1106.73,1,Lapsed Valuable Customers,21.94819826909162,Re-engagement Opportunity
14892,691,1,202.35000000000002,2,Low-Engagement / Dormant,0.19204261925694177,Standard
14893,10,3,1809.6100000000001,3,Recent / Developing,9.066088849313061,Standard
14894,85,3,1492.81,1,Lapsed Valuable Customers,15.143537259391795,Re-engagement Opportunity
14895,8,38,25119.54,0,High-Value Loyal,2974.283855558229,Protect / Retain
14896,205,8,2083.2200000000003,1,Lapsed Valuable Customers,60.39288892678515,Re-engagement Opportunity
14897,8,8,3140.54,0,High-Value Loyal,38.050509122925696,Protect / Retain
14898,23,14,3464.45,0,High-Value Loyal,312.7018138477548,Protect / Retain
14899,395,1,1331.38,2,Low-Engagement / Dormant,5.26494247563366,Standard
14900,522,1,13.919999999999998,2,Low-Engagement / Dormant,0.7158843661735832,Standard
14901,11,12,2281.4,0,High-Value Loyal,104.36460321823998,Protect / Retain
14902,26,3,1035.6200000000001,3,Recent / Developing,13.035734040622353,Standard
14903,21,5,2795.33,3,Recent / Developing,266.94987716519694,Emerging High-Value
14904,2,4,1630.49,3,Recent / Developing,18.769194729593274,Standard
14905,158,8,1971.39,1,Lapsed Valuable Customers,20.340894447825075,Re-engagement Opportunity
14906,445,1,68.44,2,Low-Engagement / Dormant,0.7555222468964423,Standard
14907,3,16,6165.79,0,High-Value Loyal,526.6583371547,Protect / Retain
14908,74,2,381.9,3,Recent / Developing,1.6002047086011884,Standard
14909,437,3,1404.68,1,Lapsed Valuable Customers,5.711601245311042,Re-engagement Opportunity
14910,3,4,434.35,3,Recent / Developing,,Standard
14911,1,398,295832.39,0,High-Value Loyal,31188.4221629662,Protect / Retain
14912,17,6,1889.25,3,Recent / Developing,35.51525241378491,Standard
14913,36,8,4073.13,0,High-Value Loyal,189.32231966347794,Protect / Retain
14915,91,11,1811.25,1,Lapsed Valuable Customers,11.504654516704214,Re-engagement Opportunity
14916,71,8,3042.95,1,Lapsed Valuable Customers,147.29250578578007,Re-engagement Opportunity
14917,597,2,1123.75,1,Lapsed Valuable Customers,0.9792230643340247,Re-engagement Opportunity
14918,116,9,5955.81,1,Lapsed Valuable Customers,55.6883624343168,Re-engagement Opportunity
14919,539,1,359.35,2,Low-Engagement / Dormant,0.4494925078600987,Standard
14920,213,3,1607.17,1,Lapsed Valuable Customers,9.320932974045046,Re-engagement Opportunity
14921,30,2,1316.07,3,Recent / Developing,30.95361369989063,Standard
14922,394,2,843.74,2,Low-Engagement / Dormant,2.943699290614965,Standard
14923,51,1,749.1,3,Recent / Developing,,Standard
14924,246,3,931.01,1,Lapsed Valuable Customers,3.471852346220238,Re-engagement Opportunity
14926,382,2,359.4,2,Low-Engagement / Dormant,1.7768249914951428,Standard
14927,397,1,308.2,2,Low-Engagement / Dormant,2.692346397081836,Standard
14928,628,1,223.91000000000003,2,Low-Engagement / Dormant,0.08287619699580245,Standard
14929,32,2,836.69,3,Recent / Developing,10.376936351080337,Standard
14930,109,6,5236.7300000000005,1,Lapsed Valuable Customers,12.235410142917518,Re-engagement Opportunity
14931,5,5,1257.68,3,Recent / Developing,17.101007837738152,Standard
14932,366,2,1029.66,1,Lapsed Valuable Customers,1.9671122892017483,Re-engagement Opportunity
14933,444,4,1770.0,1,Lapsed Valuable Customers,6.713335507122992,Re-engagement Opportunity
14934,82,5,3503.5,1,Lapsed Valuable Customers,73.09037578477181,Re-engagement Opportunity
14935,297,2,2849.83,1,Lapsed Valuable Customers,4.691657586286739,Re-engagement Opportunity
14936,34,12,12410.81,0,High-Value Loyal,825.5626502285862,Protect / Retain
14937,57,3,1621.88,1,Lapsed Valuable Customers,65.9260990316546,Re-engagement Opportunity
14938,562,2,2322.43,1,Lapsed Valuable Customers,0.450603979501901,Re-engagement Opportunity
14940,418,2,531.49,2,Low-Engagement / Dormant,4.4780945928988025,Standard
14941,579,1,182.1,2,Low-Engagement / Dormant,0.25491811200645575,Standard
14942,402,4,746.56,1,Lapsed Valuable Customers,6.389728690044473,Re-engagement Opportunity
14943,663,1,107.62,2,Low-Engagement / Dormant,0.12909366214669654,Standard
14944,30,19,9784.67,0,High-Value Loyal,968.2148571242398,Protect / Retain
14945,414,1,179.4,2,Low-Engagement / Dormant,0.9768121412385936,Standard
14946,14,1,100.9,3,Recent / Developing,,Standard
14947,72,6,1049.79,1,Lapsed Valuable Customers,32.11147657127403,Re-engagement Opportunity
14948,23,6,1101.97,3,Recent / Developing,118.70216312284629,Emerging High-Value
14949,469,4,515.0,1,Lapsed Valuable Customers,0.6905606440902435,Re-engagement Opportunity
14950,19,1,371.2,3,Recent / Developing,,Standard
14951,79,1,311.69,2,Low-Engagement / Dormant,,Standard
14952,60,32,17629.35,0,High-Value Loyal,171.49291587600328,Protect / Retain
14953,25,4,971.32,3,Recent / Developing,28.841531236058565,Standard
14954,12,2,462.12,3,Recent / Developing,2.5027420955231467,Standard
14955,733,1,163.77,2,Low-Engagement / Dormant,1.2372222972160265,Standard
14956,421,1,1325.0,2,Low-Engagement / Dormant,6.861167142939851,Standard
14957,253,2,261.69,2,Low-Engagement / Dormant,4.2864161532217935,Standard
14958,147,6,941.99,1,Lapsed Valuable Customers,13.447675364866697,Re-engagement Opportunity
14959,64,4,695.42,3,Recent / Developing,43.018731922711595,Standard
14960,8,2,221.27,3,Recent / Developing,3.237945599914735,Standard
14961,11,22,16410.15,0,High-Value Loyal,1697.9321407980524,Protect / Retain
14962,271,4,366.91,2,Low-Engagement / Dormant,2.6519591371827227,Standard
14963,10,12,3123.57,0,High-Value Loyal,106.42451337216472,Protect / Retain
14964,247,1,206.21,2,Low-Engagement / Dormant,5.238622873071666,Standard
14965,96,2,596.09,3,Recent / Developing,32.7122539823704,Standard
14966,15,6,1064.26,3,Recent / Developing,17.78370291145047,Standard
14967,50,6,1982.6100000000001,1,Lapsed Valuable Customers,37.27669930405439,Re-engagement Opportunity
14968,30,2,501.24,3,Recent / Developing,6.1013228267705495,Standard
14969,704,1,906.23,2,Low-Engagement / Dormant,0.6623413520558512,Standard
14970,68,12,4919.35,0,High-Value Loyal,200.9326729636302,Protect / Retain
14971,35,3,1097.98,3,Recent / Developing,,Standard
14972,128,2,145.07,2,Low-Engagement / Dormant,3.620323289512786,Standard
14973,107,3,1314.45,1,Lapsed Valuable Customers,13.427946636392758,Re-engagement Opportunity
14974,37,1,89.94,2,Low-Engagement / Dormant,,Standard
14975,57,2,472.39,3,Recent / Developing,3.755144900798563,Standard
14976,57,7,790.86,1,Lapsed Valuable Customers,49.18356244284988,Re-engagement Opportunity
14977,726,1,31.929999999999996,2,Low-Engagement / Dormant,0.7007953707602025,Standard
14978,72,10,3112.19,0,High-Value Loyal,45.87723726010438,Protect / Retain
14979,735,1,429.66,2,Low-Engagement / Dormant,0.4586971983510421,Standard
14980,737,1,150.68,2,Low-Engagement / Dormant,1.3583914576418936,Standard
14981,246,2,372.92,2,Low-Engagement / Dormant,2.9046114586410803,Standard
14982,572,1,237.78,2,Low-Engagement / Dormant,0.43146233005918444,Standard
14983,689,1,183.20000000000002,2,Low-Engagement / Dormant,0.4162420932870848,Standard
14984,19,6,1260.51,3,Recent / Developing,29.43849275357217,Standard
14985,198,2,292.01,2,Low-Engagement / Dormant,3.923918908100041,Standard
14986,376,2,563.1,2,Low-Engagement / Dormant,5.763394153364962,Standard
14987,16,8,1713.85,0,High-Value Loyal,29.016121881904162,Protect / Retain
14988,212,7,2038.65,1,Lapsed Valuable Customers,36.00378262185835,Re-engagement Opportunity
14989,662,1,342.4,2,Low-Engagement / Dormant,0.07517578897842946,Standard
14990,612,2,304.17,2,Low-Engagement / Dormant,0.33367245628828035,Standard
14991,430,1,314.67,2,Low-Engagement / Dormant,1.583929572464894,Standard
14992,442,1,210.5,2,Low-Engagement / Dormant,3.138477052694592,Standard
14993,564,1,36.13,2,Low-Engagement / Dormant,0.6390745562107587,Standard
14994,382,5,946.72,1,Lapsed Valuable Customers,12.574929955162801,Re-engagement Opportunity
14995,39,2,231.98000000000002,3,Recent / Developing,4.4024779134758365,Standard
14996,481,2,442.28999999999996,2,Low-Engagement / Dormant,0.7178368466220103,Standard
14997,46,4,776.5999999999999,3,Recent / Developing,15.976112188440739,Standard
14998,170,4,753.18,1,Lapsed Valuable Customers,14.299168843593147,Re-engagement Opportunity
14999,593,1,129.48000000000002,2,Low-Engagement / Dormant,0.3832804807771769,Standard
15000,48,1,490.52,3,Recent / Developing,,Standard
15001,394,2,199.10999999999999,2,Low-Engagement / Dormant,2.65207635592894,Standard
15002,116,9,4769.7300000000005,1,Lapsed Valuable Customers,74.18343273410866,Re-engagement Opportunity
15003,473,6,1027.03,1,Lapsed Valuable Customers,1.4884327310885315,Re-engagement Opportunity
15004,147,1,1220.77,2,Low-Engagement / Dormant,34.52853483282381,Standard
15005,16,56,13977.08,0,High-Value Loyal,1614.604073898287,Protect / Retain
15006,51,2,757.78,3,Recent / Developing,13.443921036814578,Standard
15007,159,1,156.91,2,Low-Engagement / Dormant,2.089984464162417,Standard
15008,480,2,360.0,2,Low-Engagement / Dormant,1.1138955365906063,Standard
15009,12,3,1259.43,3,Recent / Developing,,Standard
15010,36,1,308.94,3,Recent / Developing,,Standard
15011,396,2,416.6,2,Low-Engagement / Dormant,1.7987452879824508,Standard
15012,54,3,834.82,3,Recent / Developing,21.786102501052913,Standard
15013,488,10,1610.82,1,Lapsed Valuable Customers,1.3699954553162552,Re-engagement Opportunity
15014,43,2,257.67,3,Recent / Developing,4.316355120990152,Standard
15015,501,13,2354.97,1,Lapsed Valuable Customers,0.9124419706326987,Re-engagement Opportunity
15016,173,5,620.89,1,Lapsed Valuable Customers,3.9898352112122146,Re-engagement Opportunity
15017,34,1,125.58,3,Recent / Developing,,Standard
15018,39,3,607.46,3,Recent / Developing,6.242081461462364,Standard
15019,267,1,252.81,2,Low-Engagement / Dormant,3.426864206118939,Standard
15020,379,1,198.47,2,Low-Engagement / Dormant,3.456716491045585,Standard
15021,9,12,2698.68,0,High-Value Loyal,83.18647618342048,Protect / Retain
15022,12,5,1133.44,3,Recent / Developing,2.863928452028522,Standard
15023,3,20,12008.05,0,High-Value Loyal,1682.0966939759076,Protect / Retain
15024,10,16,4050.61,0,High-Value Loyal,172.41317302746938,Protect / Retain
15025,33,2,979.79,3,Recent / Developing,31.472922796680034,Standard
15026,80,5,1048.8899999999999,1,Lapsed Valuable Customers,17.370583978257102,Re-engagement Opportunity
15027,31,10,3195.6,0,High-Value Loyal,158.17251361776505,Protect / Retain
15028,8,6,1148.91,3,Recent / Developing,11.789609600874316,Standard
15029,620,1,365.1,2,Low-Engagement / Dormant,0.3259739462126984,Standard
15030,72,8,1979.91,1,Lapsed Valuable Customers,39.21409551637949,Re-engagement Opportunity
15031,4,14,3102.94,0,High-Value Loyal,113.29750077364285,Protect / Retain
15032,256,8,13780.65,1,Lapsed Valuable Customers,40.13302994237731,Re-engagement Opportunity
15033,5,10,2557.18,0,High-Value Loyal,414.77893045021557,Protect / Retain
15034,16,14,8231.2,0,High-Value Loyal,218.13347483709333,Protect / Retain
15035,90,1,252.73000000000002,2,Low-Engagement / Dormant,,Standard
15036,72,3,429.56,3,Recent / Developing,23.782669660802185,Standard
15037,376,2,397.76,2,Low-Engagement / Dormant,2.2511959129493486,Standard
15038,59,9,1265.41,1,Lapsed Valuable Customers,43.09143473185224,Re-engagement Opportunity
15039,10,93,39726.89,0,High-Value Loyal,4602.287868905743,Protect / Retain
15040,542,1,7.49,2,Low-Engagement / Dormant,0.5363905736697276,Standard
15041,170,2,289.4,2,Low-Engagement / Dormant,4.015456150419096,Standard
15042,199,2,315.45,2,Low-Engagement / Dormant,1.9040048392697215,Standard
15043,31,6,2870.3199999999997,0,High-Value Loyal,17.75056462336716,Protect / Retain
15044,19,35,16024.15,0,High-Value Loyal,1168.3216267251664,Protect / Retain
15045,152,2,735.66,1,Lapsed Valuable Customers,7.896852330366842,Re-engagement Opportunity
15046,9,25,7623.79,0,High-Value Loyal,1033.8464955151564,Protect / Retain
15047,270,1,343.62,2,Low-Engagement / Dormant,1.1262298025100832,Standard
15048,65,4,479.7,3,Recent / Developing,19.611830522249626,Standard
15049,274,1,121.17000000000002,2,Low-Engagement / Dormant,1.2743628834190064,Standard
15050,25,5,4087.19,0,High-Value Loyal,42.909271977684355,Protect / Retain
15051,23,9,3926.91,0,High-Value Loyal,307.0836122839258,Protect / Retain
15052,319,1,207.73000000000002,2,Low-Engagement / Dormant,2.529145700805853,Standard
15053,5,3,693.95,3,Recent / Developing,64.64339302270164,Emerging High-Value
15054,12,2,302.1,3,Recent / Developing,,Standard
15055,475,3,549.12,2,Low-Engagement / Dormant,1.8609003348939424,Standard
15056,520,1,113.64999999999999,2,Low-Engagement / Dormant,0.46746239928998756,Standard
15057,275,5,3255.96,1,Lapsed Valuable Customers,23.56965338029637,Re-engagement Opportunity
15058,25,16,3387.58,0,High-Value Loyal,165.6331107491133,Protect / Retain
15059,41,19,3491.2,0,High-Value Loyal,322.90920299019206,Protect / Retain
15060,8,4,294.25,3,Recent / Developing,,Standard
15061,4,127,137818.52,0,High-Value Loyal,19443.673773743343,Protect / Retain
15062,71,8,2585.62,1,Lapsed Valuable Customers,79.64061227709536,Re-engagement Opportunity
15063,213,1,370.79999999999995,2,Low-Engagement / Dormant,2.604252707894475,Standard
15064,410,4,1254.41,1,Lapsed Valuable Customers,2.9285834733780343,Re-engagement Opportunity
15065,38,5,3326.86,1,Lapsed Valuable Customers,192.8596969587738,Re-engagement Opportunity
15066,53,1,893.59,3,Recent / Developing,,Standard
15067,78,5,3862.88,1,Lapsed Valuable Customers,30.728359346479536,Re-engagement Opportunity
15068,46,4,1174.9,3,Recent / Developing,33.65212078724903,Standard
15069,179,1,1109.53,2,Low-Engagement / Dormant,10.376054403172464,Standard
15070,373,3,843.25,1,Lapsed Valuable Customers,3.927508648383043,Re-engagement Opportunity
15071,94,4,1455.56,1,Lapsed Valuable Customers,3.8543480702430015,Re-engagement Opportunity
15072,479,1,187.51999999999998,2,Low-Engagement / Dormant,0.15573998117555696,Standard
15073,10,8,2788.02,0,High-Value Loyal,129.38746921573411,Protect / Retain
15074,105,3,1553.1299999999999,1,Lapsed Valuable Customers,5.074588131348494,Re-engagement Opportunity
15075,78,1,773.03,3,Recent / Developing,,Standard
15076,173,3,1447.74,1,Lapsed Valuable Customers,4.396600823578223,Re-engagement Opportunity
15077,495,2,2428.08,1,Lapsed Valuable Customers,0.7883220623517049,Re-engagement Opportunity
15078,7,53,17761.88,0,High-Value Loyal,2896.674911880612,Protect / Retain
15079,213,11,3767.35,1,Lapsed Valuable Customers,44.384410734336676,Re-engagement Opportunity
15080,428,2,546.25,2,Low-Engagement / Dormant,2.5940569506203683,Standard
15081,22,12,1965.72,0,High-Value Loyal,57.24274536086049,Protect / Retain
15082,669,1,93.35000000000001,2,Low-Engagement / Dormant,0.14938221443763217,Standard
15083,257,1,88.2,2,Low-Engagement / Dormant,0.7041270040547993,Standard
15084,380,2,965.2,1,Lapsed Valuable Customers,1.9688633836561764,Re-engagement Opportunity
15085,730,1,347.54,2,Low-Engagement / Dormant,0.17119737175901975,Standard
15086,565,2,218.53,2,Low-Engagement / Dormant,0.4307933254070839,Standard
15087,282,1,306.94,2,Low-Engagement / Dormant,2.7586909176146994,Standard
15088,21,2,1160.07,3,Recent / Developing,,Standard
15089,10,6,2420.84,0,High-Value Loyal,353.7418699646563,Protect / Retain
15090,308,1,381.32,2,Low-Engagement / Dormant,1.3480183076437913,Standard
15091,68,3,1046.6100000000001,1,Lapsed Valuable Customers,4.739149970477975,Re-engagement Opportunity
15092,215,3,776.46,1,Lapsed Valuable Customers,5.8696583152757364,Re-engagement Opportunity
15093,18,23,14326.11,0,High-Value Loyal,484.27722405699615,Protect / Retain
15094,463,2,83.0,2,Low-Engagement / Dormant,1.234568733872463,Standard
15095,104,10,3141.64,1,Lapsed Valuable Customers,72.54049387963843,Re-engagement Opportunity
15096,43,1,219.39000000000001,3,Recent / Developing,,Standard
15097,4,3,908.35,3,Recent / Developing,10.329089568017302,Standard
15098,182,3,39916.5,1,Lapsed Valuable Customers,9.244264505048914,Re-engagement Opportunity
15099,84,1,410.48,2,Low-Engagement / Dormant,,Standard
15100,334,7,2894.7,1,Lapsed Valuable Customers,5.594270024126766,Re-engagement Opportunity
15101,9,6,1477.94,3,Recent / Developing,4.875470775979978,Standard
15102,531,2,554.67,2,Low-Engagement / Dormant,0.965887419500744,Standard
15103,31,2,703.36,3,Recent / Developing,,Standard
15104,197,2,993.54,1,Lapsed Valuable Customers,18.869046290325834,Re-engagement Opportunity
15105,18,9,3094.91,0,High-Value Loyal,10.136735693224406,Protect / Retain
15106,18,5,1422.52,3,Recent / Developing,55.240156372782685,Standard
15107,311,9,940.35,1,Lapsed Valuable Customers,3.1621523043101805,Re-engagement Opportunity
15108,142,4,1300.25,1,Lapsed Valuable Customers,27.825962548241943,Re-engagement Opportunity
15109,246,3,983.1,1,Lapsed Valuable Customers,2.8639677599683107,Re-engagement Opportunity
15110,24,6,1505.8500000000001,3,Recent / Developing,38.6312375457896,Standard
15111,29,5,2730.87,1,Lapsed Valuable Customers,7.9739181026179775,Re-engagement Opportunity
15112,611,1,209.4,2,Low-Engagement / Dormant,0.28226051548245695,Standard
15113,10,3,3509.43,3,Recent / Developing,,Standard
15114,30,12,3400.12,0,High-Value Loyal,268.5969628376988,Protect / Retain
15115,18,2,531.85,3,Recent / Developing,1.8761747266077922,Standard
15116,18,4,1352.75,3,Recent / Developing,28.605844268153103,Standard
15117,15,8,2485.9700000000003,0,High-Value Loyal,37.75213332149194,Protect / Retain
15118,134,1,244.8,2,Low-Engagement / Dormant,4.852343150476852,Standard
15119,246,1,266.4,2,Low-Engagement / Dormant,5.020908439110005,Standard
15120,134,1,358.82,2,Low-Engagement / Dormant,11.340814557952257,Standard
15121,50,2,457.72,3,Recent / Developing,5.707669848941211,Standard
15122,114,11,4487.27,1,Lapsed Valuable Customers,58.067944739465446,Re-engagement Opportunity
15123,7,5,4656.17,0,High-Value Loyal,120.04351091694409,Protect / Retain
15124,23,4,450.82,3,Recent / Developing,6.825811363636448,Standard
15125,25,24,17024.87,0,High-Value Loyal,1284.0811980620742,Protect / Retain
15126,537,2,449.49,2,Low-Engagement / Dormant,0.3157569511718954,Standard
15127,66,2,711.5,3,Recent / Developing,3.4662591038417605,Standard
15128,60,5,1783.68,1,Lapsed Valuable Customers,101.72912981137708,Re-engagement Opportunity
15129,50,23,6860.18,0,High-Value Loyal,1199.588855964703,Protect / Retain
15130,170,1,330.11,2,Low-Engagement / Dormant,9.973438546488154,Standard
15131,395,1,80.28,2,Low-Engagement / Dormant,0.34001231614131544,Standard
15132,18,5,977.9300000000001,3,Recent / Developing,119.6875502055873,Emerging High-Value
15133,128,5,1806.9,1,Lapsed Valuable Customers,15.510055181519265,Re-engagement Opportunity
15134,15,10,1596.29,0,High-Value Loyal,164.28879832272463,Protect / Retain
15135,239,2,305.68,2,Low-Engagement / Dormant,3.518522993607894,Standard
15136,3,4,1286.7,3,Recent / Developing,61.50040796622637,Standard
15137,521,2,823.4,2,Low-Engagement / Dormant,0.7526504969710655,Standard
15138,394,1,502.52,2,Low-Engagement / Dormant,1.962730305221805,Standard
15139,240,2,178.96,2,Low-Engagement / Dormant,0.8829759582124578,Standard
15140,52,8,3243.69,0,High-Value Loyal,155.59768578270757,Protect / Retain
15141,458,7,1388.47,1,Lapsed Valuable Customers,1.1527407694057792,Re-engagement Opportunity
15142,46,6,2619.92,1,Lapsed Valuable Customers,44.71863735375506,Re-engagement Opportunity
15143,226,2,563.63,2,Low-Engagement / Dormant,5.755851889396668,Standard
15144,8,29,12160.31,0,High-Value Loyal,1698.8580465323832,Protect / Retain
15145,4,4,1194.73,3,Recent / Developing,14.816838759277285,Standard
15146,165,2,1327.16,1,Lapsed Valuable Customers,18.971487071048646,Re-engagement Opportunity
15147,240,1,623.5,2,Low-Engagement / Dormant,4.594663100593586,Standard
15148,11,1,301.29,3,Recent / Developing,,Standard
15149,134,5,1554.6100000000001,1,Lapsed Valuable Customers,15.96212467988019,Re-engagement Opportunity
15150,17,13,8977.94,0,High-Value Loyal,650.4533648829967,Protect / Retain
15151,423,2,2085.61,1,Lapsed Valuable Customers,6.587881785592303,Re-engagement Opportunity
15152,10,14,5263.83,0,High-Value Loyal,419.75519349213533,Protect / Retain
15153,31,1,329.25,3,Recent / Developing,,Standard
15154,75,3,1343.72,1,Lapsed Valuable Customers,11.202752853857744,Re-engagement Opportunity
15155,383,1,383.96999999999997,2,Low-Engagement / Dormant,1.7568933417865642,Standard
15156,1,3,961.49,3,Recent / Developing,,Standard
15157,4,5,2654.11,0,High-Value Loyal,35.35839228422744,Protect / Retain
15158,45,2,606.02,3,Recent / Developing,4.0317109706000585,Standard
15159,2,34,22116.73,0,High-Value Loyal,3547.7365487546917,Protect / Retain
15160,357,4,589.27,1,Lapsed Valuable Customers,5.051575304240544,Re-engagement Opportunity
15161,388,1,119.92,2,Low-Engagement / Dormant,0.9070898965622238,Standard
15162,731,1,312.9,2,Low-Engagement / Dormant,0.2452343482206077,Standard
15163,18,2,304.47,3,Recent / Developing,3.652528907196768,Standard
15164,69,9,2028.1100000000001,1,Lapsed Valuable Customers,63.053456871758044,Re-engagement Opportunity
15165,373,1,975.5,2,Low-Engagement / Dormant,1.3069134043367527,Standard
15166,468,1,167.16,2,Low-Engagement / Dormant,0.2260145151715742,Standard
15167,321,5,1627.62,1,Lapsed Valuable Customers,10.090472017604181,Re-engagement Opportunity
15168,26,1,106.56,3,Recent / Developing,,Standard
15169,382,2,569.22,2,Low-Engagement / Dormant,6.639449658919177,Standard
15170,407,1,81.15,2,Low-Engagement / Dormant,0.11713458978991531,Standard
15171,331,1,1289.5,2,Low-Engagement / Dormant,1.069932598028446,Standard
15172,9,5,1624.05,3,Recent / Developing,136.68866707199535,Emerging High-Value
15173,381,7,1494.6,1,Lapsed Valuable Customers,7.100859038664248,Re-engagement Opportunity
15174,323,2,481.46,2,Low-Engagement / Dormant,4.126832934808461,Standard
15175,72,1,224.14,2,Low-Engagement / Dormant,,Standard
15176,668,1,988.04,2,Low-Engagement / Dormant,0.40142209944001556,Standard
15177,426,1,948.93,2,Low-Engagement / Dormant,2.3254786179828892,Standard
15178,260,1,40.5,2,Low-Engagement / Dormant,0.7717898816755375,Standard
15179,18,13,7491.92,0,High-Value Loyal,429.83665181022604,Protect / Retain
15180,367,3,904.4300000000001,1,Lapsed Valuable Customers,3.464844210408836,Re-engagement Opportunity
15181,66,5,1200.2,1,Lapsed Valuable Customers,33.24394723910593,Re-engagement Opportunity
15182,154,11,2998.952,1,Lapsed Valuable Customers,65.30851107522106,Re-engagement Opportunity
15183,548,3,639.93,2,Low-Engagement / Dormant,1.991659333793117,Standard
15184,29,4,685.39,3,Recent / Developing,13.439165879835446,Standard
15185,70,1,310.62,2,Low-Engagement / Dormant,,Standard
15186,14,5,1403.2,3,Recent / Developing,28.72836536246453,Standard
15187,2,16,4777.18,0,High-Value Loyal,530.3328491408422,Protect / Retain
15188,725,1,310.43,2,Low-Engagement / Dormant,0.10748564683412568,Standard
15189,1,46,17524.38,0,High-Value Loyal,3034.332130686367,Protect / Retain
15190,434,1,834.4399999999999,2,Low-Engagement / Dormant,5.0657131438319,Standard
15191,463,3,588.05,2,Low-Engagement / Dormant,0.8366854199264009,Standard
15192,120,5,1981.39,1,Lapsed Valuable Customers,4.0194520472221935,Re-engagement Opportunity
15193,61,1,499.32,3,Recent / Developing,,Standard
15194,3,28,12427.69,0,High-Value Loyal,802.6004550255911,Protect / Retain
15195,3,1,3861.0,3,Recent / Developing,,Standard
15196,433,2,313.7,2,Low-Engagement / Dormant,2.8568748542343085,Standard
15197,11,6,1877.51,3,Recent / Developing,13.692165321362696,Standard
15198,92,5,571.35,1,Lapsed Valuable Customers,3.6724950040491042,Re-engagement Opportunity
15199,59,10,3122.4,0,High-Value Loyal,56.721805615012094,Protect / Retain
15200,495,1,549.05,2,Low-Engagement / Dormant,3.173448763117925,Standard
15201,87,7,1842.95,1,Lapsed Valuable Customers,37.23997191860515,Re-engagement Opportunity
15202,420,3,6001.49,1,Lapsed Valuable Customers,1.3211790062451896,Re-engagement Opportunity
15203,26,15,4400.18,0,High-Value Loyal,437.4687694757497,Protect / Retain
15204,357,1,316.58,2,Low-Engagement / Dormant,1.2464680330248685,Standard
15205,85,2,653.24,3,Recent / Developing,36.26154642965515,Standard
15206,10,4,420.29999999999995,3,Recent / Developing,35.30742506856454,Standard
15207,416,3,683.9200000000001,1,Lapsed Valuable Customers,7.96174120250714,Re-engagement Opportunity
15208,1,6,970.52,3,Recent / Developing,70.27401661804343,Emerging High-Value
15209,730,1,178.98000000000002,2,Low-Engagement / Dormant,0.451327415189057,Standard
15210,225,3,1176.19,1,Lapsed Valuable Customers,5.650836234751296,Re-engagement Opportunity
15211,60,2,1277.48,3,Recent / Developing,6.027916380511913,Standard
15212,241,2,208.28,2,Low-Engagement / Dormant,3.414273023939347,Standard
15213,319,2,328.35,2,Low-Engagement / Dormant,1.7165965551739935,Standard
15214,2,8,1661.44,0,High-Value Loyal,37.492307109730056,Protect / Retain
15215,47,7,2422.43,1,Lapsed Valuable Customers,16.91869612458719,Re-engagement Opportunity
15216,88,2,486.09,3,Recent / Developing,2.256878946962244,Standard
15217,563,1,426.24,2,Low-Engagement / Dormant,1.5908038739401964,Standard
15218,11,22,11468.83,0,High-Value Loyal,1480.8112278091298,Protect / Retain
15219,176,2,685.45,2,Low-Engagement / Dormant,2.1717255620901077,Standard
15220,52,6,1778.96,1,Lapsed Valuable Customers,226.14033545127552,Re-engagement Opportunity
15221,366,4,2465.4500000000003,1,Lapsed Valuable Customers,3.220147143228326,Re-engagement Opportunity
15222,319,11,3550.91,1,Lapsed Valuable Customers,15.463313799450182,Re-engagement Opportunity
15223,226,5,1417.95,1,Lapsed Valuable Customers,7.23199156866325,Re-engagement Opportunity
15224,358,5,871.36,1,Lapsed Valuable Customers,4.490348808523874,Re-engagement Opportunity
15225,234,1,409.40000000000003,2,Low-Engagement / Dormant,1.6616417249833595,Standard
15226,311,1,154.41,2,Low-Engagement / Dormant,0.681221790046241,Standard
15227,37,9,2488.4900000000002,0,High-Value Loyal,65.89406951108099,Protect / Retain
15228,66,6,5580.2699999999995,1,Lapsed Valuable Customers,219.92278005489968,Re-engagement Opportunity
15229,586,1,160.5,2,Low-Engagement / Dormant,0.367950570397576,Standard
15230,239,2,429.6,2,Low-Engagement / Dormant,3.6792962099404227,Standard
15231,621,1,250.26,2,Low-Engagement / Dormant,0.4344547516715931,Standard
15232,113,2,612.06,2,Low-Engagement / Dormant,26.952899828859913,Standard
15233,401,1,59.400000000000006,2,Low-Engagement / Dormant,0.25000489931083386,Standard
15234,277,1,197.0,2,Low-Engagement / Dormant,2.9026861182168004,Standard
15235,218,16,2937.81,1,Lapsed Valuable Customers,27.53613711257774,Re-engagement Opportunity
15236,299,1,321.05,2,Low-Engagement / Dormant,1.1089438401023606,Standard
15237,2,4,1412.32,3,Recent / Developing,53.61792129176762,Standard
15238,29,3,1071.99,3,Recent / Developing,72.62668769249065,Emerging High-Value
15239,10,2,780.59,3,Recent / Developing,,Standard
15240,45,12,4459.98,0,High-Value Loyal,229.774860941497,Protect / Retain
15241,67,11,3050.16,0,High-Value Loyal,190.46437329167946,Protect / Retain
15242,422,1,302.04,2,Low-Engagement / Dormant,3.0853640809372442,Standard
15243,74,2,927.2800000000001,3,Recent / Developing,8.33303217782446,Standard
15244,65,3,912.08,3,Recent / Developing,8.142234874066132,Standard
15245,134,8,4610.84,1,Lapsed Valuable Customers,57.01474987162339,Re-engagement Opportunity
15246,238,3,780.4,1,Lapsed Valuable Customers,4.091914555164848,Re-engagement Opportunity
15247,122,3,976.06,1,Lapsed Valuable Customers,2.4889166265968776,Re-engagement Opportunity
15248,411,3,1893.93,1,Lapsed Valuable Customers,8.360715795237768,Re-engagement Opportunity
15249,32,18,9266.0,0,High-Value Loyal,1264.9476903646223,Protect / Retain
15250,641,1,60.0,2,Low-Engagement / Dormant,0.21280595369740146,Standard
15251,9,21,20324.54,0,High-Value Loyal,1367.7707227024935,Protect / Retain
15252,36,5,2103.41,1,Lapsed Valuable Customers,29.629396348247333,Re-engagement Opportunity
15253,16,8,2055.09,0,High-Value Loyal,42.365996741050665,Protect / Retain
15254,127,3,1088.35,1,Lapsed Valuable Customers,3.324667501371058,Re-engagement Opportunity
15255,67,9,3706.02,0,High-Value Loyal,85.52513518093691,Protect / Retain
15256,149,2,170.4,2,Low-Engagement / Dormant,1.4550907090184513,Standard
15257,283,2,685.9,2,Low-Engagement / Dormant,3.049413022971452,Standard
15258,169,2,623.16,2,Low-Engagement / Dormant,13.305874643658884,Standard
15259,513,4,1182.3799999999999,1,Lapsed Valuable Customers,0.7961478808594394,Re-engagement Opportunity
15260,100,25,9188.23,0,High-Value Loyal,83.1091827680075,Protect / Retain
15261,135,4,1508.0,1,Lapsed Valuable Customers,31.487610330947117,Re-engagement Opportunity
15262,324,3,418.82,2,Low-Engagement / Dormant,1.8025254205467158,Standard
15263,107,1,156.51,2,Low-Engagement / Dormant,9.206870335336967,Standard
15264,64,2,848.4,3,Recent / Developing,8.656508351846245,Standard
15265,151,4,3345.64,1,Lapsed Valuable Customers,47.08350460284905,Re-engagement Opportunity
15266,338,5,852.21,1,Lapsed Valuable Customers,3.176026860183562,Re-engagement Opportunity
15267,22,5,1717.36,3,Recent / Developing,88.68402463649294,Emerging High-Value
15268,479,3,961.9000000000001,1,Lapsed Valuable Customers,0.6410375790178584,Re-engagement Opportunity
15269,24,3,1225.3600000000001,3,Recent / Developing,7.680676483913962,Standard
15270,16,21,8524.86,0,High-Value Loyal,238.86887925524672,Protect / Retain
15271,7,24,4640.29,0,High-Value Loyal,653.3104923421938,Protect / Retain
15272,57,6,2030.95,1,Lapsed Valuable Customers,34.39217578031303,Re-engagement Opportunity
15273,600,1,228.96,2,Low-Engagement / Dormant,0.24031307860799886,Standard
15274,4,2,716.57,3,Recent / Developing,,Standard
15275,38,1,615.14,3,Recent / Developing,,Standard
15276,66,4,619.8,3,Recent / Developing,15.61088974797826,Standard
15277,47,2,476.34,3,Recent / Developing,4.567133107863911,Standard
15278,562,4,496.15999999999997,1,Lapsed Valuable Customers,0.8259578583961058,Re-engagement Opportunity
15279,355,5,1580.54,1,Lapsed Valuable Customers,4.158953065207196,Re-engagement Opportunity
15280,172,3,397.52,2,Low-Engagement / Dormant,6.799193435057768,Standard
15281,59,16,8543.57,0,High-Value Loyal,379.75784773560906,Protect / Retain
15282,570,1,348.59,2,Low-Engagement / Dormant,0.7063423452541313,Standard
15283,390,3,148.33,2,Low-Engagement / Dormant,1.0039602803813017,Standard
15284,500,1,24.75,2,Low-Engagement / Dormant,0.2137232211499022,Standard
15285,408,1,94.92,2,Low-Engagement / Dormant,0.6581983526608759,Standard
15286,50,1,240.55,3,Recent / Developing,,Standard
15287,22,5,856.03,3,Recent / Developing,11.34769977977646,Standard
15288,43,10,3881.03,0,High-Value Loyal,276.1540570814898,Protect / Retain
15289,29,5,1593.09,3,Recent / Developing,34.53616094005591,Standard
15290,5,26,10496.28,0,High-Value Loyal,1538.6318094337307,Protect / Retain
15291,26,40,13846.56,0,High-Value Loyal,973.1150413291173,Protect / Retain
15292,201,1,178.39,2,Low-Engagement / Dormant,2.323613627142251,Standard
15293,666,1,247.5,2,Low-Engagement / Dormant,0.14531135328494119,Standard
15294,411,1,233.35,2,Low-Engagement / Dormant,3.7997118089724156,Standard
15295,654,1,207.04,2,Low-Engagement / Dormant,0.13700630740309216,Standard
15296,51,12,10323.03,0,High-Value Loyal,274.0818868851783,Protect / Retain
15297,10,3,641.94,3,Recent / Developing,,Standard
15298,2,23,9459.37,0,High-Value Loyal,1167.6080915521648,Protect / Retain
15299,67,10,7991.54,0,High-Value Loyal,250.86285721649787,Protect / Retain
15300,64,1,496.44,3,Recent / Developing,,Standard
15301,51,17,7583.04,0,High-Value Loyal,849.2886532844273,Protect / Retain
15302,730,1,308.0,2,Low-Engagement / Dormant,0.3539009804791642,Standard
15303,290,3,1224.18,1,Lapsed Valuable Customers,4.082271552436442,Re-engagement Opportunity
15304,61,9,919.5500000000001,1,Lapsed Valuable Customers,23.38198319990999,Re-engagement Opportunity
15305,555,1,93.6,2,Low-Engagement / Dormant,0.2766409948055325,Standard
15306,64,9,3484.73,0,High-Value Loyal,186.8933754643922,Protect / Retain
15307,96,1,205.3,2,Low-Engagement / Dormant,11.909080736008647,Standard
15308,274,1,310.47,2,Low-Engagement / Dormant,2.564127360144383,Standard
15309,611,4,797.96,1,Lapsed Valuable Customers,1.2189330675882766,Re-engagement Opportunity
15310,479,1,1634.64,2,Low-Engagement / Dormant,1.251540120288631,Standard
15311,1,208,116575.49,0,High-Value Loyal,15543.331095095275,Protect / Retain
15312,75,12,2930.19,0,High-Value Loyal,171.65736156785806,Protect / Retain
15313,110,1,52.0,2,Low-Engagement / Dormant,1.9483933995273968,Standard
15314,199,3,820.4499999999999,1,Lapsed Valuable Customers,17.77826017617094,Re-engagement Opportunity
15315,64,2,570.5,3,Recent / Developing,35.52533400647219,Standard
15316,327,1,165.0,2,Low-Engagement / Dormant,2.1911537068413542,Standard
15317,677,1,129.75,2,Low-Engagement / Dormant,0.15196111473709253,Standard
15318,4,1,312.62,3,Recent / Developing,,Standard
15319,284,1,204.5,2,Low-Engagement / Dormant,3.5351702425253007,Standard
15320,44,1,267.13,3,Recent / Developing,,Standard
15321,71,12,6709.7300000000005,0,High-Value Loyal,43.92082599811448,Protect / Retain
15322,86,2,1390.86,1,Lapsed Valuable Customers,9.140179148968251,Re-engagement Opportunity
15323,563,3,434.6,2,Low-Engagement / Dormant,0.32665997604892644,Standard
15324,701,1,140.22000000000003,2,Low-Engagement / Dormant,0.1560287962622782,Standard
15325,104,8,1601.46,1,Lapsed Valuable Customers,27.670571240497136,Re-engagement Opportunity
15326,334,5,1700.52,1,Lapsed Valuable Customers,10.12864512168675,Re-engagement Opportunity
15327,53,1,208.75,2,Low-Engagement / Dormant,,Standard
15328,408,1,107.24,2,Low-Engagement / Dormant,0.5202327699189923,Standard
15329,39,11,2958.83,0,High-Value Loyal,247.2184641252764,Protect / Retain
15330,32,2,714.96,3,Recent / Developing,,Standard
15331,500,3,767.91,1,Lapsed Valuable Customers,0.7816175733815942,Re-engagement Opportunity
15332,366,6,6553.74,1,Lapsed Valuable Customers,9.797647469691993,Re-engagement Opportunity
15333,208,1,1028.56,2,Low-Engagement / Dormant,3.6744612125070377,Standard
15334,157,3,350.82,2,Low-Engagement / Dormant,26.88967087005841,Standard
15335,54,1,170.22,2,Low-Engagement / Dormant,,Standard
15336,402,1,240.5,2,Low-Engagement / Dormant,3.0042180493554076,Standard
15337,411,1,373.02,2,Low-Engagement / Dormant,1.5997471374035357,Standard
15338,677,1,277.93,2,Low-Engagement / Dormant,0.5010803662121046,Standard
15339,66,7,1821.02,1,Lapsed Valuable Customers,16.461883732925,Re-engagement Opportunity
15340,562,1,105.5,2,Low-Engagement / Dormant,0.22426579034548974,Standard
15341,81,2,2402.7200000000003,1,Lapsed Valuable Customers,19.06246330156619,Re-engagement Opportunity
15342,130,1,406.09,2,Low-Engagement / Dormant,17.057701862530774,Standard
15343,87,1,364.5,2,Low-Engagement / Dormant,,Standard
15344,1,3,563.94,3,Recent / Developing,,Standard
15345,46,1,393.54,3,Recent / Developing,,Standard
15346,333,3,596.12,1,Lapsed Valuable Customers,3.8846362668671897,Re-engagement Opportunity
15347,366,4,1363.6,1,Lapsed Valuable Customers,6.33332293484808,Re-engagement Opportunity
15348,72,1,158.04,2,Low-Engagement / Dormant,,Standard
15349,158,2,463.90999999999997,2,Low-Engagement / Dormant,9.934038877114086,Standard
15350,373,2,663.25,2,Low-Engagement / Dormant,4.803754435953521,Standard
15351,12,10,3704.89,0,High-Value Loyal,52.170213165238884,Protect / Retain
15352,549,1,111.15,2,Low-Engagement / Dormant,0.7599229863834771,Standard
15353,255,7,3106.12,1,Lapsed Valuable Customers,26.871599852154404,Re-engagement Opportunity
15354,603,3,284.4,2,Low-Engagement / Dormant,1.4325974527847793,Standard
15355,29,2,277.05,3,Recent / Developing,,Standard
15356,31,13,3382.69,0,High-Value Loyal,349.2650618134404,Protect / Retain
15358,5,42,17050.41,0,High-Value Loyal,1083.5789513228608,Protect / Retain
15359,663,8,181.35,2,Low-Engagement / Dormant,0.5117221857966214,Standard
15360,40,1,427.93,3,Recent / Developing,,Standard
15361,362,4,689.07,1,Lapsed Valuable Customers,4.498560127761163,Re-engagement Opportunity
15362,449,2,613.08,2,Low-Engagement / Dormant,6.712150728116392,Standard
15363,373,2,1004.11,1,Lapsed Valuable Customers,2.0835744409674297,Re-engagement Opportunity
15364,96,2,913.19,1,Lapsed Valuable Customers,14.70982217426962,Re-engagement Opportunity
15365,26,13,4557.13,0,High-Value Loyal,202.68425909405704,Protect / Retain
15366,75,7,2389.08,1,Lapsed Valuable Customers,68.07462300707522,Re-engagement Opportunity
15367,57,11,5081.33,0,High-Value Loyal,100.66512353642054,Protect / Retain
15368,21,2,722.74,3,Recent / Developing,7.510576301239728,Standard
15369,492,11,6251.26,1,Lapsed Valuable Customers,1.4338479865239937,Re-engagement Opportunity
15370,41,8,3739.01,0,High-Value Loyal,253.8351367457201,Protect / Retain
15371,662,1,59.400000000000006,2,Low-Engagement / Dormant,0.2782236705365123,Standard
15372,137,8,6017.06,1,Lapsed Valuable Customers,69.37932311246091,Re-engagement Opportunity
15373,8,17,3418.84,0,High-Value Loyal,313.99639519405196,Protect / Retain
15374,129,2,307.32,2,Low-Engagement / Dormant,3.143832192668143,Standard
15375,690,1,60.959999999999994,2,Low-Engagement / Dormant,0.12496019290211753,Standard
15376,40,3,1221.56,3,Recent / Developing,77.9765365011677,Emerging High-Value
15377,383,4,1211.75,1,Lapsed Valuable Customers,2.7534021399334874,Re-engagement Opportunity
15378,463,2,246.5,2,Low-Engagement / Dormant,0.5687760654894738,Standard
15379,169,8,4877.84,1,Lapsed Valuable Customers,65.66201729886542,Re-engagement Opportunity
15380,9,11,3479.0600000000004,0,High-Value Loyal,124.05621914996237,Protect / Retain
15381,214,5,1890.5700000000002,1,Lapsed Valuable Customers,13.58166660639861,Re-engagement Opportunity
15382,15,12,13733.550000000001,0,High-Value Loyal,663.9981687711976,Protect / Retain
15384,170,4,2027.79,1,Lapsed Valuable Customers,3.838808571938696,Re-engagement Opportunity
15385,40,3,942.08,3,Recent / Developing,5.376932963712014,Standard
15386,186,1,394.14,2,Low-Engagement / Dormant,6.613119327463437,Standard
15387,492,1,468.65,2,Low-Engagement / Dormant,1.3171297193653788,Standard
15388,270,1,140.54,2,Low-Engagement / Dormant,1.364390765944135,Standard
15389,172,5,2733.8,1,Lapsed Valuable Customers,10.17085118178694,Re-engagement Opportunity
15390,396,2,1216.66,1,Lapsed Valuable Customers,4.387359713739709,Re-engagement Opportunity
15391,584,1,289.87,2,Low-Engagement / Dormant,1.1627816985384942,Standard
15392,5,7,2911.62,0,High-Value Loyal,87.97938507989299,Protect / Retain
15393,16,5,891.34,3,Recent / Developing,8.46494731484417,Standard
15394,10,11,5286.8,0,High-Value Loyal,216.23870941115354,Protect / Retain
15395,326,1,107.45,2,Low-Engagement / Dormant,0.4476032242651517,Standard
15396,113,2,796.38,1,Lapsed Valuable Customers,1.776044116324181,Re-engagement Opportunity
15397,290,1,94.0,2,Low-Engagement / Dormant,0.4793360010847141,Standard
15398,16,2,1345.53,3,Recent / Developing,,Standard
15399,1,3,815.77,3,Recent / Developing,,Standard
15400,92,8,1302.3,1,Lapsed Valuable Customers,13.172596665900176,Re-engagement Opportunity
15401,452,2,216.95000000000002,2,Low-Engagement / Dormant,4.812413156432513,Standard
15402,149,6,1830.54,1,Lapsed Valuable Customers,16.979984440586577,Re-engagement Opportunity
15403,492,2,170.88,2,Low-Engagement / Dormant,0.8818551296087178,Standard
15404,376,1,257.06,2,Low-Engagement / Dormant,2.876458255846369,Standard
15405,189,2,659.84,2,Low-Engagement / Dormant,7.280922812949153,Standard
15406,31,4,975.87,3,Recent / Developing,28.405923718552117,Standard
15407,34,4,1046.74,3,Recent / Developing,35.4214901256725,Standard
15408,264,1,267.18,2,Low-Engagement / Dormant,4.390479308898784,Standard
15409,721,1,131.25,2,Low-Engagement / Dormant,0.09697288684948221,Standard
15410,84,10,4685.72,0,High-Value Loyal,226.17005393802341,Protect / Retain
15411,26,4,1348.93,3,Recent / Developing,81.28429646043155,Emerging High-Value
15412,171,1,190.53,2,Low-Engagement / Dormant,1.6899535420109943,Standard
15413,692,5,6798.72,1,Lapsed Valuable Customers,0.5886010838383127,Re-engagement Opportunity
15414,10,3,774.9000000000001,3,Recent / Developing,4.067364945638987,Standard
15415,313,1,559.61,2,Low-Engagement / Dormant,5.549574934818413,Standard
15416,65,7,4572.82,1,Lapsed Valuable Customers,219.83342142109686,Re-engagement Opportunity
15417,85,1,508.8,2,Low-Engagement / Dormant,,Standard
15418,425,2,449.42,2,Low-Engagement / Dormant,2.624288695812597,Standard
15419,25,1,135.86,3,Recent / Developing,,Standard
15420,434,6,743.0,1,Lapsed Valuable Customers,4.9609566861451295,Re-engagement Opportunity
15421,59,10,3805.34,0,High-Value Loyal,103.51775928795499,Protect / Retain
15422,323,7,1619.97,1,Lapsed Valuable Customers,6.914964581562052,Re-engagement Opportunity
15423,38,3,266.89,3,Recent / Developing,0.957098523362222,Standard
15424,254,3,597.78,1,Lapsed Valuable Customers,9.464683541289098,Re-engagement Opportunity
15425,400,4,1941.1200000000001,1,Lapsed Valuable Customers,8.593419430827437,Re-engagement Opportunity
15426,19,9,2538.92,0,High-Value Loyal,79.21446601119334,Protect / Retain
15427,33,3,1430.54,3,Recent / Developing,,Standard
15428,15,4,762.75,3,Recent / Developing,5.634080230691179,Standard
15429,27,2,397.35,3,Recent / Developing,,Standard
15430,468,2,954.75,1,Lapsed Valuable Customers,1.803155640962958,Re-engagement Opportunity
15431,503,1,153.24,2,Low-Engagement / Dormant,0.28531362322166837,Standard
15432,23,2,320.76,3,Recent / Developing,3.5487233216659284,Standard
15433,214,2,533.3,2,Low-Engagement / Dormant,8.475678387337986,Standard
15434,8,11,2567.06,0,High-Value Loyal,70.41784443326506,Protect / Retain
15435,22,1,149.29,3,Recent / Developing,,Standard
15436,12,3,1067.75,3,Recent / Developing,13.029573208749662,Standard
15437,262,2,393.45,2,Low-Engagement / Dormant,2.949259334688555,Standard
15438,131,1,156.57999999999998,2,Low-Engagement / Dormant,5.003599819886354,Standard
15439,405,4,1269.05,1,Lapsed Valuable Customers,2.2805084504697675,Re-engagement Opportunity
15440,55,3,383.68,3,Recent / Developing,43.50190220262324,Standard
15441,396,3,1254.21,1,Lapsed Valuable Customers,2.5478225795303446,Re-engagement Opportunity
15442,249,1,594.0,2,Low-Engagement / Dormant,2.751524759360328,Standard
15443,2,14,5114.23,0,High-Value Loyal,197.2830840115895,Protect / Retain
15444,9,2,1411.21,3,Recent / Developing,,Standard
15445,264,2,284.5,2,Low-Engagement / Dormant,3.987650695114572,Standard
15446,377,3,399.75,2,Low-Engagement / Dormant,2.538391367066268,Standard
15447,331,5,492.88,1,Lapsed Valuable Customers,1.9423114944510935,Re-engagement Opportunity
15448,313,2,788.81,2,Low-Engagement / Dormant,3.8097706723684253,Standard
15449,26,3,974.52,3,Recent / Developing,26.04079075464767,Standard
15450,30,1,429.84,3,Recent / Developing,,Standard
15451,434,2,226.86,2,Low-Engagement / Dormant,2.9009857095484146,Standard
15452,30,6,1785.1100000000001,3,Recent / Developing,38.58335963725126,Standard
15453,2,7,1371.77,0,High-Value Loyal,143.3471779085021,Protect / Retain
15454,362,2,305.99,2,Low-Engagement / Dormant,2.610658016760186,Standard
15455,598,1,38.25,2,Low-Engagement / Dormant,0.9160382564853379,Standard
15456,283,10,2091.52,1,Lapsed Valuable Customers,28.848207933084073,Re-engagement Opportunity
15457,262,1,237.07,2,Low-Engagement / Dormant,3.8750145140907284,Standard
15458,25,2,370.43999999999994,3,Recent / Developing,3.8954061409551453,Standard
15459,417,2,202.82999999999998,2,Low-Engagement / Dormant,1.9216581775511195,Standard
15460,354,1,214.26,2,Low-Engagement / Dormant,3.0540373427630274,Standard
15461,461,2,429.7,2,Low-Engagement / Dormant,1.7985667246184842,Standard
15462,94,4,737.05,1,Lapsed Valuable Customers,17.58432135644702,Re-engagement Opportunity
15463,29,1,126.14,3,Recent / Developing,,Standard
15464,338,1,1044.65,2,Low-Engagement / Dormant,4.753885576091448,Standard
15465,20,32,12636.15,0,High-Value Loyal,741.0299895770206,Protect / Retain
15466,85,4,1560.46,1,Lapsed Valuable Customers,18.33402102098085,Re-engagement Opportunity
15467,9,3,524.88,3,Recent / Developing,60.59954900652225,Standard
15468,51,3,1430.48,3,Recent / Developing,22.4566645159991,Standard
15469,50,3,874.25,3,Recent / Developing,28.009006020191826,Standard
15470,576,1,63.419999999999995,2,Low-Engagement / Dormant,0.5390070531280322,Standard
15471,2,3,1292.01,3,Recent / Developing,9.721057394214274,Standard
15472,113,1,371.56,2,Low-Engagement / Dormant,24.90919677455575,Standard
15473,14,8,2046.0,0,High-Value Loyal,18.58025914631704,Protect / Retain
15474,596,1,150.35,2,Low-Engagement / Dormant,0.2529102187548616,Standard
15475,77,1,454.10999999999996,2,Low-Engagement / Dormant,,Standard
15476,380,4,2209.98,1,Lapsed Valuable Customers,30.871066826918245,Re-engagement Opportunity
15477,650,1,368.4,2,Low-Engagement / Dormant,0.1331257145760781,Standard
15478,40,3,1983.48,3,Recent / Developing,13.177525561133779,Standard
15479,733,1,147.4,2,Low-Engagement / Dormant,0.5974583514363214,Standard
15480,116,5,6279.0,1,Lapsed Valuable Customers,19.915619719702633,Re-engagement Opportunity
15481,401,1,1993.34,1,Lapsed Valuable Customers,20.37672573910023,Re-engagement Opportunity
15482,16,19,14417.36,0,High-Value Loyal,444.9709305705461,Protect / Retain
15483,161,10,817.8199999999999,1,Lapsed Valuable Customers,7.874680070151287,Re-engagement Opportunity
15484,1,6,4652.1,0,High-Value Loyal,8.339117421274654,Protect / Retain
15485,30,7,5750.51,0,High-Value Loyal,138.26649574414998,Protect / Retain
15486,527,1,102.0,2,Low-Engagement / Dormant,0.5237875546406874,Standard
15487,680,1,231.32,2,Low-Engagement / Dormant,0.07782576519409697,Standard
15488,93,5,431.92,1,Lapsed Valuable Customers,2.2459095600401167,Re-engagement Opportunity
15489,23,8,2419.61,0,High-Value Loyal,36.62025357882638,Protect / Retain
15490,430,1,210.85,2,Low-Engagement / Dormant,2.4203536942199197,Standard
15491,95,6,3100.09,1,Lapsed Valuable Customers,99.17757447672062,Re-engagement Opportunity
15492,28,2,659.4599999999999,3,Recent / Developing,,Standard
15493,33,9,4121.68,0,High-Value Loyal,311.9426061603822,Protect / Retain
15494,21,5,3702.6,0,High-Value Loyal,68.000197629656,Protect / Retain
15495,379,1,246.5,2,Low-Engagement / Dormant,2.5827328110388126,Standard
15496,631,1,146.14000000000001,2,Low-Engagement / Dormant,0.49808650400807497,Standard
15497,18,9,8657.39,0,High-Value Loyal,59.57157571146679,Protect / Retain
15498,3,44,25949.58,0,High-Value Loyal,2776.0015485006024,Protect / Retain
15499,724,1,158.65,2,Low-Engagement / Dormant,1.4332088094127051,Standard
15500,8,4,1131.56,3,Recent / Developing,,Standard
15501,405,2,399.95,2,Low-Engagement / Dormant,2.3563039844204305,Standard
15502,16,14,13933.27,0,High-Value Loyal,1540.1361826034583,Protect / Retain
15503,363,2,257.3,2,Low-Engagement / Dormant,4.711394324240221,Standard
15504,81,4,402.7,3,Recent / Developing,2.3107405599928708,Standard
15505,53,5,3610.96,1,Lapsed Valuable Customers,323.0214331493004,Re-engagement Opportunity
15506,23,6,2030.33,3,Recent / Developing,96.57037575910853,Emerging High-Value
15507,172,1,475.86,2,Low-Engagement / Dormant,10.63900295952369,Standard
15508,189,6,1000.27,1,Lapsed Valuable Customers,12.19573970624987,Re-engagement Opportunity
15509,380,1,152.41,2,Low-Engagement / Dormant,0.9223952078606561,Standard
15510,331,1,250.0,2,Low-Engagement / Dormant,1.5491339078220703,Standard
15511,12,5,900.53,3,Recent / Developing,,Standard
15512,156,4,331.58,2,Low-Engagement / Dormant,2.628213660497573,Standard
15513,33,35,27750.55,0,High-Value Loyal,2981.1267718144477,Protect / Retain
15514,12,18,6392.06,0,High-Value Loyal,150.24945368863197,Protect / Retain
15515,387,1,171.81,2,Low-Engagement / Dormant,0.6579012067092312,Standard
15516,45,3,62.43,2,Low-Engagement / Dormant,,Standard
15517,233,1,267.03,2,Low-Engagement / Dormant,3.0100279339372036,Standard
15518,64,15,4189.99,0,High-Value Loyal,447.287876163135,Protect / Retain
15519,383,2,344.61,2,Low-Engagement / Dormant,2.315022849885885,Standard
15520,2,1,343.5,3,Recent / Developing,,Standard
15521,40,16,7098.24,0,High-Value Loyal,816.5608376902899,Protect / Retain
15522,33,2,397.99,3,Recent / Developing,,Standard
15523,84,16,17259.19,0,High-Value Loyal,42.37629590631414,Protect / Retain
15524,25,2,591.4,3,Recent / Developing,1.780067279517137,Standard
15525,2,4,1165.15,3,Recent / Developing,18.53456991838361,Standard
15526,33,2,148.44,3,Recent / Developing,,Standard
15527,19,23,5554.89,0,High-Value Loyal,246.0220993918371,Protect / Retain
15528,254,1,229.33,2,Low-Engagement / Dormant,4.685645619717083,Standard
15529,23,12,5079.32,0,High-Value Loyal,550.4490705366086,Protect / Retain
15530,22,5,1808.68,3,Recent / Developing,75.55816890541809,Emerging High-Value
15531,8,2,1972.39,3,Recent / Developing,,Standard
15532,25,10,3738.85,0,High-Value Loyal,290.0153624966736,Protect / Retain
15533,19,3,807.57,3,Recent / Developing,,Standard
15534,726,1,162.25,2,Low-Engagement / Dormant,0.12400124806784096,Standard
15535,173,6,1044.3700000000001,1,Lapsed Valuable Customers,11.546116945097213,Re-engagement Opportunity
15536,409,1,259.09,2,Low-Engagement / Dormant,2.484216718669906,Standard
15537,163,1,110.92,2,Low-Engagement / Dormant,1.5264942704077127,Standard
15538,538,6,3358.3999999999996,1,Lapsed Valuable Customers,0.5809107978557915,Re-engagement Opportunity
15539,7,1,538.46,3,Recent / Developing,,Standard
15540,11,2,460.68,3,Recent / Developing,2.7354212718105426,Standard
15541,114,1,85.13000000000001,2,Low-Engagement / Dormant,1.6905815690833994,Standard
15542,512,3,855.71,1,Lapsed Valuable Customers,1.818893374675778,Re-engagement Opportunity
15543,288,2,242.26,2,Low-Engagement / Dormant,3.1998089281622937,Standard
15544,9,20,8162.43,0,High-Value Loyal,776.589318411778,Protect / Retain
15545,54,2,424.3,3,Recent / Developing,7.837966634628443,Standard
15546,607,2,1079.1000000000001,1,Lapsed Valuable Customers,0.5927918474840235,Re-engagement Opportunity
15547,7,26,10057.05,0,High-Value Loyal,457.05150369210844,Protect / Retain
15548,596,1,158.09,2,Low-Engagement / Dormant,0.41437057455403287,Standard
15549,77,8,2334.16,1,Lapsed Valuable Customers,84.58673879052972,Re-engagement Opportunity
15550,4,12,2211.05,0,High-Value Loyal,99.86588354771627,Protect / Retain
15551,37,7,1679.81,1,Lapsed Valuable Customers,13.312540894265245,Re-engagement Opportunity
15552,217,2,252.52,2,Low-Engagement / Dormant,3.0364230553947555,Standard
15553,60,1,428.93,3,Recent / Developing,,Standard
15554,278,1,217.2,2,Low-Engagement / Dormant,4.036382076052001,Standard
15555,12,36,12062.69,0,High-Value Loyal,1611.1433328115695,Protect / Retain
15556,24,1,279.77,3,Recent / Developing,,Standard
15557,29,1,468.91,3,Recent / Developing,,Standard
15558,639,1,202.68,2,Low-Engagement / Dormant,0.31938179978353076,Standard
15559,568,1,1109.4,2,Low-Engagement / Dormant,1.4099102368783072,Standard
15560,398,2,153.52,2,Low-Engagement / Dormant,0.39848040231193416,Standard
15561,12,8,1934.3899999999999,0,High-Value Loyal,53.45876449465456,Protect / Retain
15562,352,3,671.4300000000001,1,Lapsed Valuable Customers,7.119428879721093,Re-engagement Opportunity
15563,22,7,2859.46,0,High-Value Loyal,75.50124446423418,Protect / Retain
15564,463,2,70.74000000000001,2,Low-Engagement / Dormant,1.2190335301385071,Standard
15565,50,2,173.16,3,Recent / Developing,,Standard
15566,393,2,227.87,2,Low-Engagement / Dormant,3.414582595918303,Standard
15567,19,1,186.01,3,Recent / Developing,,Standard
15568,3,3,758.29,3,Recent / Developing,,Standard
15569,104,10,3583.45,1,Lapsed Valuable Customers,140.2587796970945,Re-engagement Opportunity
15570,7,25,9254.14,0,High-Value Loyal,657.7897047209669,Protect / Retain
15571,12,14,3892.35,0,High-Value Loyal,61.3691871325529,Protect / Retain
15572,5,10,3965.2,0,High-Value Loyal,151.00149340362864,Protect / Retain
15573,32,5,1188.42,3,Recent / Developing,15.93995719632578,Standard
15574,178,6,1450.48,1,Lapsed Valuable Customers,41.79458051842914,Re-engagement Opportunity
15575,620,1,30.1,2,Low-Engagement / Dormant,0.7812052118525975,Standard
15576,38,1,921.37,3,Recent / Developing,,Standard
15577,151,5,396.03000000000003,1,Lapsed Valuable Customers,12.458155040668604,Re-engagement Opportunity
15578,162,1,127.1,2,Low-Engagement / Dormant,2.1804382972801504,Standard
15579,69,5,1250.63,1,Lapsed Valuable Customers,15.660234589397266,Re-engagement Opportunity
15580,377,8,1375.39,1,Lapsed Valuable Customers,7.120087102526993,Re-engagement Opportunity
15581,121,38,7752.74,0,High-Value Loyal,246.77039560869912,Protect / Retain
15582,25,3,682.9100000000001,3,Recent / Developing,46.940007567493275,Standard
15583,376,1,95.96,2,Low-Engagement / Dormant,1.4228616732628532,Standard
15584,24,6,1268.2,3,Recent / Developing,24.43780293445292,Standard
15585,177,1,455.3,2,Low-Engagement / Dormant,6.499843346758625,Standard
15586,593,3,1139.1,1,Lapsed Valuable Customers,0.7371131174308743,Re-engagement Opportunity
15587,50,7,1522.0800000000002,1,Lapsed Valuable Customers,38.247483089394386,Re-engagement Opportunity
15588,678,1,579.6,2,Low-Engagement / Dormant,1.6041385018018621,Standard
15589,256,3,478.53000000000003,2,Low-Engagement / Dormant,3.8074375889936087,Standard
15590,382,5,1496.6,1,Lapsed Valuable Customers,5.587127586890676,Re-engagement Opportunity
15591,583,3,217.9,2,Low-Engagement / Dormant,0.45478610942223985,Standard
15592,47,1,388.58,3,Recent / Developing,,Standard
15593,71,1,199.8,2,Low-Engagement / Dormant,,Standard
15594,16,5,1771.78,3,Recent / Developing,62.13327060152939,Emerging High-Value
15595,488,1,357.6,2,Low-Engagement / Dormant,0.5840244487587252,Standard
15596,101,9,3130.04,1,Lapsed Valuable Customers,68.96257643300805,Re-engagement Opportunity
15597,35,2,563.37,3,Recent / Developing,2.432626794323201,Standard
15598,53,2,548.02,3,Recent / Developing,3.1378298445358044,Standard
15599,27,3,1250.06,3,Recent / Developing,35.197988014585306,Standard
15600,428,4,1199.31,1,Lapsed Valuable Customers,1.965007614976661,Re-engagement Opportunity
15601,11,30,14960.12,0,High-Value Loyal,776.1180727489011,Protect / Retain
15602,8,16,3230.51,0,High-Value Loyal,127.56262850534027,Protect / Retain
15603,79,2,88.48,2,Low-Engagement / Dormant,1.489019506184338,Standard
15604,52,1,216.39,2,Low-Engagement / Dormant,,Standard
15605,36,9,1936.8,0,High-Value Loyal,12.625356667728111,Protect / Retain
15606,61,17,5230.99,0,High-Value Loyal,446.356916890309,Protect / Retain
15607,337,9,1708.97,1,Lapsed Valuable Customers,13.171492526614385,Re-engagement Opportunity
15608,28,5,1785.98,3,Recent / Developing,79.25299641489121,Emerging High-Value
15609,184,1,298.48,2,Low-Engagement / Dormant,2.488210594755068,Standard
15610,52,1,112.46000000000001,2,Low-Engagement / Dormant,,Standard
15611,10,26,2997.28,0,High-Value Loyal,142.79372858811644,Protect / Retain
15612,36,2,195.15,3,Recent / Developing,,Standard
15613,610,1,433.71999999999997,2,Low-Engagement / Dormant,1.4712478173860413,Standard
15614,438,4,3147.36,1,Lapsed Valuable Customers,4.404178039796491,Re-engagement Opportunity
15615,10,47,21373.97,0,High-Value Loyal,3368.5833837746873,Protect / Retain
15616,438,1,317.11,2,Low-Engagement / Dormant,2.382966713983552,Standard
15617,396,3,828.5500000000001,1,Lapsed Valuable Customers,4.100413540917141,Re-engagement Opportunity
15618,33,4,776.851,3,Recent / Developing,196.12306014510858,Emerging High-Value
15619,11,1,336.40000000000003,3,Recent / Developing,,Standard
15620,57,4,1942.36,1,Lapsed Valuable Customers,24.995715404048283,Re-engagement Opportunity
15621,4,4,1293.03,3,Recent / Developing,,Standard
15622,43,17,7852.61,0,High-Value Loyal,456.6552285742654,Protect / Retain
15623,141,8,2437.05,1,Lapsed Valuable Customers,37.43314533924775,Re-engagement Opportunity
15624,117,4,588.13,1,Lapsed Valuable Customers,26.122359754038712,Re-engagement Opportunity
15625,104,9,3236.4,1,Lapsed Valuable Customers,98.18198129456047,Re-engagement Opportunity
15626,75,3,1067.52,1,Lapsed Valuable Customers,19.13398391288882,Re-engagement Opportunity
15627,457,2,566.9,2,Low-Engagement / Dormant,1.6088967601079045,Standard
15628,5,17,5652.26,0,High-Value Loyal,466.1068709418591,Protect / Retain
15629,450,4,2240.9,1,Lapsed Valuable Customers,7.121176887349205,Re-engagement Opportunity
15630,45,3,1481.4,3,Recent / Developing,28.029063635932047,Standard
15631,642,1,596.67,2,Low-Engagement / Dormant,1.3946198047271852,Standard
15632,16,8,3285.31,0,High-Value Loyal,384.55260967743664,Protect / Retain
15633,509,13,4335.96,1,Lapsed Valuable Customers,0.569774228830059,Re-engagement Opportunity
15634,17,2,554.65,3,Recent / Developing,4.370113885195861,Standard
15635,396,1,100.35,2,Low-Engagement / Dormant,0.25400747405367474,Standard
15636,90,4,1444.58,1,Lapsed Valuable Customers,4.8247007101587815,Re-engagement Opportunity
15637,53,5,797.59,3,Recent / Developing,13.399670349729309,Standard
15638,379,6,2265.2,1,Lapsed Valuable Customers,13.588617875497446,Re-engagement Opportunity
15639,134,3,1065.08,1,Lapsed Valuable Customers,4.088882371361412,Re-engagement Opportunity
15640,4,29,23828.03,0,High-Value Loyal,2886.3495814600165,Protect / Retain
15641,105,12,5345.55,0,High-Value Loyal,53.799726785925834,Protect / Retain
15642,730,1,105.78000000000002,2,Low-Engagement / Dormant,0.3968872621287376,Standard
15643,192,3,664.0,1,Lapsed Valuable Customers,7.441518955384871,Re-engagement Opportunity
15644,166,4,803.54,1,Lapsed Valuable Customers,38.49167528692103,Re-engagement Opportunity
15645,19,3,1055.17,3,Recent / Developing,3.9914397214759725,Standard
15646,158,5,974.61,1,Lapsed Valuable Customers,18.047121172919297,Re-engagement Opportunity
15647,415,1,169.0,2,Low-Engagement / Dormant,0.6598597551357068,Standard
15648,204,2,639.5,2,Low-Engagement / Dormant,7.654339867008608,Standard
15649,336,4,2170.35,1,Lapsed Valuable Customers,3.4260127064342054,Re-engagement Opportunity
15650,522,2,553.88,2,Low-Engagement / Dormant,1.3718416039455292,Standard
15651,37,5,1259.06,3,Recent / Developing,8.400794394099538,Standard
15652,91,5,1405.94,1,Lapsed Valuable Customers,15.176036263688415,Re-engagement Opportunity
15653,93,2,877.4399999999999,1,Lapsed Valuable Customers,24.944385958951855,Re-engagement Opportunity
15654,9,2,922.53,3,Recent / Developing,,Standard
15655,243,1,560.67,2,Low-Engagement / Dormant,3.390128742515127,Standard
15656,45,4,748.5,3,Recent / Developing,48.71200372018424,Standard
15657,23,1,30.0,3,Recent / Developing,,Standard
15658,190,8,2423.4700000000003,1,Lapsed Valuable Customers,17.378376220139973,Re-engagement Opportunity
15659,44,3,532.49,3,Recent / Developing,4.060238706263136,Standard
15660,25,15,2812.99,0,High-Value Loyal,133.1045348896294,Protect / Retain
15661,317,8,1215.95,1,Lapsed Valuable Customers,4.202499119464869,Re-engagement Opportunity
15662,661,2,283.73,2,Low-Engagement / Dormant,0.21903517948047985,Standard
15663,106,1,138.14,2,Low-Engagement / Dormant,12.793894635590641,Standard
15664,51,4,1254.03,1,Lapsed Valuable Customers,12.907844415312061,Re-engagement Opportunity
15665,168,5,3987.07,1,Lapsed Valuable Customers,89.30865229006662,Re-engagement Opportunity
15666,472,2,632.9399999999999,2,Low-Engagement / Dormant,3.462348551377457,Standard
15667,40,1,301.32,3,Recent / Developing,,Standard
15668,218,1,76.32000000000001,2,Low-Engagement / Dormant,0.8382546449583494,Standard
15669,40,4,684.34,3,Recent / Developing,52.07870872162912,Standard
15670,297,2,325.2,2,Low-Engagement / Dormant,2.270424487226137,Standard
15671,19,7,2657.13,0,High-Value Loyal,259.97374270466844,Protect / Retain
15672,725,1,45.300000000000004,2,Low-Engagement / Dormant,0.1839778251181546,Standard
15673,88,9,6204.32,0,High-Value Loyal,308.71343992862,Protect / Retain
15674,73,13,6948.2300000000005,0,High-Value Loyal,334.5476271583916,Protect / Retain
15675,81,4,542.04,1,Lapsed Valuable Customers,23.640274690703436,Re-engagement Opportunity
15676,19,3,3435.76,3,Recent / Developing,13.678535567064722,Standard
15677,49,3,1305.63,3,Recent / Developing,7.542980987924834,Standard
15678,53,3,1825.94,1,Lapsed Valuable Customers,10.031450451374278,Re-engagement Opportunity
15679,24,4,781.28,3,Recent / Developing,20.90930810321458,Standard
15680,9,10,4507.58,0,High-Value Loyal,45.59238153136063,Protect / Retain
15681,25,14,2989.7,0,High-Value Loyal,106.67120495884063,Protect / Retain
15682,599,2,318.24,2,Low-Engagement / Dormant,0.20840135636492135,Standard
15683,117,2,524.54,2,Low-Engagement / Dormant,3.1157646269295944,Standard
15684,547,3,173.95,2,Low-Engagement / Dormant,0.35549926985125946,Standard
15685,450,1,55.980000000000004,2,Low-Engagement / Dormant,1.4095328232504922,Standard
15686,420,1,90.0,2,Low-Engagement / Dormant,0.42478182339990533,Standard
15687,9,9,2993.1,0,High-Value Loyal,161.64261573698207,Protect / Retain
15688,419,1,190.57,2,Low-Engagement / Dormant,3.1862323284681553,Standard
15689,120,3,521.03,1,Lapsed Valuable Customers,5.566163426263108,Re-engagement Opportunity
15690,4,2,239.76,3,Recent / Developing,34.25646129630914,Standard
15691,252,4,571.3,1,Lapsed Valuable Customers,4.654376051306788,Re-engagement Opportunity
15692,28,1,191.04,3,Recent / Developing,,Standard
15693,659,1,37.5,2,Low-Engagement / Dormant,1.0338449776698029,Standard
15694,1,24,10810.81,0,High-Value Loyal,525.8498924595659,Protect / Retain
15695,267,4,1131.04,1,Lapsed Valuable Customers,3.7086652387432277,Re-engagement Opportunity
15696,33,13,3881.2200000000003,0,High-Value Loyal,61.75753405650178,Protect / Retain
15697,690,1,246.75,2,Low-Engagement / Dormant,0.16554483184807897,Standard
15698,624,1,46.2,2,Low-Engagement / Dormant,0.49564240402494636,Standard
15699,18,1,309.65,3,Recent / Developing,,Standard
15700,172,2,696.68,2,Low-Engagement / Dormant,7.614576106835556,Standard
15701,2,4,1529.0,3,Recent / Developing,220.61473650501577,Emerging High-Value
15702,476,2,140.39000000000001,2,Low-Engagement / Dormant,0.6435483656406853,Standard
15703,265,1,211.5,2,Low-Engagement / Dormant,2.710172579159631,Standard
15704,140,6,3734.6600000000003,1,Lapsed Valuable Customers,95.73536186734027,Re-engagement Opportunity
15705,201,1,143.1,2,Low-Engagement / Dormant,2.608310998828653,Standard
15706,64,4,1060.56,1,Lapsed Valuable Customers,43.01473576083423,Re-engagement Opportunity
15707,35,4,916.98,3,Recent / Developing,,Standard
15708,41,9,4204.4400000000005,0,High-Value Loyal,526.1370197289516,Protect / Retain
15709,284,2,327.85,2,Low-Engagement / Dormant,2.1154004184429493,Standard
15710,417,1,898.87,2,Low-Engagement / Dormant,4.347396691239226,Standard
15711,557,2,420.25,2,Low-Engagement / Dormant,0.33162426815567725,Standard
15712,9,12,3472.4100000000003,0,High-Value Loyal,191.2814724092656,Protect / Retain
15713,143,4,1010.79,1,Lapsed Valuable Customers,7.890649576821627,Re-engagement Opportunity
15714,12,5,783.96,3,Recent / Developing,24.411013627003324,Standard
15715,556,5,658.02,1,Lapsed Valuable Customers,1.47813525045783,Re-engagement Opportunity
15716,146,11,3014.66,1,Lapsed Valuable Customers,107.30265249996071,Re-engagement Opportunity
15717,234,5,607.0,1,Lapsed Valuable Customers,3.4858048801736365,Re-engagement Opportunity
15718,540,1,293.79,2,Low-Engagement / Dormant,0.5629500863045938,Standard
15719,33,31,10195.97,0,High-Value Loyal,1182.4241172291502,Protect / Retain
15720,24,2,739.22,3,Recent / Developing,1.9916228431913447,Standard
15721,12,1,471.40000000000003,3,Recent / Developing,,Standard
15722,36,11,5234.0,0,High-Value Loyal,154.30568536013686,Protect / Retain
15723,365,4,930.7,1,Lapsed Valuable Customers,6.288818277713529,Re-engagement Opportunity
15724,201,3,310.85,2,Low-Engagement / Dormant,4.056825571959938,Standard
15725,15,1,415.25,3,Recent / Developing,,Standard
15726,390,1,321.91,2,Low-Engagement / Dormant,1.5395312238160022,Standard
15727,17,15,9371.71,0,High-Value Loyal,659.3968604520644,Protect / Retain
15728,380,2,544.6,2,Low-Engagement / Dormant,2.5345609482795934,Standard
15729,213,3,192.55,2,Low-Engagement / Dormant,2.689422462104471,Standard
15730,66,5,1726.58,1,Lapsed Valuable Customers,87.98768088224384,Re-engagement Opportunity
15731,554,1,125.3,2,Low-Engagement / Dormant,0.22577840967908533,Standard
15732,212,10,1682.07,1,Lapsed Valuable Customers,28.490892638644315,Re-engagement Opportunity
15733,283,1,162.3,2,Low-Engagement / Dormant,0.9775611683628738,Standard
15734,115,4,2263.3,1,Lapsed Valuable Customers,4.203756992622471,Re-engagement Opportunity
15735,421,1,327.68,2,Low-Engagement / Dormant,1.5515549054087359,Standard
15736,435,2,1767.12,1,Lapsed Valuable Customers,9.374646645172856,Re-engagement Opportunity
15737,15,8,1188.1200000000001,3,Recent / Developing,72.74605440497292,Emerging High-Value
15738,19,41,13372.970000000001,0,High-Value Loyal,1099.7783250485538,Protect / Retain
15739,66,1,449.12,3,Recent / Developing,,Standard
15740,49,1,154.88,2,Low-Engagement / Dormant,,Standard
15741,458,2,208.62,2,Low-Engagement / Dormant,1.1251343387728534,Standard
15742,619,1,156.87,2,Low-Engagement / Dormant,1.1949711190841532,Standard
15743,16,4,775.96,3,Recent / Developing,47.46969744141552,Standard
15744,78,1,34.8,2,Low-Engagement / Dormant,,Standard
15745,19,4,1094.59,3,Recent / Developing,6.8359612960994465,Standard
15746,134,1,196.88,2,Low-Engagement / Dormant,5.317513386163722,Standard
15747,13,9,2499.81,0,High-Value Loyal,68.79118264062133,Protect / Retain
15748,40,3,609.8100000000001,3,Recent / Developing,17.396980521477783,Standard
15749,235,3,44534.3,1,Lapsed Valuable Customers,3.5529777084538434,Re-engagement Opportunity
15750,3,18,6793.511,0,High-Value Loyal,686.0988403575911,Protect / Retain
15751,461,11,1380.44,1,Lapsed Valuable Customers,1.9268268282241277,Re-engagement Opportunity
15752,40,9,4184.56,0,High-Value Loyal,337.3938261766043,Protect / Retain
15753,305,1,79.2,2,Low-Engagement / Dormant,0.5885212743742405,Standard
15754,51,9,3037.61,0,High-Value Loyal,100.66007951848644,Protect / Retain
15755,10,17,5993.12,0,High-Value Loyal,313.75423671855754,Protect / Retain
15756,61,4,528.01,3,Recent / Developing,34.58483526658589,Standard
15757,66,6,2940.36,1,Lapsed Valuable Customers,53.307947682305524,Re-engagement Opportunity
15758,25,1,205.25,3,Recent / Developing,,Standard
15759,218,7,830.9300000000001,1,Lapsed Valuable Customers,5.709448991426379,Re-engagement Opportunity
15760,631,2,13916.34,1,Lapsed Valuable Customers,0.21919692107596428,Re-engagement Opportunity
15761,443,1,143.05,2,Low-Engagement / Dormant,0.8916722079242377,Standard
15762,65,2,583.75,3,Recent / Developing,,Standard
15763,32,2,1086.92,3,Recent / Developing,,Standard
15764,88,8,4503.08,1,Lapsed Valuable Customers,15.350554544461543,Re-engagement Opportunity
15765,667,1,370.63,2,Low-Engagement / Dormant,0.26144212722823007,Standard
15766,64,3,831.06,3,Recent / Developing,11.206548796795905,Standard
15768,116,34,15308.89,0,High-Value Loyal,49.10924878758064,Protect / Retain
15769,7,46,88704.32,0,High-Value Loyal,12048.955859500096,Protect / Retain
15770,613,1,321.45,2,Low-Engagement / Dormant,0.2449801008329679,Standard
15771,604,3,1006.54,1,Lapsed Valuable Customers,0.6986695148902337,Re-engagement Opportunity
15772,418,1,280.88,2,Low-Engagement / Dormant,4.462633200828843,Standard
15773,6,2,774.52,3,Recent / Developing,4.6330649220022035,Standard
15774,69,6,1288.34,1,Lapsed Valuable Customers,8.771538577688842,Re-engagement Opportunity
15775,245,2,150.5,2,Low-Engagement / Dormant,1.2963980590361681,Standard
15776,133,1,241.62,2,Low-Engagement / Dormant,27.70707494424089,Standard
15777,241,7,1762.61,1,Lapsed Valuable Customers,13.337882513141555,Re-engagement Opportunity
15778,431,1,307.95,2,Low-Engagement / Dormant,2.4517017074951455,Standard
15779,463,2,124.08000000000001,2,Low-Engagement / Dormant,0.6998704023174798,Standard
15780,184,3,475.28000000000003,2,Low-Engagement / Dormant,7.250198954854731,Standard
15781,25,3,345.46,3,Recent / Developing,20.6662235762689,Standard
15782,10,4,4014.1,0,High-Value Loyal,26.311749538208712,Protect / Retain
15783,11,1,246.3,3,Recent / Developing,,Standard
15784,468,2,848.3299999999999,2,Low-Engagement / Dormant,0.6051374679090714,Standard
15785,33,16,5969.93,0,High-Value Loyal,532.7497315437811,Protect / Retain
15786,46,5,8501.62,0,High-Value Loyal,201.184361831859,Protect / Retain
15787,26,3,933.26,3,Recent / Developing,,Standard
15788,509,1,221.82999999999998,2,Low-Engagement / Dormant,0.33117468749367357,Standard
15789,358,6,1962.01,1,Lapsed Valuable Customers,18.703551848027107,Re-engagement Opportunity
15790,10,1,218.75,3,Recent / Developing,,Standard
15791,44,5,3608.34,1,Lapsed Valuable Customers,143.58829528170725,Re-engagement Opportunity
15792,400,2,933.84,1,Lapsed Valuable Customers,3.2736345816116477,Re-engagement Opportunity
15793,15,8,2399.57,0,High-Value Loyal,41.25129244388787,Protect / Retain
15794,736,2,777.0,2,Low-Engagement / Dormant,0.9122684631086868,Standard
15795,150,8,1979.8700000000001,1,Lapsed Valuable Customers,14.763337886442834,Re-engagement Opportunity
15796,1,17,5171.63,0,High-Value Loyal,347.7276145485764,Protect / Retain
15797,113,6,2821.08,1,Lapsed Valuable Customers,6.034155020537265,Re-engagement Opportunity
15798,493,3,1535.37,1,Lapsed Valuable Customers,1.5513098157953178,Re-engagement Opportunity
15799,76,4,1421.34,1,Lapsed Valuable Customers,56.099634009859784,Re-engagement Opportunity
15800,107,7,1227.07,1,Lapsed Valuable Customers,17.73444075658992,Re-engagement Opportunity
15801,46,3,1063.95,3,Recent / Developing,19.824607460576576,Standard
15802,143,1,451.42,2,Low-Engagement / Dormant,4.714134252774679,Standard
15803,51,4,1929.66,1,Lapsed Valuable Customers,21.020640084561347,Re-engagement Opportunity
15804,1,13,4206.39,0,High-Value Loyal,374.9730941007257,Protect / Retain
15805,23,30,10148.93,0,High-Value Loyal,1162.7760177211294,Protect / Retain
15806,46,3,784.58,3,Recent / Developing,53.30819126582309,Standard
15807,50,5,1817.52,1,Lapsed Valuable Customers,8.984561411197802,Re-engagement Opportunity
15808,306,21,18133.3,0,High-Value Loyal,7.618666999035181,Protect / Retain
15809,36,7,1274.44,1,Lapsed Valuable Customers,23.85310373312287,Re-engagement Opportunity
15810,79,8,2999.04,1,Lapsed Valuable Customers,94.71232201822197,Re-engagement Opportunity
15811,22,7,3776.0,0,High-Value Loyal,180.71879930893854,Protect / Retain
15812,107,12,5201.47,0,High-Value Loyal,138.06707987314823,Protect / Retain
15813,208,2,1303.9099999999999,1,Lapsed Valuable Customers,14.100350605766149,Re-engagement Opportunity
15814,17,6,2634.44,0,High-Value Loyal,18.457042019864677,Protect / Retain
15815,64,5,2100.6,1,Lapsed Valuable Customers,138.09199465115395,Re-engagement Opportunity
15816,542,2,144.14999999999998,2,Low-Engagement / Dormant,0.431693251323345,Standard
15817,421,3,2766.4,1,Lapsed Valuable Customers,4.159198121584192,Re-engagement Opportunity
15818,588,1,340.5,2,Low-Engagement / Dormant,0.30172991384740466,Standard
15819,49,10,3934.79,0,High-Value Loyal,396.3625528242438,Protect / Retain
15820,320,1,206.98,2,Low-Engagement / Dormant,3.1821404143776997,Standard
15821,44,2,570.96,3,Recent / Developing,,Standard
15822,3,6,1840.06,0,High-Value Loyal,12.847558876718612,Protect / Retain
15823,372,3,3897.17,1,Lapsed Valuable Customers,9.051029927087527,Re-engagement Opportunity
15824,453,2,890.94,2,Low-Engagement / Dormant,1.6375405356038097,Standard
15825,172,1,532.94,2,Low-Engagement / Dormant,5.571859890648803,Standard
15826,56,4,2598.28,1,Lapsed Valuable Customers,48.86313816944643,Re-engagement Opportunity
15827,73,28,3794.07,0,High-Value Loyal,223.4638357963407,Protect / Retain
15828,375,1,1108.82,2,Low-Engagement / Dormant,3.060120605032799,Standard
15829,99,2,636.14,3,Recent / Developing,29.089732569243488,Standard
15830,38,1,576.0,3,Recent / Developing,,Standard
15831,58,3,794.64,3,Recent / Developing,50.58566932387467,Standard
15832,254,1,836.79,2,Low-Engagement / Dormant,5.929504636017652,Standard
15833,738,1,80.4,2,Low-Engagement / Dormant,0.45592883311311966,Standard
15834,70,7,3764.39,1,Lapsed Valuable Customers,452.81036755435883,Re-engagement Opportunity
15835,44,4,954.09,3,Recent / Developing,35.95379823549871,Standard
15836,50,1,137.37,2,Low-Engagement / Dormant,,Standard
15837,65,2,777.01,3,Recent / Developing,4.487057360731655,Standard
15838,11,34,74163.0,0,High-Value Loyal,11626.828700617632,Protect / Retain
15839,33,3,1048.49,3,Recent / Developing,68.51565762544921,Emerging High-Value
15840,59,2,355.56,3,Recent / Developing,23.6357176035371,Standard
15841,73,9,2742.41,1,Lapsed Valuable Customers,88.2816806140918,Re-engagement Opportunity
15842,393,2,548.8,2,Low-Engagement / Dormant,3.007294146989684,Standard
15843,304,1,118.95000000000002,2,Low-Engagement / Dormant,0.7194933546300799,Standard
15844,46,1,130.73999999999998,2,Low-Engagement / Dormant,,Standard
15845,18,11,4426.28,0,High-Value Loyal,318.70269359900635,Protect / Retain
15846,385,1,107.01,2,Low-Engagement / Dormant,0.6344819012600458,Standard
15847,38,5,822.57,3,Recent / Developing,11.828153316882569,Standard
15848,622,1,137.99,2,Low-Engagement / Dormant,1.0524624935551963,Standard
15850,19,6,1006.75,3,Recent / Developing,21.80112471542335,Standard
15851,527,1,109.73,2,Low-Engagement / Dormant,0.4222305189344153,Standard
15852,187,3,257.26,2,Low-Engagement / Dormant,2.2771665141098136,Standard
15853,52,1,110.8,2,Low-Engagement / Dormant,,Standard
15854,4,21,5578.28,0,High-Value Loyal,586.0092802993629,Protect / Retain
15855,137,6,1052.72,1,Lapsed Valuable Customers,16.982714609145408,Re-engagement Opportunity
15856,4,52,33847.27,0,High-Value Loyal,4126.052145693437,Protect / Retain
15857,19,2,570.48,3,Recent / Developing,6.107095972353872,Standard
15858,16,13,3936.34,0,High-Value Loyal,72.47027501926343,Protect / Retain
15859,432,1,438.46,2,Low-Engagement / Dormant,1.3124489033963063,Standard
15860,41,17,2463.96,0,High-Value Loyal,161.99480501391952,Protect / Retain
15861,12,12,4369.2,0,High-Value Loyal,165.69769234195405,Protect / Retain
15862,8,13,2866.52,0,High-Value Loyal,167.86608349667105,Protect / Retain
15863,26,5,355.1,3,Recent / Developing,19.57596842464598,Standard
15864,22,7,2180.76,0,High-Value Loyal,164.0371627819993,Protect / Retain
15865,41,5,2241.42,1,Lapsed Valuable Customers,20.312398294137544,Re-engagement Opportunity
15866,101,1,211.89,2,Low-Engagement / Dormant,30.35839406564125,Standard
15867,5,31,9034.95,0,High-Value Loyal,737.0412170283162,Protect / Retain
15868,583,1,94.53,2,Low-Engagement / Dormant,0.2575238895324358,Standard
15869,277,3,321.11,2,Low-Engagement / Dormant,1.5607202219727967,Standard
15870,33,4,857.46,3,Recent / Developing,7.075403009804967,Standard
15871,437,1,33.099999999999994,2,Low-Engagement / Dormant,0.443937941628209,Standard
15872,15,4,729.25,3,Recent / Developing,4.627343344352937,Standard
15873,500,4,313.91999999999996,2,Low-Engagement / Dormant,0.9456510149679268,Standard
15874,64,21,11284.76,0,High-Value Loyal,280.34272010705513,Protect / Retain
15875,646,1,108.52,2,Low-Engagement / Dormant,0.20216644969408704,Standard
15876,409,2,1449.1399999999999,1,Lapsed Valuable Customers,7.021053601623808,Re-engagement Opportunity
15877,2,2,490.33,3,Recent / Developing,,Standard
15878,562,2,330.77,2,Low-Engagement / Dormant,0.49544447687852705,Standard
15879,404,4,1137.8,1,Lapsed Valuable Customers,4.944346953993817,Re-engagement Opportunity
15880,369,1,658.0600000000001,2,Low-Engagement / Dormant,8.704723215960108,Standard
15881,312,5,501.39000000000004,1,Lapsed Valuable Customers,2.112940074947467,Re-engagement Opportunity
15882,199,8,1495.98,1,Lapsed Valuable Customers,19.769438857583744,Re-engagement Opportunity
15883,2,2,396.48,3,Recent / Developing,,Standard
15884,432,2,244.60000000000002,2,Low-Engagement / Dormant,3.4824109986406375,Standard
15885,93,15,1951.82,0,High-Value Loyal,16.188410825195053,Protect / Retain
15886,60,4,1052.8700000000001,1,Lapsed Valuable Customers,5.812678649822285,Re-engagement Opportunity
15887,407,3,1027.15,1,Lapsed Valuable Customers,3.0614585509451047,Re-engagement Opportunity
15888,81,3,429.16,3,Recent / Developing,4.2432924717313965,Standard
15889,157,8,1699.67,1,Lapsed Valuable Customers,18.83775700237352,Re-engagement Opportunity
15890,395,5,535.65,1,Lapsed Valuable Customers,1.8419443677358562,Re-engagement Opportunity
15891,227,1,511.68,2,Low-Engagement / Dormant,6.60563171013874,Standard
15892,669,1,128.2,2,Low-Engagement / Dormant,0.9010057469141404,Standard
15893,482,1,305.28000000000003,2,Low-Engagement / Dormant,0.9834934309679015,Standard
15894,253,2,409.69,2,Low-Engagement / Dormant,3.1616983517057533,Standard
15895,150,1,179.17,2,Low-Engagement / Dormant,7.609539303912176,Standard
15897,194,2,208.59,2,Low-Engagement / Dormant,3.1519631154846603,Standard
15898,1,25,5513.09,0,High-Value Loyal,95.8413646269835,Protect / Retain
15899,369,1,112.5,2,Low-Engagement / Dormant,0.7082231811441722,Standard
15900,24,4,886.5699999999999,3,Recent / Developing,13.984736841024189,Standard
15901,17,7,687.72,3,Recent / Developing,16.315695410891376,Standard
15902,380,1,145.01,2,Low-Engagement / Dormant,1.467095517731565,Standard
15903,10,12,8939.84,0,High-Value Loyal,114.41773555748023,Protect / Retain
15904,8,1,164.68,3,Recent / Developing,,Standard
15905,543,1,114.69,2,Low-Engagement / Dormant,0.5135622070896585,Standard
15906,20,10,2530.19,0,High-Value Loyal,85.99574559964064,Protect / Retain
15907,4,3,882.72,3,Recent / Developing,51.180803543424155,Standard
15908,491,2,758.62,2,Low-Engagement / Dormant,2.4738475803391258,Standard
15909,174,1,191.94,2,Low-Engagement / Dormant,1.5224090984231913,Standard
15910,1,15,2661.17,0,High-Value Loyal,91.50501992392225,Protect / Retain
15911,624,8,1700.24,1,Lapsed Valuable Customers,2.104937322443963,Re-engagement Opportunity
15912,178,9,1074.7,1,Lapsed Valuable Customers,9.205942631884565,Re-engagement Opportunity
15913,534,1,6.300000000000001,2,Low-Engagement / Dormant,0.49886969785674506,Standard
15914,378,2,205.99,2,Low-Engagement / Dormant,2.5210327645996684,Standard
15915,402,1,364.45,2,Low-Engagement / Dormant,6.975182289136056,Standard
15916,16,13,3377.69,0,High-Value Loyal,165.48299208667964,Protect / Retain
15917,248,5,530.17,1,Lapsed Valuable Customers,6.978217691452578,Re-engagement Opportunity
15918,191,3,582.88,1,Lapsed Valuable Customers,6.031555930382538,Re-engagement Opportunity
15919,20,2,739.77,3,Recent / Developing,6.281037610573623,Standard
15920,154,9,569.14,1,Lapsed Valuable Customers,4.7146009864797715,Re-engagement Opportunity
15921,173,4,775.26,1,Lapsed Valuable Customers,9.522540770946417,Re-engagement Opportunity
15922,373,1,739.0,2,Low-Engagement / Dormant,3.150412728537076,Standard
15923,373,1,254.16,2,Low-Engagement / Dormant,2.401275094921775,Standard
15924,731,1,102.82,2,Low-Engagement / Dormant,0.5105626616666622,Standard
15925,194,1,207.15,2,Low-Engagement / Dormant,2.810542454755128,Standard
15926,542,1,134.44,2,Low-Engagement / Dormant,0.28168917283057915,Standard
15927,647,1,106.54,2,Low-Engagement / Dormant,0.18262123029648142,Standard
15928,656,1,293.53,2,Low-Engagement / Dormant,0.16874612995726418,Standard
15929,644,1,594.0,2,Low-Engagement / Dormant,1.607820119999503,Standard
15930,67,1,426.63,3,Recent / Developing,,Standard
15931,428,1,239.9,2,Low-Engagement / Dormant,3.10031687639212,Standard
15932,4,8,2495.87,0,High-Value Loyal,311.1848472581001,Protect / Retain
15933,21,3,1107.46,3,Recent / Developing,,Standard
15934,418,2,2190.66,1,Lapsed Valuable Customers,11.691550582271976,Re-engagement Opportunity
15935,239,2,416.86,2,Low-Engagement / Dormant,3.9809341590476324,Standard
15936,379,2,282.79,2,Low-Engagement / Dormant,2.558853418365621,Standard
15937,64,1,145.35,2,Low-Engagement / Dormant,,Standard
15938,112,9,734.81,1,Lapsed Valuable Customers,4.509586297601832,Re-engagement Opportunity
15939,90,16,9060.39,0,High-Value Loyal,655.282361817266,Protect / Retain
15940,311,1,35.8,2,Low-Engagement / Dormant,0.5834918076507143,Standard
15941,637,1,405.0,2,Low-Engagement / Dormant,0.3705475624156513,Standard
15942,134,1,337.44,2,Low-Engagement / Dormant,21.05441352528012,Standard
15943,650,2,271.28999999999996,2,Low-Engagement / Dormant,0.20447185755533692,Standard
15944,277,4,2164.24,1,Lapsed Valuable Customers,5.699942739533794,Re-engagement Opportunity
15945,365,4,827.27,1,Lapsed Valuable Customers,4.724758906819174,Re-engagement Opportunity
15946,503,3,2304.18,1,Lapsed Valuable Customers,0.33203562625691524,Re-engagement Opportunity
15947,83,1,1708.24,3,Recent / Developing,,Standard
15948,8,3,1509.0900000000001,3,Recent / Developing,5.223760873702014,Standard
15949,17,2,364.72,3,Recent / Developing,,Standard
15950,32,10,7120.91,0,High-Value Loyal,161.77061024480713,Protect / Retain
15951,9,3,1013.17,3,Recent / Developing,5.464615811418293,Standard
15952,34,4,781.91,3,Recent / Developing,13.116463938054563,Standard
15953,15,18,3648.08,0,High-Value Loyal,115.15516566283907,Protect / Retain
15954,589,1,190.75,2,Low-Engagement / Dormant,0.35386757957304876,Standard
15955,24,22,8658.36,0,High-Value Loyal,916.3544733080901,Protect / Retain
15956,551,2,617.6,2,Low-Engagement / Dormant,1.131399080365791,Standard
15957,32,3,921.25,3,Recent / Developing,6.517403944399217,Standard
15958,74,4,462.12,3,Recent / Developing,3.234692099656133,Standard
15959,682,3,542.89,2,Low-Engagement / Dormant,1.8971426801126032,Standard
15960,374,4,410.95,2,Low-Engagement / Dormant,1.5121579174762987,Standard
15961,379,1,451.28999999999996,2,Low-Engagement / Dormant,1.529552413866297,Standard
15962,449,1,289.48,2,Low-Engagement / Dormant,5.1148112494992075,Standard
15963,20,2,470.76,3,Recent / Developing,,Standard
15964,663,1,269.21000000000004,2,Low-Engagement / Dormant,1.0467377721672855,Standard
15965,17,13,2928.13,0,High-Value Loyal,63.37094357411603,Protect / Retain
15966,451,1,426.53000000000003,2,Low-Engagement / Dormant,5.45617145607606,Standard
15967,23,12,2966.0,0,High-Value Loyal,62.13268064886246,Protect / Retain
15968,388,1,404.55,2,Low-Engagement / Dormant,3.6289698858678,Standard
15969,3,5,1127.05,3,Recent / Developing,21.146715227331455,Standard
15970,304,2,1017.32,1,Lapsed Valuable Customers,2.0749869362739704,Re-engagement Opportunity
15971,18,18,5902.83,0,High-Value Loyal,205.29456007841407,Protect / Retain
15972,456,5,1769.33,1,Lapsed Valuable Customers,3.4054370241823078,Re-engagement Opportunity
15973,367,3,988.44,1,Lapsed Valuable Customers,2.413373833446385,Re-engagement Opportunity
15974,39,7,3442.15,0,High-Value Loyal,331.4949241111535,Protect / Retain
15975,84,1,371.01,2,Low-Engagement / Dormant,,Standard
15976,165,6,1694.41,1,Lapsed Valuable Customers,8.712793326850997,Re-engagement Opportunity
15977,17,2,1054.73,3,Recent / Developing,,Standard
15978,77,3,3279.42,1,Lapsed Valuable Customers,20.25201933300186,Re-engagement Opportunity
15979,603,1,329.22,2,Low-Engagement / Dormant,0.34765534954477867,Standard
15980,89,7,6543.68,1,Lapsed Valuable Customers,135.19510713853117,Re-engagement Opportunity
15981,25,21,9362.77,0,High-Value Loyal,939.5731246752756,Protect / Retain
15982,605,1,324.51,2,Low-Engagement / Dormant,0.44429982690516845,Standard
15983,22,8,3924.02,0,High-Value Loyal,32.753780480326306,Protect / Retain
15984,3,30,8515.72,0,High-Value Loyal,806.0217053486845,Protect / Retain
15985,123,7,2715.28,1,Lapsed Valuable Customers,35.57560945075644,Re-engagement Opportunity
15986,30,2,354.42,3,Recent / Developing,3.4544294816850223,Standard
15987,12,8,1649.47,0,High-Value Loyal,250.89844570664818,Protect / Retain
15988,19,3,738.89,3,Recent / Developing,13.14975513765434,Standard
15989,376,2,368.31,2,Low-Engagement / Dormant,2.7512656048701234,Standard
15990,44,7,1997.75,1,Lapsed Valuable Customers,17.294210118054803,Re-engagement Opportunity
15991,534,1,150.55,2,Low-Engagement / Dormant,0.6536658326167939,Standard
15992,4,3,896.6,3,Recent / Developing,3.7803140614667696,Standard
15993,9,7,2777.67,0,High-Value Loyal,,Protect / Retain
15994,55,3,1175.68,3,Recent / Developing,7.6059729630673365,Standard
15995,414,1,694.54,2,Low-Engagement / Dormant,7.604520812736325,Standard
15996,88,7,1649.65,1,Lapsed Valuable Customers,190.35448495727815,Re-engagement Opportunity
15998,37,16,8274.14,0,High-Value Loyal,468.78729604334256,Protect / Retain
15999,736,1,20.4,2,Low-Engagement / Dormant,0.6828736686717254,Standard
16000,3,3,12393.7,0,High-Value Loyal,,Protect / Retain
16001,381,1,583.39,2,Low-Engagement / Dormant,4.370714207494199,Standard
16002,625,1,169.21,2,Low-Engagement / Dormant,0.4472369547616843,Standard
16003,30,10,5613.83,0,High-Value Loyal,214.4083952673621,Protect / Retain
16004,475,5,2146.39,1,Lapsed Valuable Customers,1.780618967445815,Re-engagement Opportunity
16005,12,10,2365.4900000000002,0,High-Value Loyal,139.75478117634333,Protect / Retain
16006,211,2,332.82,2,Low-Engagement / Dormant,5.154132544979038,Standard
16007,48,7,3053.06,1,Lapsed Valuable Customers,117.49107084677756,Re-engagement Opportunity
16008,24,15,5339.13,0,High-Value Loyal,239.4733644213166,Protect / Retain
16009,22,4,972.11,3,Recent / Developing,39.16689719880658,Standard
16010,246,11,1694.86,1,Lapsed Valuable Customers,18.938531594398313,Re-engagement Opportunity
16011,8,29,5838.96,0,High-Value Loyal,720.5353638257548,Protect / Retain
16012,35,5,2978.59,1,Lapsed Valuable Customers,125.12185576452214,Re-engagement Opportunity
16013,4,84,57140.44,0,High-Value Loyal,11540.114179066448,Protect / Retain
16014,38,5,1100.28,3,Recent / Developing,25.53586802384862,Standard
16015,4,3,704.55,3,Recent / Developing,,Standard
16016,3,11,2446.42,0,High-Value Loyal,236.66124982272444,Protect / Retain
16017,47,5,1545.58,1,Lapsed Valuable Customers,7.117993195083917,Re-engagement Opportunity
16018,39,4,698.13,3,Recent / Developing,23.106391389022313,Standard
16019,47,27,17329.16,0,High-Value Loyal,202.81334130306817,Protect / Retain
16020,17,3,851.01,3,Recent / Developing,,Standard
16021,395,2,487.03,2,Low-Engagement / Dormant,9.064143507649158,Standard
16022,260,1,602.63,2,Low-Engagement / Dormant,3.804705392168371,Standard
16023,46,3,719.81,3,Recent / Developing,15.332459991816737,Standard
16024,12,3,483.99,3,Recent / Developing,4.915225483510708,Standard
16025,30,1,439.65999999999997,3,Recent / Developing,,Standard
16026,43,1,236.09,3,Recent / Developing,,Standard
16027,92,15,2048.36,0,High-Value Loyal,13.779572128885869,Protect / Retain
16028,596,1,82.2,2,Low-Engagement / Dormant,0.30433289727435686,Standard
16029,39,107,122035.14,0,High-Value Loyal,16302.375960866646,Protect / Retain
16030,310,1,331.24,2,Low-Engagement / Dormant,1.102332556325642,Standard
16031,92,2,547.9,3,Recent / Developing,23.857810213717915,Standard
16032,456,6,1965.72,1,Lapsed Valuable Customers,2.363961097907396,Re-engagement Opportunity
16033,6,27,10764.45,0,High-Value Loyal,1724.4144489657701,Protect / Retain
16034,196,6,911.3199999999999,1,Lapsed Valuable Customers,8.888969629941036,Re-engagement Opportunity
16035,560,1,217.73,2,Low-Engagement / Dormant,0.8432154412605465,Standard
16036,87,4,2556.84,1,Lapsed Valuable Customers,25.92515260676752,Re-engagement Opportunity
16037,270,5,1509.34,1,Lapsed Valuable Customers,7.075363445399882,Re-engagement Opportunity
16038,8,3,471.78000000000003,3,Recent / Developing,11.22981187185526,Standard
16039,424,2,456.4,2,Low-Engagement / Dormant,3.5098008727453873,Standard
16040,65,7,2416.9,1,Lapsed Valuable Customers,35.41677477063527,Re-engagement Opportunity
16041,31,3,3166.4,3,Recent / Developing,62.846372550191695,Emerging High-Value
16042,22,8,2245.32,0,High-Value Loyal,151.23882183658878,Protect / Retain
16043,38,8,1856.5900000000001,1,Lapsed Valuable Customers,83.9312711991542,Re-engagement Opportunity
16044,435,1,340.84000000000003,2,Low-Engagement / Dormant,1.5060370898131108,Standard
16045,120,8,3434.9300000000003,1,Lapsed Valuable Customers,141.10663375327934,Re-engagement Opportunity
16046,562,1,235.78,2,Low-Engagement / Dormant,0.15815779270621505,Standard
16047,682,1,107.14,2,Low-Engagement / Dormant,0.10858508617258927,Standard
16048,373,4,1075.23,1,Lapsed Valuable Customers,3.0998591479582087,Re-engagement Opportunity
16049,40,6,1852.15,1,Lapsed Valuable Customers,101.26719320084884,Re-engagement Opportunity
16050,174,3,300.7,2,Low-Engagement / Dormant,4.7674157516882865,Standard
16051,682,1,188.44,2,Low-Engagement / Dormant,0.13474965623591792,Standard
16052,54,1,362.06,3,Recent / Developing,,Standard
16053,33,6,3634.84,0,High-Value Loyal,130.86232493657008,Protect / Retain
16054,145,4,2111.88,1,Lapsed Valuable Customers,6.468006398489163,Re-engagement Opportunity
16055,221,1,134.8,2,Low-Engagement / Dormant,1.4962436510068151,Standard
16056,45,1,650.75,3,Recent / Developing,,Standard
16057,16,10,3854.85,0,High-Value Loyal,218.82309457388556,Protect / Retain
16058,406,1,62.7,2,Low-Engagement / Dormant,0.11045355037193166,Standard
16059,66,12,3171.82,0,High-Value Loyal,215.7136740287797,Protect / Retain
16060,401,3,541.95,2,Low-Engagement / Dormant,2.7960024955931844,Standard
16061,431,1,89.65,2,Low-Engagement / Dormant,0.36046934533108815,Standard
16062,10,8,2863.45,0,High-Value Loyal,139.67114276590084,Protect / Retain
16063,260,1,335.32,2,Low-Engagement / Dormant,1.356156437933075,Standard
16064,725,1,109.31,2,Low-Engagement / Dormant,0.10996755402608749,Standard
16065,365,8,2359.27,1,Lapsed Valuable Customers,22.11668566293575,Re-engagement Opportunity
16066,17,5,1521.04,3,Recent / Developing,32.80447150268924,Standard
16067,563,3,3269.11,1,Lapsed Valuable Customers,0.2798299613423692,Re-engagement Opportunity
16068,594,1,115.73,2,Low-Engagement / Dormant,0.493931127820125,Standard
16069,418,1,457.7,2,Low-Engagement / Dormant,1.4204799333654106,Standard
16070,22,2,852.15,3,Recent / Developing,,Standard
16071,45,4,1076.8,3,Recent / Developing,7.710910448999513,Standard
16072,288,4,4180.09,1,Lapsed Valuable Customers,8.613453285296828,Re-engagement Opportunity
16073,297,1,122.39999999999999,2,Low-Engagement / Dormant,0.5650356157980752,Standard
16074,390,1,252.5,2,Low-Engagement / Dormant,2.1697716259257134,Standard
16075,503,2,736.9300000000001,2,Low-Engagement / Dormant,2.2855583361404674,Standard
16076,3,10,2234.73,0,High-Value Loyal,342.9434382798687,Protect / Retain
16077,626,1,2300.4,1,Lapsed Valuable Customers,0.5797722481404625,Re-engagement Opportunity
16078,284,2,362.99,2,Low-Engagement / Dormant,2.0989891262301503,Standard
16079,17,3,1352.0,3,Recent / Developing,,Standard
16080,82,4,602.5600000000001,1,Lapsed Valuable Customers,4.0324883974893755,Re-engagement Opportunity
16081,56,8,4436.56,0,High-Value Loyal,119.62748368350024,Protect / Retain
16082,670,1,106.75,2,Low-Engagement / Dormant,0.1287808871458729,Standard
16083,101,4,2351.42,1,Lapsed Valuable Customers,19.216955135902865,Re-engagement Opportunity
16084,299,1,436.18,2,Low-Engagement / Dormant,1.3064875967465275,Standard
16085,23,12,2341.03,0,High-Value Loyal,66.13786560709293,Protect / Retain
16086,59,10,2864.9900000000002,0,High-Value Loyal,119.38964840906682,Protect / Retain
16087,389,5,1739.92,1,Lapsed Valuable Customers,6.382735857156818,Re-engagement Opportunity
16088,576,2,1437.43,1,Lapsed Valuable Customers,0.5646532717281525,Re-engagement Opportunity
16089,386,2,263.49,2,Low-Engagement / Dormant,3.386534877278474,Standard
16090,624,1,180.56,2,Low-Engagement / Dormant,0.20648108026563053,Standard
16091,155,2,315.06,2,Low-Engagement / Dormant,12.18567873756324,Standard
16092,115,6,1587.94,1,Lapsed Valuable Customers,11.126750789896164,Re-engagement Opportunity
16093,107,1,17.0,2,Low-Engagement / Dormant,12.778680614215547,Standard
16094,12,11,3695.56,0,High-Value Loyal,117.1316643449655,Protect / Retain
16095,456,1,447.05,2,Low-Engagement / Dormant,2.5993498736619705,Standard
16096,264,4,1584.97,1,Lapsed Valuable Customers,6.695002077808799,Re-engagement Opportunity
16097,240,1,185.04999999999998,2,Low-Engagement / Dormant,2.322534006485114,Standard
16098,88,14,4441.3,0,High-Value Loyal,350.2497785042107,Protect / Retain
16099,50,7,1573.2,1,Lapsed Valuable Customers,44.86984938481763,Re-engagement Opportunity
16100,463,1,582.64,2,Low-Engagement / Dormant,1.3240713380194247,Standard
16101,71,4,3229.16,1,Lapsed Valuable Customers,19.696481459442268,Re-engagement Opportunity
16102,42,3,1842.14,3,Recent / Developing,271.47959751511144,Emerging High-Value
16103,7,22,6191.71,0,High-Value Loyal,359.2825756385701,Protect / Retain
16104,62,9,2774.46,1,Lapsed Valuable Customers,18.469586082010373,Re-engagement Opportunity
16105,249,5,2386.19,1,Lapsed Valuable Customers,44.68529514345379,Re-engagement Opportunity
16106,66,1,108.38,2,Low-Engagement / Dormant,,Standard
16107,18,7,3204.1600000000003,0,High-Value Loyal,120.0735651692569,Protect / Retain
16108,85,4,2235.92,1,Lapsed Valuable Customers,9.273522335367034,Re-engagement Opportunity
16109,219,3,939.48,1,Lapsed Valuable Customers,6.389228518305137,Re-engagement Opportunity
16110,45,4,1781.59,1,Lapsed Valuable Customers,63.866077521578106,Re-engagement Opportunity
16111,428,1,549.33,2,Low-Engagement / Dormant,3.091621051023878,Standard
16112,143,4,195.73999999999998,2,Low-Engagement / Dormant,4.64319365603031,Standard
16113,183,1,161.38,2,Low-Engagement / Dormant,1.5068622015313715,Standard
16114,171,1,135.75000000000003,2,Low-Engagement / Dormant,1.8915377710471817,Standard
16115,10,12,2553.8,0,High-Value Loyal,103.12948653950819,Protect / Retain
16116,212,1,612.78,2,Low-Engagement / Dormant,4.484752492790593,Standard
16117,190,3,654.4,1,Lapsed Valuable Customers,8.711025576547726,Re-engagement Opportunity
16118,653,1,4376.25,1,Lapsed Valuable Customers,0.2268346305880621,Re-engagement Opportunity
16119,8,8,1720.81,0,High-Value Loyal,8.848832347959615,Protect / Retain
16120,59,6,2967.51,1,Lapsed Valuable Customers,48.711449850045575,Re-engagement Opportunity
16121,57,5,1450.04,1,Lapsed Valuable Customers,72.61794203418582,Re-engagement Opportunity
16122,73,6,1001.34,1,Lapsed Valuable Customers,108.26122033343009,Re-engagement Opportunity
16123,52,1,307.78,3,Recent / Developing,,Standard
16124,317,4,1772.49,1,Lapsed Valuable Customers,8.591657895268902,Re-engagement Opportunity
16125,367,14,4581.7,1,Lapsed Valuable Customers,3.6891770010450804,Re-engagement Opportunity
16126,29,15,14644.6,0,High-Value Loyal,1136.9932101029426,Protect / Retain
16127,39,2,801.31,3,Recent / Developing,3.529172985342619,Standard
16128,18,11,3801.05,0,High-Value Loyal,335.7817015913545,Protect / Retain
16129,407,3,1396.05,1,Lapsed Valuable Customers,7.589285502522036,Re-engagement Opportunity
16130,422,4,987.48,1,Lapsed Valuable Customers,2.4226061653549023,Re-engagement Opportunity
16131,52,12,9957.42,0,High-Value Loyal,237.27306076095886,Protect / Retain
16132,544,2,664.1999999999999,2,Low-Engagement / Dormant,1.641687521410336,Standard
16133,4,56,22992.260000000002,0,High-Value Loyal,3477.8578516190514,Protect / Retain
16134,22,5,2145.34,3,Recent / Developing,47.03299914674416,Standard
16135,263,2,819.45,2,Low-Engagement / Dormant,3.294757467734289,Standard
16136,60,4,946.8,1,Lapsed Valuable Customers,3.5253599515640475,Re-engagement Opportunity
16137,680,1,422.7,2,Low-Engagement / Dormant,0.6591423148438058,Standard
16138,379,3,910.35,1,Lapsed Valuable Customers,3.4191340865498043,Re-engagement Opportunity
16139,19,5,1111.15,3,Recent / Developing,22.176872220956575,Standard
16140,66,3,1557.6000000000001,1,Lapsed Valuable Customers,5.761289637929099,Re-engagement Opportunity
16141,88,2,955.94,1,Lapsed Valuable Customers,1.9880614120702702,Re-engagement Opportunity
16142,250,1,535.34,2,Low-Engagement / Dormant,4.333284946235232,Standard
16143,3,12,4910.83,0,High-Value Loyal,270.5769181872855,Protect / Retain
16144,247,1,175.2,2,Low-Engagement / Dormant,1.5752337130642298,Standard
16145,9,19,6805.4400000000005,0,High-Value Loyal,1154.4171092209745,Protect / Retain
16146,157,4,946.38,1,Lapsed Valuable Customers,10.31717236295043,Re-engagement Opportunity
16147,134,5,2398.91,1,Lapsed Valuable Customers,22.68035041176742,Re-engagement Opportunity
16148,296,2,386.62,2,Low-Engagement / Dormant,1.7601339623135268,Standard
16149,5,3,422.22,3,Recent / Developing,21.048323502264008,Standard
16150,43,10,4395.59,0,High-Value Loyal,301.34951157109884,Protect / Retain
16152,269,1,1829.04,1,Lapsed Valuable Customers,2.3843901370958993,Re-engagement Opportunity
16153,50,11,5133.49,0,High-Value Loyal,282.04124499250264,Protect / Retain
16155,382,5,796.9,1,Lapsed Valuable Customers,5.157804136108602,Re-engagement Opportunity
16156,9,20,6188.18,0,High-Value Loyal,598.9393917451109,Protect / Retain
16157,16,3,656.69,3,Recent / Developing,,Standard
16158,522,9,628.32,1,Lapsed Valuable Customers,1.500243275379705,Re-engagement Opportunity
16159,282,4,1232.79,1,Lapsed Valuable Customers,6.314183591579762,Re-engagement Opportunity
16160,65,2,1025.44,3,Recent / Developing,,Standard
16161,2,43,12744.26,0,High-Value Loyal,1253.9047739515274,Protect / Retain
16162,252,1,37.4,2,Low-Engagement / Dormant,1.5012917539547412,Standard
16163,232,6,2849.58,1,Lapsed Valuable Customers,11.394608750152535,Re-engagement Opportunity
16164,17,3,822.48,3,Recent / Developing,,Standard
16165,505,1,79.9,2,Low-Engagement / Dormant,0.37495129241116665,Standard
16166,428,2,435.83,2,Low-Engagement / Dormant,2.4457715051966895,Standard
16167,414,5,1386.1200000000001,1,Lapsed Valuable Customers,5.490896483769379,Re-engagement Opportunity
16168,11,66,10636.47,0,High-Value Loyal,1382.4042424348381,Protect / Retain
16169,8,4,1822.97,3,Recent / Developing,,Standard
16170,51,20,6869.0,0,High-Value Loyal,542.6702831101856,Protect / Retain
16171,59,1,73.2,2,Low-Engagement / Dormant,,Standard
16172,95,8,1884.55,1,Lapsed Valuable Customers,27.997094972479726,Re-engagement Opportunity
16173,16,6,1418.32,3,Recent / Developing,105.34841320356446,Emerging High-Value
16174,126,7,2246.75,1,Lapsed Valuable Customers,17.90413799171499,Re-engagement Opportunity
16175,94,7,1836.44,1,Lapsed Valuable Customers,10.742165089159275,Re-engagement Opportunity
16176,421,4,2052.69,1,Lapsed Valuable Customers,7.177323636756904,Re-engagement Opportunity
16177,50,8,2247.31,1,Lapsed Valuable Customers,18.703831303463,Re-engagement Opportunity
16178,138,2,612.6,2,Low-Engagement / Dormant,8.870794367685805,Standard
16179,61,1,215.83,2,Low-Engagement / Dormant,,Standard
16180,100,13,16249.87,0,High-Value Loyal,343.37181949315595,Protect / Retain
16181,73,1,305.54,2,Low-Engagement / Dormant,,Standard
16182,72,9,9971.65,0,High-Value Loyal,333.32097922119715,Protect / Retain
16183,67,4,1077.81,1,Lapsed Valuable Customers,5.354667362958738,Re-engagement Opportunity
16184,64,6,1158.79,1,Lapsed Valuable Customers,128.66931929159801,Re-engagement Opportunity
16185,17,3,644.72,3,Recent / Developing,5.834070006792023,Standard
16186,23,26,9026.11,0,High-Value Loyal,1317.6426857570084,Protect / Retain
16187,32,15,6911.4400000000005,0,High-Value Loyal,600.3053973026766,Protect / Retain
16188,45,5,1087.66,3,Recent / Developing,68.05297389082853,Emerging High-Value
16189,16,2,215.48,3,Recent / Developing,,Standard
16190,40,8,2723.55,0,High-Value Loyal,57.862592120416714,Protect / Retain
16191,3,24,15677.82,0,High-Value Loyal,106.78641581892387,Protect / Retain
16192,736,1,351.3,2,Low-Engagement / Dormant,0.6290844591477287,Standard
16193,237,2,630.43,2,Low-Engagement / Dormant,6.134064300752118,Standard
16194,375,1,308.59999999999997,2,Low-Engagement / Dormant,2.8465648373077213,Standard
16195,723,1,323.25,2,Low-Engagement / Dormant,0.07462693866981128,Standard
16196,489,1,93.3,2,Low-Engagement / Dormant,0.811800181690034,Standard
16197,469,9,2016.71,1,Lapsed Valuable Customers,1.573880601744511,Re-engagement Opportunity
16198,75,2,1030.0410000000002,3,Recent / Developing,8.130679323357919,Standard
16199,392,7,942.75,1,Lapsed Valuable Customers,2.3708963206826623,Re-engagement Opportunity
16200,4,12,5608.1,0,High-Value Loyal,516.2240870264516,Protect / Retain
16201,3,5,2112.12,3,Recent / Developing,53.412368118599375,Standard
16202,361,9,2501.9900000000002,1,Lapsed Valuable Customers,32.567230297309976,Re-engagement Opportunity
16203,59,6,1114.54,1,Lapsed Valuable Customers,28.56002098234376,Re-engagement Opportunity
16204,23,3,918.71,3,Recent / Developing,9.3597228465522,Standard
16205,31,7,1820.1100000000001,1,Lapsed Valuable Customers,60.21713699287729,Re-engagement Opportunity
16206,55,13,2589.87,0,High-Value Loyal,82.34112092838319,Protect / Retain
16207,25,1,394.38,3,Recent / Developing,,Standard
16208,45,10,3440.45,0,High-Value Loyal,70.31161583865197,Protect / Retain
16209,89,9,4146.78,1,Lapsed Valuable Customers,73.64247406439874,Re-engagement Opportunity
16210,2,35,38489.51,0,High-Value Loyal,2239.7343060954054,Protect / Retain
16211,89,3,1090.59,1,Lapsed Valuable Customers,8.271323345502953,Re-engagement Opportunity
16212,19,4,1293.71,3,Recent / Developing,7.597847917418175,Standard
16213,79,1,159.0,2,Low-Engagement / Dormant,,Standard
16214,171,4,2038.25,1,Lapsed Valuable Customers,21.58452623465926,Re-engagement Opportunity
16215,81,1,242.35,2,Low-Engagement / Dormant,,Standard
16216,267,1,914.9300000000001,2,Low-Engagement / Dormant,1.3180190763218744,Standard
16217,235,2,304.25,2,Low-Engagement / Dormant,4.039532752790464,Standard
16218,30,13,4439.97,0,High-Value Loyal,361.3272834363802,Protect / Retain
16219,501,1,40.8,2,Low-Engagement / Dormant,0.360099333425011,Standard
16221,37,9,2186.66,0,High-Value Loyal,51.88394429962819,Protect / Retain
16222,318,2,1272.05,1,Lapsed Valuable Customers,2.927396635799858,Re-engagement Opportunity
16223,375,2,1087.05,1,Lapsed Valuable Customers,4.483527970343424,Re-engagement Opportunity
16224,57,5,1616.54,1,Lapsed Valuable Customers,127.68362896488341,Re-engagement Opportunity
16225,45,15,2859.31,0,High-Value Loyal,267.50879566640685,Protect / Retain
16226,203,5,672.1700000000001,1,Lapsed Valuable Customers,7.150984088726531,Re-engagement Opportunity
16227,225,3,1027.22,1,Lapsed Valuable Customers,4.366564159529137,Re-engagement Opportunity
16228,385,3,885.71,1,Lapsed Valuable Customers,4.433021838470362,Re-engagement Opportunity
16229,87,6,2867.86,1,Lapsed Valuable Customers,69.52279139631898,Re-engagement Opportunity
16230,190,2,542.03,2,Low-Engagement / Dormant,7.488174194933618,Standard
16231,379,4,1074.47,1,Lapsed Valuable Customers,4.483180977536534,Re-engagement Opportunity
16232,44,7,2712.97,1,Lapsed Valuable Customers,84.35280146366257,Re-engagement Opportunity
16233,71,9,1965.71,1,Lapsed Valuable Customers,39.22443614279213,Re-engagement Opportunity
16234,476,3,333.18,2,Low-Engagement / Dormant,0.4404763040721241,Standard
16235,41,9,2053.71,0,High-Value Loyal,81.00012665237819,Protect / Retain
16236,78,1,432.2,2,Low-Engagement / Dormant,,Standard
16237,437,1,136.65,2,Low-Engagement / Dormant,0.8739286403941222,Standard
16238,423,1,63.66,2,Low-Engagement / Dormant,0.3322772399041571,Standard
16239,57,6,1492.2,1,Lapsed Valuable Customers,49.009876131651055,Re-engagement Opportunity
16240,24,2,3718.8,3,Recent / Developing,,Standard
16241,10,16,4270.51,0,High-Value Loyal,572.4139069929906,Protect / Retain
16242,8,14,7404.65,0,High-Value Loyal,603.4516708777559,Protect / Retain
16243,34,2,409.1,3,Recent / Developing,,Standard
16244,212,2,2579.38,1,Lapsed Valuable Customers,9.134310653667864,Re-engagement Opportunity
16245,24,3,1413.66,3,Recent / Developing,75.12763247077396,Emerging High-Value
16246,460,2,821.35,2,Low-Engagement / Dormant,1.802705276993968,Standard
16247,170,1,114.56,2,Low-Engagement / Dormant,2.47797352088752,Standard
16248,62,1,152.94,2,Low-Engagement / Dormant,,Standard
16249,53,5,1800.07,1,Lapsed Valuable Customers,234.7134604198605,Re-engagement Opportunity
16250,261,3,791.38,1,Lapsed Valuable Customers,6.514090268429155,Re-engagement Opportunity
16251,512,1,128.31,2,Low-Engagement / Dormant,0.23167129606207573,Standard
16252,383,1,295.09000000000003,2,Low-Engagement / Dormant,3.6260835359559387,Standard
16253,67,7,7272.2,0,High-Value Loyal,269.24157245282726,Protect / Retain
16254,378,3,967.44,1,Lapsed Valuable Customers,4.306178305788599,Re-engagement Opportunity
16255,17,15,4904.25,0,High-Value Loyal,626.0121763727003,Protect / Retain
16256,267,3,1629.37,1,Lapsed Valuable Customers,6.74625706545002,Re-engagement Opportunity
16257,177,1,46.95,2,Low-Engagement / Dormant,7.246763955186596,Standard
16258,45,15,11942.52,0,High-Value Loyal,1713.057452272914,Protect / Retain
16259,410,3,340.94,2,Low-Engagement / Dormant,3.842824044849839,Standard
16260,51,1,1035.45,3,Recent / Developing,,Standard
16261,17,6,1041.16,3,Recent / Developing,39.70252207476574,Standard
16262,378,1,755.15,2,Low-Engagement / Dormant,11.80291083436784,Standard
16263,423,1,348.16,2,Low-Engagement / Dormant,1.5026559667570534,Standard
16264,438,2,823.53,2,Low-Engagement / Dormant,4.575246439357606,Standard
16265,9,12,6935.17,0,High-Value Loyal,620.960836847816,Protect / Retain
16266,74,14,1757.95,0,High-Value Loyal,69.87274681156374,Protect / Retain
16267,591,1,186.66,2,Low-Engagement / Dormant,0.12345728147476287,Standard
16268,71,2,667.65,3,Recent / Developing,,Standard
16269,438,1,717.57,2,Low-Engagement / Dormant,4.577595984917223,Standard
16270,353,1,1141.24,2,Low-Engagement / Dormant,2.4121311724938077,Standard
16271,3,10,3397.82,0,High-Value Loyal,278.44858035596206,Protect / Retain
16272,117,1,411.7,2,Low-Engagement / Dormant,24.27509013085576,Standard
16273,648,2,318.34000000000003,2,Low-Engagement / Dormant,0.42591850289281175,Standard
16274,373,1,703.5,2,Low-Engagement / Dormant,5.5639994332419676,Standard
16275,197,3,2151.11,1,Lapsed Valuable Customers,24.831009025050896,Re-engagement Opportunity
16276,177,3,2629.3900000000003,1,Lapsed Valuable Customers,8.956973197781807,Re-engagement Opportunity
16277,734,1,188.69,2,Low-Engagement / Dormant,0.6444950505865092,Standard
16278,100,3,1117.84,1,Lapsed Valuable Customers,3.6895868369354905,Re-engagement Opportunity
16279,21,9,5698.28,0,High-Value Loyal,427.44779111528635,Protect / Retain
16280,725,1,238.05,2,Low-Engagement / Dormant,0.293495097731572,Standard
16281,72,3,3424.02,1,Lapsed Valuable Customers,11.713373701170484,Re-engagement Opportunity
16282,340,3,1307.58,1,Lapsed Valuable Customers,3.324210992505865,Re-engagement Opportunity
16283,6,8,4350.32,0,High-Value Loyal,216.72500122779047,Protect / Retain
16284,31,3,1018.48,3,Recent / Developing,5.028199269342597,Standard
16285,646,1,176.9,2,Low-Engagement / Dormant,0.19909836006859888,Standard
16286,477,2,328.95,2,Low-Engagement / Dormant,0.5057632632275118,Standard
16287,170,5,1006.98,1,Lapsed Valuable Customers,9.822902492336336,Re-engagement Opportunity
16288,470,1,129.85,2,Low-Engagement / Dormant,0.6198164888106306,Standard
16289,462,1,136.31,2,Low-Engagement / Dormant,0.9442675572889014,Standard
16290,465,4,1957.7,1,Lapsed Valuable Customers,1.7321196098440914,Re-engagement Opportunity
16291,682,1,117.72,2,Low-Engagement / Dormant,0.12913261311417767,Standard
16292,122,5,1253.76,1,Lapsed Valuable Customers,12.63054664490492,Re-engagement Opportunity
16293,22,15,4657.95,0,High-Value Loyal,262.57644494602323,Protect / Retain
16294,477,1,126.05000000000001,2,Low-Engagement / Dormant,0.17500029963553104,Standard
16295,10,4,1328.55,3,Recent / Developing,,Standard
16296,626,4,1313.67,1,Lapsed Valuable Customers,2.011959709312296,Re-engagement Opportunity
16297,269,1,301.9,2,Low-Engagement / Dormant,2.6160327684535716,Standard
16298,23,7,1085.7,3,Recent / Developing,14.799614578914964,Standard
16299,477,1,193.65,2,Low-Engagement / Dormant,0.4300105710180113,Standard
16300,430,3,1367.32,1,Lapsed Valuable Customers,3.218233711351905,Re-engagement Opportunity
16301,737,1,107.33,2,Low-Engagement / Dormant,0.4095987867908138,Standard
16302,127,1,233.22,2,Low-Engagement / Dormant,13.811683272962535,Standard
16303,26,7,7928.27,0,High-Value Loyal,181.52714504209547,Protect / Retain
16304,695,1,381.66,2,Low-Engagement / Dormant,0.12362343523113198,Standard
16305,139,1,361.21999999999997,2,Low-Engagement / Dormant,14.629384847167973,Standard
16306,214,7,1192.82,1,Lapsed Valuable Customers,10.485173508318406,Re-engagement Opportunity
16307,429,3,1194.92,1,Lapsed Valuable Customers,2.564897468882016,Re-engagement Opportunity
16308,38,7,5120.0,0,High-Value Loyal,56.24427854259778,Protect / Retain
16309,106,2,706.57,1,Lapsed Valuable Customers,17.475168749900185,Re-engagement Opportunity
16310,414,2,460.08,2,Low-Engagement / Dormant,1.9457475777282534,Standard
16311,18,2,616.26,3,Recent / Developing,,Standard
16312,432,1,171.15,2,Low-Engagement / Dormant,0.5999981401997181,Standard
16313,3,2,274.15000000000003,3,Recent / Developing,,Standard
16314,390,3,1491.4,1,Lapsed Valuable Customers,6.088085838739047,Re-engagement Opportunity
16315,331,2,402.71,2,Low-Engagement / Dormant,2.149544631206203,Standard
16316,64,13,5744.91,0,High-Value Loyal,436.4063515399502,Protect / Retain
16317,120,5,2192.51,1,Lapsed Valuable Customers,9.108104238646153,Re-engagement Opportunity
16318,35,1,328.15,3,Recent / Developing,,Standard
16319,218,1,404.40000000000003,2,Low-Engagement / Dormant,1.6820417149970797,Standard
16320,172,6,5628.99,1,Lapsed Valuable Customers,52.74488719879043,Re-engagement Opportunity
16321,72,7,604.5500000000001,1,Lapsed Valuable Customers,6.446705284531731,Re-engagement Opportunity
16322,1,2,326.75,3,Recent / Developing,,Standard
16323,196,2,353.66,2,Low-Engagement / Dormant,2.372535125056344,Standard
16324,128,3,408.59000000000003,2,Low-Engagement / Dormant,45.07968580946975,Standard
16325,47,12,3597.5,0,High-Value Loyal,230.33909823245523,Protect / Retain
16326,6,24,4721.25,0,High-Value Loyal,581.79074539476,Protect / Retain
16327,14,16,10695.24,0,High-Value Loyal,418.32158519632577,Protect / Retain
16328,563,1,310.83,2,Low-Engagement / Dormant,0.3381238419958429,Standard
16329,428,4,1664.92,1,Lapsed Valuable Customers,4.693902070844997,Re-engagement Opportunity
16330,18,7,625.38,3,Recent / Developing,17.396391703053894,Standard
16331,432,6,2037.7,1,Lapsed Valuable Customers,5.034033534353762,Re-engagement Opportunity
16332,28,11,2000.01,0,High-Value Loyal,72.97102117688637,Protect / Retain
16333,8,22,26626.8,0,High-Value Loyal,1014.124448215771,Protect / Retain
16334,492,1,263.73,2,Low-Engagement / Dormant,0.8145253271700446,Standard
16335,552,7,2753.52,1,Lapsed Valuable Customers,0.9137513547187274,Re-engagement Opportunity
16336,421,4,3517.69,1,Lapsed Valuable Customers,5.23131274758002,Re-engagement Opportunity
16337,37,1,151.05,3,Recent / Developing,,Standard
16338,157,1,214.79999999999998,2,Low-Engagement / Dormant,10.605575837310806,Standard
16339,284,1,94.05,2,Low-Engagement / Dormant,1.4283272345836313,Standard
16340,107,3,1496.24,1,Lapsed Valuable Customers,2.483853506321307,Re-engagement Opportunity
16341,25,7,3850.79,0,High-Value Loyal,99.507705065091,Protect / Retain
16342,75,4,322.41,3,Recent / Developing,54.26246104747696,Standard
16343,16,3,614.12,3,Recent / Developing,5.15785675216515,Standard
16344,158,4,842.42,1,Lapsed Valuable Customers,8.0607875891651,Re-engagement Opportunity
16345,44,2,1178.79,3,Recent / Developing,20.83398094312912,Standard
16346,385,1,224.51,2,Low-Engagement / Dormant,2.908986815654847,Standard
16347,11,11,3442.96,0,High-Value Loyal,60.202901590661845,Protect / Retain
16348,32,8,1744.42,0,High-Value Loyal,123.69378702895891,Protect / Retain
16349,291,1,53.5,2,Low-Engagement / Dormant,0.679752444398142,Standard
16350,21,9,2253.89,0,High-Value Loyal,25.74189935132638,Protect / Retain
16351,333,13,3330.0299999999997,1,Lapsed Valuable Customers,13.146048003840242,Re-engagement Opportunity
16352,18,2,494.44,3,Recent / Developing,,Standard
16353,4,38,9999.460000000001,0,High-Value Loyal,1333.2307724697225,Protect / Retain
16354,63,5,1119.46,1,Lapsed Valuable Customers,22.79304671719915,Re-engagement Opportunity
16355,375,1,416.35,2,Low-Engagement / Dormant,1.6531234527717888,Standard
16356,198,6,415.87,1,Lapsed Valuable Customers,2.291766987571142,Re-engagement Opportunity
16357,33,4,868.37,3,Recent / Developing,21.89820852144809,Standard
16358,1,5,2919.65,0,High-Value Loyal,144.68190014460905,Protect / Retain
16359,7,16,2697.75,0,High-Value Loyal,168.59023092213494,Protect / Retain
16360,5,6,3450.41,0,High-Value Loyal,,Protect / Retain
16361,10,4,891.21,3,Recent / Developing,,Standard
16362,32,6,922.16,3,Recent / Developing,86.1285534110086,Emerging High-Value
16363,53,1,109.36000000000001,2,Low-Engagement / Dormant,,Standard
16364,12,2,705.79,3,Recent / Developing,36.89933813924742,Standard
16365,18,15,3307.2,0,High-Value Loyal,262.6940992293213,Protect / Retain
16366,19,4,1548.1299999999999,3,Recent / Developing,6.238588759079551,Standard
16367,37,3,1350.48,3,Recent / Developing,38.92711813785291,Standard
16368,2,3,621.44,3,Recent / Developing,5.886393410486211,Standard
16369,18,7,2656.56,0,High-Value Loyal,57.06731521348687,Protect / Retain
16370,82,4,1301.91,1,Lapsed Valuable Customers,125.95018073394888,Re-engagement Opportunity
16371,449,1,157.2,2,Low-Engagement / Dormant,1.348264052688055,Standard
16372,33,5,1290.31,3,Recent / Developing,26.264087622697076,Standard
16373,382,2,309.49,2,Low-Engagement / Dormant,2.976713158784318,Standard
16374,66,5,1723.4,1,Lapsed Valuable Customers,73.32709279917299,Re-engagement Opportunity
16375,470,2,104.0,2,Low-Engagement / Dormant,0.3174679921017727,Standard
16376,9,2,974.96,3,Recent / Developing,,Standard
16377,267,2,1308.48,1,Lapsed Valuable Customers,3.3438333013325114,Re-engagement Opportunity
16378,247,3,362.95,2,Low-Engagement / Dormant,2.8312699186004715,Standard
16379,4,4,2157.4,3,Recent / Developing,,Standard
16380,61,1,1743.1499999999999,3,Recent / Developing,,Standard
16381,396,2,247.85,2,Low-Engagement / Dormant,3.6261132652043457,Standard
16382,408,2,353.1,2,Low-Engagement / Dormant,1.9642660325839898,Standard
16383,75,7,2896.69,1,Lapsed Valuable Customers,90.41191070006965,Re-engagement Opportunity
16384,90,4,1358.95,1,Lapsed Valuable Customers,8.922953743434986,Re-engagement Opportunity
16385,60,5,1028.55,1,Lapsed Valuable Customers,26.39148249125628,Re-engagement Opportunity
16386,29,3,1068.16,3,Recent / Developing,9.666552481534332,Standard
16387,323,5,882.46,1,Lapsed Valuable Customers,5.492396269204666,Re-engagement Opportunity
16388,654,1,186.05,2,Low-Engagement / Dormant,0.15944469466736477,Standard
16389,53,4,1382.07,1,Lapsed Valuable Customers,18.774681996933463,Re-engagement Opportunity
16390,537,3,467.5,2,Low-Engagement / Dormant,0.4183237505431965,Standard
16391,401,4,1052.26,1,Lapsed Valuable Customers,8.589859282544232,Re-engagement Opportunity
16392,270,3,756.7,1,Lapsed Valuable Customers,14.09494139961563,Re-engagement Opportunity
16393,2,23,5482.57,0,High-Value Loyal,720.1605103366101,Protect / Retain
16394,57,5,1555.34,1,Lapsed Valuable Customers,82.06800050956623,Re-engagement Opportunity
16395,61,14,3518.41,0,High-Value Loyal,327.95378402928054,Protect / Retain
16396,476,1,137.8,2,Low-Engagement / Dormant,0.36518861378486267,Standard
16397,628,1,123.13,2,Low-Engagement / Dormant,0.15677457083941213,Standard
16398,154,2,1705.8,1,Lapsed Valuable Customers,40.669235011576376,Re-engagement Opportunity
16399,19,3,630.22,3,Recent / Developing,11.440686201619794,Standard
16400,95,9,3059.85,1,Lapsed Valuable Customers,75.26416885074204,Re-engagement Opportunity
16401,1,23,6849.15,0,High-Value Loyal,665.2771855558061,Protect / Retain
16402,265,2,499.1,2,Low-Engagement / Dormant,3.5509660417961317,Standard
16403,312,1,177.5,2,Low-Engagement / Dormant,1.1876606683235118,Standard
16404,70,1,443.05,2,Low-Engagement / Dormant,,Standard
16405,302,2,167.25,2,Low-Engagement / Dormant,0.7488222804878963,Standard
16406,19,3,528.36,3,Recent / Developing,23.22265212355869,Standard
16407,13,14,2761.65,0,High-Value Loyal,381.41107403893704,Protect / Retain
16408,591,1,231.93,2,Low-Engagement / Dormant,0.1589251282858158,Standard
16409,36,12,5652.74,0,High-Value Loyal,525.2005466289626,Protect / Retain
16410,734,1,130.32,2,Low-Engagement / Dormant,1.0765333930572678,Standard
16411,19,4,884.9399999999999,3,Recent / Developing,24.501123254823508,Standard
16412,54,5,593.19,3,Recent / Developing,9.342427704404377,Standard
16413,57,2,522.03,3,Recent / Developing,4.468788626627919,Standard
16414,22,5,551.21,3,Recent / Developing,7.987218909223287,Standard
16415,44,3,696.76,3,Recent / Developing,9.132753244504844,Standard
16416,27,9,2957.88,0,High-Value Loyal,77.92109110923192,Protect / Retain
16417,493,1,35.7,2,Low-Engagement / Dormant,0.49547664368615685,Standard
16418,45,5,1028.74,3,Recent / Developing,63.16499705629035,Emerging High-Value
16419,113,8,1463.7,1,Lapsed Valuable Customers,26.96893677124538,Re-engagement Opportunity
16420,396,1,75.0,2,Low-Engagement / Dormant,0.46938924801256643,Standard
16421,376,3,526.27,2,Low-Engagement / Dormant,2.621604210882016,Standard
16422,17,109,63589.07,0,High-Value Loyal,9397.064922302563,Protect / Retain
16423,25,1,346.12,3,Recent / Developing,,Standard
16424,191,2,443.06,2,Low-Engagement / Dormant,5.3689196624837106,Standard
16425,302,1,302.7,2,Low-Engagement / Dormant,2.3394917522712433,Standard
16426,2,10,1863.76,0,High-Value Loyal,170.60032024234647,Protect / Retain
16427,263,2,241.06,2,Low-Engagement / Dormant,3.4778395552411174,Standard
16428,414,3,638.49,1,Lapsed Valuable Customers,11.130971735164273,Re-engagement Opportunity
16429,106,1,284.55,2,Low-Engagement / Dormant,9.180290320477267,Standard
16430,57,7,1117.94,1,Lapsed Valuable Customers,6.503930254578029,Re-engagement Opportunity
16431,213,3,623.28,1,Lapsed Valuable Customers,12.572248917420705,Re-engagement Opportunity
16432,64,1,287.4,2,Low-Engagement / Dormant,,Standard
16433,28,2,384.52,3,Recent / Developing,5.479126555818753,Standard
16434,29,12,2673.69,0,High-Value Loyal,45.931406515906986,Protect / Retain
16435,512,3,1003.0699999999999,1,Lapsed Valuable Customers,2.63871088422919,Re-engagement Opportunity
16436,668,3,319.14,2,Low-Engagement / Dormant,0.39073397261217313,Standard
16437,381,2,301.25,2,Low-Engagement / Dormant,2.228952943185285,Standard
16438,6,5,798.35,3,Recent / Developing,,Standard
16439,722,1,310.70000000000005,2,Low-Engagement / Dormant,0.161066065030973,Standard
16440,8,6,3856.9700000000003,0,High-Value Loyal,14.791887978417126,Protect / Retain
16441,67,5,1019.13,1,Lapsed Valuable Customers,12.221644987362971,Re-engagement Opportunity
16442,2,5,891.98,3,Recent / Developing,37.72553986287721,Standard
16443,521,1,162.24,2,Low-Engagement / Dormant,0.6232418836826188,Standard
16444,46,17,3625.88,0,High-Value Loyal,170.94376564656238,Protect / Retain
16445,34,4,583.16,3,Recent / Developing,11.36052878520369,Standard
16446,1,2,168472.5,0,High-Value Loyal,44.87709161100219,Protect / Retain
16447,136,3,727.1,1,Lapsed Valuable Customers,4.639312648648114,Re-engagement Opportunity
16448,198,2,361.12,2,Low-Engagement / Dormant,3.735602318589603,Standard
16449,198,2,707.69,2,Low-Engagement / Dormant,10.523810330960654,Standard
16450,150,3,1505.73,1,Lapsed Valuable Customers,1.295921785209305,Re-engagement Opportunity
16451,88,3,1013.15,1,Lapsed Valuable Customers,7.529296154331554,Re-engagement Opportunity
16452,631,2,332.17,2,Low-Engagement / Dormant,0.17047120485146058,Standard
16453,531,2,251.71,2,Low-Engagement / Dormant,0.2875236576036655,Standard
16454,45,4,30.950000000000003,2,Low-Engagement / Dormant,1.3608158939658297,Standard
16455,64,11,4376.87,0,High-Value Loyal,203.6798092669789,Protect / Retain
16456,99,13,6788.34,0,High-Value Loyal,56.09342878387484,Protect / Retain
16457,218,1,208.36,2,Low-Engagement / Dormant,4.638982052591005,Standard
16458,3,30,5690.89,0,High-Value Loyal,821.348968255692,Protect / Retain
16459,730,1,71.78999999999999,2,Low-Engagement / Dormant,0.3102542527043459,Standard
16460,28,3,811.23,3,Recent / Developing,,Standard
16461,178,3,1545.83,1,Lapsed Valuable Customers,4.370285503599201,Re-engagement Opportunity
16462,74,3,136.0,2,Low-Engagement / Dormant,16.786377855197955,Standard
16463,21,4,1422.4,3,Recent / Developing,7.887175903745895,Standard
16464,20,3,1298.66,3,Recent / Developing,49.348708068645145,Standard
16465,421,2,746.24,2,Low-Engagement / Dormant,4.904260080320947,Standard
16466,34,15,3767.09,0,High-Value Loyal,228.60250710349007,Protect / Retain
16467,509,7,2869.16,1,Lapsed Valuable Customers,0.6856006633646913,Re-engagement Opportunity
16468,74,3,787.52,3,Recent / Developing,5.7793240645639585,Standard
16469,24,5,803.9,3,Recent / Developing,14.246990814715224,Standard
16470,52,11,2416.85,0,High-Value Loyal,124.3951415688116,Protect / Retain
16471,275,4,1189.98,1,Lapsed Valuable Customers,3.5738465568332156,Re-engagement Opportunity
16472,434,2,789.6,2,Low-Engagement / Dormant,1.9668295406047187,Standard
16473,165,4,470.83,1,Lapsed Valuable Customers,4.440281544002004,Re-engagement Opportunity
16474,7,7,1810.65,0,High-Value Loyal,59.16726708214981,Protect / Retain
16475,88,4,544.3,1,Lapsed Valuable Customers,30.75702375796231,Re-engagement Opportunity
16476,432,1,350.35,2,Low-Engagement / Dormant,1.554516920728292,Standard
16477,64,11,4320.02,0,High-Value Loyal,421.63230340047613,Protect / Retain
16478,25,3,331.0,3,Recent / Developing,,Standard
16479,10,2,300.83,3,Recent / Developing,,Standard
16480,76,1,769.29,3,Recent / Developing,,Standard
16481,682,1,453.38,2,Low-Engagement / Dormant,0.19366794799791134,Standard
16482,16,1,220.62,3,Recent / Developing,,Standard
16483,192,1,139.35,2,Low-Engagement / Dormant,2.5351174565419714,Standard
16484,174,2,404.3,2,Low-Engagement / Dormant,4.416721855480031,Standard
16485,77,5,2287.19,1,Lapsed Valuable Customers,16.153649734195668,Re-engagement Opportunity
16486,538,1,134.36,2,Low-Engagement / Dormant,1.2858241895768352,Standard
16487,577,2,209.4,2,Low-Engagement / Dormant,0.40597358507695924,Standard
16488,33,3,498.8,3,Recent / Developing,84.44219020547213,Emerging High-Value
16489,380,2,303.7,2,Low-Engagement / Dormant,1.541900930873968,Standard
16490,436,1,205.41000000000003,2,Low-Engagement / Dormant,3.299410404877852,Standard
16491,47,2,1533.16,3,Recent / Developing,13.842167949597478,Standard
16492,541,1,385.56,2,Low-Engagement / Dormant,1.6399180021755904,Standard
16493,80,7,2132.09,1,Lapsed Valuable Customers,60.953758098344174,Re-engagement Opportunity
16494,297,1,826.53,2,Low-Engagement / Dormant,6.961650851721727,Standard
16495,3,3,648.26,3,Recent / Developing,6.458730700246687,Standard
16496,9,6,2330.77,0,High-Value Loyal,114.29741024519913,Protect / Retain
16497,50,23,6695.28,0,High-Value Loyal,269.33973177084243,Protect / Retain
16498,161,2,100.97,2,Low-Engagement / Dormant,1.1823117615155299,Standard
16499,360,8,2578.34,1,Lapsed Valuable Customers,13.842270792952386,Re-engagement Opportunity
16500,5,9,843.9100000000001,3,Recent / Developing,4.811629549582902,Standard
16501,383,1,1191.23,2,Low-Engagement / Dormant,7.0111364287720646,Standard
16502,620,2,258.55,2,Low-Engagement / Dormant,0.3449820168453353,Standard
16503,107,11,3614.34,1,Lapsed Valuable Customers,96.08268128917499,Re-engagement Opportunity
16504,25,1,465.88,3,Recent / Developing,,Standard
16505,32,1,777.6,3,Recent / Developing,,Standard
16506,20,2,90.30000000000001,3,Recent / Developing,,Standard
16507,572,1,142.71,2,Low-Engagement / Dormant,1.4061722919317143,Standard
16508,630,1,240.95,2,Low-Engagement / Dormant,0.6492540644484976,Standard
16509,297,1,363.7,2,Low-Engagement / Dormant,1.0092978991041173,Standard
16510,372,6,2025.6,1,Lapsed Valuable Customers,14.329757790065855,Re-engagement Opportunity
16511,22,6,1760.49,3,Recent / Developing,37.63963700014728,Standard
16513,5,4,874.59,3,Recent / Developing,,Standard
16515,52,10,3179.06,0,High-Value Loyal,220.29857248061666,Protect / Retain
16516,30,1,101.69999999999999,3,Recent / Developing,,Standard
16517,277,1,162.7,2,Low-Engagement / Dormant,1.529938623596022,Standard
16518,61,4,959.37,1,Lapsed Valuable Customers,9.573136314564328,Re-engagement Opportunity
16519,25,4,542.76,3,Recent / Developing,2.9539654402674596,Standard
16520,186,6,2474.14,1,Lapsed Valuable Customers,52.42346576486002,Re-engagement Opportunity
16521,415,3,1140.11,1,Lapsed Valuable Customers,3.2290402040028385,Re-engagement Opportunity
16522,436,2,433.36,2,Low-Engagement / Dormant,2.504650765881655,Standard
16523,2,28,11916.33,0,High-Value Loyal,1712.6972921981774,Protect / Retain
16524,446,2,306.19,2,Low-Engagement / Dormant,8.064363696097665,Standard
16525,2,48,24562.74,0,High-Value Loyal,3048.590795124521,Protect / Retain
16526,172,2,717.21,2,Low-Engagement / Dormant,2.204271446764767,Standard
16527,81,2,1232.94,1,Lapsed Valuable Customers,9.114785263837515,Re-engagement Opportunity
16528,4,1,244.41,3,Recent / Developing,,Standard
16529,190,4,1986.8,1,Lapsed Valuable Customers,14.30949528785723,Re-engagement Opportunity
16530,668,1,48.349999999999994,2,Low-Engagement / Dormant,0.16516416663460493,Standard
16531,22,11,2298.33,0,High-Value Loyal,137.069577212589,Protect / Retain
16532,18,5,8756.64,0,High-Value Loyal,106.2561232001828,Protect / Retain
16533,19,3,1082.81,3,Recent / Developing,,Standard
16534,642,1,635.9,2,Low-Engagement / Dormant,2.237883705373349,Standard
16535,5,3,972.04,3,Recent / Developing,5.179642669045653,Standard
16536,110,1,548.12,2,Low-Engagement / Dormant,35.3724480979283,Standard
16537,641,1,23.35,2,Low-Engagement / Dormant,0.5149088044574553,Standard
16538,541,3,395.07,2,Low-Engagement / Dormant,0.3926356056454834,Standard
16539,3,10,3732.01,0,High-Value Loyal,79.93282786184186,Protect / Retain
16540,414,1,205.75,2,Low-Engagement / Dormant,3.793016893539213,Standard
16541,735,1,424.03,2,Low-Engagement / Dormant,0.6773594928568629,Standard
16542,54,2,257.32,3,Recent / Developing,2.2907764621026745,Standard
16543,592,1,292.21,2,Low-Engagement / Dormant,0.4477301927658327,Standard
16544,520,4,376.70000000000005,2,Low-Engagement / Dormant,0.4193068249390711,Standard
16545,165,2,689.82,2,Low-Engagement / Dormant,3.657923059142266,Standard
16546,291,5,5606.47,1,Lapsed Valuable Customers,35.02834551192592,Re-engagement Opportunity
16547,546,1,104.25999999999999,2,Low-Engagement / Dormant,0.9187867963345578,Standard
16548,599,1,30.15,2,Low-Engagement / Dormant,0.9109393368344483,Standard
16549,10,34,12781.8,0,High-Value Loyal,757.1919130162321,Protect / Retain
16550,109,18,9368.24,0,High-Value Loyal,184.20479856772226,Protect / Retain
16551,96,7,2237.12,1,Lapsed Valuable Customers,18.664906592508046,Re-engagement Opportunity
16552,243,2,475.02000000000004,2,Low-Engagement / Dormant,4.217924186434853,Standard
16553,163,33,16584.01,0,High-Value Loyal,150.00046060495671,Protect / Retain
16554,42,8,2841.72,0,High-Value Loyal,69.47986746206408,Protect / Retain
16555,35,6,1915.68,1,Lapsed Valuable Customers,66.67213473700988,Re-engagement Opportunity
16556,67,17,8012.58,0,High-Value Loyal,866.8555274267457,Protect / Retain
16557,24,2,281.85,3,Recent / Developing,21.41173594950238,Standard
16558,1,38,13873.51,0,High-Value Loyal,1871.7052928119062,Protect / Retain
16559,397,1,175.0,2,Low-Engagement / Dormant,0.7016773150357913,Standard
16560,27,8,3048.38,0,High-Value Loyal,49.86126882360351,Protect / Retain
16561,6,2,511.12,3,Recent / Developing,,Standard
16562,477,1,223.85999999999999,2,Low-Engagement / Dormant,0.37700407038666023,Standard
16563,54,6,4412.56,1,Lapsed Valuable Customers,94.53705874748182,Re-engagement Opportunity
16564,569,1,87.8,2,Low-Engagement / Dormant,0.3235556549442519,Standard
16565,364,4,773.05,1,Lapsed Valuable Customers,2.7707718254978824,Re-engagement Opportunity
16566,15,5,614.66,3,Recent / Developing,14.598933409457652,Standard
16567,194,2,865.6,1,Lapsed Valuable Customers,12.777246763698855,Re-engagement Opportunity
16568,428,2,1020.9000000000001,1,Lapsed Valuable Customers,1.5802959121742925,Re-engagement Opportunity
16569,3,5,1455.23,3,Recent / Developing,5.904231539374653,Standard
16570,15,20,7434.31,0,High-Value Loyal,786.3860958121066,Protect / Retain
16571,27,10,4248.74,0,High-Value Loyal,443.0938050742946,Protect / Retain
16572,127,3,1009.6,1,Lapsed Valuable Customers,21.925200958786544,Re-engagement Opportunity
16573,85,2,663.61,3,Recent / Developing,6.051988340987037,Standard
16574,71,3,1301.78,1,Lapsed Valuable Customers,9.098297709301681,Re-engagement Opportunity
16576,420,2,540.87,2,Low-Engagement / Dormant,3.2976476569261486,Standard
16577,667,1,380.0,2,Low-Engagement / Dormant,0.20992653143794773,Standard
16578,626,1,156.6,2,Low-Engagement / Dormant,0.48108583114641124,Standard
16579,426,1,295.05,2,Low-Engagement / Dormant,3.451852871565568,Standard
16581,183,1,105.84,2,Low-Engagement / Dormant,1.3966656498376167,Standard
16582,113,1,313.62,2,Low-Engagement / Dormant,16.941505011910795,Standard
16583,374,2,531.4,2,Low-Engagement / Dormant,2.6240454855286104,Standard
16584,80,5,3156.17,1,Lapsed Valuable Customers,91.37069806753591,Re-engagement Opportunity
16585,594,2,341.59,2,Low-Engagement / Dormant,0.1106000486427311,Standard
16586,249,3,1462.78,1,Lapsed Valuable Customers,2.136691614091583,Re-engagement Opportunity
16587,232,1,225.15,2,Low-Engagement / Dormant,3.9004614863446854,Standard
16588,386,4,1361.28,1,Lapsed Valuable Customers,5.479466768337102,Re-engagement Opportunity
16589,71,4,612.36,3,Recent / Developing,35.37345835477009,Standard
16590,401,2,605.9,2,Low-Engagement / Dormant,3.839506903309941,Standard
16591,69,1,213.5,2,Low-Engagement / Dormant,,Standard
16592,4,28,7807.91,0,High-Value Loyal,817.3326999349143,Protect / Retain
16593,51,8,1071.1399999999999,1,Lapsed Valuable Customers,12.004028895166783,Re-engagement Opportunity
16594,75,1,181.09,2,Low-Engagement / Dormant,,Standard
16595,61,5,1757.75,1,Lapsed Valuable Customers,11.428582380048146,Re-engagement Opportunity
16596,16,4,579.63,3,Recent / Developing,6.973992534041929,Standard
16597,4,1,90.04,3,Recent / Developing,,Standard
16598,286,1,145.04999999999998,2,Low-Engagement / Dormant,0.7318415313220621,Standard
16599,386,1,172.8,2,Low-Engagement / Dormant,0.6706011252679543,Standard
16600,4,13,2153.41,0,High-Value Loyal,56.39762377694862,Protect / Retain
16601,41,3,677.0,3,Recent / Developing,2.2584592428686507,Standard
16602,36,2,763.33,3,Recent / Developing,4.832632979800359,Standard
16603,75,2,482.47,3,Recent / Developing,86.81168767365682,Emerging High-Value
16604,563,2,432.45,2,Low-Engagement / Dormant,0.33191847188706275,Standard
16605,724,1,60.48,2,Low-Engagement / Dormant,0.29179301647295863,Standard
16606,404,2,357.66,2,Low-Engagement / Dormant,2.219849053197674,Standard
16607,18,25,5706.87,0,High-Value Loyal,527.9724552529864,Protect / Retain
16608,454,2,1286.6200000000001,1,Lapsed Valuable Customers,2.4356955128503577,Re-engagement Opportunity
16609,15,7,5493.46,0,High-Value Loyal,622.8431963721532,Protect / Retain
16610,219,1,75.66,2,Low-Engagement / Dormant,0.9128641233824234,Standard
16611,186,6,1785.13,1,Lapsed Valuable Customers,16.503937233193035,Re-engagement Opportunity
16612,33,9,3245.43,0,High-Value Loyal,140.96552558078378,Protect / Retain
16613,70,1,618.59,3,Recent / Developing,,Standard
16614,183,3,1179.79,1,Lapsed Valuable Customers,8.392875695005998,Re-engagement Opportunity
16615,626,1,291.5,2,Low-Engagement / Dormant,0.1549650904857406,Standard
16616,15,2,500.42,3,Recent / Developing,16.117912239609627,Standard
16617,236,1,151.85,2,Low-Engagement / Dormant,1.4487186125199647,Standard
16618,31,5,2647.59,1,Lapsed Valuable Customers,149.23433075923037,Re-engagement Opportunity
16619,264,4,1938.33,1,Lapsed Valuable Customers,13.361544845116718,Re-engagement Opportunity
16620,4,6,1758.93,3,Recent / Developing,23.89425221786764,Standard
16621,52,4,813.48,3,Recent / Developing,41.866464637288914,Standard
16622,544,1,225.4,2,Low-Engagement / Dormant,0.5191565113311221,Standard
16623,246,4,1015.24,1,Lapsed Valuable Customers,3.9950470471399924,Re-engagement Opportunity
16624,81,2,810.5699999999999,3,Recent / Developing,4.630850819998536,Standard
16625,275,5,1654.03,1,Lapsed Valuable Customers,16.754441470542634,Re-engagement Opportunity
16626,1,17,4413.1,0,High-Value Loyal,533.354781867794,Protect / Retain
16627,79,1,322.8,2,Low-Engagement / Dormant,,Standard
16628,30,7,2318.1,0,High-Value Loyal,60.046907031985285,Protect / Retain
16629,74,2,408.63,3,Recent / Developing,78.77425680008257,Emerging High-Value
16630,407,1,106.80000000000001,2,Low-Engagement / Dormant,0.42037666732925527,Standard
16631,482,7,1892.52,1,Lapsed Valuable Customers,1.621549488025115,Re-engagement Opportunity
16632,486,2,406.4,2,Low-Engagement / Dormant,0.3050015330733806,Standard
16633,17,6,2883.1,0,High-Value Loyal,120.98317166109946,Protect / Retain
16634,223,6,1814.61,1,Lapsed Valuable Customers,40.6598624666555,Re-engagement Opportunity
16635,407,1,473.0,2,Low-Engagement / Dormant,1.4899115374563088,Standard
16636,438,4,3802.04,1,Lapsed Valuable Customers,3.6719770725921883,Re-engagement Opportunity
16637,32,4,1154.47,3,Recent / Developing,55.6785448695175,Standard
16638,23,15,2430.53,0,High-Value Loyal,132.76588099846882,Protect / Retain
16639,31,4,1747.98,3,Recent / Developing,47.28719698907673,Standard
16640,398,1,179.4,2,Low-Engagement / Dormant,1.1906348732955383,Standard
16641,106,2,554.5,2,Low-Engagement / Dormant,3.0923754923294275,Standard
16642,5,3,1077.45,3,Recent / Developing,39.476589096729256,Standard
16643,246,2,923.11,1,Lapsed Valuable Customers,2.4664071642741785,Re-engagement Opportunity
16644,178,2,833.78,1,Lapsed Valuable Customers,21.74735417956377,Re-engagement Opportunity
16645,736,1,160.39,2,Low-Engagement / Dormant,0.7949057450280004,Standard
16646,449,1,678.8,2,Low-Engagement / Dormant,7.258156585195985,Standard
16647,170,4,541.9,1,Lapsed Valuable Customers,4.371186105046394,Re-engagement Opportunity
16648,43,3,672.8,3,Recent / Developing,11.124953146928402,Standard
16649,520,1,306.58000000000004,2,Low-Engagement / Dormant,0.9786890007631908,Standard
16650,72,7,1916.11,1,Lapsed Valuable Customers,17.606882542903005,Re-engagement Opportunity
16651,587,1,136.2,2,Low-Engagement / Dormant,0.1942047189016378,Standard
16652,59,16,17550.39,0,High-Value Loyal,849.8302048058024,Protect / Retain
16653,16,2,1212.66,3,Recent / Developing,,Standard
16654,141,8,1711.47,1,Lapsed Valuable Customers,15.3635248983506,Re-engagement Opportunity
16655,18,13,6423.26,0,High-Value Loyal,444.01532928082077,Protect / Retain
16656,22,30,16833.170000000002,0,High-Value Loyal,2188.5277907174004,Protect / Retain
16657,10,4,874.43,3,Recent / Developing,83.04857405401016,Emerging High-Value
16658,368,6,814.07,1,Lapsed Valuable Customers,4.514515511511355,Re-engagement Opportunity
16659,189,1,39.12,2,Low-Engagement / Dormant,6.657674162747737,Standard
16660,16,7,1879.55,0,High-Value Loyal,24.56453172150186,Protect / Retain
16661,540,4,932.76,1,Lapsed Valuable Customers,1.0637024821638867,Re-engagement Opportunity
16662,394,1,151.05,2,Low-Engagement / Dormant,0.7644811600809441,Standard
16663,729,1,165.0,2,Low-Engagement / Dormant,0.47913912896675326,Standard
16664,569,1,109.2,2,Low-Engagement / Dormant,0.5172462433446965,Standard
16665,362,1,135.39999999999998,2,Low-Engagement / Dormant,1.3892767767314984,Standard
16666,19,2,217.71,3,Recent / Developing,1.350497160530468,Standard
16667,68,2,567.1800000000001,3,Recent / Developing,5.828216225535841,Standard
16668,15,13,862.42,0,High-Value Loyal,9.987576880902758,Protect / Retain
16669,24,3,1348.88,3,Recent / Developing,,Standard
16670,17,20,8030.150000000001,0,High-Value Loyal,1105.9677454622747,Protect / Retain
16671,28,3,1692.27,3,Recent / Developing,26.34878934438586,Standard
16672,2,20,8134.9400000000005,0,High-Value Loyal,1005.7355773899052,Protect / Retain
16673,679,1,171.13,2,Low-Engagement / Dormant,0.17200053051311365,Standard
16674,55,2,304.24,3,Recent / Developing,26.283670889339835,Standard
16675,442,2,608.86,2,Low-Engagement / Dormant,4.87978996191151,Standard
16676,34,6,2361.9,1,Lapsed Valuable Customers,130.684311794084,Re-engagement Opportunity
16677,411,2,880.62,2,Low-Engagement / Dormant,2.1278653449316076,Standard
16678,3,12,3109.99,0,High-Value Loyal,323.2265361102909,Protect / Retain
16679,366,3,793.06,1,Lapsed Valuable Customers,2.8960245441543,Re-engagement Opportunity
16680,43,3,821.45,3,Recent / Developing,9.58410266396213,Standard
16681,73,7,1921.84,1,Lapsed Valuable Customers,48.25021381521249,Re-engagement Opportunity
16682,5,5,1028.0,3,Recent / Developing,83.19547698058665,Emerging High-Value
16683,534,1,320.25,2,Low-Engagement / Dormant,0.5184767830610956,Standard
16684,4,55,147142.77,0,High-Value Loyal,28856.280165107924,Protect / Retain
16685,61,2,324.24,3,Recent / Developing,,Standard
16686,47,16,4881.07,0,High-Value Loyal,247.4411271302306,Protect / Retain
16687,391,1,157.63,2,Low-Engagement / Dormant,0.5452369986835182,Standard
16688,1,4,1260.86,3,Recent / Developing,,Standard
16689,76,2,422.59999999999997,3,Recent / Developing,,Standard
16690,72,4,353.03,3,Recent / Developing,6.881257455479866,Standard
16691,418,2,178.83,2,Low-Engagement / Dormant,1.0539312924557558,Standard
16692,256,4,1914.6999999999998,1,Lapsed Valuable Customers,6.686637683166369,Re-engagement Opportunity
16693,69,5,1179.48,1,Lapsed Valuable Customers,18.358781335524373,Re-engagement Opportunity
16694,723,1,98.30000000000001,2,Low-Engagement / Dormant,0.19577836371679547,Standard
16695,562,2,191.9,2,Low-Engagement / Dormant,0.3075085607926773,Standard
16696,135,4,657.9000000000001,1,Lapsed Valuable Customers,15.629404196702577,Re-engagement Opportunity
16697,241,1,112.75,2,Low-Engagement / Dormant,2.0785461615947427,Standard
16698,227,2,1998.0,1,Lapsed Valuable Customers,1.9857461288750442,Re-engagement Opportunity
16699,380,7,994.6,1,Lapsed Valuable Customers,4.384657998124783,Re-engagement Opportunity
16700,9,25,9167.710000000001,0,High-Value Loyal,739.6482458107962,Protect / Retain
16701,9,26,9916.73,0,High-Value Loyal,571.0399927209156,Protect / Retain
16702,415,4,1110.83,1,Lapsed Valuable Customers,2.5548827413094135,Re-engagement Opportunity
16704,618,2,664.16,2,Low-Engagement / Dormant,3.8592078542240817,Standard
16705,1,42,43515.051,0,High-Value Loyal,5077.683614966076,Protect / Retain
16706,37,3,531.35,3,Recent / Developing,57.845496048267954,Standard
16707,400,4,533.41,1,Lapsed Valuable Customers,7.952469295102109,Re-engagement Opportunity
16708,46,1,656.63,3,Recent / Developing,,Standard
16709,85,14,9056.01,0,High-Value Loyal,509.6703277887529,Protect / Retain
16710,19,22,6291.77,0,High-Value Loyal,584.6459701070545,Protect / Retain
16711,3,9,2868.48,0,High-Value Loyal,86.87665652502949,Protect / Retain
16712,9,13,4232.87,0,High-Value Loyal,409.79640884880405,Protect / Retain
16713,19,32,14529.99,0,High-Value Loyal,1788.8871532865644,Protect / Retain
16714,219,4,1497.33,1,Lapsed Valuable Customers,8.762901660885056,Re-engagement Opportunity
16715,78,2,625.52,3,Recent / Developing,3.305152471750772,Standard
16716,267,3,2149.6800000000003,1,Lapsed Valuable Customers,3.9121931253998445,Re-engagement Opportunity
16717,24,14,6970.93,0,High-Value Loyal,566.6410147781091,Protect / Retain
16718,369,5,3612.13,1,Lapsed Valuable Customers,10.81502484094879,Re-engagement Opportunity
16719,15,14,3944.35,0,High-Value Loyal,316.05503740406937,Protect / Retain
16720,26,3,758.74,3,Recent / Developing,13.447561223445064,Standard
16721,262,1,292.47,2,Low-Engagement / Dormant,3.4723051958778277,Standard
16722,17,22,8989.08,0,High-Value Loyal,1112.6055743068714,Protect / Retain
16723,91,4,1231.36,1,Lapsed Valuable Customers,8.177496821925907,Re-engagement Opportunity
16724,405,1,147.35,2,Low-Engagement / Dormant,1.0483499303759667,Standard
16725,302,14,1810.41,1,Lapsed Valuable Customers,13.544578100874922,Re-engagement Opportunity
16726,26,7,2063.88,0,High-Value Loyal,188.2935616421415,Protect / Retain
16727,364,4,1377.77,1,Lapsed Valuable Customers,7.115603393099525,Re-engagement Opportunity
16728,46,4,1048.28,3,Recent / Developing,72.46473833709634,Emerging High-Value
16729,38,21,7205.33,0,High-Value Loyal,1117.5526006792861,Protect / Retain
16730,52,3,743.11,3,Recent / Developing,14.161785731997949,Standard
16731,648,1,170.3,2,Low-Engagement / Dormant,0.2709489222251375,Standard
16732,32,4,4387.64,1,Lapsed Valuable Customers,32.0971546515804,Re-engagement Opportunity
16733,530,1,259.68,2,Low-Engagement / Dormant,1.5020915768662286,Standard
16734,52,3,646.76,3,Recent / Developing,109.48453887172285,Emerging High-Value
16735,79,14,6217.41,0,High-Value Loyal,180.53081553471966,Protect / Retain
16736,506,5,2956.56,1,Lapsed Valuable Customers,1.1975520716827432,Re-engagement Opportunity
16737,53,2,835.1999999999999,3,Recent / Developing,5.8590381622955405,Standard
16738,298,1,3.75,2,Low-Engagement / Dormant,0.9175718066348151,Standard
16739,177,2,786.43,1,Lapsed Valuable Customers,2.498427473422861,Re-engagement Opportunity
16740,395,1,226.91,2,Low-Engagement / Dormant,4.3717080724542114,Standard
16741,625,1,173.06,2,Low-Engagement / Dormant,0.16460162608578013,Standard
16742,47,14,2799.87,0,High-Value Loyal,5.669243555159272,Protect / Retain
16743,29,14,4212.15,0,High-Value Loyal,391.70171688019053,Protect / Retain
16744,11,7,1291.91,3,Recent / Developing,132.3210194448968,Emerging High-Value
16745,87,17,7180.7,0,High-Value Loyal,1158.3785484849197,Protect / Retain
16746,5,42,18046.75,0,High-Value Loyal,1669.883185353502,Protect / Retain
16747,38,2,836.06,3,Recent / Developing,,Standard
16748,18,14,3637.33,0,High-Value Loyal,152.59992122247172,Protect / Retain
16749,591,2,4157.88,1,Lapsed Valuable Customers,0.26179375000729393,Re-engagement Opportunity
16750,45,5,623.93,3,Recent / Developing,82.4259562405543,Emerging High-Value
16751,31,1,1764.72,3,Recent / Developing,,Standard
16752,373,1,415.0,2,Low-Engagement / Dormant,1.0666400257471236,Standard
16753,58,1,223.92000000000002,2,Low-Engagement / Dormant,,Standard
16754,372,29,67502.47,0,High-Value Loyal,4.416395504562283,Protect / Retain
16755,114,7,2864.68,1,Lapsed Valuable Customers,43.088325388822575,Re-engagement Opportunity
16756,215,7,1312.3700000000001,1,Lapsed Valuable Customers,8.779206458225145,Re-engagement Opportunity
16757,319,2,270.48,2,Low-Engagement / Dormant,3.3977219420075606,Standard
16758,65,1,369.34000000000003,2,Low-Engagement / Dormant,,Standard
16759,8,3,789.79,3,Recent / Developing,,Standard
16760,430,1,228.0,2,Low-Engagement / Dormant,3.0669780804561966,Standard
16761,97,1,316.62,2,Low-Engagement / Dormant,38.15661205850701,Standard
16762,20,3,1207.24,3,Recent / Developing,65.81274017372273,Emerging High-Value
16763,199,2,964.6999999999999,1,Lapsed Valuable Customers,4.470137085318299,Re-engagement Opportunity
16764,4,13,2790.9500000000003,0,High-Value Loyal,204.66231052815527,Protect / Retain
16765,294,2,454.75,2,Low-Engagement / Dormant,3.808915178116,Standard
16766,273,2,1145.6,1,Lapsed Valuable Customers,2.184984855961016,Re-engagement Opportunity
16767,31,15,8056.76,0,High-Value Loyal,571.4304062559643,Protect / Retain
16768,48,9,1698.57,1,Lapsed Valuable Customers,41.43117001769957,Re-engagement Opportunity
16769,260,4,1117.05,1,Lapsed Valuable Customers,4.882511915390475,Re-engagement Opportunity
16770,58,9,1909.73,1,Lapsed Valuable Customers,91.51554492950666,Re-engagement Opportunity
16771,33,10,3949.6,0,High-Value Loyal,81.07596064026397,Protect / Retain
16772,423,3,3698.0499999999997,1,Lapsed Valuable Customers,4.801513255186787,Re-engagement Opportunity
16773,57,3,421.24,3,Recent / Developing,7.627647803125867,Standard
16774,68,8,1567.48,1,Lapsed Valuable Customers,60.24099480007968,Re-engagement Opportunity
16775,10,16,3052.7400000000002,0,High-Value Loyal,356.0185689504108,Protect / Retain
16776,60,2,592.51,3,Recent / Developing,4.280437166876824,Standard
16777,80,5,1292.18,1,Lapsed Valuable Customers,12.011353280958101,Re-engagement Opportunity
16778,74,2,245.94,2,Low-Engagement / Dormant,1.9232568472174671,Standard
16779,2,53,33165.94,0,High-Value Loyal,4267.790591009774,Protect / Retain
16780,100,3,596.4,1,Lapsed Valuable Customers,17.10663831409426,Re-engagement Opportunity
16781,372,2,934.25,1,Lapsed Valuable Customers,1.5848051732184611,Re-engagement Opportunity
16782,10,38,10000.32,0,High-Value Loyal,209.40954304926646,Protect / Retain
16783,437,1,391.95,2,Low-Engagement / Dormant,2.4596126429728145,Standard
16784,20,5,892.33,3,Recent / Developing,23.150565106898597,Standard
16785,410,1,533.78,2,Low-Engagement / Dormant,3.2615188692468835,Standard
16786,394,1,51.839999999999996,2,Low-Engagement / Dormant,0.29481310641995784,Standard
16787,398,4,1017.53,1,Lapsed Valuable Customers,5.52192558357545,Re-engagement Opportunity
16788,123,5,1928.93,1,Lapsed Valuable Customers,6.9771373459186945,Re-engagement Opportunity
16789,8,1,80.8,3,Recent / Developing,,Standard
16790,4,6,1545.6200000000001,3,Recent / Developing,,Standard
16791,29,15,3957.63,0,High-Value Loyal,250.8397231501988,Protect / Retain
16792,282,5,623.46,1,Lapsed Valuable Customers,7.539431008485954,Re-engagement Opportunity
16793,57,1,243.84,2,Low-Engagement / Dormant,,Standard
16794,1,15,2052.7,0,High-Value Loyal,147.63456174113355,Protect / Retain
16795,365,3,2477.29,1,Lapsed Valuable Customers,8.03511261744336,Re-engagement Opportunity
16796,89,1,305.62,2,Low-Engagement / Dormant,,Standard
16797,393,5,1802.02,1,Lapsed Valuable Customers,14.860515062854924,Re-engagement Opportunity
16798,554,3,841.16,1,Lapsed Valuable Customers,2.3628998966545725,Re-engagement Opportunity
16799,432,2,452.78000000000003,2,Low-Engagement / Dormant,3.254453869242275,Standard
16800,11,1,1162.65,3,Recent / Developing,,Standard
16801,163,4,1594.23,1,Lapsed Valuable Customers,19.291525063868715,Re-engagement Opportunity
16802,679,2,582.61,2,Low-Engagement / Dormant,1.7135203289904366,Standard
16803,65,1,332.3,2,Low-Engagement / Dormant,,Standard
16804,23,3,536.99,3,Recent / Developing,4.319151563363906,Standard
16805,174,5,1091.34,1,Lapsed Valuable Customers,13.801354936569082,Re-engagement Opportunity
16806,103,4,762.16,1,Lapsed Valuable Customers,18.766889062215256,Re-engagement Opportunity
16807,143,6,2123.88,1,Lapsed Valuable Customers,23.833870810249785,Re-engagement Opportunity
16808,99,2,288.42,2,Low-Engagement / Dormant,15.653055767967544,Standard
16809,23,9,1727.43,0,High-Value Loyal,62.61365297323913,Protect / Retain
16810,192,2,842.0400000000001,1,Lapsed Valuable Customers,4.670591673468058,Re-engagement Opportunity
16811,5,2,547.07,3,Recent / Developing,,Standard
16812,361,4,2392.0,1,Lapsed Valuable Customers,7.688052711632906,Re-engagement Opportunity
16813,8,10,1652.18,0,High-Value Loyal,367.38487827545384,Protect / Retain
16814,14,36,12198.14,0,High-Value Loyal,1497.6099450145748,Protect / Retain
16815,454,2,406.02,2,Low-Engagement / Dormant,4.659110186925503,Standard
16816,103,4,417.06,1,Lapsed Valuable Customers,6.402162058707624,Re-engagement Opportunity
16817,3,13,2804.9,0,High-Value Loyal,109.8307301034367,Protect / Retain
16818,11,11,3349.57,0,High-Value Loyal,495.934425563612,Protect / Retain
16819,465,2,182.59,2,Low-Engagement / Dormant,0.3755304543785895,Standard
16820,96,1,497.61,2,Low-Engagement / Dormant,25.53301732072573,Standard
16821,382,1,113.35,2,Low-Engagement / Dormant,0.5490854734911184,Standard
16822,686,1,181.39,2,Low-Engagement / Dormant,0.0616831038129144,Standard
16823,227,7,2243.09,1,Lapsed Valuable Customers,27.552652798541,Re-engagement Opportunity
16824,16,3,686.24,3,Recent / Developing,50.84264642062883,Standard
16825,39,5,1826.89,1,Lapsed Valuable Customers,67.70657555178035,Re-engagement Opportunity
16826,51,1,341.7,3,Recent / Developing,,Standard
16827,393,5,392.13,1,Lapsed Valuable Customers,1.5210786819311253,Re-engagement Opportunity
16828,93,2,128.5,2,Low-Engagement / Dormant,5.0577208954874955,Standard
16829,157,2,513.32,2,Low-Engagement / Dormant,7.796418865594138,Standard
16830,39,4,1207.5,3,Recent / Developing,16.72822070525095,Standard
16831,565,1,91.8,2,Low-Engagement / Dormant,0.263972369602515,Standard
16832,184,5,417.61,1,Lapsed Valuable Customers,2.6747817545098527,Re-engagement Opportunity
16833,1,6,2409.04,0,High-Value Loyal,47.213275672104686,Protect / Retain
16834,228,2,898.96,1,Lapsed Valuable Customers,3.1937418332702014,Re-engagement Opportunity
16835,128,6,1538.41,1,Lapsed Valuable Customers,11.197739916855838,Re-engagement Opportunity
16836,40,4,782.37,3,Recent / Developing,15.788151276900892,Standard
16837,31,11,3170.98,0,High-Value Loyal,139.89249839049532,Protect / Retain
16838,197,4,1159.61,1,Lapsed Valuable Customers,7.293406337027226,Re-engagement Opportunity
16839,9,44,22310.49,0,High-Value Loyal,2096.6893965559675,Protect / Retain
16840,603,2,139.85,2,Low-Engagement / Dormant,0.35083244572728184,Standard
16841,37,12,4006.06,0,High-Value Loyal,335.39306148621205,Protect / Retain
16842,101,3,1264.19,1,Lapsed Valuable Customers,36.88007596233425,Re-engagement Opportunity
16843,43,35,19571.43,0,High-Value Loyal,1722.2529638726473,Protect / Retain
16844,563,2,614.34,2,Low-Engagement / Dormant,3.6130193320273642,Standard
16845,618,1,253.88,2,Low-Engagement / Dormant,0.25754379683378276,Standard
16846,50,3,842.41,3,Recent / Developing,7.926358317363991,Standard
16847,43,2,614.89,3,Recent / Developing,3.0378694943912206,Standard
16848,53,4,1411.62,1,Lapsed Valuable Customers,8.536760156376644,Re-engagement Opportunity
16849,187,1,124.57,2,Low-Engagement / Dormant,1.1138624365070127,Standard
16850,334,1,332.41,2,Low-Engagement / Dormant,1.112140426460299,Standard
16851,4,3,342.45,3,Recent / Developing,,Standard
16852,10,2,144.91000000000003,3,Recent / Developing,2.8208297798672177,Standard
16854,417,2,1408.96,1,Lapsed Valuable Customers,4.282072009591163,Re-engagement Opportunity
16855,24,2,328.4,3,Recent / Developing,,Standard
16856,15,3,358.49,3,Recent / Developing,2.426440767284848,Standard
16857,443,1,352.8,2,Low-Engagement / Dormant,5.552035662056831,Standard
16858,369,10,4668.28,1,Lapsed Valuable Customers,24.723323014073625,Re-engagement Opportunity
16859,145,7,1932.41,1,Lapsed Valuable Customers,10.88228340013151,Re-engagement Opportunity
16860,453,3,1610.62,1,Lapsed Valuable Customers,2.2922384093489026,Re-engagement Opportunity
16861,60,5,946.59,1,Lapsed Valuable Customers,18.319543514595626,Re-engagement Opportunity
16862,547,4,662.33,1,Lapsed Valuable Customers,0.8193909821940739,Re-engagement Opportunity
16863,31,3,998.52,3,Recent / Developing,13.088631610728038,Standard
16864,434,2,409.25,2,Low-Engagement / Dormant,2.012862689104057,Standard
16865,402,1,130.95,2,Low-Engagement / Dormant,0.9296132892120523,Standard
16866,141,3,207.73999999999998,2,Low-Engagement / Dormant,10.289330874049233,Standard
16867,690,1,76.74000000000001,2,Low-Engagement / Dormant,0.08480480100134483,Standard
16868,394,3,384.56,2,Low-Engagement / Dormant,2.2742331327214025,Standard
16869,23,4,817.12,3,Recent / Developing,53.050136495996924,Standard
16870,469,1,450.15999999999997,2,Low-Engagement / Dormant,2.568258414014799,Standard
16871,22,6,2812.34,0,High-Value Loyal,124.4429726738121,Protect / Retain
16872,77,6,1213.13,1,Lapsed Valuable Customers,32.55069341393389,Re-engagement Opportunity
16873,5,12,14617.39,0,High-Value Loyal,724.3462201945238,Protect / Retain
16874,379,1,209.89000000000001,2,Low-Engagement / Dormant,3.052110717217209,Standard
16875,67,11,4234.53,0,High-Value Loyal,323.4946890241628,Protect / Retain
16876,404,1,136.01,2,Low-Engagement / Dormant,1.2034997715599773,Standard
16877,12,6,846.62,3,Recent / Developing,22.488857030378142,Standard
16878,84,1,13.3,2,Low-Engagement / Dormant,,Standard
16880,31,8,1813.21,0,High-Value Loyal,175.2542245671578,Protect / Retain
16881,67,1,432.0,3,Recent / Developing,,Standard
16882,67,3,705.12,3,Recent / Developing,7.834563173375235,Standard
16883,187,19,2374.09,1,Lapsed Valuable Customers,16.771590873491615,Re-engagement Opportunity
16884,38,4,1070.97,3,Recent / Developing,11.708560336637813,Standard
16885,15,4,684.6,3,Recent / Developing,5.152919337992369,Standard
16886,456,1,134.0,2,Low-Engagement / Dormant,1.1485843201345165,Standard
16887,35,3,658.17,3,Recent / Developing,6.070259805146758,Standard
16888,401,3,434.2,2,Low-Engagement / Dormant,2.6359289801743726,Standard
16889,195,6,2526.65,1,Lapsed Valuable Customers,62.21186516161259,Re-engagement Opportunity
16890,477,3,285.41,2,Low-Engagement / Dormant,0.3177559415137841,Standard
16891,2,11,1945.2,0,High-Value Loyal,76.31667897632452,Protect / Retain
16892,1,7,754.75,3,Recent / Developing,14.485150898819253,Standard
16893,367,2,395.82,2,Low-Engagement / Dormant,3.971297040611642,Standard
16894,502,3,1306.96,1,Lapsed Valuable Customers,3.1420391285687885,Re-engagement Opportunity
16895,65,5,1102.9,1,Lapsed Valuable Customers,19.172018627625636,Re-engagement Opportunity
16896,555,1,103.95,2,Low-Engagement / Dormant,0.33582557651135625,Standard
16897,299,2,289.78,2,Low-Engagement / Dormant,3.015572479555506,Standard
16898,26,5,997.29,3,Recent / Developing,41.3189272751475,Standard
16899,8,8,1695.77,0,High-Value Loyal,96.04486760339876,Protect / Retain
16900,17,3,887.11,3,Recent / Developing,,Standard
16901,729,1,204.26,2,Low-Engagement / Dormant,0.56367630629193,Standard
16902,116,1,1706.88,1,Lapsed Valuable Customers,30.771992126174542,Re-engagement Opportunity
16903,29,3,1041.75,3,Recent / Developing,36.517815148120675,Standard
16904,4,21,5014.06,0,High-Value Loyal,968.4142006584797,Protect / Retain
16905,5,17,4961.17,0,High-Value Loyal,64.93189237510286,Protect / Retain
16906,82,7,1410.92,1,Lapsed Valuable Customers,47.384529078031264,Re-engagement Opportunity
16907,29,9,1650.81,0,High-Value Loyal,75.15279757920663,Protect / Retain
16908,722,1,252.59,2,Low-Engagement / Dormant,0.5557437194214864,Standard
16909,72,1,379.14,2,Low-Engagement / Dormant,,Standard
16910,4,8,1508.96,0,High-Value Loyal,72.42848884765543,Protect / Retain
16911,636,2,255.25,2,Low-Engagement / Dormant,0.22705927222035455,Standard
16912,29,15,4460.51,0,High-Value Loyal,362.52645339228303,Protect / Retain
16913,290,3,423.90999999999997,2,Low-Engagement / Dormant,2.027353254248993,Standard
16914,36,1,183.76,3,Recent / Developing,,Standard
16915,9,11,1543.18,0,High-Value Loyal,50.652057934461865,Protect / Retain
16916,24,4,1098.45,3,Recent / Developing,29.30856181094221,Standard
16917,277,2,1851.88,1,Lapsed Valuable Customers,3.495264877994408,Re-engagement Opportunity
16918,50,16,3206.54,0,High-Value Loyal,271.6546437093973,Protect / Retain
16919,156,24,5108.01,0,High-Value Loyal,167.56107451377449,Protect / Retain
16920,411,1,355.45,2,Low-Engagement / Dormant,1.1799091516499425,Standard
16921,61,3,409.21,3,Recent / Developing,10.031714035332099,Standard
16922,573,1,611.08,2,Low-Engagement / Dormant,10.797761342119589,Standard
16923,12,32,13157.130000000001,0,High-Value Loyal,1681.505652208917,Protect / Retain
16924,21,3,829.89,3,Recent / Developing,,Standard
16925,540,1,125.65,2,Low-Engagement / Dormant,0.22599370129914115,Standard
16926,371,5,1399.8600000000001,1,Lapsed Valuable Customers,3.844659346229177,Re-engagement Opportunity
16927,116,3,543.05,1,Lapsed Valuable Customers,10.147194974180014,Re-engagement Opportunity
16928,80,29,4013.7799999999997,0,High-Value Loyal,595.5602036308408,Protect / Retain
16929,4,7,1295.39,3,Recent / Developing,60.18472489947851,Standard
16930,26,3,378.89,3,Recent / Developing,,Standard
16931,5,23,5184.27,0,High-Value Loyal,848.7055292232963,Protect / Retain
16932,53,3,412.55,3,Recent / Developing,5.703562097279707,Standard
16933,1,9,3099.3,0,High-Value Loyal,104.66631720212592,Protect / Retain
16934,55,6,2083.14,1,Lapsed Valuable Customers,7.597984515358841,Re-engagement Opportunity
16935,382,3,530.86,2,Low-Engagement / Dormant,3.5769365768578503,Standard
16936,26,2,548.29,3,Recent / Developing,8.708864563247047,Standard
16937,499,1,196.25,2,Low-Engagement / Dormant,0.34381332240803636,Standard
16938,9,9,6995.360000000001,0,High-Value Loyal,343.689563192905,Protect / Retain
16939,489,3,433.85,2,Low-Engagement / Dormant,0.36624204640736796,Standard
16940,52,8,6427.66,0,High-Value Loyal,371.9458478383011,Protect / Retain
16941,612,1,33.0,2,Low-Engagement / Dormant,1.0223420800140408,Standard
16942,13,9,1904.99,0,High-Value Loyal,264.4849250732816,Protect / Retain
16943,212,5,1299.49,1,Lapsed Valuable Customers,12.547439853739398,Re-engagement Opportunity
16944,610,1,101.36,2,Low-Engagement / Dormant,0.49249439744744733,Standard
16945,22,33,8548.16,0,High-Value Loyal,1288.0102641756002,Protect / Retain
16946,383,5,1222.04,1,Lapsed Valuable Customers,5.077288439203013,Re-engagement Opportunity
16947,236,5,955.21,1,Lapsed Valuable Customers,3.0473929895850733,Re-engagement Opportunity
16948,139,7,868.77,1,Lapsed Valuable Customers,5.779573791341335,Re-engagement Opportunity
16949,4,6,1286.27,3,Recent / Developing,31.69824408058195,Standard
16950,57,10,3713.77,0,High-Value Loyal,227.649620389343,Protect / Retain
16951,135,3,1277.75,1,Lapsed Valuable Customers,14.46411164216124,Re-engagement Opportunity
16952,109,5,795.83,1,Lapsed Valuable Customers,7.227517385196534,Re-engagement Opportunity
16953,30,1,20.8,2,Low-Engagement / Dormant,,Standard
16954,1,20,6081.88,0,High-Value Loyal,375.77707707545716,Protect / Retain
16955,185,6,1309.41,1,Lapsed Valuable Customers,18.423782159538952,Re-engagement Opportunity
16956,18,1,308.74,3,Recent / Developing,,Standard
16957,239,2,416.64,2,Low-Engagement / Dormant,3.9356351269030245,Standard
16958,435,1,778.49,2,Low-Engagement / Dormant,3.843650084551377,Standard
16959,87,1,117.35000000000001,2,Low-Engagement / Dormant,,Standard
16960,39,8,1990.88,1,Lapsed Valuable Customers,86.63008169790439,Re-engagement Opportunity
16961,116,3,794.56,1,Lapsed Valuable Customers,4.203871265561322,Re-engagement Opportunity
16962,410,1,251.04,2,Low-Engagement / Dormant,2.8618445337438985,Standard
16963,187,1,110.55000000000001,2,Low-Engagement / Dormant,1.0926037256319125,Standard
16964,733,2,207.85,2,Low-Engagement / Dormant,0.9862321545141872,Standard
16965,227,1,201.19,2,Low-Engagement / Dormant,2.600308806647729,Standard
16966,8,7,2154.97,0,High-Value Loyal,98.82091184003582,Protect / Retain
16967,189,1,319.02,2,Low-Engagement / Dormant,2.686660881547173,Standard
16968,4,2,439.43,3,Recent / Developing,84.94678041515132,Emerging High-Value
16969,39,3,650.41,3,Recent / Developing,35.092232559628954,Standard
16970,626,1,71.4,2,Low-Engagement / Dormant,0.2700933588902443,Standard
16971,38,1,357.21,3,Recent / Developing,,Standard
16972,383,2,749.0,2,Low-Engagement / Dormant,3.2286502957393965,Standard
16973,386,1,127.0,2,Low-Engagement / Dormant,0.38937718793198595,Standard
16974,523,2,365.5,2,Low-Engagement / Dormant,0.8848185737620915,Standard
16975,423,3,926.12,1,Lapsed Valuable Customers,2.066155316213658,Re-engagement Opportunity
16976,267,1,251.51999999999998,2,Low-Engagement / Dormant,2.9515921947046517,Standard
16977,395,4,496.0,1,Lapsed Valuable Customers,2.7080605595968055,Re-engagement Opportunity
16978,78,3,768.88,3,Recent / Developing,2.354361237520575,Standard
16979,4,9,2859.74,0,High-Value Loyal,132.77541488202107,Protect / Retain
16980,255,3,1422.8300000000002,1,Lapsed Valuable Customers,10.708461629520992,Re-engagement Opportunity
16982,61,1,384.06,3,Recent / Developing,,Standard
16983,13,11,3654.02,0,High-Value Loyal,241.02662692700002,Protect / Retain
16984,88,9,10350.53,0,High-Value Loyal,623.045138530196,Protect / Retain
16985,17,23,10923.16,0,High-Value Loyal,873.5928837346673,Protect / Retain
16986,30,11,4888.75,0,High-Value Loyal,40.06001679535259,Protect / Retain
16987,3,11,2521.4,0,High-Value Loyal,142.23699644039735,Protect / Retain
16988,5,2,382.67,3,Recent / Developing,3.888659159470853,Standard
16989,7,6,1133.25,3,Recent / Developing,39.904749166850024,Standard
16990,219,2,344.0,2,Low-Engagement / Dormant,2.571027713801314,Standard
16991,421,1,1041.21,2,Low-Engagement / Dormant,4.062841307879724,Standard
16992,11,13,5476.5,0,High-Value Loyal,133.212939480454,Protect / Retain
16993,464,2,1950.9499999999998,1,Lapsed Valuable Customers,0.7949915811512378,Re-engagement Opportunity
16996,30,9,2123.61,0,High-Value Loyal,260.56316573849233,Protect / Retain
16997,288,3,702.0,1,Lapsed Valuable Customers,5.386293614107849,Re-engagement Opportunity
16998,150,5,402.0,1,Lapsed Valuable Customers,3.4477267413622203,Re-engagement Opportunity
16999,23,2,484.82,3,Recent / Developing,,Standard
17000,396,2,406.3,2,Low-Engagement / Dormant,2.1202591065835947,Standard
17001,1,19,6640.8,0,High-Value Loyal,802.113670181335,Protect / Retain
17002,86,7,2571.55,1,Lapsed Valuable Customers,78.0785438956022,Re-engagement Opportunity
17003,402,4,828.21,1,Lapsed Valuable Customers,9.429567373210581,Re-engagement Opportunity
17004,46,4,2324.36,1,Lapsed Valuable Customers,113.42747962104995,Re-engagement Opportunity
17005,471,2,622.36,2,Low-Engagement / Dormant,1.5189067447814972,Standard
17006,5,8,1635.27,0,High-Value Loyal,16.361245451660885,Protect / Retain
17007,51,7,1120.1,1,Lapsed Valuable Customers,35.46576976392964,Re-engagement Opportunity
17008,429,1,81.36,2,Low-Engagement / Dormant,0.12472718677842787,Standard
17009,551,1,242.06,2,Low-Engagement / Dormant,0.4594834089235782,Standard
17010,18,1,195.36,3,Recent / Developing,,Standard
17011,30,3,671.7,3,Recent / Developing,3.3144026450002104,Standard
17012,725,1,360.61,2,Low-Engagement / Dormant,0.3340444336204569,Standard
17014,8,3,583.4300000000001,3,Recent / Developing,,Standard
17015,29,3,1838.6100000000001,3,Recent / Developing,54.88428541747848,Standard
17016,577,1,552.4,2,Low-Engagement / Dormant,4.1904458004674785,Standard
17017,3,29,14110.61,0,High-Value Loyal,954.636327008302,Protect / Retain
17018,41,6,2287.7,1,Lapsed Valuable Customers,16.06079595547601,Re-engagement Opportunity
17019,11,11,3961.11,0,High-Value Loyal,97.41477275688405,Protect / Retain
17020,542,2,935.62,2,Low-Engagement / Dormant,1.8706397559940835,Standard
17021,442,6,1182.22,1,Lapsed Valuable Customers,5.030465167389886,Re-engagement Opportunity
17022,31,2,260.0,3,Recent / Developing,3.113744473545351,Standard
17023,417,3,800.18,1,Lapsed Valuable Customers,5.662793756631498,Re-engagement Opportunity
17024,45,3,95.85,3,Recent / Developing,17.372510823075924,Standard
17025,61,5,1510.6399999999999,1,Lapsed Valuable Customers,7.559038455289899,Re-engagement Opportunity
17026,185,3,208.98,2,Low-Engagement / Dormant,2.8938409468499207,Standard
17027,79,9,1310.63,1,Lapsed Valuable Customers,59.270070091295366,Re-engagement Opportunity
17028,581,3,1593.83,1,Lapsed Valuable Customers,1.1764803200492295,Re-engagement Opportunity
17029,111,7,2137.3,1,Lapsed Valuable Customers,8.626712158449513,Re-engagement Opportunity
17030,64,1,146.87,2,Low-Engagement / Dormant,,Standard
17031,12,6,2773.85,0,High-Value Loyal,42.563755418300225,Protect / Retain
17032,548,8,2984.32,1,Lapsed Valuable Customers,0.44259916652198283,Re-engagement Opportunity
17033,86,4,1332.79,1,Lapsed Valuable Customers,15.13388327621927,Re-engagement Opportunity
17034,16,5,1276.42,3,Recent / Developing,10.33844517605847,Standard
17035,246,4,613.59,1,Lapsed Valuable Customers,6.312641186043082,Re-engagement Opportunity
17036,383,1,176.9,2,Low-Engagement / Dormant,0.6620088074871555,Standard
17037,88,1,1267.32,3,Recent / Developing,,Standard
17038,30,2,743.17,3,Recent / Developing,11.763740068248092,Standard
17039,604,1,1954.99,1,Lapsed Valuable Customers,0.48442049027692863,Re-engagement Opportunity
17040,138,2,463.25,2,Low-Engagement / Dormant,4.72714088838989,Standard
17041,27,6,1655.2,3,Recent / Developing,42.669115626242814,Standard
17042,3,5,1036.58,3,Recent / Developing,153.38047563655135,Emerging High-Value
17043,32,8,2593.65,0,High-Value Loyal,62.3657120483409,Protect / Retain
17044,25,12,11962.3,0,High-Value Loyal,94.58359274766903,Protect / Retain
17045,113,5,827.6800000000001,1,Lapsed Valuable Customers,30.565687847058705,Re-engagement Opportunity
17046,157,5,1906.07,1,Lapsed Valuable Customers,8.061353383354366,Re-engagement Opportunity
17047,85,6,2289.23,1,Lapsed Valuable Customers,57.44951897472105,Re-engagement Opportunity
17048,118,7,2071.68,1,Lapsed Valuable Customers,24.11767089203909,Re-engagement Opportunity
17049,3,19,9942.53,0,High-Value Loyal,983.9773343487273,Protect / Retain
17050,96,11,4648.59,0,High-Value Loyal,36.22204657655644,Protect / Retain
17051,194,4,706.49,1,Lapsed Valuable Customers,8.77108376801742,Re-engagement Opportunity
17052,28,1,399.09,3,Recent / Developing,,Standard
17053,131,1,498.48,2,Low-Engagement / Dormant,20.555474060540515,Standard
17054,28,5,1356.33,3,Recent / Developing,149.0992949540804,Emerging High-Value
17055,446,1,232.85,2,Low-Engagement / Dormant,2.689208546171929,Standard
17056,738,1,128.60000000000002,2,Low-Engagement / Dormant,0.3803724172648507,Standard
17057,596,1,294.74,2,Low-Engagement / Dormant,0.48194255211240233,Standard
17058,82,3,1179.89,1,Lapsed Valuable Customers,22.981641465449822,Re-engagement Opportunity
17059,30,9,5586.93,0,High-Value Loyal,162.76893246742225,Protect / Retain
17060,266,1,234.24,2,Low-Engagement / Dormant,2.4832447019086543,Standard
17061,74,11,5232.2300000000005,0,High-Value Loyal,344.736775294116,Protect / Retain
17062,314,6,1179.14,1,Lapsed Valuable Customers,7.493217328992785,Re-engagement Opportunity
17063,21,13,3638.53,0,High-Value Loyal,355.96300610758925,Protect / Retain
17064,59,3,855.45,3,Recent / Developing,16.57667047155871,Standard
17065,638,2,194.7,2,Low-Engagement / Dormant,0.4809698920088432,Standard
17066,726,1,228.34,2,Low-Engagement / Dormant,0.2970853360656266,Standard
17067,725,3,454.54,2,Low-Engagement / Dormant,0.7403786157298506,Standard
17068,12,47,9153.83,0,High-Value Loyal,1143.1452188826734,Protect / Retain
17069,28,14,5794.28,0,High-Value Loyal,503.3304057779305,Protect / Retain
17070,114,2,437.42,2,Low-Engagement / Dormant,29.063754870791755,Standard
17071,28,13,3793.71,0,High-Value Loyal,293.3235511860554,Protect / Retain
17072,625,1,273.35,2,Low-Engagement / Dormant,0.2946091556063845,Standard
17073,18,4,1446.09,3,Recent / Developing,81.51184165442228,Emerging High-Value
17074,563,1,203.05,2,Low-Engagement / Dormant,0.7070017884339721,Standard
17075,18,10,2236.63,0,High-Value Loyal,34.890814840370524,Protect / Retain
17076,36,6,1242.75,3,Recent / Developing,10.028218596329147,Standard
17077,578,1,306.0,2,Low-Engagement / Dormant,1.2691182883882344,Standard
17078,36,2,378.2,3,Recent / Developing,,Standard
17079,78,1,118.80000000000001,2,Low-Engagement / Dormant,,Standard
17080,22,7,957.53,3,Recent / Developing,9.782433321929322,Standard
17081,25,6,949.39,3,Recent / Developing,25.184871947796513,Standard
17082,33,6,4732.03,0,High-Value Loyal,73.37852224729933,Protect / Retain
17083,109,9,4049.79,1,Lapsed Valuable Customers,11.670735059005636,Re-engagement Opportunity
17084,35,3,5001.21,1,Lapsed Valuable Customers,101.92750656245101,Re-engagement Opportunity
17085,123,28,7847.67,0,High-Value Loyal,137.2100596314651,Protect / Retain
17086,7,6,2050.08,0,High-Value Loyal,,Protect / Retain
17087,738,1,221.53,2,Low-Engagement / Dormant,1.4798819920343804,Standard
17088,28,4,1991.01,3,Recent / Developing,60.62299535624072,Standard
17089,386,1,128.45,2,Low-Engagement / Dormant,0.33835022359071437,Standard
17090,4,13,3080.1800000000003,0,High-Value Loyal,87.28905126124873,Protect / Retain
17091,3,19,7789.2,0,High-Value Loyal,589.0763064881713,Protect / Retain
17092,50,11,5511.41,0,High-Value Loyal,460.5638217605643,Protect / Retain
17093,593,1,235.88,2,Low-Engagement / Dormant,0.6889749802020926,Standard
17094,322,2,402.20000000000005,2,Low-Engagement / Dormant,1.9525941462944987,Standard
17095,23,7,2572.25,0,High-Value Loyal,48.860024826126235,Protect / Retain
17096,15,11,3697.93,0,High-Value Loyal,330.8811688257373,Protect / Retain
17097,2,9,1318.08,0,High-Value Loyal,155.51521438181143,Protect / Retain
17098,382,3,591.0699999999999,2,Low-Engagement / Dormant,3.366615820922193,Standard
17099,533,1,582.17,2,Low-Engagement / Dormant,4.288488809555903,Standard
17100,18,2,971.74,3,Recent / Developing,,Standard
17101,10,7,2507.05,0,High-Value Loyal,38.14521313499866,Protect / Retain
17102,262,1,25.5,2,Low-Engagement / Dormant,1.5693866144936117,Standard
17103,722,1,424.3,2,Low-Engagement / Dormant,0.5861375049271496,Standard
17104,424,1,474.03,2,Low-Engagement / Dormant,1.378701456873272,Standard
17105,159,2,665.78,2,Low-Engagement / Dormant,17.40998964382142,Standard
17106,389,1,481.58,2,Low-Engagement / Dormant,1.7874793785026104,Standard
17107,33,10,16052.72,0,High-Value Loyal,1799.4820221421146,Protect / Retain
17108,664,1,174.95,2,Low-Engagement / Dormant,0.295797983270789,Standard
17109,29,8,1291.71,3,Recent / Developing,15.554330633816118,Standard
17110,165,3,499.9,1,Lapsed Valuable Customers,6.263143855196382,Re-engagement Opportunity
17111,47,2,459.58,3,Recent / Developing,4.250589037941948,Standard
17112,503,1,197.57,2,Low-Engagement / Dormant,0.3146010832607236,Standard
17113,574,6,2305.59,1,Lapsed Valuable Customers,1.863301262790252,Re-engagement Opportunity
17114,6,8,801.12,3,Recent / Developing,41.20072010583236,Standard
17115,8,7,2761.4900000000002,0,High-Value Loyal,39.829186381657706,Protect / Retain
17116,648,1,389.78,2,Low-Engagement / Dormant,0.7629568103167164,Standard
17117,288,1,116.19999999999999,2,Low-Engagement / Dormant,1.3249336110205858,Standard
17118,318,1,157.02,2,Low-Engagement / Dormant,0.8203297513063721,Standard
17119,3,2,606.91,3,Recent / Developing,,Standard
17120,233,1,307.46,2,Low-Engagement / Dormant,4.642201386360349,Standard
17121,403,1,314.74,2,Low-Engagement / Dormant,1.5461959070686657,Standard
17122,119,4,570.5,1,Lapsed Valuable Customers,4.193480355336554,Re-engagement Opportunity
17123,162,3,977.17,1,Lapsed Valuable Customers,3.26479670934513,Re-engagement Opportunity
17124,185,1,294.24,2,Low-Engagement / Dormant,2.5830194790738146,Standard
17125,50,1,230.5,3,Recent / Developing,,Standard
17126,152,9,2016.43,1,Lapsed Valuable Customers,38.78774427616138,Re-engagement Opportunity
17127,429,5,1155.0300000000002,1,Lapsed Valuable Customers,3.3217483715355343,Re-engagement Opportunity
17128,335,1,157.09,2,Low-Engagement / Dormant,0.8206672370327973,Standard
17129,520,1,31.85,2,Low-Engagement / Dormant,0.8410154955548554,Standard
17131,5,5,2463.17,3,Recent / Developing,,Standard
17132,452,2,1220.9099999999999,1,Lapsed Valuable Customers,2.914907436763682,Re-engagement Opportunity
17133,16,12,14622.33,0,High-Value Loyal,147.97971455349864,Protect / Retain
17134,107,3,625.3,1,Lapsed Valuable Customers,13.72917418405671,Re-engagement Opportunity
17135,16,10,1937.76,0,High-Value Loyal,25.82844353723859,Protect / Retain
17136,662,1,231.68,2,Low-Engagement / Dormant,0.09491919600945478,Standard
17137,416,6,1099.81,1,Lapsed Valuable Customers,2.2649313800570465,Re-engagement Opportunity
17138,276,7,4417.27,1,Lapsed Valuable Customers,9.920671804908968,Re-engagement Opportunity
17139,16,25,19566.76,0,High-Value Loyal,2195.4446843963538,Protect / Retain
17140,247,1,454.12,2,Low-Engagement / Dormant,1.4171324669043186,Standard
17141,418,4,727.58,1,Lapsed Valuable Customers,7.339939143872364,Re-engagement Opportunity
17142,239,4,1275.25,1,Lapsed Valuable Customers,4.450885631059506,Re-engagement Opportunity
17143,417,2,880.97,2,Low-Engagement / Dormant,3.257948273598061,Standard
17144,1,2,984.57,3,Recent / Developing,,Standard
17145,513,4,3120.91,1,Lapsed Valuable Customers,0.2863878480335138,Re-engagement Opportunity
17146,106,13,5852.64,0,High-Value Loyal,44.49365906745712,Protect / Retain
17147,23,9,3199.95,0,High-Value Loyal,71.3808246225127,Protect / Retain
17148,52,1,124.88,2,Low-Engagement / Dormant,,Standard
17149,451,1,143.10000000000002,2,Low-Engagement / Dormant,1.4146861468395198,Standard
17150,377,6,1357.95,1,Lapsed Valuable Customers,4.718919438864103,Re-engagement Opportunity
17151,735,1,231.90000000000003,2,Low-Engagement / Dormant,0.9722844773591198,Standard
17152,195,4,2016.5,1,Lapsed Valuable Customers,6.722484147445653,Re-engagement Opportunity
17153,24,1,213.78,3,Recent / Developing,,Standard
17154,75,1,329.34,2,Low-Engagement / Dormant,,Standard
17155,18,7,892.46,3,Recent / Developing,17.077973091776634,Standard
17156,492,1,591.87,2,Low-Engagement / Dormant,2.218657923242764,Standard
17157,8,19,5151.9,0,High-Value Loyal,253.963980333292,Protect / Retain
17158,32,5,1980.0,3,Recent / Developing,11.004272896264037,Standard
17159,22,5,2099.59,3,Recent / Developing,25.818448606962377,Standard
17160,31,17,10209.16,0,High-Value Loyal,967.5348297867507,Protect / Retain
17161,444,1,856.01,2,Low-Engagement / Dormant,4.3200391711881885,Standard
17162,29,10,1715.46,0,High-Value Loyal,178.00472411807368,Protect / Retain
17163,22,4,699.78,3,Recent / Developing,31.3046098232618,Standard
17164,33,7,2467.35,0,High-Value Loyal,123.68970101382578,Protect / Retain
17165,284,6,1794.32,1,Lapsed Valuable Customers,17.262274212258077,Re-engagement Opportunity
17166,39,2,206.34,3,Recent / Developing,5.715196440196556,Standard
17167,380,3,867.11,1,Lapsed Valuable Customers,5.984212487701745,Re-engagement Opportunity
17168,499,1,400.2,2,Low-Engagement / Dormant,1.6894289941302678,Standard
17169,58,3,1156.73,3,Recent / Developing,14.483863367826586,Standard
17170,374,2,178.68,2,Low-Engagement / Dormant,0.667081315574337,Standard
17171,289,2,384.59,2,Low-Engagement / Dormant,1.931236177034923,Standard
17172,79,3,956.5699999999999,1,Lapsed Valuable Customers,15.685428800279269,Re-engagement Opportunity
17173,5,8,3766.6,0,High-Value Loyal,104.15367562300244,Protect / Retain
17174,218,1,59.9,2,Low-Engagement / Dormant,1.0240015985761626,Standard
17175,44,4,1443.69,3,Recent / Developing,81.66054440986704,Emerging High-Value
17176,202,3,902.3199999999999,1,Lapsed Valuable Customers,7.263716644849446,Re-engagement Opportunity
17177,505,1,119.5,2,Low-Engagement / Dormant,0.531669122321227,Standard
17178,731,1,432.96,2,Low-Engagement / Dormant,0.6054901169269414,Standard
17179,178,6,1507.26,1,Lapsed Valuable Customers,14.601504046191142,Re-engagement Opportunity
17180,56,11,2236.77,0,High-Value Loyal,110.62417149364889,Protect / Retain
17181,57,3,465.37,3,Recent / Developing,8.544379735807091,Standard
17182,423,2,321.3,2,Low-Engagement / Dormant,2.487164339171331,Standard
17183,8,6,3347.31,0,High-Value Loyal,71.97765420644511,Protect / Retain
17184,569,2,198.41000000000003,2,Low-Engagement / Dormant,0.4322394402065177,Standard
17185,592,3,229.46,2,Low-Engagement / Dormant,0.4733340904790582,Standard
17186,47,2,144.0,3,Recent / Developing,,Standard
17187,227,2,467.71,2,Low-Engagement / Dormant,5.236623986261808,Standard
17188,11,13,4592.93,0,High-Value Loyal,385.5020965793101,Protect / Retain
17189,106,5,953.63,1,Lapsed Valuable Customers,11.90525413753763,Re-engagement Opportunity
17190,59,7,1726.57,1,Lapsed Valuable Customers,61.67333268515328,Re-engagement Opportunity
17191,28,15,4820.45,0,High-Value Loyal,288.6017780704944,Protect / Retain
17192,536,1,75.28,2,Low-Engagement / Dormant,0.3495166283873697,Standard
17193,36,9,2310.04,0,High-Value Loyal,64.85949005423105,Protect / Retain
17194,274,3,812.5,1,Lapsed Valuable Customers,5.851352567366999,Re-engagement Opportunity
17195,655,1,562.98,2,Low-Engagement / Dormant,0.8460346223478642,Standard
17196,428,1,327.75,2,Low-Engagement / Dormant,2.193336092604736,Standard
17197,30,1,1013.01,3,Recent / Developing,,Standard
17198,24,3,1213.88,3,Recent / Developing,6.986155603447868,Standard
17199,582,1,135.04000000000002,2,Low-Engagement / Dormant,0.22502956097987364,Standard
17200,387,4,356.71,2,Low-Engagement / Dormant,3.871921394928829,Standard
17201,54,4,1143.1,1,Lapsed Valuable Customers,6.869888621741465,Re-engagement Opportunity
17202,421,1,160.65,2,Low-Engagement / Dormant,0.47075399405577667,Standard
17203,36,10,5564.09,0,High-Value Loyal,164.92683842462483,Protect / Retain
17204,175,9,5504.6900000000005,1,Lapsed Valuable Customers,94.74922135211602,Re-engagement Opportunity
17205,54,3,999.35,3,Recent / Developing,20.225033847768138,Standard
17206,53,1,204.24,2,Low-Engagement / Dormant,,Standard
17207,652,1,292.62,2,Low-Engagement / Dormant,0.2981988984182773,Standard
17208,396,1,111.15,2,Low-Engagement / Dormant,1.069937272852403,Standard
17209,649,3,595.7,2,Low-Engagement / Dormant,1.6620108345627076,Standard
17210,393,1,251.72,2,Low-Engagement / Dormant,2.4072692313869233,Standard
17211,27,13,4046.65,0,High-Value Loyal,223.13347271896055,Protect / Retain
17212,253,3,794.41,1,Lapsed Valuable Customers,6.953138678104594,Re-engagement Opportunity
17213,40,13,5182.3,0,High-Value Loyal,470.63166873043383,Protect / Retain
17214,60,6,1059.1200000000001,1,Lapsed Valuable Customers,13.01731563608802,Re-engagement Opportunity
17215,464,1,186.15,2,Low-Engagement / Dormant,0.40009751771113844,Standard
17216,554,1,63.6,2,Low-Engagement / Dormant,0.2852541874440302,Standard
17217,234,2,210.1,2,Low-Engagement / Dormant,3.386788110182654,Standard
17218,4,18,4178.93,0,High-Value Loyal,84.88250845666136,Protect / Retain
17219,32,2,259.13,3,Recent / Developing,2.8822785842320253,Standard
17220,24,21,4457.31,0,High-Value Loyal,614.2483379529215,Protect / Retain
17221,7,5,976.62,3,Recent / Developing,23.588166213471794,Standard
17222,65,6,1579.51,1,Lapsed Valuable Customers,4.824791769241798,Re-engagement Opportunity
17223,310,3,850.88,1,Lapsed Valuable Customers,4.356764589154039,Re-engagement Opportunity
17224,501,1,100.86,2,Low-Engagement / Dormant,0.17202426091841866,Standard
17225,582,1,131.15,2,Low-Engagement / Dormant,0.8357855367285064,Standard
17226,309,3,895.47,1,Lapsed Valuable Customers,5.130241444347483,Re-engagement Opportunity
17227,19,12,2021.18,0,High-Value Loyal,67.15465681611155,Protect / Retain
17228,16,13,3175.98,0,High-Value Loyal,99.33533320011563,Protect / Retain
17229,96,2,318.76,2,Low-Engagement / Dormant,54.42176984237222,Standard
17230,264,18,9388.49,0,High-Value Loyal,25.954531973248073,Protect / Retain
17231,12,25,7064.8,0,High-Value Loyal,460.8245402724432,Protect / Retain
17232,3,2,417.77,3,Recent / Developing,,Standard
17233,35,3,560.86,3,Recent / Developing,22.2411077525217,Standard
17234,183,1,149.89000000000001,2,Low-Engagement / Dormant,1.2278413078517636,Standard
17235,25,8,1904.8799999999999,0,High-Value Loyal,22.878767425660378,Protect / Retain
17236,13,12,1929.26,0,High-Value Loyal,26.4437874605467,Protect / Retain
17237,11,4,994.13,3,Recent / Developing,11.588505030180901,Standard
17238,3,32,7701.76,0,High-Value Loyal,404.6715101116802,Protect / Retain
17239,313,4,1189.45,1,Lapsed Valuable Customers,4.058734998846725,Re-engagement Opportunity
17240,596,1,130.6,2,Low-Engagement / Dormant,0.5931218112795165,Standard
17241,385,12,2736.64,1,Lapsed Valuable Customers,9.426907195472955,Re-engagement Opportunity
17242,108,5,2889.28,1,Lapsed Valuable Customers,8.475977280775302,Re-engagement Opportunity
17243,1,69,20460.48,0,High-Value Loyal,1187.2877858746817,Protect / Retain
17244,53,5,1826.04,1,Lapsed Valuable Customers,21.350154071557075,Re-engagement Opportunity
17245,205,2,371.63,2,Low-Engagement / Dormant,5.880621570236338,Standard
17246,547,2,38.92,2,Low-Engagement / Dormant,1.492895529874731,Standard
17247,15,1,280.09000000000003,3,Recent / Developing,,Standard
17248,120,2,500.54,2,Low-Engagement / Dormant,3.5663652364184815,Standard
17249,429,1,68.03,2,Low-Engagement / Dormant,0.5608407025342741,Standard
17250,4,2,381.97,3,Recent / Developing,3.040608450603253,Standard
17251,363,3,798.98,1,Lapsed Valuable Customers,5.115196083367841,Re-engagement Opportunity
17252,117,2,348.91,2,Low-Engagement / Dormant,11.710790676248067,Standard
17253,18,1,178.26,3,Recent / Developing,,Standard
17254,5,3,469.48,3,Recent / Developing,6.534038684840567,Standard
17255,41,4,781.7,3,Recent / Developing,32.0494931832698,Standard
17256,107,5,498.93,1,Lapsed Valuable Customers,4.198466656040469,Re-engagement Opportunity
17257,436,2,189.78,2,Low-Engagement / Dormant,1.8866682061092241,Standard
17258,397,2,417.3,2,Low-Engagement / Dormant,2.154139309043196,Standard
17259,148,6,1820.34,1,Lapsed Valuable Customers,8.751787329832926,Re-engagement Opportunity
17260,411,1,120.95,2,Low-Engagement / Dormant,0.3823010988467651,Standard
17261,510,1,221.59,2,Low-Engagement / Dormant,0.5181868220405801,Standard
17262,52,11,2757.62,0,High-Value Loyal,35.987580348117994,Protect / Retain
17263,208,1,63.440000000000005,2,Low-Engagement / Dormant,3.5291413198440655,Standard
17264,424,1,268.28,2,Low-Engagement / Dormant,2.8270971574921604,Standard
17265,139,2,550.01,2,Low-Engagement / Dormant,20.44963482533582,Standard
17266,2,5,501.71999999999997,3,Recent / Developing,21.75467029562323,Standard
17267,127,2,317.2,2,Low-Engagement / Dormant,41.12514566781821,Standard
17268,108,11,1733.8899999999999,1,Lapsed Valuable Customers,17.871228625360335,Re-engagement Opportunity
17269,386,1,491.81,2,Low-Engagement / Dormant,7.686070936519403,Standard
17270,469,2,601.4499999999999,2,Low-Engagement / Dormant,1.4740172741117124,Standard
17271,736,1,204.3,2,Low-Engagement / Dormant,1.623600374207439,Standard
17272,42,4,2148.63,1,Lapsed Valuable Customers,123.38396868470235,Re-engagement Opportunity
17273,424,1,141.12,2,Low-Engagement / Dormant,1.517539181719273,Standard
17274,35,2,573.22,3,Recent / Developing,2.926486257864849,Standard
17275,383,1,114.1,2,Low-Engagement / Dormant,0.9021353782167417,Standard
17276,402,1,502.49,2,Low-Engagement / Dormant,2.102459642183507,Standard
17277,228,2,1065.3500000000001,1,Lapsed Valuable Customers,4.52058028448709,Re-engagement Opportunity
17278,241,2,271.24,2,Low-Engagement / Dormant,2.7254906297544617,Standard
17279,58,1,187.82999999999998,2,Low-Engagement / Dormant,,Standard
17280,438,1,118.85999999999999,2,Low-Engagement / Dormant,0.830924450028999,Standard
17281,374,6,797.8499999999999,1,Lapsed Valuable Customers,2.9168008952697537,Re-engagement Opportunity
17282,130,5,2308.54,1,Lapsed Valuable Customers,17.36289757081252,Re-engagement Opportunity
17283,379,1,188.46,2,Low-Engagement / Dormant,2.2925914725405807,Standard
17284,60,8,2788.06,1,Lapsed Valuable Customers,250.1837060704866,Re-engagement Opportunity
17285,628,2,407.94,2,Low-Engagement / Dormant,0.47374554508698996,Standard
17286,22,3,389.18,3,Recent / Developing,4.512844988478844,Standard
17287,26,21,4049.56,0,High-Value Loyal,242.67655617950334,Protect / Retain
17288,9,11,2468.43,0,High-Value Loyal,150.0673704277417,Protect / Retain
17289,32,9,2041.8,0,High-Value Loyal,64.04280733949952,Protect / Retain
17290,4,8,1487.96,0,High-Value Loyal,12.108596142655653,Protect / Retain
17291,308,1,550.8000000000001,2,Low-Engagement / Dormant,1.493808753463394,Standard
17292,472,2,271.75,2,Low-Engagement / Dormant,0.48742011939785285,Standard
17293,8,17,3750.63,0,High-Value Loyal,323.7182414148433,Protect / Retain
17294,669,2,467.78999999999996,2,Low-Engagement / Dormant,0.7028133077101254,Standard
17295,29,3,547.0,3,Recent / Developing,,Standard
17296,730,1,338.13,2,Low-Engagement / Dormant,0.5042222772118696,Standard
17297,17,1,128.18,3,Recent / Developing,,Standard
17298,101,5,954.26,1,Lapsed Valuable Customers,10.57274286902867,Re-engagement Opportunity
17299,12,6,993.23,3,Recent / Developing,26.293691119272356,Standard
17300,391,2,393.64,2,Low-Engagement / Dormant,4.726384349251882,Standard
17301,21,2,294.39,3,Recent / Developing,2.986600898181089,Standard
17302,15,5,1135.63,3,Recent / Developing,52.13203106372971,Standard
17303,361,1,250.04,2,Low-Engagement / Dormant,2.8429934385804283,Standard
17304,534,1,111.5,2,Low-Engagement / Dormant,0.2778948553423975,Standard
17305,649,1,2135.46,1,Lapsed Valuable Customers,0.7417116865818594,Re-engagement Opportunity
17306,11,21,9782.35,0,High-Value Loyal,1057.9332685895745,Protect / Retain
17307,395,11,3999.8900000000003,1,Lapsed Valuable Customers,8.756907166450448,Re-engagement Opportunity
17308,393,2,4511.76,1,Lapsed Valuable Customers,8.962513728585627,Re-engagement Opportunity
17309,95,3,320.39,2,Low-Engagement / Dormant,4.555755399567675,Standard
17310,387,2,1025.1,1,Lapsed Valuable Customers,1.5697082781506357,Re-engagement Opportunity
17311,78,6,3566.56,1,Lapsed Valuable Customers,48.213753625648614,Re-engagement Opportunity
17312,139,3,644.3,1,Lapsed Valuable Customers,14.325362277534081,Re-engagement Opportunity
17313,31,1,2328.84,3,Recent / Developing,,Standard
17314,25,17,4904.43,0,High-Value Loyal,560.3164797036729,Protect / Retain
17315,2,43,9599.58,0,High-Value Loyal,1572.547431651735,Protect / Retain
17316,420,1,124.45,2,Low-Engagement / Dormant,0.9772492819807096,Standard
17317,46,3,2600.34,1,Lapsed Valuable Customers,,Re-engagement Opportunity
17318,725,1,157.32999999999998,2,Low-Engagement / Dormant,0.1386414843830429,Standard
17319,669,1,29.1,2,Low-Engagement / Dormant,0.41142875434704385,Standard
17320,100,6,2895.77,1,Lapsed Valuable Customers,23.787762291384972,Re-engagement Opportunity
17321,8,6,1665.21,3,Recent / Developing,32.97156114443861,Standard
17322,376,5,922.59,1,Lapsed Valuable Customers,6.6206049586615885,Re-engagement Opportunity
17323,15,12,1551.04,0,High-Value Loyal,80.28787001223066,Protect / Retain
17324,18,12,2298.12,0,High-Value Loyal,61.311756024199354,Protect / Retain
17325,280,3,609.5699999999999,1,Lapsed Valuable Customers,8.31015799758991,Re-engagement Opportunity
17326,408,2,312.35,2,Low-Engagement / Dormant,3.090070789813313,Standard
17327,410,2,152.35,2,Low-Engagement / Dormant,1.0670508552553495,Standard
17328,673,1,104.7,2,Low-Engagement / Dormant,0.3138243937399766,Standard
17329,14,5,998.53,3,Recent / Developing,12.999820836412677,Standard
17330,23,4,423.8,3,Recent / Developing,3.813145221354188,Standard
17331,124,1,175.2,2,Low-Engagement / Dormant,5.665782309819109,Standard
17332,528,5,838.27,1,Lapsed Valuable Customers,2.60234609156627,Re-engagement Opportunity
17333,86,1,494.25,2,Low-Engagement / Dormant,,Standard
17334,302,3,635.15,1,Lapsed Valuable Customers,7.482506082976235,Re-engagement Opportunity
17335,384,2,497.04,2,Low-Engagement / Dormant,2.662246542413374,Standard
17336,472,1,81.12,2,Low-Engagement / Dormant,0.28450086539460173,Standard
17337,151,4,1981.06,1,Lapsed Valuable Customers,16.281898954701294,Re-engagement Opportunity
17338,17,17,11889.33,0,High-Value Loyal,1168.1665282285344,Protect / Retain
17339,94,3,362.36,3,Recent / Developing,3.5281391095006036,Standard
17340,30,18,22289.22,0,High-Value Loyal,1244.6397739175407,Protect / Retain
17341,157,5,1688.82,1,Lapsed Valuable Customers,19.817208707914283,Re-engagement Opportunity
17342,380,4,1227.54,1,Lapsed Valuable Customers,2.930749551617861,Re-engagement Opportunity
17343,355,6,1259.94,1,Lapsed Valuable Customers,6.932307299635907,Re-engagement Opportunity
17344,46,2,457.36,3,Recent / Developing,1.752791210509968,Standard
17345,15,10,1586.6299999999999,0,High-Value Loyal,66.77198248403592,Protect / Retain
17346,4,26,5132.72,0,High-Value Loyal,405.5590682080418,Protect / Retain
17347,86,1,228.96,2,Low-Engagement / Dormant,,Standard
17348,15,9,2442.29,0,High-Value Loyal,58.877673564939826,Protect / Retain
17349,179,5,772.41,1,Lapsed Valuable Customers,6.3664799028594965,Re-engagement Opportunity
17350,8,7,1893.701,0,High-Value Loyal,19.237153839871468,Protect / Retain
17351,36,12,1988.23,0,High-Value Loyal,65.11392461384709,Protect / Retain
17352,696,1,36.25,2,Low-Engagement / Dormant,0.5286482044195946,Standard
17353,129,4,3242.0,1,Lapsed Valuable Customers,5.616107813533227,Re-engagement Opportunity
17354,51,4,3133.96,1,Lapsed Valuable Customers,36.17529816470779,Re-engagement Opportunity
17355,386,1,273.31,2,Low-Engagement / Dormant,4.513687168990828,Standard
17356,312,5,946.47,1,Lapsed Valuable Customers,4.7832361892687745,Re-engagement Opportunity
17357,24,2,384.39,3,Recent / Developing,,Standard
17358,303,5,861.01,1,Lapsed Valuable Customers,5.9481366738122885,Re-engagement Opportunity
17359,11,2,284.46,3,Recent / Developing,1.0866261662099312,Standard
17360,17,6,1200.51,3,Recent / Developing,69.50495942436467,Emerging High-Value
17361,49,5,871.79,3,Recent / Developing,23.0951454299477,Standard
17362,239,7,1024.04,1,Lapsed Valuable Customers,4.985431385520022,Re-engagement Opportunity
17363,395,3,920.46,1,Lapsed Valuable Customers,4.109642399135474,Re-engagement Opportunity
17364,1,28,11972.92,0,High-Value Loyal,455.41715301774855,Protect / Retain
17365,13,15,8184.49,0,High-Value Loyal,737.890981631338,Protect / Retain
17366,432,2,1077.24,1,Lapsed Valuable Customers,2.1698744264427083,Re-engagement Opportunity
17367,238,1,167.55,2,Low-Engagement / Dormant,1.8529235430933078,Standard
17368,23,14,2758.29,0,High-Value Loyal,221.4065175095401,Protect / Retain
17369,456,1,979.1999999999999,2,Low-Engagement / Dormant,2.961000747410378,Standard
17370,73,4,446.18,3,Recent / Developing,86.46753282672904,Emerging High-Value
17371,17,6,655.37,3,Recent / Developing,7.277633751206678,Standard
17372,41,28,4347.31,0,High-Value Loyal,147.5403868990993,Protect / Retain
17373,40,7,1167.5,1,Lapsed Valuable Customers,24.278497613880987,Re-engagement Opportunity
17374,219,3,727.11,1,Lapsed Valuable Customers,6.565021743597566,Re-engagement Opportunity
17375,199,4,660.55,1,Lapsed Valuable Customers,12.006384017452104,Re-engagement Opportunity
17376,71,4,453.64,3,Recent / Developing,3.0790720525455577,Standard
17377,24,78,18232.57,0,High-Value Loyal,327.8984600377234,Protect / Retain
17378,374,1,10.95,2,Low-Engagement / Dormant,0.7451649914647738,Standard
17379,11,1,389.71999999999997,3,Recent / Developing,,Standard
17380,434,3,645.0,1,Lapsed Valuable Customers,2.3999914783999645,Re-engagement Opportunity
17381,9,38,40002.37,0,High-Value Loyal,4992.161734625659,Protect / Retain
17382,65,8,902.28,1,Lapsed Valuable Customers,5.60917966936263,Re-engagement Opportunity
17383,4,2,304.09,3,Recent / Developing,3.3169969958576813,Standard
17384,19,3,507.55,3,Recent / Developing,5.033107160949468,Standard
17385,15,1,256.11,3,Recent / Developing,,Standard
17386,8,7,2812.77,0,High-Value Loyal,233.61256614341858,Protect / Retain
17387,20,2,746.81,3,Recent / Developing,,Standard
17388,78,11,2675.37,1,Lapsed Valuable Customers,119.4008127798437,Re-engagement Opportunity
17389,1,61,57215.33,0,High-Value Loyal,8227.055936374212,Protect / Retain
17390,421,1,149.3,2,Low-Engagement / Dormant,0.5162070060132187,Standard
17391,164,2,508.8,2,Low-Engagement / Dormant,5.958193816050551,Standard
17392,307,3,585.92,1,Lapsed Valuable Customers,9.860066767995818,Re-engagement Opportunity
17393,411,2,381.15,2,Low-Engagement / Dormant,1.9217733006271163,Standard
17394,219,1,203.86999999999998,2,Low-Engagement / Dormant,3.1598885010914604,Standard
17395,508,1,97.5,2,Low-Engagement / Dormant,0.19945747572835376,Standard
17396,39,14,8807.1,0,High-Value Loyal,432.12351863199297,Protect / Retain
17397,22,3,1198.28,3,Recent / Developing,9.199977722380627,Standard
17398,115,3,653.38,1,Lapsed Valuable Customers,18.86150847604862,Re-engagement Opportunity
17400,126,8,4623.28,1,Lapsed Valuable Customers,91.17391502517674,Re-engagement Opportunity
17401,541,1,114.85,2,Low-Engagement / Dormant,2.2375816805674376,Standard
17402,5,23,5095.53,0,High-Value Loyal,666.6545793383017,Protect / Retain
17403,36,2,382.87,3,Recent / Developing,4.164147213016138,Standard
17404,4,23,47781.12,0,High-Value Loyal,8878.75074407189,Protect / Retain
17405,1,3,1031.41,3,Recent / Developing,45.70389055734442,Standard
17406,333,13,4889.05,1,Lapsed Valuable Customers,9.543602202209081,Re-engagement Opportunity
17407,412,1,552.9,2,Low-Engagement / Dormant,6.908573327203585,Standard
17408,163,3,316.09000000000003,2,Low-Engagement / Dormant,2.632003742505752,Standard
17409,185,10,7793.51,1,Lapsed Valuable Customers,106.12993349589291,Re-engagement Opportunity
17410,16,5,1214.72,3,Recent / Developing,64.54315612986724,Emerging High-Value
17411,12,5,1425.38,3,Recent / Developing,7.142879226431496,Standard
17412,3,16,4417.52,0,High-Value Loyal,166.0230632950969,Protect / Retain
17413,405,2,560.14,2,Low-Engagement / Dormant,2.8791788237467175,Standard
17414,44,6,2249.52,1,Lapsed Valuable Customers,27.191675413468797,Re-engagement Opportunity
17415,80,1,507.84,2,Low-Engagement / Dormant,,Standard
17416,30,22,17298.45,0,High-Value Loyal,1731.5660390309845,Protect / Retain
17417,549,1,164.18,2,Low-Engagement / Dormant,0.23966557504100422,Standard
17418,42,3,670.0600000000001,3,Recent / Developing,5.195294332334942,Standard
17419,11,18,6500.52,0,High-Value Loyal,509.6036144647702,Protect / Retain
17420,50,6,1084.43,1,Lapsed Valuable Customers,61.189550839385284,Re-engagement Opportunity
17421,386,3,1059.41,1,Lapsed Valuable Customers,3.4799402306503158,Re-engagement Opportunity
17422,16,11,3594.76,0,High-Value Loyal,245.32598908366265,Protect / Retain
17423,46,3,1118.95,3,Recent / Developing,12.220110637867705,Standard
17425,19,2,759.17,3,Recent / Developing,,Standard
17426,8,13,8077.77,0,High-Value Loyal,614.7025046675848,Protect / Retain
17427,72,1,100.8,2,Low-Engagement / Dormant,,Standard
17428,1,45,31819.760000000002,0,High-Value Loyal,3429.1150979831027,Protect / Retain
17429,128,5,1357.46,1,Lapsed Valuable Customers,33.24049498508363,Re-engagement Opportunity
17430,33,4,735.17,3,Recent / Developing,8.34756180507894,Standard
17431,313,1,403.3,2,Low-Engagement / Dormant,1.3677101522502677,Standard
17432,18,9,1728.99,0,High-Value Loyal,59.34894168164539,Protect / Retain
17433,88,2,569.96,3,Recent / Developing,4.88100770131377,Standard
17434,2,7,2373.82,0,High-Value Loyal,,Protect / Retain
17435,411,1,331.35,2,Low-Engagement / Dormant,1.4535661942942428,Standard
17436,2,5,534.06,3,Recent / Developing,10.0743713506262,Standard
17437,530,1,369.68,2,Low-Engagement / Dormant,1.431558915956064,Standard
17438,254,5,1422.77,1,Lapsed Valuable Customers,4.463911082266186,Re-engagement Opportunity
17439,656,1,325.74,2,Low-Engagement / Dormant,0.5552732276482544,Standard
17440,157,4,323.58,2,Low-Engagement / Dormant,1.3551537203032453,Standard
17441,732,1,293.35,2,Low-Engagement / Dormant,0.31748519375047535,Standard
17442,37,15,4620.3,0,High-Value Loyal,664.0446854262688,Protect / Retain
17443,220,1,534.24,2,Low-Engagement / Dormant,4.167189894020921,Standard
17444,148,3,2940.04,1,Lapsed Valuable Customers,57.11559701756637,Re-engagement Opportunity
17446,177,2,120.9,2,Low-Engagement / Dormant,1.367685893397425,Standard
17447,40,2,541.53,3,Recent / Developing,,Standard
17448,497,46,14523.67,0,High-Value Loyal,0.5682761901400941,Protect / Retain
17449,2,13,4868.15,0,High-Value Loyal,190.75241242066272,Protect / Retain
17450,8,51,246813.09,0,High-Value Loyal,39856.013738018926,Protect / Retain
17451,1,7,1721.4,0,High-Value Loyal,52.808017998115034,Protect / Retain
17453,18,2,486.71999999999997,3,Recent / Developing,,Standard
17454,192,10,1547.94,1,Lapsed Valuable Customers,16.777600871586767,Re-engagement Opportunity
17455,204,1,131.7,2,Low-Engagement / Dormant,5.233588319442322,Standard
17456,365,2,1225.42,1,Lapsed Valuable Customers,4.008917259335815,Re-engagement Opportunity
17457,127,14,5984.8099999999995,0,High-Value Loyal,80.11653818396974,Protect / Retain
17458,15,2,529.58,3,Recent / Developing,4.4562317150927,Standard
17459,43,2,657.3,3,Recent / Developing,,Standard
17460,94,16,2228.27,0,High-Value Loyal,16.44336751797829,Protect / Retain
17461,23,3,735.82,3,Recent / Developing,,Standard
17462,60,2,675.69,3,Recent / Developing,2.2289614495045935,Standard
17463,16,7,2535.26,0,High-Value Loyal,43.15428789123327,Protect / Retain
17464,158,3,907.14,1,Lapsed Valuable Customers,4.001148790711869,Re-engagement Opportunity
17465,426,7,2542.79,1,Lapsed Valuable Customers,5.1978594021592786,Re-engagement Opportunity
17466,10,2,763.28,3,Recent / Developing,,Standard
17467,395,1,102.6,2,Low-Engagement / Dormant,0.25207032706750954,Standard
17468,10,3,194.8,3,Recent / Developing,1.5102884954174653,Standard
17469,16,17,5051.25,0,High-Value Loyal,607.7996273183337,Protect / Retain
17470,45,11,2804.87,0,High-Value Loyal,156.20556066807382,Protect / Retain
17471,475,1,321.65000000000003,2,Low-Engagement / Dormant,0.447366832072724,Standard
17472,191,4,922.35,1,Lapsed Valuable Customers,8.46242145970389,Re-engagement Opportunity
17473,409,2,607.0,2,Low-Engagement / Dormant,3.646049291796856,Standard
17474,600,1,1047.0,2,Low-Engagement / Dormant,0.29582046290001884,Standard
17475,79,1,194.37,2,Low-Engagement / Dormant,,Standard
17476,396,2,489.86,2,Low-Engagement / Dormant,2.8344022815467755,Standard
17477,613,2,1144.3,1,Lapsed Valuable Customers,0.781108223168822,Re-engagement Opportunity
17478,408,2,1272.8,1,Lapsed Valuable Customers,1.5742425010225292,Re-engagement Opportunity
17479,633,1,389.26000000000005,2,Low-Engagement / Dormant,0.39832386637930234,Standard
17480,78,2,882.23,3,Recent / Developing,16.01485348672287,Standard
17481,4,4,1255.59,3,Recent / Developing,111.84223948221947,Emerging High-Value
17482,487,2,775.64,2,Low-Engagement / Dormant,1.2640564443230031,Standard
17483,65,4,591.73,3,Recent / Developing,49.60163391233441,Standard
17484,576,2,209.57,2,Low-Engagement / Dormant,0.7436768652887145,Standard
17486,261,1,396.87,2,Low-Engagement / Dormant,1.3331310792529367,Standard
17487,728,1,160.55,2,Low-Engagement / Dormant,0.39934402489881576,Standard
17488,641,1,336.5,2,Low-Engagement / Dormant,0.09373396700256896,Standard
17489,59,2,376.64,3,Recent / Developing,8.42637667675098,Standard
17490,1,9,2750.5,0,High-Value Loyal,17.547715525511347,Protect / Retain
17491,1,17,5981.07,0,High-Value Loyal,459.42969855108447,Protect / Retain
17492,248,3,1122.42,1,Lapsed Valuable Customers,4.101071353916386,Re-engagement Opportunity
17493,385,1,100.91000000000001,2,Low-Engagement / Dormant,0.47029689000822017,Standard
17494,502,1,54.699999999999996,2,Low-Engagement / Dormant,0.5546616514109135,Standard
17495,8,3,806.72,3,Recent / Developing,3.7998916967274123,Standard
17496,359,4,1412.89,1,Lapsed Valuable Customers,3.8364419607321243,Re-engagement Opportunity
17497,390,2,287.25,2,Low-Engagement / Dormant,2.7049507726059456,Standard
17498,76,1,272.22,2,Low-Engagement / Dormant,,Standard
17499,290,2,1341.39,1,Lapsed Valuable Customers,5.509464939504035,Re-engagement Opportunity
17500,17,3,1138.0,3,Recent / Developing,,Standard
17501,221,2,288.6,2,Low-Engagement / Dormant,4.254325052663896,Standard
17502,9,4,689.1,3,Recent / Developing,,Standard
17503,3,2,558.96,3,Recent / Developing,,Standard
17504,206,18,9490.17,0,High-Value Loyal,83.41562738105152,Protect / Retain
17505,162,5,2435.48,1,Lapsed Valuable Customers,17.73311494568171,Re-engagement Opportunity
17506,76,1,302.2,2,Low-Engagement / Dormant,,Standard
17507,262,2,605.58,2,Low-Engagement / Dormant,8.527478977296614,Standard
17508,281,8,4579.23,1,Lapsed Valuable Customers,18.21389018349608,Re-engagement Opportunity
17509,58,8,6083.64,0,High-Value Loyal,,Protect / Retain
17510,25,2,514.56,3,Recent / Developing,4.147672137179049,Standard
17511,3,60,175603.55,0,High-Value Loyal,41584.85584443986,Protect / Retain
17512,29,18,5467.820000000001,0,High-Value Loyal,555.5716097858947,Protect / Retain
17513,72,3,1158.8,1,Lapsed Valuable Customers,4.4667988545982205,Re-engagement Opportunity
17514,128,2,522.0,2,Low-Engagement / Dormant,2.981471473982058,Standard
17515,31,9,1602.51,0,High-Value Loyal,37.943325233602316,Protect / Retain
17516,15,6,947.5,3,Recent / Developing,87.58894726541129,Emerging High-Value
17517,309,1,153.94,2,Low-Engagement / Dormant,1.1285936503392826,Standard
17518,426,2,329.42,2,Low-Engagement / Dormant,2.00837340865305,Standard
17519,17,15,5109.47,0,High-Value Loyal,548.2638165883825,Protect / Retain
17520,54,1,546.81,3,Recent / Developing,,Standard
17521,30,5,1278.06,3,Recent / Developing,24.533760456616584,Standard
17522,2,5,1070.71,3,Recent / Developing,68.33761556049228,Emerging High-Value
17523,11,4,652.74,3,Recent / Developing,,Standard
17524,361,3,539.14,2,Low-Engagement / Dormant,5.020169974032892,Standard
17525,360,3,1161.9,1,Lapsed Valuable Customers,2.575221466695496,Re-engagement Opportunity
17526,5,12,4166.04,0,High-Value Loyal,72.42490935165333,Protect / Retain
17527,54,4,939.37,3,Recent / Developing,41.75844122418677,Standard
17528,1,8,3628.5,0,High-Value Loyal,,Protect / Retain
17529,610,2,1240.25,1,Lapsed Valuable Customers,1.1167149365327513,Re-engagement Opportunity
17530,1,12,3092.33,0,High-Value Loyal,112.9143066621574,Protect / Retain
17531,190,3,1266.82,1,Lapsed Valuable Customers,3.875666090758239,Re-engagement Opportunity
17532,386,1,65.34,2,Low-Engagement / Dormant,0.1499771798283472,Standard
17533,435,1,34.8,2,Low-Engagement / Dormant,0.3143097799618623,Standard
17534,54,5,1668.83,1,Lapsed Valuable Customers,13.74578122468637,Re-engagement Opportunity
17535,280,1,164.4,2,Low-Engagement / Dormant,1.4598165668870962,Standard
17536,177,3,364.83,2,Low-Engagement / Dormant,3.8735622812143418,Standard
17537,30,2,887.67,3,Recent / Developing,8.208459616266506,Standard
17538,26,1,98.42,3,Recent / Developing,,Standard
17539,618,4,1176.84,1,Lapsed Valuable Customers,1.9239893501061358,Re-engagement Opportunity
17540,25,6,1590.6000000000001,3,Recent / Developing,6.252323316946081,Standard
17541,510,1,119.86,2,Low-Engagement / Dormant,0.4194104150306772,Standard
17542,270,3,340.85,2,Low-Engagement / Dormant,3.639992278139544,Standard
17543,550,1,120.05,2,Low-Engagement / Dormant,0.2300057312637715,Standard
17544,390,3,944.82,1,Lapsed Valuable Customers,7.87137236735926,Re-engagement Opportunity
17545,43,6,1409.8600000000001,1,Lapsed Valuable Customers,37.28313020666405,Re-engagement Opportunity
17547,376,2,727.85,2,Low-Engagement / Dormant,3.2796973112742878,Standard
17548,234,4,731.26,1,Lapsed Valuable Customers,7.383786111335439,Re-engagement Opportunity
17549,24,2,148.86,3,Recent / Developing,,Standard
17550,197,9,2506.64,1,Lapsed Valuable Customers,23.43582592203566,Re-engagement Opportunity
17551,359,1,290.34,2,Low-Engagement / Dormant,4.42354463290739,Standard
17552,60,12,3085.29,0,High-Value Loyal,79.95709319504533,Protect / Retain
17553,130,4,3757.6,1,Lapsed Valuable Customers,6.796918894173465,Re-engagement Opportunity
17554,1,5,1952.45,3,Recent / Developing,177.9789758923281,Emerging High-Value
17555,20,5,1045.74,3,Recent / Developing,63.941158522647804,Emerging High-Value
17556,206,2,300.67,2,Low-Engagement / Dormant,4.4793239608187605,Standard
17557,14,4,575.46,3,Recent / Developing,2.3619317586611053,Standard
17558,393,1,259.17,2,Low-Engagement / Dormant,2.358561517059178,Standard
17559,513,1,167.62,2,Low-Engagement / Dormant,0.517290776539866,Standard
17560,95,8,1895.8,1,Lapsed Valuable Customers,6.296227249789617,Re-engagement Opportunity
17561,19,4,703.02,3,Recent / Developing,17.207187013735137,Standard
17562,14,7,1122.38,3,Recent / Developing,133.6191473186344,Emerging High-Value
17563,578,2,392.38,2,Low-Engagement / Dormant,0.3999715574244528,Standard
17564,24,3,454.01,3,Recent / Developing,,Standard
17565,587,1,131.83,2,Low-Engagement / Dormant,0.52086508098716,Standard
17566,8,2,869.77,3,Recent / Developing,,Standard
17567,7,9,5356.03,0,High-Value Loyal,337.0623058421499,Protect / Retain
17568,633,1,374.45,2,Low-Engagement / Dormant,0.28538315415621274,Standard
17569,332,1,344.14,2,Low-Engagement / Dormant,1.5560760699043636,Standard
17570,382,1,100.0,2,Low-Engagement / Dormant,0.4348090951626867,Standard
17571,50,5,1630.91,1,Lapsed Valuable Customers,53.426464920231254,Re-engagement Opportunity
17572,71,10,723.01,1,Lapsed Valuable Customers,9.235925621084924,Re-engagement Opportunity
17573,29,3,380.6,3,Recent / Developing,24.000155669548846,Standard
17574,243,1,185.65,2,Low-Engagement / Dormant,2.8779160990375763,Standard
17575,667,1,171.7,2,Low-Engagement / Dormant,0.15225056653601302,Standard
17576,8,41,8831.6,0,High-Value Loyal,489.9756104496015,Protect / Retain
17577,645,2,348.75,2,Low-Engagement / Dormant,0.13621360534089072,Standard
17578,218,7,1047.33,1,Lapsed Valuable Customers,3.8746784481095666,Re-engagement Opportunity
17579,5,4,753.28,3,Recent / Developing,17.495313938877835,Standard
17580,253,5,541.02,1,Lapsed Valuable Customers,6.884135635356332,Re-engagement Opportunity
17581,1,43,18737.95,0,High-Value Loyal,3188.1305167426913,Protect / Retain
17582,236,5,1446.95,1,Lapsed Valuable Customers,6.946470409608246,Re-engagement Opportunity
17583,560,1,135.95,2,Low-Engagement / Dormant,0.18207899766174518,Standard
17584,7,6,5309.42,0,High-Value Loyal,67.85559670225778,Protect / Retain
17585,109,7,2064.71,1,Lapsed Valuable Customers,30.05151435885888,Re-engagement Opportunity
17586,619,1,167.4,2,Low-Engagement / Dormant,0.2632492296605035,Standard
17587,628,1,176.71,2,Low-Engagement / Dormant,0.3916256309973526,Standard
17588,100,7,2939.55,1,Lapsed Valuable Customers,16.47432057648595,Re-engagement Opportunity
17589,60,18,13837.94,0,High-Value Loyal,700.6435954696617,Protect / Retain
17590,2,3,1468.02,3,Recent / Developing,,Standard
17591,73,8,2723.62,1,Lapsed Valuable Customers,73.52046071247057,Re-engagement Opportunity
17592,739,1,148.3,2,Low-Engagement / Dormant,0.5386219801498484,Standard
17593,4,11,8092.32,0,High-Value Loyal,671.4995097835442,Protect / Retain
17594,85,4,2497.88,1,Lapsed Valuable Customers,44.99505787393673,Re-engagement Opportunity
17595,12,2,386.69,3,Recent / Developing,,Standard
17596,23,13,4882.43,0,High-Value Loyal,504.93737729300926,Protect / Retain
17597,214,5,3484.09,1,Lapsed Valuable Customers,26.9125807777437,Re-engagement Opportunity
17598,381,1,409.98,2,Low-Engagement / Dormant,1.1441509051229715,Standard
17599,478,1,52.05,2,Low-Engagement / Dormant,0.36142286578981114,Standard
17600,18,1,161.67000000000002,3,Recent / Developing,,Standard
17601,239,2,413.08,2,Low-Engagement / Dormant,5.927989518880748,Standard
17602,2,14,7354.43,0,High-Value Loyal,187.0865084409066,Protect / Retain
17603,78,4,1788.38,1,Lapsed Valuable Customers,7.263907247235259,Re-engagement Opportunity
17604,217,6,942.38,1,Lapsed Valuable Customers,7.061888442577783,Re-engagement Opportunity
17605,590,1,160.75,2,Low-Engagement / Dormant,0.1798012567128601,Standard
17606,737,1,87.30000000000001,2,Low-Engagement / Dormant,0.4345953932076829,Standard
17607,376,1,333.81,2,Low-Engagement / Dormant,1.1847402836056171,Standard
17608,33,4,488.06,3,Recent / Developing,18.95182435863129,Standard
17609,41,11,1887.8999999999999,0,High-Value Loyal,63.12032605172058,Protect / Retain
17610,540,5,1511.94,1,Lapsed Valuable Customers,3.84023641540161,Re-engagement Opportunity
17611,7,28,8337.53,0,High-Value Loyal,583.8191463863384,Protect / Retain
17612,53,18,5394.86,0,High-Value Loyal,606.1325878430279,Protect / Retain
17613,23,14,4544.55,0,High-Value Loyal,411.5652089167538,Protect / Retain
17614,57,1,386.32,3,Recent / Developing,,Standard
17615,130,6,721.8,1,Lapsed Valuable Customers,8.648175988253435,Re-engagement Opportunity
17616,174,4,1060.8,1,Lapsed Valuable Customers,8.262599378171878,Re-engagement Opportunity
17617,559,1,385.19,2,Low-Engagement / Dormant,0.8198016425676348,Standard
17618,6,11,4001.64,0,High-Value Loyal,87.8759736201784,Protect / Retain
17619,312,1,214.37,2,Low-Engagement / Dormant,3.4764206489823715,Standard
17620,60,1,81.44,2,Low-Engagement / Dormant,,Standard
17621,21,6,3175.12,0,High-Value Loyal,68.1098076761979,Protect / Retain
17622,598,2,1130.21,1,Lapsed Valuable Customers,0.3940449100419624,Re-engagement Opportunity
17623,33,7,2365.77,0,High-Value Loyal,21.099388689837514,Protect / Retain
17624,15,4,1568.63,3,Recent / Developing,12.011550006040602,Standard
17625,18,8,5978.9,0,High-Value Loyal,232.74126072649818,Protect / Retain
17626,603,1,254.0,2,Low-Engagement / Dormant,0.2002684491747273,Standard
17627,479,1,296.36,2,Low-Engagement / Dormant,1.265588389969834,Standard
17628,81,1,75.75,2,Low-Engagement / Dormant,,Standard
17629,6,10,2455.52,0,High-Value Loyal,210.30498899958613,Protect / Retain
17630,170,2,503.59999999999997,2,Low-Engagement / Dormant,6.521799400314825,Standard
17631,2,7,998.49,3,Recent / Developing,25.38117587221418,Standard
17633,31,7,2057.39,0,High-Value Loyal,181.83239930925043,Protect / Retain
17634,36,9,2358.59,0,High-Value Loyal,185.8383006492673,Protect / Retain
17635,424,3,1265.58,1,Lapsed Valuable Customers,2.6800355785845675,Re-engagement Opportunity
17636,19,1,285.56,3,Recent / Developing,,Standard
17637,31,2,547.0600000000001,3,Recent / Developing,47.941381038272475,Standard
17638,647,2,842.4,2,Low-Engagement / Dormant,0.6841610310934382,Standard
17639,276,6,615.17,1,Lapsed Valuable Customers,7.2433069908529255,Re-engagement Opportunity
17640,87,6,3168.94,1,Lapsed Valuable Customers,56.06503947268339,Re-engagement Opportunity
17642,120,5,1824.49,1,Lapsed Valuable Customers,14.848012727269055,Re-engagement Opportunity
17643,373,2,541.25,2,Low-Engagement / Dormant,2.6588087953544663,Standard
17644,1,20,6028.6,0,High-Value Loyal,805.4679118249553,Protect / Retain
17646,219,12,4149.79,1,Lapsed Valuable Customers,26.840573281524936,Re-engagement Opportunity
17647,65,3,331.65999999999997,3,Recent / Developing,1.0000510415495216,Standard
17648,61,5,2216.37,1,Lapsed Valuable Customers,144.567327493413,Re-engagement Opportunity
17649,138,3,1578.89,1,Lapsed Valuable Customers,6.097342197610162,Re-engagement Opportunity
17650,21,1,166.08,3,Recent / Developing,,Standard
17651,12,16,5703.52,0,High-Value Loyal,445.90945689332506,Protect / Retain
17652,25,12,4867.72,0,High-Value Loyal,660.497799634302,Protect / Retain
17653,37,4,1207.56,3,Recent / Developing,80.53628673263023,Emerging High-Value
17654,277,1,117.55,2,Low-Engagement / Dormant,2.889436560868012,Standard
17655,11,9,3652.48,0,High-Value Loyal,191.52448956677333,Protect / Retain
17656,73,5,1674.69,1,Lapsed Valuable Customers,243.2735062424409,Re-engagement Opportunity
17657,430,1,126.0,2,Low-Engagement / Dormant,0.44059828055327105,Standard
17658,26,2,595.42,3,Recent / Developing,9.550437217329115,Standard
17659,17,14,3834.79,0,High-Value Loyal,354.00165864712164,Protect / Retain
17660,141,2,342.22,2,Low-Engagement / Dormant,4.131918656118625,Standard
17662,662,2,412.92,2,Low-Engagement / Dormant,0.2684408323707999,Standard
17663,26,17,5175.83,0,High-Value Loyal,388.0941139293217,Protect / Retain
17664,19,4,1166.23,3,Recent / Developing,17.711012015562368,Standard
17665,493,1,563.1,2,Low-Engagement / Dormant,1.0462403667119757,Standard
17666,4,5,2047.8,3,Recent / Developing,11.451540963857623,Standard
17667,66,9,3950.7,0,High-Value Loyal,353.79949462595977,Protect / Retain
17668,1,2,347.75,3,Recent / Developing,,Standard
17669,43,10,6142.35,0,High-Value Loyal,150.4906807072311,Protect / Retain
17670,228,1,205.7,2,Low-Engagement / Dormant,4.5238533602214765,Standard
17671,16,5,2403.34,3,Recent / Developing,129.70343458863167,Emerging High-Value
17672,50,7,5778.63,0,High-Value Loyal,30.180383413611068,Protect / Retain
17673,2,13,4173.88,0,High-Value Loyal,140.91637279462802,Protect / Retain
17674,74,2,851.7,3,Recent / Developing,18.061475809009323,Standard
17675,1,70,38259.6,0,High-Value Loyal,5808.783933798908,Protect / Retain
17676,4,10,2749.34,0,High-Value Loyal,85.78166079390026,Protect / Retain
17677,2,54,36675.06,0,High-Value Loyal,4918.067748900543,Protect / Retain
17678,264,2,599.76,2,Low-Engagement / Dormant,6.661745197987541,Standard
17679,53,7,3577.61,1,Lapsed Valuable Customers,7.712794059973378,Re-engagement Opportunity
17680,24,3,497.45,3,Recent / Developing,3.110221695593334,Standard
17681,597,5,731.2,1,Lapsed Valuable Customers,1.2413483239516772,Re-engagement Opportunity
17682,10,11,4456.78,0,High-Value Loyal,215.8647751274911,Protect / Retain
17683,386,3,819.01,1,Lapsed Valuable Customers,6.298423591678887,Re-engagement Opportunity
17684,44,1,239.41,3,Recent / Developing,,Standard
17685,17,12,5907.47,0,High-Value Loyal,145.03879713527405,Protect / Retain
17686,7,9,8296.81,0,High-Value Loyal,502.93300781502404,Protect / Retain
17687,421,1,432.68,2,Low-Engagement / Dormant,1.4810220534854013,Standard
17688,394,1,304.2,2,Low-Engagement / Dormant,3.449895346707149,Standard
17689,388,2,317.08,2,Low-Engagement / Dormant,2.053135818309859,Standard
17690,30,20,7412.0,0,High-Value Loyal,177.92573089809207,Protect / Retain
17691,358,4,780.0500000000001,1,Lapsed Valuable Customers,4.508707031722778,Re-engagement Opportunity
17692,127,12,2975.8,1,Lapsed Valuable Customers,49.111011077216936,Re-engagement Opportunity
17693,137,1,200.47,2,Low-Engagement / Dormant,9.27474967276055,Standard
17694,142,3,1695.97,1,Lapsed Valuable Customers,3.941923100886897,Re-engagement Opportunity
17695,132,5,1746.04,1,Lapsed Valuable Customers,5.555129860233253,Re-engagement Opportunity
17696,38,27,7679.59,0,High-Value Loyal,951.3725000855665,Protect / Retain
17697,236,1,338.95,2,Low-Engagement / Dormant,1.838972429680863,Standard
17698,261,1,154.95,2,Low-Engagement / Dormant,1.3564652950282459,Standard
17699,477,2,442.0,2,Low-Engagement / Dormant,0.4236223362971612,Standard
17700,17,14,6679.97,0,High-Value Loyal,152.02086855087515,Protect / Retain
17701,253,1,417.95,2,Low-Engagement / Dormant,1.464340797124551,Standard
17702,30,6,3144.04,0,High-Value Loyal,364.89975181370346,Protect / Retain
17703,35,4,1094.84,3,Recent / Developing,89.23300733003987,Emerging High-Value
17704,169,2,885.19,1,Lapsed Valuable Customers,5.389020238776962,Re-engagement Opportunity
17705,3,11,2083.9,0,High-Value Loyal,105.22874234383792,Protect / Retain
17706,4,31,20749.98,0,High-Value Loyal,2548.6215684191056,Protect / Retain
17707,185,8,609.3000000000001,1,Lapsed Valuable Customers,5.533442175932056,Re-engagement Opportunity
17708,188,4,884.1800000000001,1,Lapsed Valuable Customers,19.243477451505022,Re-engagement Opportunity
17709,170,5,671.01,1,Lapsed Valuable Customers,5.248702594888868,Re-engagement Opportunity
17710,424,1,293.5,2,Low-Engagement / Dormant,3.343060746051477,Standard
17711,11,2,385.1,3,Recent / Developing,5.193273933887572,Standard
17712,45,1,522.91,3,Recent / Developing,,Standard
17713,382,4,1198.09,1,Lapsed Valuable Customers,5.007099238510616,Re-engagement Opportunity
17714,321,5,1410.18,1,Lapsed Valuable Customers,6.304921410334039,Re-engagement Opportunity
17715,201,2,489.59999999999997,2,Low-Engagement / Dormant,5.736325793441507,Standard
17716,23,24,15956.97,0,High-Value Loyal,1970.7091770274958,Protect / Retain
17717,421,1,376.92,2,Low-Engagement / Dormant,2.6845631232298475,Standard
17718,232,2,439.18,2,Low-Engagement / Dormant,3.4003902639518966,Standard
17719,38,15,5396.04,0,High-Value Loyal,507.35258266524096,Protect / Retain
17720,26,10,2768.91,0,High-Value Loyal,98.76137259569775,Protect / Retain
17721,659,1,307.21000000000004,2,Low-Engagement / Dormant,0.5349323235225178,Standard
17722,96,5,4430.36,1,Lapsed Valuable Customers,52.8956768279006,Re-engagement Opportunity
17723,127,7,3378.4000000000005,1,Lapsed Valuable Customers,30.09330908178207,Re-engagement Opportunity
17724,71,3,1033.0,1,Lapsed Valuable Customers,21.016504101971957,Re-engagement Opportunity
17725,16,11,3439.08,0,High-Value Loyal,387.3399087357503,Protect / Retain
17726,395,7,1092.06,1,Lapsed Valuable Customers,3.0187865126369817,Re-engagement Opportunity
17727,15,1,1060.25,3,Recent / Developing,,Standard
17728,4,5,4238.76,0,High-Value Loyal,15.215681020820483,Protect / Retain
17729,596,1,438.65000000000003,2,Low-Engagement / Dormant,0.996097093022951,Standard
17730,3,20,7773.8,0,High-Value Loyal,1050.7291530840616,Protect / Retain
17731,79,6,1708.99,1,Lapsed Valuable Customers,32.71321197897174,Re-engagement Opportunity
17732,373,8,2470.39,1,Lapsed Valuable Customers,20.420527091046253,Re-engagement Opportunity
17733,39,2,692.19,3,Recent / Developing,6.7822020829744645,Standard
17734,54,6,1442.32,1,Lapsed Valuable Customers,50.482415797674065,Re-engagement Opportunity
17735,2,26,17244.93,0,High-Value Loyal,2535.0892704495895,Protect / Retain
17736,9,3,377.44,3,Recent / Developing,82.99197480185438,Emerging High-Value
17737,9,2,168.24,3,Recent / Developing,,Standard
17738,19,13,4183.56,0,High-Value Loyal,415.954454000402,Protect / Retain
17739,12,18,7730.59,0,High-Value Loyal,328.46207831482667,Protect / Retain
17740,389,6,426.9,1,Lapsed Valuable Customers,2.217578742672502,Re-engagement Opportunity
17741,407,2,101.1,2,Low-Engagement / Dormant,1.2716052293115165,Standard
17742,113,11,2098.48,1,Lapsed Valuable Customers,16.448200359338493,Re-engagement Opportunity
17743,448,1,229.2,2,Low-Engagement / Dormant,3.135805698834263,Standard
17744,4,7,2649.14,0,High-Value Loyal,59.21053315517022,Protect / Retain
17745,478,2,600.34,2,Low-Engagement / Dormant,2.6409991196292784,Standard
17746,240,4,904.1800000000001,1,Lapsed Valuable Customers,4.28828801684025,Re-engagement Opportunity
17747,113,1,71.4,2,Low-Engagement / Dormant,2.190467097512711,Standard
17748,527,1,358.15,2,Low-Engagement / Dormant,0.9992373149172084,Standard
17749,178,3,1026.18,1,Lapsed Valuable Customers,8.95538919812874,Re-engagement Opportunity
17750,5,9,1710.45,0,High-Value Loyal,312.1194789671857,Protect / Retain
17751,421,1,157.85999999999999,2,Low-Engagement / Dormant,0.9763273420008326,Standard
17752,359,1,80.64,2,Low-Engagement / Dormant,0.5712273069808196,Standard
17753,464,4,382.06,2,Low-Engagement / Dormant,0.864399788134304,Standard
17754,1,13,4451.22,0,High-Value Loyal,452.7184543630492,Protect / Retain
17756,376,3,728.75,1,Lapsed Valuable Customers,6.718302395907462,Re-engagement Opportunity
17757,1,56,9366.5,0,High-Value Loyal,1000.3535387023452,Protect / Retain
17758,19,12,4964.03,0,High-Value Loyal,379.1467426163317,Protect / Retain
17759,17,5,1261.88,3,Recent / Developing,17.98586200235566,Standard
17760,22,6,918.93,3,Recent / Developing,8.394546556548656,Standard
17761,33,1,712.78,3,Recent / Developing,,Standard
17762,456,1,129.75,2,Low-Engagement / Dormant,1.547808838457338,Standard
17763,263,4,86.15,2,Low-Engagement / Dormant,2.641830552868736,Standard
17764,51,5,1513.57,1,Lapsed Valuable Customers,37.512136697421695,Re-engagement Opportunity
17765,159,4,524.0,1,Lapsed Valuable Customers,5.797014241020915,Re-engagement Opportunity
17766,381,2,299.61,2,Low-Engagement / Dormant,3.1053031601284244,Standard
17767,15,2,413.05,3,Recent / Developing,5.068512568239187,Standard
17768,8,7,3292.73,0,High-Value Loyal,109.39153699130051,Protect / Retain
17769,13,17,7053.38,0,High-Value Loyal,513.5555599351536,Protect / Retain
17770,199,5,1143.27,1,Lapsed Valuable Customers,10.445013876262664,Re-engagement Opportunity
17771,57,4,387.41,3,Recent / Developing,3.853297263062493,Standard
17772,11,3,360.75,3,Recent / Developing,3.565607493475861,Standard
17773,514,2,575.37,2,Low-Engagement / Dormant,1.5464494714674903,Standard
17774,97,9,3273.83,1,Lapsed Valuable Customers,116.47355487711567,Re-engagement Opportunity
17775,255,1,56.4,2,Low-Engagement / Dormant,0.779294804618135,Standard
17776,387,2,330.56,2,Low-Engagement / Dormant,2.3835022702015367,Standard
17777,25,3,647.56,3,Recent / Developing,40.97392296530217,Standard
17778,662,1,197.70000000000002,2,Low-Engagement / Dormant,0.1125470220055649,Standard
17779,21,3,650.32,3,Recent / Developing,63.43937917142536,Emerging High-Value
17780,667,3,346.56,2,Low-Engagement / Dormant,1.058648027588355,Standard
17781,159,2,188.02,2,Low-Engagement / Dormant,1.9052156375750067,Standard
17782,383,2,679.02,2,Low-Engagement / Dormant,9.95252895818659,Standard
17783,72,3,376.96,3,Recent / Developing,7.99364536799213,Standard
17784,550,1,112.86,2,Low-Engagement / Dormant,0.24126570655318375,Standard
17785,53,3,403.38,3,Recent / Developing,12.888230740795677,Standard
17786,85,2,266.85,2,Low-Engagement / Dormant,3.3158401571323166,Standard
17787,153,4,2553.82,1,Lapsed Valuable Customers,18.656785379627504,Re-engagement Opportunity
17788,74,2,1117.9,3,Recent / Developing,33.77410390810608,Standard
17789,281,2,397.15,2,Low-Engagement / Dormant,1.9630032392379557,Standard
17790,27,20,2779.41,0,High-Value Loyal,233.40639941004207,Protect / Retain
17791,30,1,106.1,3,Recent / Developing,,Standard
17792,467,2,368.35,2,Low-Engagement / Dormant,0.5947285602282059,Standard
17793,25,1,300.34,3,Recent / Developing,,Standard
17794,687,2,147.3,2,Low-Engagement / Dormant,0.3760092991007492,Standard
17795,180,2,342.83,2,Low-Engagement / Dormant,7.100440723539099,Standard
17796,40,7,1351.04,1,Lapsed Valuable Customers,26.756283900619152,Re-engagement Opportunity
17797,22,8,1971.87,0,High-Value Loyal,44.748695597124716,Protect / Retain
17798,582,1,178.07,2,Low-Engagement / Dormant,0.2858526176001949,Standard
17799,22,20,6246.93,0,High-Value Loyal,823.2180491156373,Protect / Retain
17800,37,9,1187.21,1,Lapsed Valuable Customers,210.29143344566296,Re-engagement Opportunity
17801,451,3,770.03,1,Lapsed Valuable Customers,5.720443225870512,Re-engagement Opportunity
17802,82,10,5046.42,0,High-Value Loyal,509.94685271523974,Protect / Retain
17803,392,1,184.66,2,Low-Engagement / Dormant,1.5456561219088925,Standard
17804,376,3,383.78000000000003,2,Low-Engagement / Dormant,2.9418691162511035,Standard
17805,74,2,927.03,3,Recent / Developing,6.5838902507170065,Standard
17806,11,1,546.04,3,Recent / Developing,,Standard
17807,395,3,437.87,2,Low-Engagement / Dormant,3.468253488071771,Standard
17808,549,4,262.64,2,Low-Engagement / Dormant,0.2971146573679496,Standard
17809,16,20,11337.39,0,High-Value Loyal,383.9218028973839,Protect / Retain
17810,669,2,373.16,2,Low-Engagement / Dormant,0.7032648255095728,Standard
17811,4,47,9519.8,0,High-Value Loyal,1091.0601649830955,Protect / Retain
17812,13,7,1105.29,3,Recent / Developing,19.485582456416203,Standard
17813,14,5,1698.07,3,Recent / Developing,,Standard
17814,375,2,1609.37,1,Lapsed Valuable Customers,11.295364039127987,Re-engagement Opportunity
17815,393,1,591.96,2,Low-Engagement / Dormant,9.480865862458723,Standard
17816,37,6,112.32,3,Recent / Developing,5.985010379465869,Standard
17817,4,6,788.15,3,Recent / Developing,15.783177412684168,Standard
17818,738,1,124.78,2,Low-Engagement / Dormant,2.896144735401324,Standard
17819,72,12,6612.5199999999995,0,High-Value Loyal,218.97137595717413,Protect / Retain
17820,374,1,180.60999999999999,2,Low-Engagement / Dormant,1.6390642491195282,Standard
17821,406,1,334.62,2,Low-Engagement / Dormant,1.4879851337602334,Standard
17822,420,5,2162.93,1,Lapsed Valuable Customers,5.065149449185181,Re-engagement Opportunity
17823,421,2,449.25,2,Low-Engagement / Dormant,4.77283452052348,Standard
17824,51,1,298.4,3,Recent / Developing,,Standard
17825,599,4,701.96,1,Lapsed Valuable Customers,1.1850868856166545,Re-engagement Opportunity
17826,374,1,133.34,2,Low-Engagement / Dormant,1.1474130833021776,Standard
17827,5,6,2376.17,0,High-Value Loyal,103.11397983598769,Protect / Retain
17828,23,4,1820.09,3,Recent / Developing,54.68211378675056,Standard
17829,299,5,4756.74,1,Lapsed Valuable Customers,8.65464563162114,Re-engagement Opportunity
17830,2,3,398.7,3,Recent / Developing,5.998753770793627,Standard
17831,33,1,35.400000000000006,2,Low-Engagement / Dormant,,Standard
17832,50,1,155.37,2,Low-Engagement / Dormant,,Standard
17833,723,1,338.46000000000004,2,Low-Engagement / Dormant,0.29607630341918423,Standard
17834,415,2,689.6700000000001,2,Low-Engagement / Dormant,6.8037666375524255,Standard
17835,3,3,342.24,3,Recent / Developing,,Standard
17836,47,1,110.21000000000001,2,Low-Engagement / Dormant,,Standard
17837,42,8,1541.23,1,Lapsed Valuable Customers,98.07982698303617,Re-engagement Opportunity
17838,27,13,6507.5,0,High-Value Loyal,55.325979578139,Protect / Retain
17839,42,1,318.15,3,Recent / Developing,,Standard
17840,444,1,175.9,2,Low-Engagement / Dormant,1.5011402738786979,Standard
17841,2,211,70081.86,0,High-Value Loyal,12075.917207405128,Protect / Retain
17842,602,1,430.69,2,Low-Engagement / Dormant,0.8410675110338379,Standard
17843,303,2,320.4,2,Low-Engagement / Dormant,1.9280160086870846,Standard
17844,107,1,51.559999999999995,2,Low-Engagement / Dormant,1.8235262911018326,Standard
17845,555,4,596.09,1,Lapsed Valuable Customers,2.273470021012715,Re-engagement Opportunity
17846,85,1,2033.1,1,Lapsed Valuable Customers,,Re-engagement Opportunity
17847,516,2,129.69,2,Low-Engagement / Dormant,1.3671574608738206,Standard
17848,81,30,3559.11,0,High-Value Loyal,174.90986018968619,Protect / Retain
17849,218,8,1063.76,1,Lapsed Valuable Customers,3.3527624190625036,Re-engagement Opportunity
17850,372,155,56600.08,0,High-Value Loyal,5.106231439795853,Protect / Retain
17851,422,6,1552.35,1,Lapsed Valuable Customers,5.345171386394313,Re-engagement Opportunity
17852,12,5,657.8100000000001,3,Recent / Developing,13.283729981583969,Standard
17853,407,3,1596.29,1,Lapsed Valuable Customers,3.4072977923117382,Re-engagement Opportunity
17854,185,6,1068.5,1,Lapsed Valuable Customers,11.275156994254498,Re-engagement Opportunity
17855,373,1,417.94,2,Low-Engagement / Dormant,3.242991930767009,Standard
17856,2,4,1418.03,3,Recent / Developing,9.119130456023367,Standard
17857,4,24,28682.24,0,High-Value Loyal,1870.77564454726,Protect / Retain
17858,6,30,12754.9,0,High-Value Loyal,1568.758864868363,Protect / Retain
17859,305,1,141.92000000000002,2,Low-Engagement / Dormant,2.6590670427646907,Standard
17860,369,4,943.84,1,Lapsed Valuable Customers,5.072373060947489,Re-engagement Opportunity
17861,3,18,5088.29,0,High-Value Loyal,711.0496317476169,Protect / Retain
17862,324,4,1254.89,1,Lapsed Valuable Customers,6.212236059007343,Re-engagement Opportunity
17863,59,12,5745.2,0,High-Value Loyal,468.47223885962154,Protect / Retain
17864,13,5,876.57,3,Recent / Developing,15.75116007938115,Standard
17865,31,46,26312.190000000002,0,High-Value Loyal,3583.2796088121977,Protect / Retain
17866,143,3,1134.95,1,Lapsed Valuable Customers,3.3405383471713654,Re-engagement Opportunity
17867,30,15,1582.0500000000002,0,High-Value Loyal,96.1070510128864,Protect / Retain
17868,386,1,227.15,2,Low-Engagement / Dormant,3.65938086318905,Standard
17869,107,7,1027.96,1,Lapsed Valuable Customers,7.50901303796687,Re-engagement Opportunity
17870,2,13,3079.69,0,High-Value Loyal,277.63887701227225,Protect / Retain
17871,205,5,1068.95,1,Lapsed Valuable Customers,10.616833837442492,Re-engagement Opportunity
17872,382,1,235.87,2,Low-Engagement / Dormant,3.083713082385903,Standard
17873,80,18,6470.280000000001,0,High-Value Loyal,282.47898738799813,Protect / Retain
17874,185,6,683.46,1,Lapsed Valuable Customers,6.487848681339049,Re-engagement Opportunity
17875,688,1,167.1,2,Low-Engagement / Dormant,0.38514020523812387,Standard
17876,400,3,3424.02,1,Lapsed Valuable Customers,8.610535243501948,Re-engagement Opportunity
17877,170,1,237.61,2,Low-Engagement / Dormant,6.871645572062376,Standard
17878,44,3,1378.93,3,Recent / Developing,8.41514319221641,Standard
17879,174,1,178.51999999999998,2,Low-Engagement / Dormant,1.2515230089759664,Standard
17880,365,3,824.9200000000001,1,Lapsed Valuable Customers,4.017982290841976,Re-engagement Opportunity
17881,304,1,133.35000000000002,2,Low-Engagement / Dormant,0.8212890264741612,Standard
17882,379,2,291.56,2,Low-Engagement / Dormant,3.2385235128363044,Standard
17883,3,7,988.42,3,Recent / Developing,12.567952772344068,Standard
17884,4,20,3020.99,0,High-Value Loyal,18.87619997008664,Protect / Retain
17885,12,1,156.34,3,Recent / Developing,,Standard
17886,32,6,1572.55,3,Recent / Developing,40.242933958972976,Standard
17887,129,1,111.35,2,Low-Engagement / Dormant,9.840792886486497,Standard
17888,21,25,1807.44,0,High-Value Loyal,54.58230570068417,Protect / Retain
17889,212,7,746.42,1,Lapsed Valuable Customers,7.454688432268101,Re-engagement Opportunity
17890,323,2,586.89,2,Low-Engagement / Dormant,8.455722214443007,Standard
17891,162,1,203.85999999999999,2,Low-Engagement / Dormant,9.942189169533894,Standard
17892,56,3,244.1,3,Recent / Developing,10.923397834260733,Standard
17893,225,1,107.21,2,Low-Engagement / Dormant,0.958135326540539,Standard
17894,72,18,2411.35,0,High-Value Loyal,43.77727437300433,Protect / Retain
17895,44,1,95.45,2,Low-Engagement / Dormant,,Standard
17896,23,1,256.32,3,Recent / Developing,,Standard
17897,173,9,2510.56,1,Lapsed Valuable Customers,28.447581574706422,Re-engagement Opportunity
17898,85,4,299.18,3,Recent / Developing,7.0725221014004465,Standard
17899,159,1,154.55,2,Low-Engagement / Dormant,2.8406929318108514,Standard
17900,190,2,112.19999999999999,2,Low-Engagement / Dormant,1.168202565408121,Standard
17901,29,3,260.08,3,Recent / Developing,4.210942058702726,Standard
17902,547,1,216.39999999999998,2,Low-Engagement / Dormant,0.4492548091433547,Standard
17903,394,1,381.09000000000003,2,Low-Engagement / Dormant,1.9623486349077544,Standard
17904,21,1,181.07,3,Recent / Developing,,Standard
17905,71,13,2379.37,0,High-Value Loyal,139.03598526572455,Protect / Retain
17906,247,1,72.9,2,Low-Engagement / Dormant,0.6527664327598058,Standard
17907,641,1,291.76,2,Low-Engagement / Dormant,0.8945541624389867,Standard
17908,374,5,1374.5,1,Lapsed Valuable Customers,9.476525554939556,Re-engagement Opportunity
17909,737,1,110.05,2,Low-Engagement / Dormant,0.4104451922377342,Standard
17910,726,1,261.7,2,Low-Engagement / Dormant,0.5990060321052146,Standard
17911,9,1,366.23,3,Recent / Developing,,Standard
17912,310,6,374.55,1,Lapsed Valuable Customers,2.2364473578275486,Re-engagement Opportunity
17913,59,14,3429.29,0,High-Value Loyal,37.14014236901889,Protect / Retain
17914,4,1,329.36,3,Recent / Developing,,Standard
17915,551,1,225.78,2,Low-Engagement / Dormant,0.1828051467876351,Standard
17916,629,2,43.87,2,Low-Engagement / Dormant,0.809104688626915,Standard
17917,45,3,335.03,3,Recent / Developing,9.416161925507375,Standard
17918,501,3,396.39,2,Low-Engagement / Dormant,0.868198340623698,Standard
17919,88,2,1840.32,1,Lapsed Valuable Customers,30.02800209081619,Re-engagement Opportunity
17920,4,54,24256.74,0,High-Value Loyal,1530.5371804282313,Protect / Retain
17921,64,10,2394.36,1,Lapsed Valuable Customers,142.17443336711062,Re-engagement Opportunity
17922,543,1,170.4,2,Low-Engagement / Dormant,0.311327232023658,Standard
17923,282,3,497.0,2,Low-Engagement / Dormant,2.5774249929081394,Standard
17924,12,8,3536.7000000000003,0,High-Value Loyal,5.8219576412432446,Protect / Retain
17925,373,1,488.16,2,Low-Engagement / Dormant,1.1944502755263475,Standard
17926,133,5,1035.49,1,Lapsed Valuable Customers,11.33535347835007,Re-engagement Opportunity
17927,722,1,294.0,2,Low-Engagement / Dormant,0.8078420076954654,Standard
17928,45,3,341.24,3,Recent / Developing,4.948567912132664,Standard
17929,11,12,3082.1,0,High-Value Loyal,58.42310876298747,Protect / Retain
17930,36,13,4275.22,0,High-Value Loyal,116.50772149853577,Protect / Retain
17931,134,14,3402.24,1,Lapsed Valuable Customers,56.181088188808175,Re-engagement Opportunity
17932,29,3,1331.57,3,Recent / Developing,43.3898200309291,Standard
17933,632,1,114.69,2,Low-Engagement / Dormant,0.14533767123660615,Standard
17934,52,3,1049.15,3,Recent / Developing,1.9084722099369087,Standard
17935,138,7,686.14,1,Lapsed Valuable Customers,7.683058879757502,Re-engagement Opportunity
17936,5,1,380.13,3,Recent / Developing,,Standard
17937,9,7,4301.22,0,High-Value Loyal,100.89855852301557,Protect / Retain
17938,420,1,144.29,2,Low-Engagement / Dormant,1.5767794375347526,Standard
17939,160,1,99.14,2,Low-Engagement / Dormant,1.3152768541354136,Standard
17940,49,16,30306.79,0,High-Value Loyal,485.8311434032545,Protect / Retain
17941,131,4,1433.28,1,Lapsed Valuable Customers,5.170286773431803,Re-engagement Opportunity
17942,8,1,77.50000000000001,3,Recent / Developing,,Standard
17944,423,1,74.99,2,Low-Engagement / Dormant,0.6183313112030264,Standard
17945,697,3,360.35,2,Low-Engagement / Dormant,1.0024291323904084,Standard
17946,233,2,149.57999999999998,2,Low-Engagement / Dormant,1.1015304137228674,Standard
17947,37,1,176.68,3,Recent / Developing,,Standard
17948,147,1,358.56000000000006,2,Low-Engagement / Dormant,5.167303377377281,Standard
17949,1,118,118628.08,0,High-Value Loyal,18079.166544112042,Protect / Retain
17950,72,7,1429.46,1,Lapsed Valuable Customers,14.133776206049127,Re-engagement Opportunity
17951,40,4,1636.0800000000002,3,Recent / Developing,7.241680503503123,Standard
17952,378,4,788.46,1,Lapsed Valuable Customers,8.691630845100697,Re-engagement Opportunity
17953,540,1,159.17000000000002,2,Low-Engagement / Dormant,0.24043216899634257,Standard
17954,5,19,3933.06,0,High-Value Loyal,455.1212689021362,Protect / Retain
17955,199,6,949.9,1,Lapsed Valuable Customers,5.258882419426245,Re-engagement Opportunity
17956,249,1,12.75,2,Low-Engagement / Dormant,2.492534725986691,Standard
17957,66,1,111.68,2,Low-Engagement / Dormant,,Standard
17958,117,2,973.88,1,Lapsed Valuable Customers,1.462355582745845,Re-engagement Opportunity
17959,592,1,140.75,2,Low-Engagement / Dormant,0.39587774950390414,Standard
17960,171,3,135.08,2,Low-Engagement / Dormant,4.311692706827648,Standard
17961,21,100,2994.29,0,High-Value Loyal,136.91342307414743,Protect / Retain
17962,142,4,666.96,1,Lapsed Valuable Customers,10.930485556032817,Re-engagement Opportunity
17963,471,4,643.16,1,Lapsed Valuable Customers,4.359534791561125,Re-engagement Opportunity
17964,32,2,724.97,3,Recent / Developing,7.407372581641885,Standard
17965,38,29,7157.2,0,High-Value Loyal,766.6177011752482,Protect / Retain
17966,38,10,1963.92,0,High-Value Loyal,108.88849991252638,Protect / Retain
17967,372,2,335.69,2,Low-Engagement / Dormant,2.404695838982193,Standard
17968,374,4,855.54,1,Lapsed Valuable Customers,8.898474342999927,Re-engagement Opportunity
17969,166,20,2354.29,0,High-Value Loyal,14.025704345624503,Protect / Retain
17970,211,1,562.79,2,Low-Engagement / Dormant,8.087616008081627,Standard
17971,548,1,161.94,2,Low-Engagement / Dormant,0.23647711158847,Standard
17972,242,1,135.19,2,Low-Engagement / Dormant,1.8074038742663572,Standard
17973,52,1,337.04,3,Recent / Developing,,Standard
17974,25,6,1739.09,3,Recent / Developing,107.45270345338884,Emerging High-Value
17975,15,24,7010.43,0,High-Value Loyal,840.1454826538153,Protect / Retain
17976,372,1,643.58,2,Low-Engagement / Dormant,3.8914802520989697,Standard
17977,29,2,1511.45,3,Recent / Developing,21.495426996464353,Standard
17978,365,4,1460.9099999999999,1,Lapsed Valuable Customers,9.577093404035251,Re-engagement Opportunity
17979,36,4,732.41,3,Recent / Developing,47.21372084586211,Standard
17980,166,4,1012.72,1,Lapsed Valuable Customers,26.374128510573897,Re-engagement Opportunity
17981,411,1,239.12,2,Low-Engagement / Dormant,2.527850644484519,Standard
17982,681,1,138.18,2,Low-Engagement / Dormant,0.20716351843640518,Standard
17983,395,1,171.71,2,Low-Engagement / Dormant,1.0277942572688359,Standard
17984,145,5,1152.19,1,Lapsed Valuable Customers,11.075313159839112,Re-engagement Opportunity
17985,22,1,631.35,3,Recent / Developing,,Standard
17986,56,1,20.8,2,Low-Engagement / Dormant,,Standard
17987,185,5,965.4399999999999,1,Lapsed Valuable Customers,12.053427466286692,Re-engagement Opportunity
17988,12,14,489.54,0,High-Value Loyal,28.276330939301687,Protect / Retain
17989,379,1,207.32999999999998,2,Low-Engagement / Dormant,2.5180526299298136,Standard
17990,237,6,1527.6100000000001,1,Lapsed Valuable Customers,9.324859737598516,Re-engagement Opportunity
17991,225,3,300.3,2,Low-Engagement / Dormant,3.15853298711591,Standard
17992,389,1,252.88,2,Low-Engagement / Dormant,2.8162489352670628,Standard
17993,617,1,225.99,2,Low-Engagement / Dormant,0.9324525806239196,Standard
17994,122,11,2270.0299999999997,1,Lapsed Valuable Customers,31.66088094697796,Re-engagement Opportunity
17995,282,3,495.48,2,Low-Engagement / Dormant,2.775087443345384,Standard
17996,380,3,482.33,2,Low-Engagement / Dormant,6.723763542717156,Standard
17997,74,8,1962.46,1,Lapsed Valuable Customers,311.44403986863114,Re-engagement Opportunity
17998,380,3,639.24,1,Lapsed Valuable Customers,7.667771390324886,Re-engagement Opportunity
17999,37,3,718.8,3,Recent / Developing,7.395289236629194,Standard
18000,564,1,124.25,2,Low-Engagement / Dormant,0.41792805421591256,Standard
18001,12,6,924.14,3,Recent / Developing,25.225841564956337,Standard
18002,376,4,244.37,2,Low-Engagement / Dormant,3.7105319808755417,Standard
18003,376,1,353.51,2,Low-Engagement / Dormant,1.2514413387903263,Standard
18004,362,1,157.92,2,Low-Engagement / Dormant,0.9295878439539385,Standard
18005,4,2,226.47,3,Recent / Developing,,Standard
18006,23,4,969.51,3,Recent / Developing,5.153602220968054,Standard
18007,393,1,215.22,2,Low-Engagement / Dormant,3.4201873817807424,Standard
18008,70,23,19759.079999999998,0,High-Value Loyal,96.03541205536733,Protect / Retain
18009,235,8,2144.23,1,Lapsed Valuable Customers,15.867823960024337,Re-engagement Opportunity
18010,257,1,174.8,2,Low-Engagement / Dormant,1.0903205288368332,Standard
18011,373,2,513.58,2,Low-Engagement / Dormant,3.391349170888752,Standard
18012,723,1,115.3,2,Low-Engagement / Dormant,0.10380063590939496,Standard
18013,155,2,187.29,2,Low-Engagement / Dormant,3.483060194581978,Standard
18014,28,1,162.22,3,Recent / Developing,,Standard
18015,4,1,120.03,3,Recent / Developing,,Standard
18016,32,7,1954.56,1,Lapsed Valuable Customers,35.51943180988526,Re-engagement Opportunity
18017,81,4,688.0,1,Lapsed Valuable Customers,16.049150079910447,Re-engagement Opportunity
18018,108,4,297.99,2,Low-Engagement / Dormant,4.7331559480282355,Standard
18019,52,1,38.45,2,Low-Engagement / Dormant,,Standard
18020,544,1,190.48000000000002,2,Low-Engagement / Dormant,0.24577244180897023,Standard
18021,510,2,216.41,2,Low-Engagement / Dormant,0.39099244859736876,Standard
18022,36,5,1507.25,3,Recent / Developing,67.28307901583518,Emerging High-Value
18024,153,2,389.78,2,Low-Engagement / Dormant,46.05400941381893,Standard
18025,380,6,1177.72,1,Lapsed Valuable Customers,5.162797364890859,Re-engagement Opportunity
18026,501,2,2074.07,1,Lapsed Valuable Customers,0.8716304886333066,Re-engagement Opportunity
18027,99,1,115.31,2,Low-Engagement / Dormant,21.789147781860216,Standard
18028,583,1,192.05,2,Low-Engagement / Dormant,0.21885905857732318,Standard
18029,642,1,433.77,2,Low-Engagement / Dormant,0.17591401831051645,Standard
18030,4,2,230.64999999999998,3,Recent / Developing,,Standard
18031,379,1,451.3,2,Low-Engagement / Dormant,1.6787233674580797,Standard
18032,334,1,73.5,2,Low-Engagement / Dormant,0.29266698583785294,Standard
18033,65,1,93.82000000000001,2,Low-Engagement / Dormant,,Standard
18034,22,3,754.2,3,Recent / Developing,11.572724653933307,Standard
18035,36,5,1260.23,3,Recent / Developing,11.859996692919083,Standard
18036,32,11,1545.49,0,High-Value Loyal,45.74678158436501,Protect / Retain
18037,154,15,167.42,1,Lapsed Valuable Customers,6.930900495252808,Re-engagement Opportunity
18038,556,1,141.48,2,Low-Engagement / Dormant,1.0195519533813524,Standard
18039,374,4,548.22,1,Lapsed Valuable Customers,10.38211009186357,Re-engagement Opportunity
18040,19,2,357.20000000000005,3,Recent / Developing,6.319060839328719,Standard
18041,12,38,8633.66,0,High-Value Loyal,338.9231385213493,Protect / Retain
18042,54,2,281.15,3,Recent / Developing,2.588602484563356,Standard
18043,25,3,817.2,3,Recent / Developing,42.91274931110725,Standard
18044,4,18,3505.61,0,High-Value Loyal,210.6093029368096,Protect / Retain
18045,45,1,178.34,2,Low-Engagement / Dormant,,Standard
18046,650,1,189.63,2,Low-Engagement / Dormant,0.2516482105006524,Standard
18047,381,2,326.09,2,Low-Engagement / Dormant,3.6084014289960713,Standard
18048,203,3,394.93,2,Low-Engagement / Dormant,3.4580377003357015,Standard
18049,437,2,500.92,2,Low-Engagement / Dormant,5.98503688948519,Standard
18050,359,2,412.06,2,Low-Engagement / Dormant,1.8628217714761843,Standard
18051,634,7,2282.28,1,Lapsed Valuable Customers,1.325518345476215,Re-engagement Opportunity
18052,565,1,10877.18,1,Lapsed Valuable Customers,0.09156010548947241,Re-engagement Opportunity
18053,71,3,571.07,3,Recent / Developing,4.475058990395794,Standard
18054,393,1,176.5,2,Low-Engagement / Dormant,0.9206958759678401,Standard
18055,7,14,11143.12,0,High-Value Loyal,652.9839416763764,Protect / Retain
18056,288,2,554.6,2,Low-Engagement / Dormant,4.782212153273313,Standard
18057,393,3,1188.46,1,Lapsed Valuable Customers,3.118856122714708,Re-engagement Opportunity
18058,10,3,774.06,3,Recent / Developing,4.807649248049102,Standard
18059,23,3,306.46,3,Recent / Developing,,Standard
18060,408,2,1185.46,1,Lapsed Valuable Customers,2.093122537503187,Re-engagement Opportunity
18061,22,28,6488.97,0,High-Value Loyal,160.07762094908938,Protect / Retain
18062,173,6,1632.67,1,Lapsed Valuable Customers,13.634603645117336,Re-engagement Opportunity
18063,391,2,186.60000000000002,2,Low-Engagement / Dormant,1.3232749905116201,Standard
18064,133,11,4481.83,1,Lapsed Valuable Customers,96.95273511853264,Re-engagement Opportunity
18065,6,29,5866.63,0,High-Value Loyal,226.30964022048065,Protect / Retain
18066,75,3,1440.4,1,Lapsed Valuable Customers,3.8871699866014513,Re-engagement Opportunity
18067,40,1,396.33,3,Recent / Developing,,Standard
18068,289,1,101.69999999999999,2,Low-Engagement / Dormant,0.6446380538248313,Standard
18069,26,11,4464.92,0,High-Value Loyal,352.27369603413786,Protect / Retain
18070,669,1,314.1,2,Low-Engagement / Dormant,0.43431969191897557,Standard
18071,258,6,1428.63,1,Lapsed Valuable Customers,9.88059963824519,Re-engagement Opportunity
18072,186,1,247.44,2,Low-Engagement / Dormant,2.6919743119642034,Standard
18073,114,12,3859.82,1,Lapsed Valuable Customers,47.27500940290508,Re-engagement Opportunity
18074,374,2,1509.04,1,Lapsed Valuable Customers,3.0086117305627673,Re-engagement Opportunity
18075,23,20,5783.29,0,High-Value Loyal,612.568602526977,Protect / Retain
18076,380,1,151.49,2,Low-Engagement / Dormant,0.6640849121964988,Standard
18077,8,18,4283.66,0,High-Value Loyal,517.5567902828597,Protect / Retain
18078,217,4,725.53,1,Lapsed Valuable Customers,7.2442685538957905,Re-engagement Opportunity
18079,45,5,4203.93,1,Lapsed Valuable Customers,104.53384035751965,Re-engagement Opportunity
18080,19,2,1231.5,3,Recent / Developing,6.32268110220165,Standard
18081,36,3,343.45,3,Recent / Developing,30.289879814325353,Standard
18082,26,1,680.84,3,Recent / Developing,,Standard
18083,398,1,463.53,2,Low-Engagement / Dormant,1.9579408417598063,Standard
18084,16,3,795.2299999999999,3,Recent / Developing,14.994650651397976,Standard
18085,330,4,1645.75,1,Lapsed Valuable Customers,3.7112441921424244,Re-engagement Opportunity
18086,274,1,101.34,2,Low-Engagement / Dormant,1.1793309508314052,Standard
18087,98,17,14761.519999999999,0,High-Value Loyal,166.43402854333726,Protect / Retain
18088,61,1,166.03,2,Low-Engagement / Dormant,,Standard
18089,447,1,428.45,2,Low-Engagement / Dormant,4.464406779566783,Standard
18090,422,1,321.9,2,Low-Engagement / Dormant,1.9104732242216396,Standard
18091,593,1,360.85,2,Low-Engagement / Dormant,0.8183822564717623,Standard
18092,2,18,16179.44,0,High-Value Loyal,587.8376373786118,Protect / Retain
18093,93,8,4452.71,1,Lapsed Valuable Customers,10.123095807187852,Re-engagement Opportunity
18094,82,13,6391.52,0,High-Value Loyal,324.3807139345981,Protect / Retain
18095,313,5,2303.09,1,Lapsed Valuable Customers,27.235700252718107,Re-engagement Opportunity
18096,12,6,1657.87,3,Recent / Developing,35.08770068542374,Standard
18097,8,11,4627.92,0,High-Value Loyal,318.8472933601699,Protect / Retain
18098,396,1,527.94,2,Low-Engagement / Dormant,3.0083274121013157,Standard
18099,127,1,168.31,2,Low-Engagement / Dormant,6.804685670044297,Standard
18100,550,1,451.56,2,Low-Engagement / Dormant,1.1158582529722514,Standard
18101,11,5,622.01,3,Recent / Developing,20.61558959753426,Standard
18102,1,145,608821.65,0,High-Value Loyal,42906.22533807411,Protect / Retain
18103,549,1,105.8,2,Low-Engagement / Dormant,0.5303646896568761,Standard
18104,37,1,754.64,3,Recent / Developing,,Standard
18105,38,1,113.48000000000002,2,Low-Engagement / Dormant,,Standard
18106,330,6,1441.06,1,Lapsed Valuable Customers,5.6025900775479025,Re-engagement Opportunity
18107,442,1,165.88,2,Low-Engagement / Dormant,1.2607522508158135,Standard
18108,254,3,848.8100000000001,1,Lapsed Valuable Customers,3.471506531570258,Re-engagement Opportunity
18109,2,38,9833.16,0,High-Value Loyal,1734.803130476655,Protect / Retain
18110,20,2,392.28000000000003,3,Recent / Developing,5.26956656922161,Standard
18111,589,1,405.85,2,Low-Engagement / Dormant,1.086200928446243,Standard
18112,12,4,773.36,3,Recent / Developing,19.0010521431497,Standard
18113,369,1,152.64000000000001,2,Low-Engagement / Dormant,0.8360639095971379,Standard
18114,290,1,220.1,2,Low-Engagement / Dormant,2.9594024729079087,Standard
18115,698,1,9.700000000000001,2,Low-Engagement / Dormant,0.26019465314763496,Standard
18116,68,13,2134.4900000000002,0,High-Value Loyal,58.86664859275565,Protect / Retain
18117,26,1,315.65,3,Recent / Developing,,Standard
18118,11,29,6693.13,0,High-Value Loyal,979.9762131046633,Protect / Retain
18119,368,1,361.4,2,Low-Engagement / Dormant,1.6504006406336649,Standard
18120,214,1,111.15,2,Low-Engagement / Dormant,1.8110101487813108,Standard
18121,149,2,653.3,2,Low-Engagement / Dormant,11.344156164411158,Standard
18122,8,6,1793.06,3,Recent / Developing,22.029583506289853,Standard
18123,24,3,666.64,3,Recent / Developing,4.309346320152371,Standard
18124,472,1,102.65,2,Low-Engagement / Dormant,0.30821221014862293,Standard
18125,30,4,1131.75,3,Recent / Developing,103.26854590202984,Emerging High-Value
18126,61,1,200.92000000000002,2,Low-Engagement / Dormant,,Standard
18127,19,4,556.13,3,Recent / Developing,40.859200877838106,Standard
18128,537,1,399.29,2,Low-Engagement / Dormant,2.465457972334323,Standard
18129,243,1,112.55000000000001,2,Low-Engagement / Dormant,0.9241957991108766,Standard
18130,15,3,1059.39,3,Recent / Developing,,Standard
18131,632,1,222.95999999999998,2,Low-Engagement / Dormant,1.3101568820947382,Standard
18132,504,1,220.13,2,Low-Engagement / Dormant,0.6183616325311737,Standard
18133,212,1,931.4999999999999,2,Low-Engagement / Dormant,4.077020193067327,Standard
18134,598,2,445.0,2,Low-Engagement / Dormant,0.34630808510542355,Standard
18135,29,10,1249.6200000000001,0,High-Value Loyal,11.474873101451845,Protect / Retain
18136,63,5,1631.3600000000001,1,Lapsed Valuable Customers,68.13014898449634,Re-engagement Opportunity
18137,551,2,145.99,2,Low-Engagement / Dormant,0.4354443960746343,Standard
18138,295,1,152.65,2,Low-Engagement / Dormant,0.5371837700677125,Standard
18139,18,6,8438.34,0,High-Value Loyal,,Protect / Retain
18140,474,1,536.41,2,Low-Engagement / Dormant,1.5931150316686749,Standard
18141,402,2,882.47,2,Low-Engagement / Dormant,2.618164562544992,Standard
18142,157,2,1019.52,1,Lapsed Valuable Customers,11.226332727524195,Re-engagement Opportunity
18143,117,2,1000.16,1,Lapsed Valuable Customers,46.81786598831458,Re-engagement Opportunity
18144,8,19,5058.0,0,High-Value Loyal,393.74128515779773,Protect / Retain
18145,13,11,5609.74,0,High-Value Loyal,302.9327489379761,Protect / Retain
18146,141,2,160.35000000000002,2,Low-Engagement / Dormant,1.810839881906313,Standard
18147,46,2,179.33999999999997,3,Recent / Developing,12.871212007566378,Standard
18148,647,1,112.85000000000001,2,Low-Engagement / Dormant,0.19082163315740588,Standard
18149,51,7,1553.96,1,Lapsed Valuable Customers,19.2870888528086,Re-engagement Opportunity
18150,32,3,566.58,3,Recent / Developing,21.716860249492214,Standard
18151,135,6,1879.44,1,Lapsed Valuable Customers,9.097231456943332,Re-engagement Opportunity
18152,646,1,426.69,2,Low-Engagement / Dormant,0.2851600942169337,Standard
18153,659,1,246.22,2,Low-Engagement / Dormant,0.12332593025783356,Standard
18154,3,5,932.6,3,Recent / Developing,7.2579035947196,Standard
18155,75,3,371.62,3,Recent / Developing,7.630824900302925,Standard
18156,13,2,862.52,3,Recent / Developing,3.259954199139457,Standard
18157,571,1,213.9,2,Low-Engagement / Dormant,0.3155072313421882,Standard
18158,9,2,453.4,3,Recent / Developing,,Standard
18159,301,1,530.15,2,Low-Engagement / Dormant,1.5578453131569812,Standard
18160,57,3,1003.88,3,Recent / Developing,22.37108843100547,Standard
18161,15,6,1803.1000000000001,3,Recent / Developing,79.80937953431831,Emerging High-Value
18162,732,1,371.51,2,Low-Engagement / Dormant,0.7083357798468447,Standard
18163,584,1,728.84,2,Low-Engagement / Dormant,1.371038456053794,Standard
18164,37,1,399.65000000000003,3,Recent / Developing,,Standard
18165,177,1,302.46000000000004,2,Low-Engagement / Dormant,6.034888191469873,Standard
18166,624,1,175.5,2,Low-Engagement / Dormant,0.4324562156121665,Standard
18167,23,3,1384.8600000000001,3,Recent / Developing,57.37920403200159,Standard
18168,176,16,3698.8,1,Lapsed Valuable Customers,58.85811015666125,Re-engagement Opportunity
18169,61,1,202.65,2,Low-Engagement / Dormant,,Standard
18170,33,9,2878.0,0,High-Value Loyal,70.32338988572612,Protect / Retain
18171,59,9,2437.31,1,Lapsed Valuable Customers,66.2809166443169,Re-engagement Opportunity
18172,15,52,17467.24,0,High-Value Loyal,1988.6241404508696,Protect / Retain
18173,87,5,2696.36,1,Lapsed Valuable Customers,85.2448912525416,Re-engagement Opportunity
18174,7,2,162.5,3,Recent / Developing,1.5410405429019671,Standard
18175,676,1,176.1,2,Low-Engagement / Dormant,0.138947974451419,Standard
18176,358,1,476.35,2,Low-Engagement / Dormant,1.553006383185802,Standard
18177,31,9,2216.32,0,High-Value Loyal,31.457681547808683,Protect / Retain
18178,129,11,6103.74,0,High-Value Loyal,139.43363117946043,Protect / Retain
18179,9,8,2547.55,0,High-Value Loyal,74.66881909082099,Protect / Retain
18180,5,6,1843.75,3,Recent / Developing,67.97713823457232,Emerging High-Value
18181,24,5,1188.34,3,Recent / Developing,25.594726900407977,Standard
18182,463,1,291.13,2,Low-Engagement / Dormant,1.306601804027808,Standard
18183,227,2,632.07,2,Low-Engagement / Dormant,5.362595504654303,Standard
18184,15,1,49.8,3,Recent / Developing,,Standard
18185,249,1,304.25,2,Low-Engagement / Dormant,3.552018045385502,Standard
18186,723,1,329.58,2,Low-Engagement / Dormant,0.27535606943712765,Standard
18187,632,1,724.89,2,Low-Engagement / Dormant,2.911401666807075,Standard
18188,15,6,3280.59,0,High-Value Loyal,31.84100918764196,Protect / Retain
18189,78,3,1403.73,1,Lapsed Valuable Customers,4.132273674719018,Re-engagement Opportunity
18190,192,5,745.62,1,Lapsed Valuable Customers,8.817415715606739,Re-engagement Opportunity
18191,262,2,529.4,2,Low-Engagement / Dormant,4.777869740739334,Standard
18192,72,1,957.97,3,Recent / Developing,,Standard
18193,165,3,1207.35,1,Lapsed Valuable Customers,12.688438950228775,Re-engagement Opportunity
18194,82,6,4162.04,1,Lapsed Valuable Customers,31.54043441713931,Re-engagement Opportunity
18195,387,1,101.16,2,Low-Engagement / Dormant,0.3330391674319191,Standard
18196,95,4,1457.19,1,Lapsed Valuable Customers,6.657031719510431,Re-engagement Opportunity
18197,576,1,230.1,2,Low-Engagement / Dormant,0.33359371576828006,Standard
18198,4,17,5425.56,0,High-Value Loyal,691.7694945437512,Protect / Retain
18199,684,1,344.75,2,Low-Engagement / Dormant,0.1922349030539619,Standard
18200,106,1,150.35,2,Low-Engagement / Dormant,18.068166303746803,Standard
18201,723,1,447.53000000000003,2,Low-Engagement / Dormant,0.2974460417969239,Standard
18202,200,3,1396.99,1,Lapsed Valuable Customers,11.27574240249691,Re-engagement Opportunity
18203,157,4,492.52,1,Lapsed Valuable Customers,7.033420944303292,Re-engagement Opportunity
18204,71,3,1975.35,1,Lapsed Valuable Customers,374.21128940397307,Re-engagement Opportunity
18205,36,2,517.36,3,Recent / Developing,,Standard
18206,553,1,314.65999999999997,2,Low-Engagement / Dormant,0.29393115475364096,Standard
18207,499,1,544.47,2,Low-Engagement / Dormant,1.512309279399651,Standard
18208,566,1,360.08,2,Low-Engagement / Dormant,0.3660363431582103,Standard
18209,29,1,139.10000000000002,3,Recent / Developing,,Standard
18210,2,7,2768.83,0,High-Value Loyal,6.528720384926649,Protect / Retain
18211,26,5,600.07,3,Recent / Developing,40.43908164816925,Standard
18212,326,2,514.37,2,Low-Engagement / Dormant,2.4672946151207924,Standard
18213,237,1,232.48000000000002,2,Low-Engagement / Dormant,3.3656058978150267,Standard
18214,531,4,1780.34,1,Lapsed Valuable Customers,1.278180352957494,Re-engagement Opportunity
18215,89,5,2232.4900000000002,1,Lapsed Valuable Customers,22.596234502765967,Re-engagement Opportunity
18216,31,1,481.75,3,Recent / Developing,,Standard
18217,29,4,945.04,3,Recent / Developing,4.274955081313079,Standard
18218,211,4,1121.84,1,Lapsed Valuable Customers,11.7242459224734,Re-engagement Opportunity
18219,3,17,3562.89,0,High-Value Loyal,298.36347399131535,Protect / Retain
18220,227,6,1921.76,1,Lapsed Valuable Customers,16.466176953009494,Re-engagement Opportunity
18221,22,6,1424.94,3,Recent / Developing,67.96983005501953,Emerging High-Value
18222,93,1,443.0,2,Low-Engagement / Dormant,20.841574371401386,Standard
18223,5,26,14000.85,0,High-Value Loyal,1757.1525535678543,Protect / Retain
18224,264,1,158.95000000000002,2,Low-Engagement / Dormant,0.9163290791128929,Standard
18225,3,26,13044.8,0,High-Value Loyal,1514.0818160861418,Protect / Retain
18226,44,26,11878.88,0,High-Value Loyal,1495.4670556863693,Protect / Retain
18227,218,2,388.75,2,Low-Engagement / Dormant,3.3359604620329124,Standard
18228,57,2,779.9,3,Recent / Developing,,Standard
18229,12,28,10803.710000000001,0,High-Value Loyal,1664.3074489368457,Protect / Retain
18230,9,9,4291.06,0,High-Value Loyal,72.69060341815799,Protect / Retain
18231,192,28,6854.17,0,High-Value Loyal,79.55544874051822,Protect / Retain
18232,82,4,592.97,1,Lapsed Valuable Customers,17.40931451689791,Re-engagement Opportunity
18233,326,1,440.0,2,Low-Engagement / Dormant,0.7570434587812145,Standard
18234,552,1,179.6,2,Low-Engagement / Dormant,0.26585913272778383,Standard
18235,72,3,1796.48,1,Lapsed Valuable Customers,110.59313171670706,Re-engagement Opportunity
18236,30,12,1795.3500000000001,0,High-Value Loyal,89.9957748104713,Protect / Retain
18237,3,5,987.1,3,Recent / Developing,148.77155396429148,Emerging High-Value
18238,515,1,270.92,2,Low-Engagement / Dormant,2.46093333166071,Standard
18239,219,6,2150.36,1,Lapsed Valuable Customers,47.52682393358072,Re-engagement Opportunity
18240,46,1,422.58,3,Recent / Developing,,Standard
18241,10,21,2986.9900000000002,0,High-Value Loyal,407.7954725839537,Protect / Retain
18242,72,8,3605.21,1,Lapsed Valuable Customers,122.96838593506826,Re-engagement Opportunity
18243,414,1,515.78,2,Low-Engagement / Dormant,1.7596599510850401,Standard
18244,431,2,568.64,2,Low-Engagement / Dormant,9.045942444349198,Standard
18245,7,20,6324.9800000000005,0,High-Value Loyal,683.6832342088945,Protect / Retain
18246,24,3,758.8199999999999,3,Recent / Developing,5.564661575746774,Standard
18247,415,3,839.73,1,Lapsed Valuable Customers,2.8145713046504315,Re-engagement Opportunity
18248,123,2,804.02,1,Lapsed Valuable Customers,30.951174206033908,Re-engagement Opportunity
18249,17,1,95.34,3,Recent / Developing,,Standard
18250,310,1,349.27,2,Low-Engagement / Dormant,1.1004072434104517,Standard
18251,87,9,26278.86,0,High-Value Loyal,39.67821488533761,Protect / Retain
18252,51,7,1533.69,1,Lapsed Valuable Customers,19.48175991455922,Re-engagement Opportunity
18253,643,1,317.88,2,Low-Engagement / Dormant,0.13508091054419052,Standard
18254,581,1,267.9,2,Low-Engagement / Dormant,0.6057822549439913,Standard
18255,89,2,303.15,2,Low-Engagement / Dormant,3.668290430668976,Standard
18256,388,1,110.7,2,Low-Engagement / Dormant,0.5855621397777517,Standard
18257,39,12,4600.15,0,High-Value Loyal,326.05861762112954,Protect / Retain
18258,464,6,2059.67,1,Lapsed Valuable Customers,0.6778603855649746,Re-engagement Opportunity
18259,25,7,4318.200000000001,0,High-Value Loyal,60.48045179224563,Protect / Retain
18260,173,23,9947.26,0,High-Value Loyal,95.90642437551114,Protect / Retain
18261,43,2,324.24,3,Recent / Developing,71.63383762487024,Emerging High-Value
18262,140,3,577.54,1,Lapsed Valuable Customers,9.120253358200454,Re-engagement Opportunity
18263,26,3,1213.1599999999999,3,Recent / Developing,59.78175664562318,Standard
18264,499,1,603.25,2,Low-Engagement / Dormant,4.1598863308154215,Standard
18265,72,2,801.51,3,Recent / Developing,20.098286948610273,Standard
18266,434,1,251.1,2,Low-Engagement / Dormant,2.39173108121535,Standard
18267,673,1,269.37,2,Low-Engagement / Dormant,0.34939030363231893,Standard
18268,134,6,1490.23,1,Lapsed Valuable Customers,20.048475859117552,Re-engagement Opportunity
18269,366,1,337.2,2,Low-Engagement / Dormant,1.448594393231133,Standard
18270,38,3,444.55,3,Recent / Developing,4.923639336350243,Standard
18271,610,2,680.85,2,Low-Engagement / Dormant,1.0605729834554405,Standard
18272,3,9,4385.9800000000005,0,High-Value Loyal,332.4010602421779,Protect / Retain
18273,2,4,357.0,3,Recent / Developing,9.175973133895274,Standard
18274,30,1,175.92,3,Recent / Developing,,Standard
18275,578,2,741.85,2,Low-Engagement / Dormant,1.1523662264358938,Standard
18276,44,6,1656.52,1,Lapsed Valuable Customers,12.883692152796337,Re-engagement Opportunity
18277,58,5,1180.05,1,Lapsed Valuable Customers,3.605486121864634,Re-engagement Opportunity
18278,74,2,414.20000000000005,3,Recent / Developing,3.1884582729958697,Standard
18279,519,1,231.33999999999997,2,Low-Engagement / Dormant,1.0431630730003898,Standard
18280,278,2,488.15000000000003,2,Low-Engagement / Dormant,3.22607737563163,Standard
18281,181,2,201.14,2,Low-Engagement / Dormant,2.3899811459747617,Standard
18282,8,2,178.05,3,Recent / Developing,13.696082984924542,Standard
18283,4,22,2664.9,0,High-Value Loyal,169.66332794653397,Protect / Retain
18284,432,1,461.68,2,Low-Engagement / Dormant,2.916113605353661,Standard
18285,661,1,427.0,2,Low-Engagement / Dormant,0.2790426102837079,Standard
18286,477,2,1296.43,1,Lapsed Valuable Customers,1.2896764632519735,Re-engagement Opportunity
18287,43,7,4182.99,0,High-Value Loyal,146.22144398864327,Protect / Retain
