Customer ID,Recency,Frequency,Monetary,TotalQuantity,UniqueProducts,CustomerTenureDays,AverageOrderValue,SpendLast30,OrdersLast30,SpendLast90,OrdersLast90,RecentSpendRatio,RecentOrderRatio,Future90DaySpend,Predicted90DaySpend
12346,236,12,77556.46,74285,27,636,6463.038333333334,0.0,0.0,0.0,0.0,0.0,0.0,0.0,8.351688898354759
12347,40,6,4114.18,2418,107,314,685.6966666666667,0.0,0.0,584.9100000000001,1.0,0.0,0.0,1519.14,439.32571193285685
12348,159,4,1709.4,2497,25,348,427.35,0.0,0.0,0.0,0.0,0.0,0.0,310.0,48.12709464934126
12349,318,3,2671.14,993,90,499,890.38,0.0,0.0,0.0,0.0,0.0,0.0,1757.55,59.178396487495334
12350,220,1,334.4,197,17,220,334.4,0.0,0.0,0.0,0.0,0.0,0.0,0.0,1.0860968956030252
12351,285,1,300.93,261,21,285,300.93,0.0,0.0,0.0,0.0,0.0,0.0,0.0,2.674498776330013
12352,172,7,1905.61,442,38,303,272.22999999999996,0.0,0.0,0.0,0.0,0.0,0.0,944.23,42.2649368659228
12353,114,2,406.76,212,23,319,203.38,0.0,0.0,0.0,0.0,0.0,0.0,0.0,4.466764457869742
12354,142,1,1079.4,530,58,142,1079.4,0.0,0.0,0.0,0.0,0.0,0.0,0.0,3.8569586797844604
12355,124,2,947.61,543,35,478,473.805,0.0,0.0,0.0,0.0,0.0,0.0,0.0,3.0728836875422147
12356,156,5,6313.38,3411,104,335,1262.676,0.0,0.0,0.0,0.0,0.0,0.0,58.349999999999994,66.07034783178496
12357,298,2,12079.99,3879,165,299,6039.995,0.0,0.0,0.0,0.0,0.0,0.0,6207.67,158.2690787032133
12358,61,4,3203.87,931,56,642,800.9675,0.0,0.0,484.86,1.0,0.0,0.0,683.2,68.39434604155984
12359,100,9,6059.09,2095,230,644,673.2322222222223,0.0,0.0,0.0,0.0,0.0,0.0,2814.3,475.22788169385245
12360,23,7,3209.11,1968,123,566,458.44428571428574,534.7,1.0,534.7,1.0,0.9981332835542281,0.5,1043.78,206.79236718235686
12361,197,4,511.25,235,18,592,127.8125,0.0,0.0,0.0,0.0,0.0,0.0,0.0,3.373942730053433
12362,30,5,1877.35,989,89,649,375.46999999999997,469.25,1.0,773.01,2.0,0.6062583170760067,0.3333333333333333,3478.88,86.97171208852558
12363,20,2,552.0,408,23,152,276.0,252.9,1.0,252.9,1.0,0.9960614415124065,0.5,0.0,30.469707336866456
12364,22,1,623.92,555,34,22,623.92,623.92,1.0,623.92,1.0,0.9983997951737822,0.5,689.18,107.15164529600253
12365,201,2,641.38,174,22,201,320.69,0.0,0.0,0.0,0.0,0.0,0.0,0.0,3.4942222649384815
12366,544,1,500.24,296,3,544,500.24,0.0,0.0,0.0,0.0,0.0,0.0,0.0,1.2222584585384753
12368,538,1,917.6999999999999,330,18,538,917.6999999999999,0.0,0.0,0.0,0.0,0.0,0.0,0.0,0.24510775645972604
12369,323,3,1791.15,1241,90,552,597.0500000000001,0.0,0.0,0.0,0.0,0.0,0.0,0.0,5.832315081949812
12370,185,6,3577.28,2224,150,579,596.2133333333334,0.0,0.0,0.0,0.0,0.0,0.0,739.28,39.062935825567365
12371,319,3,2179.42,845,91,555,726.4733333333334,0.0,0.0,0.0,0.0,0.0,0.0,1887.96,68.02313095410139
12372,123,2,914.9200000000001,592,32,207,457.46000000000004,0.0,0.0,0.0,0.0,0.0,0.0,383.12,12.236790840873441
12373,221,3,1127.65,516,36,584,375.8833333333334,0.0,0.0,0.0,0.0,0.0,0.0,0.0,3.1140914468192977
12374,331,3,2246.29,1020,47,498,748.7633333333333,0.0,0.0,0.0,0.0,0.0,0.0,742.9300000000001,44.0859841225956
12375,8,1,230.3,87,11,8,230.3,230.3,1.0,230.3,1.0,0.9956766104626027,0.5,227.20000000000002,41.88591872282679
12376,300,2,503.15,240,11,328,251.575,0.0,0.0,0.0,0.0,0.0,0.0,0.0,2.25256734229197
12377,225,4,3426.32,2105,129,499,856.58,0.0,0.0,0.0,0.0,0.0,0.0,0.0,8.544909507672727
12378,40,2,5416.32,3316,281,472,2708.16,0.0,0.0,4008.62,1.0,0.0,0.0,0.0,38.82375947919787
12379,80,3,1227.82,619,50,445,409.2733333333333,0.0,0.0,459.84,1.0,0.0,0.0,392.40000000000003,20.74172348619657
12380,96,8,7559.04,2521,125,573,944.88,0.0,0.0,0.0,0.0,0.0,0.0,2117.26,279.7111842847972
12381,30,1,1268.74,568,62,30,1268.74,1268.74,1.0,1268.74,1.0,0.999212437191866,0.5,576.57,75.01615733420567
12383,95,5,1850.56,1532,84,262,370.11199999999997,0.0,0.0,0.0,0.0,0.0,0.0,0.0,22.1285166968314
12384,32,1,292.69,62,14,32,292.69,0.0,0.0,292.69,1.0,0.0,0.0,292.58,64.48231849541851
12385,289,1,1938.4,612,65,289,1938.4,0.0,0.0,0.0,0.0,0.0,0.0,0.0,8.274623998261157
12386,248,2,660.8,568,10,277,330.4,0.0,0.0,0.0,0.0,0.0,0.0,0.0,6.822244248847682
12387,325,1,143.94,134,9,325,143.94,0.0,0.0,0.0,0.0,0.0,0.0,0.0,0.8770992685213985
12388,58,6,2788.79,1299,77,492,464.79833333333335,0.0,0.0,902.09,1.0,0.0,0.0,1112.3200000000002,134.40998246391615
12389,313,3,1433.33,614,41,566,477.77666666666664,0.0,0.0,0.0,0.0,0.0,0.0,0.0,2.3966208065679377
12391,375,5,2285.18,911,159,573,457.03599999999994,0.0,0.0,0.0,0.0,0.0,0.0,439.66,14.945813565459439
12392,501,1,234.75000000000003,73,7,501,234.75000000000003,0.0,0.0,0.0,0.0,0.0,0.0,0.0,0.3606487028757636
12393,156,5,1877.95,1017,53,338,375.59000000000003,0.0,0.0,0.0,0.0,0.0,0.0,521.5,132.07340383982978
12394,127,1,381.08,182,21,127,381.08,0.0,0.0,0.0,0.0,0.0,0.0,891.4,4.6994945814328535
12395,22,11,3948.21,3244,122,513,358.9281818181818,165.95,1.0,329.85,2.0,0.5015868218225782,0.3333333333333333,1119.06,349.6131426524952
12396,584,1,931.43,591,65,584,931.43,0.0,0.0,0.0,0.0,0.0,0.0,0.0,0.6446285966197935
12397,45,1,1214.81,704,70,45,1214.81,0.0,0.0,1214.81,1.0,0.0,0.0,1195.09,72.02427762498108
12399,29,7,1962.3,2198,67,555,280.3285714285714,209.62,1.0,209.62,1.0,0.9952521128097996,0.5,0.0,10.337572847946428
12400,324,1,205.25,91,11,324,205.25,0.0,0.0,0.0,0.0,0.0,0.0,0.0,3.671354712260794
12401,213,1,84.3,11,5,213,84.3,0.0,0.0,0.0,0.0,0.0,0.0,0.0,0.43061604062014136
12402,233,6,1256.9,584,43,581,209.48333333333335,0.0,0.0,0.0,0.0,0.0,0.0,0.0,3.859880796624179
12403,432,1,591.6600000000001,164,4,432,591.6600000000001,0.0,0.0,0.0,0.0,0.0,0.0,427.7,11.114298746605535
12404,592,1,63.24,1,1,592,63.24,0.0,0.0,0.0,0.0,0.0,0.0,0.0,0.14258216214183528
12405,59,1,1710.39,857,54,59,1710.39,0.0,0.0,1710.39,1.0,0.0,0.0,0.0,18.7145995350512
12406,94,4,4596.31,2391,81,607,1149.0775,0.0,0.0,0.0,0.0,0.0,0.0,1794.05,150.80606052427987
12407,44,4,1407.3600000000001,1237,50,174,351.84000000000003,0.0,0.0,911.4,2.0,0.0,0.0,300.76,182.66204989827006
12408,9,7,3586.27,1864,90,408,512.3242857142857,642.28,1.0,1296.46,2.0,0.49502874847779504,0.3333333333333333,754.5,201.30635866750475
12409,93,5,18553.7,10734,165,475,3710.7400000000002,0.0,0.0,0.0,0.0,0.0,0.0,4865.59,379.04297862301553
12410,219,3,1013.71,341,36,412,337.90333333333336,0.0,0.0,0.0,0.0,0.0,0.0,0.0,2.8082587181066545
12411,320,1,346.9,138,22,320,346.9,0.0,0.0,0.0,0.0,0.0,0.0,0.0,1.6342858507483902
12412,48,5,2260.79,1767,74,449,452.158,0.0,0.0,890.74,2.0,0.0,0.0,336.14,46.1745883016183
12413,146,3,805.25,238,37,312,268.4166666666667,0.0,0.0,0.0,0.0,0.0,0.0,194.20000000000002,6.5984566896126875
12414,127,6,952.41,495,21,374,158.73499999999999,0.0,0.0,0.0,0.0,0.0,0.0,0.0,3.8095256547237035
12415,9,22,121631.72,80774,438,438,5528.714545454545,24822.16,3.0,51203.98,8.0,0.48476066195123985,0.3333333333333333,22826.649999999998,35771.08635695852
12416,567,1,202.56,132,11,567,202.56,0.0,0.0,0.0,0.0,0.0,0.0,0.0,0.09970316861000661
12417,17,18,5964.83,2561,252,644,331.37944444444446,562.69,1.0,918.25,2.0,0.6121185749252108,0.3333333333333333,832.58,646.4787440346412
12418,23,4,2021.2,1088,90,540,505.3,668.58,1.0,668.58,1.0,0.9985065264792855,0.5,0.0,1.6536018555094865
12419,296,2,503.01,231,23,324,251.505,0.0,0.0,0.0,0.0,0.0,0.0,0.0,2.2615658089019965
12421,25,5,920.12,575,38,415,184.024,231.76,1.0,471.11,2.0,0.49090254389866766,0.3333333333333333,178.48,46.02204881102104
12422,6,17,5231.8,2596,137,632,307.7529411764706,147.7,1.0,565.0600000000001,2.0,0.26092640356145985,0.3333333333333333,0.0,170.27012591526912
12423,11,9,2413.75,1590,119,376,268.19444444444446,198.98,1.0,198.98,1.0,0.994999499949995,0.5,208.64000000000001,166.40871543580425
12424,73,4,3340.03,2025,78,458,835.0075,0.0,0.0,1760.96,2.0,0.0,0.0,0.0,12.686866337973912
12425,358,1,964.21,651,55,358,964.21,0.0,0.0,0.0,0.0,0.0,0.0,777.2,14.504563904126089
12426,105,2,1345.21,584,73,573,672.605,0.0,0.0,0.0,0.0,0.0,0.0,0.0,4.071263013876489
12427,282,1,607.0,158,10,282,607.0,0.0,0.0,0.0,0.0,0.0,0.0,522.3,4.057692183243594
12428,30,8,7548.12,3386,252,194,943.515,605.14,1.0,1237.58,2.0,0.4885756269276107,0.3333333333333333,408.34000000000003,442.9881275143813
12429,83,7,6580.39,2832,107,456,940.0557142857143,0.0,0.0,1125.4,1.0,0.0,0.0,905.52,385.3839237261975
12431,29,23,9177.59,3909,220,604,399.02565217391304,608.76,1.0,1716.04,4.0,0.3545403718026371,0.2,1612.88,1373.8556236079983
12432,80,3,4016.66,1427,75,82,1338.8866666666665,0.0,0.0,4016.66,3.0,0.0,0.0,1042.66,102.83988599959075
12433,1,6,13600.62,11476,227,387,2266.77,2608.11,1.0,2608.11,1.0,0.9996167275431086,0.5,6980.64,1183.1832995101083
12434,170,2,583.54,215,34,291,291.77,0.0,0.0,0.0,0.0,0.0,0.0,519.89,7.646575152429548
12435,178,5,10075.03,3782,81,647,2015.006,0.0,0.0,0.0,0.0,0.0,0.0,3850.9,198.2529435026882
12436,10,1,509.01,211,16,10,509.01,509.01,1.0,509.01,1.0,0.9980392541322719,0.5,0.0,27.197115507519698
12437,8,32,10543.4,6875,230,647,329.48125,334.68,2.0,836.3199999999999,3.0,0.3997038169397602,0.5,2140.0,1542.6469353618331
12438,50,1,890.0699999999999,586,49,50,890.0699999999999,0.0,0.0,890.0699999999999,1.0,0.0,0.0,2016.78,66.66363971246497
12439,593,2,1142.88,478,69,636,571.44,0.0,0.0,0.0,0.0,0.0,0.0,0.0,1.0921948171454314
12440,372,2,859.2,331,21,628,429.6,0.0,0.0,0.0,0.0,0.0,0.0,0.0,0.829291282047014
12441,277,1,347.1,242,11,277,347.1,0.0,0.0,0.0,0.0,0.0,0.0,0.0,1.2585597366405175
12443,642,1,485.31,182,21,642,485.31,0.0,0.0,0.0,0.0,0.0,0.0,0.0,0.40155098567963055
12444,32,2,2627.27,650,96,81,1313.635,0.0,0.0,2627.27,2.0,0.0,0.0,2378.19,207.52722274088956
12445,331,1,301.58000000000004,144,20,331,301.58000000000004,0.0,0.0,0.0,0.0,0.0,0.0,133.4,3.96850530043708
12447,153,1,476.49,190,26,153,476.49,0.0,0.0,0.0,0.0,0.0,0.0,0.0,1.758202995249962
12449,2,5,3493.18,1758,93,349,698.636,1087.7,1.0,1865.65,2.0,0.5827016312645649,0.3333333333333333,1342.71,87.10040487527012
12450,66,5,688.2,442,31,384,137.64000000000001,0.0,0.0,197.88,2.0,0.0,0.0,0.0,8.18252195969217
12451,128,5,8942.18,6889,259,439,1788.4360000000001,0.0,0.0,0.0,0.0,0.0,0.0,3727.7,327.7338756435126
12453,44,1,707.09,473,43,44,707.09,0.0,0.0,707.09,1.0,0.0,0.0,0.0,15.56756917175635
12454,306,4,13151.44,6697,9,331,3287.86,0.0,0.0,0.0,0.0,0.0,0.0,3528.34,33.889117795536414
12455,38,9,5589.45,2979,181,632,621.05,0.0,0.0,213.06,2.0,0.0,0.0,290.5,187.5653482330688
12456,41,2,2265.4,1073,77,165,1132.7,0.0,0.0,1325.23,1.0,0.0,0.0,915.64,127.40825735854297
12457,144,4,1699.93,648,37,345,424.9825,0.0,0.0,0.0,0.0,0.0,0.0,1295.98,37.0692631407076
12458,195,3,1272.01,750,58,398,424.00333333333333,0.0,0.0,0.0,0.0,0.0,0.0,505.48,11.063492668895595
12459,515,1,454.36,258,23,515,454.36,0.0,0.0,0.0,0.0,0.0,0.0,0.0,1.458847396248753
12460,366,1,326.65,170,18,366,326.65,0.0,0.0,0.0,0.0,0.0,0.0,0.0,3.1584699800267413
12461,4,2,826.88,287,35,65,413.44,200.0,1.0,826.88,2.0,0.2415809054452336,0.3333333333333333,0.0,18.709558065921648
12462,213,1,762.11,287,40,213,762.11,0.0,0.0,0.0,0.0,0.0,0.0,427.48,5.703536831731297
12463,85,3,985.79,577,51,152,328.59666666666664,0.0,0.0,337.84000000000003,1.0,0.0,0.0,358.99,56.12946300510425
12464,16,6,780.55,81,6,219,130.09166666666667,190.1,1.0,235.7,2.0,0.8031263202365864,0.3333333333333333,431.5,73.31090386232728
12465,79,1,440.94,294,26,79,440.94,0.0,0.0,440.94,1.0,0.0,0.0,301.25,14.796781987631531
12466,592,1,56.73,1,1,592,56.73,0.0,0.0,0.0,0.0,0.0,0.0,0.0,0.22344392585962794
12467,333,1,132.8,129,9,333,132.8,0.0,0.0,0.0,0.0,0.0,0.0,0.0,0.7753887265379582
12468,98,5,3670.74,2201,127,593,734.1479999999999,0.0,0.0,0.0,0.0,0.0,0.0,0.0,46.109275328977475
12469,433,2,3070.54,2552,76,447,1535.27,0.0,0.0,0.0,0.0,0.0,0.0,0.0,0.36076682314613734
12470,600,1,211.95,95,23,600,211.95,0.0,0.0,0.0,0.0,0.0,0.0,0.0,0.29878609833577763
12471,17,68,31210.54,12998,213,643,458.9785294117647,1740.82,3.0,2719.08,6.0,0.639988529749125,0.42857142857142855,8707.65,5973.638949080348
12472,49,17,16236.08,10290,367,636,955.0635294117646,0.0,0.0,1878.76,2.0,0.0,0.0,1644.51,841.9272473672236
12473,25,2,1175.75,853,60,102,587.875,514.06,1.0,514.06,1.0,0.9980584786238497,0.5,2752.2999999999997,225.17594893421852
12474,9,26,9410.72,5905,285,577,361.9507692307692,465.68,1.0,1642.93,5.0,0.2832724021095789,0.16666666666666666,2962.0299999999997,1596.8568276105852
12475,320,1,426.26,236,25,320,426.26,0.0,0.0,0.0,0.0,0.0,0.0,723.38,2.2473704358445192
12476,51,18,10459.16,4355,292,412,581.0644444444445,0.0,0.0,746.5699999999999,1.0,0.0,0.0,3624.75,1277.400599092959
12477,11,6,15890.66,4984,276,533,2648.443333333333,4257.0599999999995,1.0,4257.0599999999995,1.0,0.9997651512660696,0.5,4385.71,1404.94145434802
12480,53,6,4328.17,2341,146,417,721.3616666666667,0.0,0.0,557.6800000000001,1.0,0.0,0.0,1136.6799999999998,462.23852857786073
12481,90,13,10850.33,6300,213,517,834.6407692307693,0.0,0.0,1001.21,1.0,0.0,0.0,1494.56,845.0685125267237
12482,486,29,23691.4,27042,42,564,816.944827586207,0.0,0.0,0.0,0.0,0.0,0.0,0.0,0.3403312979149268
12483,9,17,4236.26,1842,60,587,249.19176470588238,309.45,1.0,309.45,1.0,0.9967788693831535,0.5,860.9200000000001,324.9225660622632
12484,11,10,5485.43,2936,296,591,548.543,1381.99,2.0,2519.98,3.0,0.5481955430031178,0.5,868.6700000000001,376.6969641777158
12485,439,1,708.1,414,34,439,708.1,0.0,0.0,0.0,0.0,0.0,0.0,0.0,4.84377568114428
12486,342,1,1037.28,523,49,342,1037.28,0.0,0.0,0.0,0.0,0.0,0.0,0.0,2.127623409879593
12487,641,1,285.29999999999995,174,2,641,285.29999999999995,0.0,0.0,0.0,0.0,0.0,0.0,0.0,0.4168661677158174
12489,246,1,334.93,105,15,246,334.93,0.0,0.0,0.0,0.0,0.0,0.0,0.0,1.2016324650542243
12490,3,17,7958.3,4852,171,648,468.13529411764705,1459.88,2.0,2356.87,4.0,0.6191520312824711,0.4,1865.3400000000001,1100.217299060742
12492,15,2,578.39,321,30,313,289.195,126.39000000000001,1.0,126.39000000000001,1.0,0.9921500902739618,0.5,136.82,23.076843338932548
12493,76,2,433.74,207,20,107,216.87,0.0,0.0,201.24,1.0,0.0,0.0,0.0,11.02518517500459
12494,72,7,1495.63,645,62,486,213.6614285714286,0.0,0.0,153.22,1.0,0.0,0.0,377.24,39.145897806606136
12495,551,1,357.4,130,17,551,357.4,0.0,0.0,0.0,0.0,0.0,0.0,0.0,0.09901561680200621
12496,530,2,45.34,30,10,530,22.67,0.0,0.0,0.0,0.0,0.0,0.0,0.0,1.0544832282270042
12497,311,2,5205.400000000001,4449,30,555,2602.7000000000003,0.0,0.0,0.0,0.0,0.0,0.0,1043.1,27.94517533530432
12499,470,1,393.72,302,27,470,393.72,0.0,0.0,0.0,0.0,0.0,0.0,0.0,1.9778488573596433
12500,17,14,3471.23,1969,75,583,247.945,378.0,1.0,563.64,2.0,0.6694531028620005,0.3333333333333333,2483.98,360.1340691482068
12501,247,1,2169.39,1783,149,247,2169.39,0.0,0.0,0.0,0.0,0.0,0.0,0.0,11.221619009430029
12502,6,5,3723.87,820,102,220,744.774,1092.35,1.0,1881.22,2.0,0.5803519248546928,0.3333333333333333,0.0,35.306432796392386
12503,494,1,1126.0,561,2,494,1126.0,0.0,0.0,0.0,0.0,0.0,0.0,0.0,0.7238396857412521
12504,327,2,297.0,368,8,507,148.5,0.0,0.0,0.0,0.0,0.0,0.0,482.04999999999995,6.767100104006813
12505,319,1,955.2,324,42,319,955.2,0.0,0.0,0.0,0.0,0.0,0.0,0.0,1.6993812771291572
12506,143,1,73.5,23,23,143,73.5,0.0,0.0,0.0,0.0,0.0,0.0,0.0,1.5399401040805167
12507,44,4,1844.06,1256,46,495,461.015,0.0,0.0,858.65,2.0,0.0,0.0,0.0,2.26765903924718
12509,194,1,176.5,55,7,194,176.5,0.0,0.0,0.0,0.0,0.0,0.0,0.0,0.7863129452900065
12510,53,9,5178.02,2049,94,645,575.3355555555556,0.0,0.0,301.52,1.0,0.0,0.0,0.0,59.54776333849179
12511,339,1,3084.02,1753,190,339,3084.02,0.0,0.0,0.0,0.0,0.0,0.0,0.0,8.10890283208014
12513,23,1,612.29,462,35,23,612.29,612.29,1.0,612.29,1.0,0.9983694500154903,0.5,0.0,42.966175589849676
12514,177,2,1597.76,840,76,552,798.88,0.0,0.0,0.0,0.0,0.0,0.0,0.0,3.413491850155695
12515,263,1,383.7,131,16,263,383.7,0.0,0.0,0.0,0.0,0.0,0.0,0.0,1.6554468212462186
12516,91,3,1919.76,1422,42,509,639.92,0.0,0.0,0.0,0.0,0.0,0.0,728.86,66.00269443023913
12517,36,2,1521.45,834,173,100,760.725,0.0,0.0,771.75,1.0,0.0,0.0,960.15,220.96149874137632
12518,20,1,324.83,187,18,20,324.83,324.83,1.0,324.83,1.0,0.99693091489427,0.5,1732.06,121.77157386567046
12519,387,1,385.7,212,22,387,385.7,0.0,0.0,0.0,0.0,0.0,0.0,330.84,5.212249155812025
12520,52,4,2045.85,1099,104,184,511.4625,0.0,0.0,348.29,1.0,0.0,0.0,588.41,222.2654113858063
12521,53,1,599.68,309,38,53,599.68,0.0,0.0,599.68,1.0,0.0,0.0,0.0,14.257478754678607
12523,18,19,3580.33,1958,144,642,188.43842105263158,312.81,2.0,517.56,3.0,0.6032281703178032,0.5,772.02,421.3162704817733
12524,72,15,9762.869999999999,5769,138,579,650.858,0.0,0.0,289.1,1.0,0.0,0.0,1363.24,276.30418104939497
12525,408,3,973.73,509,56,557,324.57666666666665,0.0,0.0,0.0,0.0,0.0,0.0,0.0,0.8876890818886958
12526,4,1,520.3,318,29,4,520.3,520.3,1.0,520.3,1.0,0.9980817187799731,0.5,796.36,53.9333504419639
12527,205,4,671.72,513,24,439,167.93,0.0,0.0,0.0,0.0,0.0,0.0,63.790000000000006,11.935771781464481
12528,25,4,1287.37,503,46,223,321.8425,234.0,1.0,515.71,2.0,0.4528652435602175,0.3333333333333333,646.11,104.47362190468998
12529,438,1,316.48,192,21,438,316.48,0.0,0.0,0.0,0.0,0.0,0.0,0.0,1.003923195346022
12530,34,8,3318.63,2400,85,552,414.82875,0.0,0.0,416.65,1.0,0.0,0.0,440.63,178.88905870700393
12531,596,1,1807.98,1074,110,596,1807.98,0.0,0.0,0.0,0.0,0.0,0.0,125.22,3.436515212120243
12533,538,2,1367.89,704,63,649,683.945,0.0,0.0,0.0,0.0,0.0,0.0,0.0,1.286286975860741
12534,41,1,1089.18,651,63,41,1089.18,0.0,0.0,1089.18,1.0,0.0,0.0,0.0,32.299061557589006
12535,2,2,716.35,219,28,97,358.175,344.9,1.0,344.9,1.0,0.9971089910378722,0.5,0.0,12.548511978462745
12537,319,1,732.94,449,43,319,732.94,0.0,0.0,0.0,0.0,0.0,0.0,0.0,10.732529081672826
12538,288,1,276.5,145,13,288,276.5,0.0,0.0,0.0,0.0,0.0,0.0,363.95,8.750681797476034
12539,172,6,10164.09,4089,247,626,1694.015,0.0,0.0,0.0,0.0,0.0,0.0,1050.66,201.00267451718358
12540,2,27,18101.11,8767,301,642,670.4114814814815,969.33,2.0,2744.34,4.0,0.35308194977671253,0.4,4153.38,2831.4051300159676
12541,83,2,536.14,419,27,191,268.07,0.0,0.0,223.74,1.0,0.0,0.0,445.03999999999996,47.987063964103584
12542,394,2,481.88,522,39,550,240.94,0.0,0.0,0.0,0.0,0.0,0.0,0.0,0.5923434542997008
12543,358,1,980.25,688,43,358,980.25,0.0,0.0,0.0,0.0,0.0,0.0,0.0,9.439297394616151
12545,170,1,628.15,346,34,170,628.15,0.0,0.0,0.0,0.0,0.0,0.0,372.24,7.725781636403625
12547,108,3,383.58,309,13,410,127.86,0.0,0.0,0.0,0.0,0.0,0.0,0.0,2.0776135273503122
12548,76,1,95.19999999999999,49,5,76,95.19999999999999,0.0,0.0,95.19999999999999,1.0,0.0,0.0,0.0,1.7601175972063918
12549,486,6,1575.68,1366,38,608,262.61333333333334,0.0,0.0,0.0,0.0,0.0,0.0,0.0,0.9183545991446054
12551,268,1,168.0,100,10,268,168.0,0.0,0.0,0.0,0.0,0.0,0.0,0.0,1.7367126725899875
12553,20,9,3336.06,1711,96,333,370.67333333333335,400.21999999999997,1.0,684.97,2.0,0.5834365934370307,0.3333333333333333,1272.69,483.59708791562906
12554,359,1,468.5,240,26,359,468.5,0.0,0.0,0.0,0.0,0.0,0.0,0.0,4.015700590061476
12555,592,1,129.23,1,1,592,129.23,0.0,0.0,0.0,0.0,0.0,0.0,0.0,0.10711592341937086
12556,61,1,308.75,163,60,61,308.75,0.0,0.0,308.75,1.0,0.0,0.0,290.81,67.08557684354894
12557,68,7,15726.14,5862,15,633,2246.5914285714284,0.0,0.0,4146.34,1.0,0.0,0.0,2990.0,976.3540477801317
12559,221,2,561.71,283,21,230,280.855,0.0,0.0,0.0,0.0,0.0,0.0,0.0,3.0151809685496413
12560,22,2,1436.31,820,77,53,718.155,144.0,1.0,1436.31,2.0,0.10018715517181402,0.3333333333333333,697.7,247.49431693839344
12561,213,1,238.85,177,16,213,238.85,0.0,0.0,0.0,0.0,0.0,0.0,0.0,2.666914160927665
12562,37,5,2790.41,1324,68,345,558.082,0.0,0.0,1160.27,2.0,0.0,0.0,2176.51,331.6512095411871
12563,319,1,249.24,113,13,319,249.24,0.0,0.0,0.0,0.0,0.0,0.0,0.0,3.035331783035706
12564,171,1,456.9,133,21,171,456.9,0.0,0.0,0.0,0.0,0.0,0.0,0.0,1.4223218261808153
12565,199,1,145.92,80,9,199,145.92,0.0,0.0,0.0,0.0,0.0,0.0,0.0,0.8075091771856018
12567,6,14,12158.56,5314,315,577,868.4685714285714,1742.88,2.0,3392.98,3.0,0.5135209989451912,0.5,1551.3,1471.143347026402
12568,555,1,70.0,48,5,555,70.0,0.0,0.0,0.0,0.0,0.0,0.0,0.0,0.1723878286736653
12569,2,15,2167.68,857,48,162,144.512,496.71000000000004,5.0,861.22,9.0,0.5760826703161607,0.5,1957.01,612.24364983988
12570,592,1,77.52,1,1,592,77.52,0.0,0.0,0.0,0.0,0.0,0.0,0.0,0.11860520398421526
12571,32,1,248.35,197,14,32,248.35,0.0,0.0,248.35,1.0,0.0,0.0,271.26,65.0152137559235
12573,137,5,717.41,479,107,375,143.482,0.0,0.0,0.0,0.0,0.0,0.0,0.0,8.157961642842228
12574,226,1,218.45,61,11,226,218.45,0.0,0.0,0.0,0.0,0.0,0.0,0.0,2.5340559751876692
12575,367,2,622.8199999999999,315,34,437,311.40999999999997,0.0,0.0,0.0,0.0,0.0,0.0,0.0,2.162049268534282
12576,6,7,1763.44,1192,97,436,251.92000000000002,275.7,1.0,514.9,2.0,0.5344058926148478,0.3333333333333333,379.28,71.44293121563712
12577,269,6,1186.3899999999999,856,195,646,197.73166666666665,0.0,0.0,0.0,0.0,0.0,0.0,430.71,91.41228492455322
12578,240,3,3456.6,1932,109,354,1152.2,0.0,0.0,0.0,0.0,0.0,0.0,1185.85,40.64457863992608
12580,157,2,1052.9,569,52,487,526.45,0.0,0.0,0.0,0.0,0.0,0.0,0.0,1.762592780211212
12582,149,4,1980.4,985,88,488,495.1,0.0,0.0,0.0,0.0,0.0,0.0,0.0,13.72829670210676
12583,17,21,11398.27,7387,117,644,542.7747619047619,243.1,1.0,829.64,3.0,0.2926658961764423,0.25,3049.17,1552.461577695936
12584,37,4,782.59,138,27,190,195.6475,0.0,0.0,159.85,2.0,0.0,0.0,1555.56,66.62845740210678
12585,144,2,2040.1,1279,77,261,1020.05,0.0,0.0,0.0,0.0,0.0,0.0,0.0,9.494509736703161
12586,285,3,1865.73,608,76,633,621.91,0.0,0.0,0.0,0.0,0.0,0.0,196.94000000000003,16.99888713797365
12588,309,3,743.88,385,27,508,247.96,0.0,0.0,0.0,0.0,0.0,0.0,214.89999999999998,8.874760358670105
12589,55,7,4180.48,1541,107,600,597.2114285714285,0.0,0.0,131.5,1.0,0.0,0.0,515.1800000000001,104.42432970375592
12590,121,2,9864.26,4283,68,121,4932.13,0.0,0.0,0.0,0.0,0.0,0.0,0.0,13.161115889956495
12591,227,3,1338.95,653,63,319,446.31666666666666,0.0,0.0,0.0,0.0,0.0,0.0,0.0,7.598655760947078
12592,2,5,2582.66,1875,42,429,516.5319999999999,205.8,1.0,205.8,1.0,0.995164410058027,0.5,0.0,16.241350452305806
12593,19,3,418.09999999999997,206,14,129,139.36666666666665,96.3,1.0,182.1,2.0,0.5259421081376298,0.3333333333333333,0.0,15.843403806813344
12594,31,13,4281.79,2431,78,556,329.36846153846153,0.0,0.0,721.95,1.0,0.0,0.0,808.32,391.85035063168675
12595,415,1,299.02,271,19,415,299.02,0.0,0.0,0.0,0.0,0.0,0.0,0.0,0.45117295176407785
12596,152,1,269.95,156,15,152,269.95,0.0,0.0,0.0,0.0,0.0,0.0,348.32,10.243261674002639
12597,93,2,1428.81,675,72,178,714.405,0.0,0.0,0.0,0.0,0.0,0.0,2382.41,172.12952514845085
12598,72,7,3095.39,1913,102,559,442.1985714285714,0.0,0.0,298.64,1.0,0.0,0.0,1438.7,200.99864803216678
12599,37,12,2121.18,1982,42,488,176.765,0.0,0.0,393.18,3.0,0.0,0.0,175.54000000000002,86.74016566563685
12600,23,19,4381.4400000000005,1184,48,642,230.6021052631579,275.37,1.0,620.6,2.0,0.4430019305019305,0.3333333333333333,662.48,474.0562988711878
12601,100,6,681.26,290,24,315,113.54333333333334,0.0,0.0,0.0,0.0,0.0,0.0,0.0,5.914365689665131
12604,172,1,178.5,137,10,172,178.5,0.0,0.0,0.0,0.0,0.0,0.0,75.68,2.5690803338524657
12605,286,4,1232.95,929,63,368,308.2375,0.0,0.0,0.0,0.0,0.0,0.0,0.0,4.415555453584654
12606,592,1,21.0,1,1,592,21.0,0.0,0.0,0.0,0.0,0.0,0.0,0.0,0.25619028084222845
12608,315,1,415.79,323,16,315,415.79,0.0,0.0,0.0,0.0,0.0,0.0,0.0,1.6731731997586807
12609,96,8,3109.7400000000002,1423,117,629,388.71750000000003,0.0,0.0,0.0,0.0,0.0,0.0,326.12,150.46974328318296
12610,16,2,1256.25,625,68,36,628.125,309.5,1.0,1256.25,2.0,0.24617220123284947,0.3333333333333333,843.29,283.2496836563978
12613,108,9,4935.51,3272,173,635,548.39,0.0,0.0,0.0,0.0,0.0,0.0,1881.8600000000001,386.31654655563
12614,188,1,315.6,76,20,188,315.6,0.0,0.0,0.0,0.0,0.0,0.0,0.0,1.4829424849392225
12615,78,5,4084.53,2354,167,541,816.9060000000001,0.0,0.0,634.74,1.0,0.0,0.0,1656.45,172.31082550446425
12616,5,3,1131.1,498,32,299,377.0333333333333,457.7,1.0,457.7,1.0,0.9978199258774798,0.5,0.0,17.094866056012297
12619,26,6,2227.6,1896,33,470,371.26666666666665,378.12,1.0,1455.8,3.0,0.2595551894563427,0.25,1553.78,60.36915431516634
12620,115,1,561.66,434,33,115,561.66,0.0,0.0,0.0,0.0,0.0,0.0,777.75,24.63115028876014
12621,10,30,21281.18,11932,297,579,709.3726666666666,1594.81,2.0,2839.22,5.0,0.5615093197005866,0.3333333333333333,3494.63,3198.3210549489077
12622,142,1,180.1,69,11,142,180.1,0.0,0.0,0.0,0.0,0.0,0.0,0.0,1.9092610567589925
12623,186,7,3747.84,1971,112,607,535.4057142857143,0.0,0.0,0.0,0.0,0.0,0.0,0.0,20.71883339131996
12624,16,2,641.13,355,36,88,320.565,341.19,1.0,641.13,2.0,0.5313410057153536,0.3333333333333333,0.0,12.302011183073061
12625,122,4,5164.88,3309,144,507,1291.22,0.0,0.0,0.0,0.0,0.0,0.0,0.0,32.504097756329976
12626,23,6,4774.0,2337,170,237,795.6666666666666,463.26,1.0,3499.9,4.0,0.13232597332114598,0.2,1846.48,588.242028364587
12627,6,5,2727.83,1575,112,50,545.566,1521.65,3.0,2727.83,5.0,0.5576199323519604,0.5,1750.7,234.0135728337123
12629,296,2,1558.22,722,40,333,779.11,0.0,0.0,0.0,0.0,0.0,0.0,0.0,5.094383592478508
12631,366,5,2841.07,1371,105,603,568.214,0.0,0.0,0.0,0.0,0.0,0.0,640.5,11.512238001802913
12632,431,2,804.88,694,32,475,402.44,0.0,0.0,0.0,0.0,0.0,0.0,0.0,0.7036495657814689
12633,40,6,5462.93,3144,213,436,910.4883333333333,0.0,0.0,219.2,1.0,0.0,0.0,215.23000000000002,159.97183362912725
12634,446,2,490.0,337,20,458,245.0,0.0,0.0,0.0,0.0,0.0,0.0,0.0,0.5645324598672539
12635,65,3,1924.87,1176,106,367,641.6233333333333,0.0,0.0,683.64,1.0,0.0,0.0,1005.54,103.8690378719064
12636,649,1,141.0,1,1,649,141.0,0.0,0.0,0.0,0.0,0.0,0.0,0.0,0.7668551399318846
12637,2,11,7939.8099999999995,4105,273,453,721.800909090909,2609.4,2.0,3271.75,3.0,0.797311129783821,0.5,344.0,522.0360045676015
12638,550,1,249.8,86,9,550,249.8,0.0,0.0,0.0,0.0,0.0,0.0,671.69,1.5999745129099474
12639,149,3,1312.37,631,58,538,437.45666666666665,0.0,0.0,0.0,0.0,0.0,0.0,0.0,3.0304595276752315
12641,25,1,185.9,72,10,25,185.9,185.9,1.0,185.9,1.0,0.994649545211343,0.5,0.0,4.773007398335968
12642,18,1,366.45,277,24,18,366.45,366.45,1.0,366.45,1.0,0.9972785412981358,0.5,646.81,46.140108229134526
12643,38,12,8304.82,4665,14,521,692.0683333333333,0.0,0.0,1452.72,2.0,0.0,0.0,0.0,98.26241773541527
12644,40,4,1918.49,1032,106,604,479.6225,0.0,0.0,477.91,1.0,0.0,0.0,0.0,1.6870484517779887
12645,20,7,3074.98,1866,106,579,439.28285714285715,511.96000000000004,1.0,511.96000000000004,1.0,0.9980505302557704,0.5,464.32,185.78650835291148
12647,36,33,17088.24,6486,229,605,517.8254545454546,0.0,0.0,584.4,2.0,0.0,0.0,836.11,310.6598424583362
12648,65,4,1112.0,518,38,611,278.0,0.0,0.0,318.05,1.0,0.0,0.0,0.0,10.910659980648742
12649,17,8,2294.65,1959,94,606,286.83125,248.51000000000002,2.0,248.51000000000002,2.0,0.9959921446034227,0.6666666666666666,0.0,23.079056143413332
12651,245,4,377.75,265,30,375,94.4375,0.0,0.0,0.0,0.0,0.0,0.0,0.0,1.5678925675451354
12652,241,2,1017.03,536,51,344,508.515,0.0,0.0,0.0,0.0,0.0,0.0,0.0,2.4705410516658737
12653,59,3,4160.83,1681,76,437,1386.9433333333334,0.0,0.0,1430.75,1.0,0.0,0.0,0.0,14.163465947640132
12654,108,3,337.75,151,19,205,112.58333333333333,0.0,0.0,0.0,0.0,0.0,0.0,264.23,7.517712017940804
12655,334,1,261.35,80,16,334,261.35,0.0,0.0,0.0,0.0,0.0,0.0,0.0,2.285188891470103
12656,26,6,5177.33,2417,140,473,862.8883333333333,1161.07,1.0,1161.07,1.0,0.9991394666414244,0.5,1230.5,38.99574812633876
12661,346,1,162.0,216,11,346,162.0,0.0,0.0,0.0,0.0,0.0,0.0,0.0,0.9803664583336672
12662,17,16,5791.900000000001,2923,135,528,361.99375000000003,383.92,1.0,815.58,2.0,0.47015601655685907,0.3333333333333333,1196.1200000000001,738.1275913608577
12663,535,2,239.4,181,9,578,119.7,0.0,0.0,0.0,0.0,0.0,0.0,0.0,0.17610137250048702
12664,54,5,3145.64,797,10,637,629.1279999999999,0.0,0.0,653.9,1.0,0.0,0.0,2924.4,109.25126417878539
12665,235,3,313.6,165,13,579,104.53333333333335,0.0,0.0,0.0,0.0,0.0,0.0,0.0,2.299206439540313
12666,304,1,1248.42,370,31,304,1248.42,0.0,0.0,0.0,0.0,0.0,0.0,0.0,1.5551862564372894
12668,169,9,10500.35,4749,258,587,1166.7055555555555,0.0,0.0,0.0,0.0,0.0,0.0,882.6800000000001,290.67439588714933
12669,61,3,2744.0299999999997,1115,98,167,914.6766666666666,0.0,0.0,471.43,1.0,0.0,0.0,0.0,62.22458862474959
12670,9,5,2398.71,991,54,577,479.742,608.0799999999999,1.0,608.0799999999999,1.0,0.9983581795494845,0.5,1361.58,33.79995564575873
12671,516,1,2622.481,1460,45,516,2622.481,0.0,0.0,0.0,0.0,0.0,0.0,0.0,0.15859195073827234
12672,240,2,437.05,138,22,506,218.525,0.0,0.0,0.0,0.0,0.0,0.0,0.0,2.222485881406524
12673,237,2,840.4,520,52,312,420.2,0.0,0.0,0.0,0.0,0.0,0.0,389.62,7.872707407969285
12674,2,3,1402.0,787,42,118,467.3333333333333,425.2,1.0,815.26,2.0,0.5209124543650308,0.3333333333333333,568.6,171.35531999149248
12675,464,2,957.25,336,111,488,478.625,0.0,0.0,0.0,0.0,0.0,0.0,0.0,3.2748134531951902
12676,34,9,2509.75,1691,58,393,278.8611111111111,0.0,0.0,169.10000000000002,1.0,0.0,0.0,333.34000000000003,186.8618349824111
12677,465,2,395.1,176,13,576,197.55,0.0,0.0,0.0,0.0,0.0,0.0,0.0,0.2896897771077912
12678,11,18,24934.98,16644,186,611,1385.2766666666666,1475.44,2.0,2390.9,3.0,0.6168485304569589,0.5,9346.2,2346.0807557726775
12679,116,2,906.38,407,43,194,453.19,0.0,0.0,0.0,0.0,0.0,0.0,206.64000000000001,25.494819511977788
12680,23,1,311.78,230,20,23,311.78,311.78,1.0,311.78,1.0,0.9968028646332886,0.5,569.03,88.78329481746354
12681,62,38,26947.32,15479,424,636,709.14,0.0,0.0,1111.74,2.0,0.0,0.0,3920.96,1263.7179688350823
12682,11,41,19965.61,8974,281,649,486.96609756097564,1134.08,3.0,2942.63,9.0,0.38526581126024667,0.3,4059.9,3486.0853111161564
12683,3,18,10842.4,6676,224,636,602.3555555555555,1535.26,2.0,1535.26,2.0,0.9993490685170479,0.6666666666666666,1854.3799999999999,1390.63576822196
12684,81,4,1379.48,1274,37,123,344.87,0.0,0.0,462.38,1.0,0.0,0.0,904.15,151.93592595261867
12685,3,2,1606.42,917,83,4,803.21,1606.42,2.0,1606.42,2.0,0.9993778850580434,0.6666666666666666,1256.66,179.0716971764885
12686,282,1,178.28,214,7,282,178.28,0.0,0.0,0.0,0.0,0.0,0.0,0.0,0.8900869194638817
12687,391,2,2138.91,1403,126,391,1069.455,0.0,0.0,0.0,0.0,0.0,0.0,0.0,1.4178161798173432
12688,24,1,4873.8099999999995,3028,171,24,4873.8099999999995,4873.8099999999995,1.0,4873.8099999999995,1.0,0.9997948637998199,0.5,0.0,13.665316539600859
12689,38,1,511.03,281,34,38,511.03,0.0,0.0,511.03,1.0,0.0,0.0,736.5799999999999,30.74895130358864
12690,116,1,389.01,106,16,116,389.01,0.0,0.0,0.0,0.0,0.0,0.0,0.0,3.7292184921180533
12691,55,5,690.9,249,20,331,138.18,0.0,0.0,150.1,1.0,0.0,0.0,479.5,42.29698516749781
12692,547,1,110.95,36,13,547,110.95,0.0,0.0,0.0,0.0,0.0,0.0,0.0,0.3937879513171625
12693,37,7,1703.02,536,63,432,243.28857142857143,0.0,0.0,225.14000000000001,1.0,0.0,0.0,0.0,11.025704687178003
12694,93,2,1413.18,1169,62,331,706.59,0.0,0.0,0.0,0.0,0.0,0.0,430.17,155.98015454994615
12695,17,5,1158.92,406,41,575,231.78400000000002,244.65,1.0,244.65,1.0,0.9959291675147568,0.5,248.2,22.236911408451967
12696,345,2,851.91,564,43,419,425.955,0.0,0.0,0.0,0.0,0.0,0.0,0.0,2.474833923872313
12697,41,2,733.91,359,27,79,366.955,0.0,0.0,733.91,2.0,0.0,0.0,223.68,17.813921238714684
12698,500,1,339.75,111,16,500,339.75,0.0,0.0,0.0,0.0,0.0,0.0,0.0,0.5049603673922545
12699,328,1,638.11,373,41,328,638.11,0.0,0.0,0.0,0.0,0.0,0.0,0.0,6.498985466323669
12700,66,2,2149.05,1376,110,125,1074.525,0.0,0.0,1056.62,1.0,0.0,0.0,2790.94,212.80520102264325
12701,152,5,1985.78,1295,92,543,397.156,0.0,0.0,0.0,0.0,0.0,0.0,460.63,90.1423604824844
12703,543,3,722.98,431,44,595,240.99333333333334,0.0,0.0,0.0,0.0,0.0,0.0,283.55,6.790221115650133
12704,16,3,1100.92,465,40,80,366.97333333333336,410.55,1.0,1100.92,3.0,0.37257695658487006,0.25,1239.92,224.1989724637652
12705,68,9,9056.33,5790,283,444,1006.2588888888889,0.0,0.0,998.4200000000001,1.0,0.0,0.0,2705.77,1050.3542594531439
12707,202,1,603.42,256,33,202,603.42,0.0,0.0,0.0,0.0,0.0,0.0,0.0,3.0971652914726344
12708,12,15,4632.96,2203,115,632,308.864,403.83,1.0,693.6,2.0,0.5813849697667722,0.3333333333333333,681.14,528.4686052527138
12709,6,30,28308.73,12830,189,640,943.6243333333333,761.6800000000001,1.0,2077.66,3.0,0.3664283721243494,0.25,2505.73,3106.114994910995
12710,7,3,1149.02,851,75,111,383.00666666666666,358.66,1.0,430.06,2.0,0.8320419431169676,0.3333333333333333,0.0,48.07877930833388
12711,522,2,1339.05,770,56,587,669.525,0.0,0.0,0.0,0.0,0.0,0.0,0.0,0.6983394134798633
12712,17,19,6710.610000000001,2230,123,641,353.19000000000005,242.15000000000003,1.0,1018.2,2.0,0.23758830455259028,0.3333333333333333,483.05,702.2621045724866
12714,17,11,12774.55,7963,402,646,1161.3227272727272,1114.52,1.0,1627.78,2.0,0.6842667518019622,0.3333333333333333,1319.16,632.5449701837472
12715,16,1,343.36,192,20,16,343.36,343.36,1.0,343.36,1.0,0.9970960622604251,0.5,0.0,49.371997839550474
12716,43,1,677.9,503,45,43,677.9,0.0,0.0,677.9,1.0,0.0,0.0,375.59000000000003,27.34615404739162
12717,61,3,1308.91,600,60,500,436.30333333333334,0.0,0.0,421.24,1.0,0.0,0.0,0.0,4.252202623757892
12720,4,22,6168.78,4729,230,417,280.3990909090909,375.34000000000003,2.0,1348.07,7.0,0.2782212931871586,0.25,2091.89,1440.6098416020745
12721,93,6,3055.86,1829,146,382,509.31,0.0,0.0,0.0,0.0,0.0,0.0,957.22,193.1862871069322
12722,25,3,929.65,559,48,61,309.8833333333333,626.73,2.0,929.65,3.0,0.673432547144469,0.5,67.98,162.01913821035518
12724,83,5,1566.47,1112,72,445,313.294,0.0,0.0,125.46000000000001,1.0,0.0,0.0,751.0500000000001,75.15008219637564
12725,281,4,2694.56,1306,92,494,673.64,0.0,0.0,0.0,0.0,0.0,0.0,0.0,17.099896003544917
12726,95,9,2872.82,3417,52,534,319.20222222222225,0.0,0.0,0.0,0.0,0.0,0.0,1141.78,210.25697210857683
12727,5,9,5036.53,2490,114,565,559.6144444444444,537.3,1.0,537.3,1.0,0.998142299832807,0.5,643.0,147.54163403862202
12728,167,4,851.15,380,39,294,212.7875,0.0,0.0,0.0,0.0,0.0,0.0,219.01999999999998,9.530315953056986
12729,24,1,453.01,233,26,24,453.01,453.01,1.0,453.01,1.0,0.9977974053434946,0.5,0.0,25.0429100153429
12730,432,1,829.25,234,47,432,829.25,0.0,0.0,0.0,0.0,0.0,0.0,0.0,2.846145476919552
12731,54,13,18204.05,8643,114,558,1400.3115384615385,0.0,0.0,3094.16,2.0,0.0,0.0,7571.66,2141.734132299545
12732,90,1,236.26000000000002,111,12,90,236.26000000000002,0.0,0.0,236.26000000000002,1.0,0.0,0.0,0.0,5.567252537118171
12733,144,4,2424.87,896,117,599,606.2175,0.0,0.0,0.0,0.0,0.0,0.0,0.0,9.364251354742624
12734,263,3,639.65,265,17,302,213.21666666666667,0.0,0.0,0.0,0.0,0.0,0.0,0.0,3.8995197255884384
12735,225,2,779.5699999999999,368,38,247,389.78499999999997,0.0,0.0,0.0,0.0,0.0,0.0,0.0,5.188717276060476
12736,243,1,234.0,173,4,243,234.0,0.0,0.0,0.0,0.0,0.0,0.0,0.0,2.491259586692439
12737,409,2,3710.5,2,2,409,1855.25,0.0,0.0,0.0,0.0,0.0,0.0,0.0,0.5233474124273954
12738,282,1,310.7,296,11,282,310.7,0.0,0.0,0.0,0.0,0.0,0.0,0.0,2.556412553140344
12739,9,3,2689.23,950,85,304,896.41,975.54,1.0,975.54,1.0,0.9989759764064964,0.5,37.5,19.87557216800844
12741,439,2,406.07,214,16,443,203.035,0.0,0.0,0.0,0.0,0.0,0.0,0.0,1.0188847957723748
12742,536,1,1201.52,1359,67,536,1201.52,0.0,0.0,0.0,0.0,0.0,0.0,0.0,0.5134662562429156
12743,44,2,540.13,315,114,44,270.065,0.0,0.0,540.13,2.0,0.0,0.0,0.0,18.93668332394237
12744,55,9,18249.74,6393,232,501,2027.748888888889,0.0,0.0,3949.32,1.0,0.0,0.0,7067.32,3016.890644469658
12745,397,3,925.41,468,21,592,308.46999999999997,0.0,0.0,0.0,0.0,0.0,0.0,0.0,0.46700144871661375
12746,451,1,254.55,97,17,451,254.55,0.0,0.0,0.0,0.0,0.0,0.0,0.0,0.7615495746187657
12747,20,23,7830.43,2335,79,642,340.4534782608696,301.70000000000005,1.0,678.0,2.0,0.4443298969072166,0.3333333333333333,1426.6100000000001,860.50361804315
12748,1,259,36331.11,22181,1835,645,140.27455598455597,1116.64,12.0,4003.27,40.0,0.2788623144792934,0.2926829268292683,19179.98,8075.290818871444
12749,41,7,5561.71,1969,219,431,794.53,0.0,0.0,1896.13,2.0,0.0,0.0,1335.65,393.3159239351935
12750,39,1,275.88,137,15,39,275.88,0.0,0.0,275.88,1.0,0.0,0.0,0.0,35.9315698540341
12751,355,1,268.27,189,61,355,268.27,0.0,0.0,0.0,0.0,0.0,0.0,0.0,5.220547892573678
12753,46,5,16620.91,9211,114,273,3324.182,0.0,0.0,3680.4,1.0,0.0,0.0,4808.48,1547.523681551371
12754,146,3,3010.74,6481,49,219,1003.5799999999999,0.0,0.0,0.0,0.0,0.0,0.0,0.0,10.40894094968603
12755,191,11,9030.66,3781,34,604,820.9690909090909,0.0,0.0,0.0,0.0,0.0,0.0,0.0,16.85053607163701
12757,53,7,5281.08,918,89,121,754.4399999999999,0.0,0.0,835.65,1.0,0.0,0.0,2553.57,379.9047772112209
12758,27,7,9903.24,6155,187,648,1414.7485714285715,1221.4,1.0,1221.4,1.0,0.9991819371727748,0.5,0.0,69.21862862292089
12759,82,7,4571.82,2930,188,646,653.1171428571428,0.0,0.0,637.72,1.0,0.0,0.0,448.92,336.6970612453889
12760,366,1,347.8,198,21,366,347.8,0.0,0.0,0.0,0.0,0.0,0.0,0.0,3.792746919325146
12761,368,2,782.95,281,27,375,391.475,0.0,0.0,0.0,0.0,0.0,0.0,0.0,1.9902747522568993
12763,48,2,814.16,512,16,279,407.08,0.0,0.0,174.0,1.0,0.0,0.0,0.0,10.244739818806272
12764,227,1,1693.88,386,45,227,1693.88,0.0,0.0,0.0,0.0,0.0,0.0,0.0,1.9123733643344498
12765,382,6,1404.58,1009,49,552,234.09666666666666,0.0,0.0,0.0,0.0,0.0,0.0,0.0,1.528402425470557
12766,59,7,8030.84,4295,217,318,1147.2628571428572,0.0,0.0,936.48,1.0,0.0,0.0,2037.44,856.931743328845
12767,286,1,949.82,598,43,286,949.82,0.0,0.0,0.0,0.0,0.0,0.0,0.0,2.082538311254507
12768,361,1,168.69000000000003,102,10,361,168.69000000000003,0.0,0.0,0.0,0.0,0.0,0.0,0.0,1.5862466077371284
12769,149,1,1143.6,356,32,149,1143.6,0.0,0.0,0.0,0.0,0.0,0.0,0.0,1.6397513126054584
12770,121,2,3246.45,1843,19,367,1623.225,0.0,0.0,0.0,0.0,0.0,0.0,0.0,5.290092652868975
12771,396,1,282.3,104,15,396,282.3,0.0,0.0,0.0,0.0,0.0,0.0,0.0,0.9661082841444693
12773,474,1,124.25,109,6,474,124.25,0.0,0.0,0.0,0.0,0.0,0.0,0.0,0.41792805421591256
12774,446,1,98.7,53,6,446,98.7,0.0,0.0,0.0,0.0,0.0,0.0,0.0,0.2720587545602438
12775,100,6,1464.76,946,45,319,244.12666666666667,0.0,0.0,0.0,0.0,0.0,0.0,221.36,130.08222303262556
12776,578,1,55.5,46,4,578,55.5,0.0,0.0,0.0,0.0,0.0,0.0,0.0,0.20218538206513129
12777,368,1,519.45,458,26,368,519.45,0.0,0.0,0.0,0.0,0.0,0.0,0.0,1.396799872401374
12778,93,7,1445.51,1368,66,513,206.50142857142856,0.0,0.0,0.0,0.0,0.0,0.0,330.17,82.43839829994637
12779,100,13,5740.32,3002,123,647,441.5630769230769,0.0,0.0,0.0,0.0,0.0,0.0,981.95,469.9759705788462
12780,509,1,337.4,285,20,509,337.4,0.0,0.0,0.0,0.0,0.0,0.0,0.0,0.16413145139649835
12781,195,1,549.26,346,15,195,549.26,0.0,0.0,0.0,0.0,0.0,0.0,277.48,7.038917807314212
12782,60,10,4365.99,1889,135,429,436.599,0.0,0.0,515.72,1.0,0.0,0.0,252.25,407.57028129707567
12784,439,1,1230.33,582,72,439,1230.33,0.0,0.0,0.0,0.0,0.0,0.0,532.8199999999999,7.53750977653799
12785,274,3,1100.4,453,42,641,366.8,0.0,0.0,0.0,0.0,0.0,0.0,0.0,3.4769337663246596
12786,520,1,728.5,324,18,520,728.5,0.0,0.0,0.0,0.0,0.0,0.0,0.0,0.9426853096367194
12787,2,3,743.18,459,28,323,247.72666666666666,186.56,1.0,186.56,1.0,0.9946683727873747,0.5,119.0,35.46116976772001
12788,373,4,444.9,194,20,438,111.225,0.0,0.0,0.0,0.0,0.0,0.0,0.0,0.9627560996192358
12789,423,2,181.5,32,2,604,90.75,0.0,0.0,0.0,0.0,0.0,0.0,91.85,3.944441740820163
12790,102,2,591.85,306,36,320,295.925,0.0,0.0,0.0,0.0,0.0,0.0,0.0,8.52757970129978
12791,284,6,1056.1100000000001,450,17,534,176.01833333333335,0.0,0.0,0.0,0.0,0.0,0.0,0.0,2.800165433096343
12792,167,2,827.01,394,39,445,413.505,0.0,0.0,0.0,0.0,0.0,0.0,0.0,3.0986890574070225
12793,245,3,1017.33,526,34,311,339.11,0.0,0.0,0.0,0.0,0.0,0.0,0.0,5.0329035873224806
12794,9,1,317.0,227,20,9,317.0,317.0,1.0,317.0,1.0,0.9968553459119497,0.5,543.41,102.78385667269609
12796,538,1,381.0,182,7,538,381.0,0.0,0.0,0.0,0.0,0.0,0.0,0.0,0.12900080526136937
12797,276,2,806.11,333,27,334,403.055,0.0,0.0,0.0,0.0,0.0,0.0,0.0,3.4524195606665806
12798,81,2,3140.93,5455,27,332,1570.465,0.0,0.0,1607.04,1.0,0.0,0.0,5370.0,150.39120987826024
12799,439,1,219.35,137,15,439,219.35,0.0,0.0,0.0,0.0,0.0,0.0,0.0,0.3574994816965332
12800,380,3,584.25,284,31,587,194.75,0.0,0.0,0.0,0.0,0.0,0.0,0.0,0.8854965276730896
12801,411,1,1071.82,505,50,411,1071.82,0.0,0.0,0.0,0.0,0.0,0.0,0.0,0.8616009190337719
12802,97,7,2416.42,1972,108,474,345.20285714285717,0.0,0.0,0.0,0.0,0.0,0.0,0.0,44.187427585912765
12803,303,1,1092.81,872,55,303,1092.81,0.0,0.0,0.0,0.0,0.0,0.0,0.0,4.120148827267262
12804,376,2,325.37,270,60,410,162.685,0.0,0.0,0.0,0.0,0.0,0.0,0.0,0.8984703314212978
12805,292,4,1434.95,593,44,585,358.7375,0.0,0.0,0.0,0.0,0.0,0.0,0.0,2.8629578974608836
12806,345,4,2878.96,2087,58,499,719.74,0.0,0.0,0.0,0.0,0.0,0.0,0.0,5.7134444973085055
12807,293,1,330.35,145,16,293,330.35,0.0,0.0,0.0,0.0,0.0,0.0,0.0,1.5319799722338394
12808,95,4,703.8000000000001,295,35,373,175.95000000000002,0.0,0.0,0.0,0.0,0.0,0.0,202.3,16.981140990439606
12809,88,3,1755.94,518,75,557,585.3133333333334,0.0,0.0,489.31,1.0,0.0,0.0,0.0,3.485479590048461
12810,445,2,534.99,389,32,587,267.495,0.0,0.0,0.0,0.0,0.0,0.0,0.0,1.030738379423521
12811,171,5,1033.9,435,47,338,206.78000000000003,0.0,0.0,0.0,0.0,0.0,0.0,0.0,6.771491644549339
12813,412,3,1687.8,1141,37,603,562.6,0.0,0.0,0.0,0.0,0.0,0.0,0.0,0.4430309185456458
12814,12,1,125.92,49,2,12,125.92,125.92,1.0,125.92,1.0,0.9921210211156634,0.5,0.0,10.243872105834173
12815,58,2,1063.46,379,38,108,531.73,0.0,0.0,448.1,1.0,0.0,0.0,0.0,14.700100161440963
12816,6,2,572.2,128,27,86,286.1,253.55,1.0,572.2,2.0,0.44234124214933707,0.3333333333333333,0.0,16.068909638056333
12817,191,3,690.98,219,16,345,230.32666666666668,0.0,0.0,0.0,0.0,0.0,0.0,0.0,4.505122742503357
12818,172,1,1542.08,929,14,172,1542.08,0.0,0.0,0.0,0.0,0.0,0.0,0.0,2.750843430140044
12819,368,1,540.52,344,19,368,540.52,0.0,0.0,0.0,0.0,0.0,0.0,0.0,1.6483736572277528
12820,237,8,1917.64,1388,91,644,239.705,0.0,0.0,0.0,0.0,0.0,0.0,771.88,76.41986051141538
12821,124,2,220.8,162,13,521,110.4,0.0,0.0,0.0,0.0,0.0,0.0,0.0,3.369079002164718
12823,37,17,5966.0,860,1,589,350.94117647058823,0.0,0.0,229.5,1.0,0.0,0.0,535.5,136.91078362516575
12825,431,2,518.63,139,20,552,259.315,0.0,0.0,0.0,0.0,0.0,0.0,0.0,0.6454288671445408
12826,89,9,2299.65,1658,86,632,255.51666666666668,0.0,0.0,121.52,1.0,0.0,0.0,656.1,156.920166146447
12828,9,3,415.51,157,23,40,138.50333333333333,188.51,2.0,415.51,3.0,0.4525941754099541,0.5,603.2,197.28869080857055
12829,247,3,385.3,550,17,460,128.43333333333334,0.0,0.0,0.0,0.0,0.0,0.0,0.0,4.110982588331889
12830,1,5,6414.32,8696,13,82,1282.864,1210.3200000000002,1.0,6414.32,5.0,0.18866089298741143,0.16666666666666666,400.32000000000005,280.1531044001235
12831,172,3,451.11,303,16,373,150.37,0.0,0.0,0.0,0.0,0.0,0.0,0.0,3.42175467147212
12832,8,1,267.8,132,18,8,267.8,267.8,1.0,267.8,1.0,0.9962797619047619,0.5,115.23,118.64107144767287
12833,55,1,417.38,156,24,55,417.38,0.0,0.0,417.38,1.0,0.0,0.0,0.0,18.75763395078393
12834,193,1,312.38,110,18,193,312.38,0.0,0.0,0.0,0.0,0.0,0.0,0.0,2.2865946554188357
12835,338,41,5996.83,2349,138,647,146.2641463414634,0.0,0.0,0.0,0.0,0.0,0.0,0.0,1.5701188497370653
12836,47,14,6061.9,2027,252,648,432.99285714285713,0.0,0.0,451.13,1.0,0.0,0.0,497.83000000000004,455.5039196656075
12837,83,2,662.66,194,83,479,331.33,0.0,0.0,134.1,1.0,0.0,0.0,0.0,6.20845486429569
12838,284,9,3085.54,1707,177,503,342.8377777777778,0.0,0.0,0.0,0.0,0.0,0.0,281.16,44.03253388532491
12839,2,21,7577.7,5113,139,643,360.84285714285716,744.02,2.0,1397.02,4.0,0.5321955336833522,0.4,2494.03,1507.6247145440054
12840,54,7,4041.97,2258,109,584,577.4242857142857,0.0,0.0,576.0,1.0,0.0,0.0,0.0,91.30568460355283
12841,17,32,6302.52,4414,253,429,196.95375,115.34,1.0,690.45,4.0,0.16680887989008605,0.2,1161.67,1026.3226448542855
12842,219,3,1109.73,497,27,648,369.91,0.0,0.0,0.0,0.0,0.0,0.0,808.26,9.6838504843848
12843,70,29,6573.41,3027,129,637,226.66931034482758,0.0,0.0,620.8,3.0,0.0,0.0,9.95,174.31525233272782
12844,40,3,497.52,175,68,504,165.84,0.0,0.0,174.88,1.0,0.0,0.0,151.08,13.491602377759909
12845,177,4,354.09,204,26,200,88.5225,0.0,0.0,0.0,0.0,0.0,0.0,0.0,2.117385244144233
12846,592,1,15.58,1,1,592,15.58,0.0,0.0,0.0,0.0,0.0,0.0,0.0,0.2598338756640138
12847,298,1,765.36,624,34,298,765.36,0.0,0.0,0.0,0.0,0.0,0.0,843.64,26.649951715162846
12848,586,1,208.0,58,16,586,208.0,0.0,0.0,0.0,0.0,0.0,0.0,0.0,0.1991021948324108
12849,179,5,2701.0299999999997,1747,110,501,540.2059999999999,0.0,0.0,0.0,0.0,0.0,0.0,341.44,65.8399081917223
12850,356,1,330.0,200,2,356,330.0,0.0,0.0,0.0,0.0,0.0,0.0,0.0,7.7667278231055885
12851,7,2,280.76,157,71,387,140.38,131.81,1.0,131.81,1.0,0.9924704465025224,0.5,0.0,6.598704060986823
12852,205,1,311.55,149,17,205,311.55,0.0,0.0,0.0,0.0,0.0,0.0,0.0,2.2699476974966584
12853,45,11,3907.5,1668,111,583,355.22727272727275,0.0,0.0,1072.1,3.0,0.0,0.0,0.0,113.01386603794936
12854,151,6,2465.09,1426,166,638,410.84833333333336,0.0,0.0,0.0,0.0,0.0,0.0,505.88,95.8015047970966
12855,283,4,650.9399999999999,270,65,312,162.73499999999999,0.0,0.0,0.0,0.0,0.0,0.0,0.0,6.198462759986553
12857,121,6,3688.0,1420,71,593,614.6666666666666,0.0,0.0,0.0,0.0,0.0,0.0,0.0,38.30906742764427
12858,293,1,147.27,51,36,293,147.27,0.0,0.0,0.0,0.0,0.0,0.0,0.0,1.1637766310001287
12859,369,1,575.1,292,21,369,575.1,0.0,0.0,0.0,0.0,0.0,0.0,0.0,1.9002094563552456
12860,603,1,54.22,26,16,603,54.22,0.0,0.0,0.0,0.0,0.0,0.0,0.0,0.2057973961240282
12861,530,1,68.25,27,4,530,68.25,0.0,0.0,0.0,0.0,0.0,0.0,0.0,0.5055493805386804
12862,336,2,984.62,611,119,405,492.31,0.0,0.0,0.0,0.0,0.0,0.0,0.0,2.3782231407741903
12863,289,5,2271.35,707,23,499,454.27,0.0,0.0,0.0,0.0,0.0,0.0,521.2,25.60167600350745
12864,48,2,299.57,447,5,418,149.785,0.0,0.0,147.12,1.0,0.0,0.0,0.0,5.986916086488474
12865,34,3,2736.62,1598,131,387,912.2066666666666,0.0,0.0,981.38,1.0,0.0,0.0,586.85,131.24843559925034
12866,193,3,1227.35,553,58,413,409.1166666666666,0.0,0.0,0.0,0.0,0.0,0.0,0.0,4.554636039142744
12867,6,12,6835.88,6958,338,633,569.6566666666666,672.66,1.0,1286.57,2.0,0.5224259651902421,0.3333333333333333,993.38,570.9838643005188
12868,96,8,2247.06,1282,86,303,280.8825,0.0,0.0,0.0,0.0,0.0,0.0,0.0,40.85546272281296
12869,592,1,337.66999999999996,144,35,592,337.66999999999996,0.0,0.0,0.0,0.0,0.0,0.0,0.0,0.2725413968240934
12870,285,3,1676.95,906,85,534,558.9833333333333,0.0,0.0,0.0,0.0,0.0,0.0,0.0,5.137164234517711
12871,117,2,495.38,364,9,350,247.69,0.0,0.0,0.0,0.0,0.0,0.0,248.64,17.06337470854147
12872,237,12,3662.4900000000002,1845,217,646,305.20750000000004,0.0,0.0,0.0,0.0,0.0,0.0,0.0,19.686988409708004
12873,192,3,2027.3,786,33,592,675.7666666666667,0.0,0.0,0.0,0.0,0.0,0.0,0.0,4.396615724853643
12874,295,2,948.42,623,44,464,474.21,0.0,0.0,0.0,0.0,0.0,0.0,0.0,2.345140158602348
12875,53,5,1356.99,5187,2,608,271.398,0.0,0.0,49.470000000000006,1.0,0.0,0.0,0.0,13.043389163242646
12876,106,3,2590.2000000000003,1757,92,500,863.4000000000001,0.0,0.0,0.0,0.0,0.0,0.0,1491.59,134.57921828104827
12877,35,17,2465.6,1764,93,601,145.03529411764706,0.0,0.0,377.19,2.0,0.0,0.0,476.54,197.6198875512207
12878,146,2,854.99,547,38,176,427.495,0.0,0.0,0.0,0.0,0.0,0.0,0.0,4.157722565684241
12879,2,1,140.5,58,4,2,140.5,140.5,1.0,140.5,1.0,0.9929328621908127,0.5,432.71999999999997,26.834532258963897
12880,292,2,640.13,279,32,485,320.065,0.0,0.0,0.0,0.0,0.0,0.0,0.0,3.444864791027145
12881,186,1,298.0,21,7,186,298.0,0.0,0.0,0.0,0.0,0.0,0.0,0.0,2.5218448293345253
12885,34,1,645.35,346,39,34,645.35,0.0,0.0,645.35,1.0,0.0,0.0,529.87,40.395430739223556
12886,130,1,775.0,416,47,130,775.0,0.0,0.0,0.0,0.0,0.0,0.0,603.4,17.502295907388586
12887,294,1,222.4,100,13,294,222.4,0.0,0.0,0.0,0.0,0.0,0.0,0.0,4.474154180339973
12888,124,2,354.12,76,4,165,177.06,0.0,0.0,0.0,0.0,0.0,0.0,0.0,3.4222679631463877
12889,291,4,385.46000000000004,124,25,412,96.36500000000001,0.0,0.0,0.0,0.0,0.0,0.0,0.0,1.9078795525338406
12890,297,1,329.3,201,56,297,329.3,0.0,0.0,0.0,0.0,0.0,0.0,376.71999999999997,3.7225662690390915
12891,96,11,840.5,2325,2,569,76.4090909090909,0.0,0.0,0.0,0.0,0.0,0.0,0.0,4.635340156996795
12892,307,1,263.38,140,18,307,263.38,0.0,0.0,0.0,0.0,0.0,0.0,0.0,3.3458531686091337
12894,485,1,157.35,33,21,485,157.35,0.0,0.0,0.0,0.0,0.0,0.0,0.0,0.9836914652251675
12897,115,4,514.25,249,10,454,128.5625,0.0,0.0,0.0,0.0,0.0,0.0,0.0,4.115339281148328
12898,374,2,296.21000000000004,235,27,570,148.10500000000002,0.0,0.0,0.0,0.0,0.0,0.0,0.0,0.4669548184238468
12899,324,1,366.4,108,17,324,366.4,0.0,0.0,0.0,0.0,0.0,0.0,0.0,1.3354942508803864
12900,332,1,340.33,139,13,332,340.33,0.0,0.0,0.0,0.0,0.0,0.0,0.0,1.4657739955181386
12901,19,19,11639.470000000001,12420,29,181,612.6036842105264,780.0,1.0,3577.67,7.0,0.21795806822087535,0.125,6015.07,3096.11782867354
12902,175,1,138.68,66,10,175,138.68,0.0,0.0,0.0,0.0,0.0,0.0,0.0,1.6247765354486599
12903,339,1,833.53,493,41,339,833.53,0.0,0.0,0.0,0.0,0.0,0.0,0.0,3.1260550011071278
12904,82,1,244.69,165,32,82,244.69,0.0,0.0,244.69,1.0,0.0,0.0,251.37,26.21279130526174
12905,487,2,1018.42,532,52,592,509.21,0.0,0.0,0.0,0.0,0.0,0.0,0.0,1.2534080808060222
12907,306,2,508.91,177,23,404,254.455,0.0,0.0,0.0,0.0,0.0,0.0,0.0,2.4575539555014747
12908,86,5,1776.0,3000,1,540,355.2,0.0,0.0,432.0,1.0,0.0,0.0,0.0,10.480312520235127
12909,112,6,2452.89,1454,98,564,408.815,0.0,0.0,0.0,0.0,0.0,0.0,650.3,104.63285376119794
12910,44,9,4208.38,2770,53,531,467.59777777777776,0.0,0.0,344.4,1.0,0.0,0.0,1588.14,180.02126550121497
12911,462,1,1651.72,807,220,462,1651.72,0.0,0.0,0.0,0.0,0.0,0.0,0.0,1.8840081164088183
12913,193,11,5083.62,2158,31,649,462.1472727272727,0.0,0.0,0.0,0.0,0.0,0.0,1617.24,102.8247185283443
12914,311,1,223.98,336,9,311,223.98,0.0,0.0,0.0,0.0,0.0,0.0,0.0,3.6877226458256134
12915,59,4,1174.75,452,46,499,293.6875,0.0,0.0,164.0,1.0,0.0,0.0,0.0,10.337204167745206
12916,49,7,4479.73,1681,82,595,639.9614285714285,0.0,0.0,693.37,1.0,0.0,0.0,0.0,77.89751777245553
12917,38,6,4359.2,1104,45,640,726.5333333333333,0.0,0.0,594.0,1.0,0.0,0.0,0.0,36.15729520827642
12918,536,1,10953.5,1,1,536,10953.5,0.0,0.0,0.0,0.0,0.0,0.0,0.0,0.13135642114311682
12919,27,3,441.65,203,12,80,147.21666666666667,182.65,1.0,441.65,3.0,0.4126284875183554,0.25,893.54,97.98650523230579
12920,481,3,323.86,292,32,635,107.95333333333333,0.0,0.0,0.0,0.0,0.0,0.0,162.78,2.1433905671384395
12921,8,61,29417.420000000002,18233,264,648,482.25278688524594,1158.92,2.0,4012.15,9.0,0.28878063366682033,0.2,6503.62,4825.583904757424
12922,71,1,405.38,370,28,71,405.38,0.0,0.0,405.38,1.0,0.0,0.0,0.0,12.309807329236133
12923,300,2,597.6,162,28,485,298.8,0.0,0.0,0.0,0.0,0.0,0.0,172.82,5.345328087626347
12924,108,11,2190.9700000000003,1227,45,641,199.17909090909095,0.0,0.0,0.0,0.0,0.0,0.0,278.43,131.96555966461696
12925,503,1,35.28,108,5,503,35.28,0.0,0.0,0.0,0.0,0.0,0.0,694.05,3.143187887832579
12926,321,4,1523.97,754,202,635,380.9925,0.0,0.0,0.0,0.0,0.0,0.0,0.0,3.547681150501991
12927,305,1,197.31,145,11,305,197.31,0.0,0.0,0.0,0.0,0.0,0.0,0.0,3.115304265487657
12928,58,10,3378.33,2117,81,460,337.83299999999997,0.0,0.0,356.1,1.0,0.0,0.0,926.5600000000001,259.8009355650603
12929,222,1,117.85,37,8,222,117.85,0.0,0.0,0.0,0.0,0.0,0.0,0.0,0.6022061547430886
12930,81,1,221.56,108,14,81,221.56,0.0,0.0,221.56,1.0,0.0,0.0,194.24,22.41366456946291
12931,12,53,82822.08,56286,37,649,1562.6807547169813,9564.52,2.0,28610.0,4.0,0.33429520114641226,0.4,9525.26,12330.243325051635
12932,449,8,1698.56,1609,69,578,212.32,0.0,0.0,0.0,0.0,0.0,0.0,0.0,1.2652487229931424
12933,81,7,1386.59,828,178,639,198.0842857142857,0.0,0.0,246.73999999999998,1.0,0.0,0.0,250.04,81.58325145791952
12934,647,1,181.65,31,2,647,181.65,0.0,0.0,0.0,0.0,0.0,0.0,0.0,0.9371644186871297
12935,20,12,3618.5,2616,93,517,301.5416666666667,316.02,1.0,669.11,2.0,0.47159421587500555,0.3333333333333333,625.36,386.3177840458048
12937,107,7,2021.57,1244,81,646,288.79571428571427,0.0,0.0,0.0,0.0,0.0,0.0,1076.04,76.07910028055866
12939,48,16,21673.08,8660,24,607,1354.5675,0.0,0.0,761.76,1.0,0.0,0.0,3591.72,673.6394740848468
12941,634,1,377.49,381,27,634,377.49,0.0,0.0,0.0,0.0,0.0,0.0,0.0,0.34650036329602374
12942,41,3,934.35,267,68,276,311.45,0.0,0.0,279.08,1.0,0.0,0.0,0.0,24.86268831624594
12943,468,2,496.5,222,22,516,248.25,0.0,0.0,0.0,0.0,0.0,0.0,0.0,0.5910051513340331
12944,265,1,286.95,145,14,265,286.95,0.0,0.0,0.0,0.0,0.0,0.0,317.56,7.6122675441102885
12945,198,2,900.11,446,47,566,450.055,0.0,0.0,0.0,0.0,0.0,0.0,0.0,2.30751472947785
12946,347,1,324.45,149,20,347,324.45,0.0,0.0,0.0,0.0,0.0,0.0,0.0,2.4832462225837193
12947,54,6,1908.03,1349,83,283,318.005,0.0,0.0,224.3,1.0,0.0,0.0,0.0,25.719301948946182
12948,15,6,1676.44,1023,71,648,279.4066666666667,537.7,1.0,537.7,1.0,0.9981436792277706,0.5,640.99,80.60522718898416
12949,24,21,14808.9,7900,332,646,705.1857142857143,425.75,1.0,1198.72,4.0,0.3548744707098323,0.2,717.8,1313.1182715673986
12951,84,14,2901.4300000000003,1490,104,609,207.24500000000003,0.0,0.0,126.9,1.0,0.0,0.0,312.29,142.53256553131442
12953,432,1,498.96000000000004,280,31,432,498.96000000000004,0.0,0.0,0.0,0.0,0.0,0.0,329.85,10.809459439296798
12954,549,1,162.45,83,10,549,162.45,0.0,0.0,0.0,0.0,0.0,0.0,0.0,0.22098053449853894
12955,3,6,1843.36,1526,42,178,307.22666666666663,496.44,1.0,1145.94,3.0,0.43283868380211693,0.25,2913.8,582.4034727287668
12956,216,4,521.89,340,42,634,130.4725,0.0,0.0,0.0,0.0,0.0,0.0,0.0,4.274060095493214
12957,96,9,6404.72,3385,296,639,711.6355555555556,0.0,0.0,0.0,0.0,0.0,0.0,2302.25,686.5430198937747
12958,310,2,467.34,118,45,493,233.67,0.0,0.0,0.0,0.0,0.0,0.0,0.0,2.176014510164859
12959,394,1,150.95,109,8,394,150.95,0.0,0.0,0.0,0.0,0.0,0.0,0.0,0.21897725178397248
12960,324,4,1322.07,1379,49,571,330.5175,0.0,0.0,0.0,0.0,0.0,0.0,0.0,3.3418590975048597
12961,289,1,211.99,180,37,289,211.99,0.0,0.0,0.0,0.0,0.0,0.0,0.0,2.957497349367566
12962,23,1,170.54000000000002,78,11,23,170.54000000000002,170.54000000000002,1.0,170.54000000000002,1.0,0.9941704558703509,0.5,95.85000000000001,7.155898808278954
12963,276,5,2110.76,1100,74,429,422.15200000000004,0.0,0.0,0.0,0.0,0.0,0.0,1490.83,61.54969826294882
12964,347,1,132.24,56,26,347,132.24,0.0,0.0,0.0,0.0,0.0,0.0,0.0,1.250234753949857
12967,268,3,4306.92,1272,47,294,1435.64,0.0,0.0,0.0,0.0,0.0,0.0,0.0,6.601546987728523
12968,22,1,135.95,73,5,22,135.95,135.95,1.0,135.95,1.0,0.9926980649872216,0.5,0.0,9.72179828405176
12969,513,1,122.45,55,5,513,122.45,0.0,0.0,0.0,0.0,0.0,0.0,0.0,0.216403605523584
12970,232,8,1071.93,694,181,645,133.99125,0.0,0.0,0.0,0.0,0.0,0.0,381.67,78.84580892551584
12971,2,94,12948.2,11214,92,634,137.74680851063832,804.86,6.0,3305.98,23.0,0.24338217951121568,0.25,3024.59,2671.0002101669957
12972,324,4,1161.2,844,69,571,290.3,0.0,0.0,0.0,0.0,0.0,0.0,0.0,2.6105394452949984
12973,324,1,385.55,31,6,324,385.55,0.0,0.0,0.0,0.0,0.0,0.0,0.0,0.9606577863230483
12974,108,2,408.95,104,27,476,204.475,0.0,0.0,0.0,0.0,0.0,0.0,0.0,2.8415701931506208
12975,347,6,2100.09,911,92,644,350.01500000000004,0.0,0.0,0.0,0.0,0.0,0.0,0.0,8.40311947939591
12976,122,8,3156.38,2684,106,575,394.5475,0.0,0.0,0.0,0.0,0.0,0.0,0.0,39.905821231512284
12977,66,4,513.88,128,54,421,128.47,0.0,0.0,39.239999999999995,1.0,0.0,0.0,0.0,5.317105426348195
12978,295,5,2502.82,1394,126,640,500.564,0.0,0.0,0.0,0.0,0.0,0.0,0.0,14.382869457781457
12979,639,1,517.7,520,56,639,517.7,0.0,0.0,0.0,0.0,0.0,0.0,0.0,1.3567815072662746
12980,68,21,16245.78,1910,7,648,773.6085714285715,0.0,0.0,1915.92,2.0,0.0,0.0,0.0,86.4675646201492
12981,43,1,187.18,134,11,43,187.18,0.0,0.0,187.18,1.0,0.0,0.0,185.04,11.787905450202903
12982,153,8,2744.81,1729,139,516,343.10125,0.0,0.0,0.0,0.0,0.0,0.0,0.0,47.19717142287536
12983,508,1,490.08000000000004,638,30,508,490.08000000000004,0.0,0.0,0.0,0.0,0.0,0.0,0.0,1.5166144546315097
12986,339,10,2729.84,1164,61,598,272.98400000000004,0.0,0.0,0.0,0.0,0.0,0.0,0.0,9.635136853709758
12987,108,4,1057.81,474,48,599,264.4525,0.0,0.0,0.0,0.0,0.0,0.0,254.4,13.711766767363503
12988,202,1,505.82,126,75,202,505.82,0.0,0.0,0.0,0.0,0.0,0.0,0.0,2.7526179872449412
12989,68,26,11096.78,6038,23,639,426.7992307692308,0.0,0.0,1141.2,1.0,0.0,0.0,2454.9700000000003,725.2448363204609
12990,95,6,809.9,410,6,530,134.98333333333332,0.0,0.0,0.0,0.0,0.0,0.0,145.6,13.79697559631403
12991,22,2,564.62,439,36,299,282.31,303.56,1.0,303.56,1.0,0.9967165747307591,0.5,200.2,66.83838093792943
12992,635,1,93.35000000000001,21,6,635,93.35000000000001,0.0,0.0,0.0,0.0,0.0,0.0,0.0,0.1640902272483759
12993,31,7,1217.27,715,55,570,173.8957142857143,0.0,0.0,197.1,1.0,0.0,0.0,42.36000000000001,27.240154247503234
12994,30,2,645.47,303,38,179,322.735,292.87,1.0,292.87,1.0,0.996597134787491,0.5,328.95,35.38836681108508
12996,286,1,355.5,122,22,286,355.5,0.0,0.0,0.0,0.0,0.0,0.0,0.0,1.453700393174103
12997,146,6,1492.49,822,52,523,248.74833333333333,0.0,0.0,0.0,0.0,0.0,0.0,618.42,15.611794304061052
12998,403,3,920.08,1124,58,564,306.6933333333333,0.0,0.0,0.0,0.0,0.0,0.0,0.0,0.7786235108041701
12999,106,3,455.88,342,25,156,151.96,0.0,0.0,0.0,0.0,0.0,0.0,0.0,5.170688753213367
13000,17,4,1032.5,548,57,635,258.125,76.32000000000001,1.0,76.32000000000001,1.0,0.9870667356440765,0.5,0.0,6.191113431924616
13001,68,31,22839.25,12822,295,646,736.75,0.0,0.0,770.07,1.0,0.0,0.0,1203.3999999999999,790.6218044815746
13002,228,3,414.13,201,19,345,138.04333333333332,0.0,0.0,0.0,0.0,0.0,0.0,0.0,1.9742981175555503
13003,16,3,149.05,103,4,125,49.68333333333334,60.0,1.0,90.0,2.0,0.6593406593406593,0.3333333333333333,0.0,3.203123976003784
13004,24,30,9780.03,7221,345,635,326.00100000000003,328.07,1.0,1024.07,4.0,0.3200464358531613,0.2,1870.82,1483.008485752363
13005,84,4,999.68,462,41,367,249.92,0.0,0.0,192.05,1.0,0.0,0.0,0.0,9.60469359757416
13007,490,1,175.25,59,11,490,175.25,0.0,0.0,0.0,0.0,0.0,0.0,0.0,0.20150250095631705
13008,233,3,612.13,379,31,633,204.04333333333332,0.0,0.0,0.0,0.0,0.0,0.0,0.0,6.540380453368167
13009,583,1,234.0,120,4,583,234.0,0.0,0.0,0.0,0.0,0.0,0.0,0.0,0.2621416752481177
13010,284,2,330.12,323,10,559,165.06,0.0,0.0,0.0,0.0,0.0,0.0,0.0,3.042357732571697
13011,282,1,101.10000000000001,26,3,282,101.10000000000001,0.0,0.0,0.0,0.0,0.0,0.0,0.0,0.39143846206458843
13012,59,7,2323.3,1250,72,502,331.90000000000003,0.0,0.0,304.92,1.0,0.0,0.0,634.53,118.67686160814343
13013,3,25,11500.92,5997,271,636,460.0368,558.45,2.0,1313.8,5.0,0.4247414055369638,0.3333333333333333,1124.8500000000001,1665.7472844076472
13014,24,6,3937.2799999999997,1690,138,343,656.2133333333333,233.7,1.0,694.4499999999999,2.0,0.3360414120353728,0.3333333333333333,1443.8,433.1406741487002
13015,107,10,5003.18,2623,202,513,500.31800000000004,0.0,0.0,0.0,0.0,0.0,0.0,1576.6,240.62823786813954
13016,33,1,425.25,315,28,33,425.25,0.0,0.0,425.25,1.0,0.0,0.0,364.64,37.40683609032203
13018,3,25,7561.17,5175,333,559,302.4468,286.86,1.0,1401.75,7.0,0.20449830689716628,0.125,2201.9900000000002,1449.8603290655258
13019,289,6,1229.95,397,46,643,204.99166666666667,0.0,0.0,0.0,0.0,0.0,0.0,0.0,3.205098045509523
13020,473,2,618.96,278,38,570,309.48,0.0,0.0,0.0,0.0,0.0,0.0,0.0,3.037797662873141
13021,77,12,3423.33,1721,116,645,285.2775,0.0,0.0,387.47,1.0,0.0,0.0,1463.91,376.43534104941983
13022,340,1,65.3,35,5,340,65.3,0.0,0.0,0.0,0.0,0.0,0.0,0.0,0.1257691590574964
13023,40,2,1095.53,458,54,439,547.765,0.0,0.0,336.40000000000003,1.0,0.0,0.0,353.5,8.290437343735162
13024,381,2,555.87,181,26,492,277.935,0.0,0.0,0.0,0.0,0.0,0.0,0.0,0.7963275966846273
13025,642,1,323.39,241,13,642,323.39,0.0,0.0,0.0,0.0,0.0,0.0,0.0,0.12817527113376317
13026,3,7,1361.92,1746,33,637,194.56,360.48,1.0,360.48,1.0,0.9972335952196525,0.5,371.16,25.497332834129086
13027,24,19,17239.2,42840,7,599,907.3263157894737,1536.0,1.0,3072.0,3.0,0.4998372925479987,0.25,0.0,245.4977598433496
13029,49,4,1453.0,152,11,433,363.25,0.0,0.0,390.7,1.0,0.0,0.0,474.29999999999995,33.08365960602221
13030,278,1,804.72,348,50,278,804.72,0.0,0.0,0.0,0.0,0.0,0.0,350.08,10.652940465465097
13031,317,5,3292.84,2309,275,464,658.568,0.0,0.0,0.0,0.0,0.0,0.0,0.0,8.167154381885567
13032,303,7,1805.78,899,110,370,257.9685714285714,0.0,0.0,0.0,0.0,0.0,0.0,1010.18,46.06268249167754
13033,267,2,220.55,98,12,340,110.275,0.0,0.0,0.0,0.0,0.0,0.0,0.0,3.2099888227004776
13034,279,2,445.77,269,16,311,222.885,0.0,0.0,0.0,0.0,0.0,0.0,476.90999999999997,4.285003180329532
13035,171,2,775.32,494,22,341,387.66,0.0,0.0,0.0,0.0,0.0,0.0,588.88,11.03726560921777
13036,595,1,307.1,38,6,595,307.1,0.0,0.0,0.0,0.0,0.0,0.0,0.0,0.1617137817911089
13037,48,12,3914.9500000000003,2130,181,646,326.24583333333334,0.0,0.0,303.75,1.0,0.0,0.0,0.0,115.18295331857475
13038,94,2,591.76,280,22,201,295.88,0.0,0.0,0.0,0.0,0.0,0.0,316.70000000000005,19.520225418206167
13039,494,4,1010.73,290,37,632,252.6825,0.0,0.0,0.0,0.0,0.0,0.0,0.0,0.8689948332269821
13041,361,4,799.13,335,23,500,199.7825,0.0,0.0,0.0,0.0,0.0,0.0,0.0,3.2103708520930323
13042,508,3,1488.59,812,164,642,496.19666666666666,0.0,0.0,0.0,0.0,0.0,0.0,0.0,1.6649406445434392
13043,183,1,516.42,254,13,183,516.42,0.0,0.0,0.0,0.0,0.0,0.0,0.0,1.6600498408107607
13044,201,11,4848.05,2548,356,610,440.7318181818182,0.0,0.0,0.0,0.0,0.0,0.0,0.0,11.391686031976903
13045,9,3,808.92,405,41,396,269.64,305.28000000000003,1.0,305.28000000000003,1.0,0.9967350137129424,0.5,0.0,4.132926230686235
13046,176,2,517.66,317,31,366,258.83,0.0,0.0,0.0,0.0,0.0,0.0,431.59,5.780183624097607
13047,37,22,8239.630000000001,3202,170,634,374.5286363636364,0.0,0.0,1010.33,2.0,0.0,0.0,555.53,735.8883143592259
13048,24,8,3588.27,2380,118,591,448.53375,435.13,1.0,435.13,1.0,0.9977071056794993,0.5,460.86,216.58206056980248
13049,228,3,905.34,430,12,311,301.78000000000003,0.0,0.0,0.0,0.0,0.0,0.0,502.90000000000003,7.7555903260827765
13050,16,31,10987.41,6156,490,634,354.4325806451613,319.06,1.0,1050.61,3.0,0.30340145110830063,0.25,1327.12,1622.4553413974718
13051,489,2,155.8,72,4,530,77.9,0.0,0.0,0.0,0.0,0.0,0.0,0.0,0.5100980775229589
13052,122,7,3119.33,1424,161,565,445.61857142857144,0.0,0.0,0.0,0.0,0.0,0.0,0.0,28.10679700315921
13053,532,1,127.65,47,17,532,127.65,0.0,0.0,0.0,0.0,0.0,0.0,0.0,0.31091329661187495
13055,124,2,1451.56,1179,99,340,725.78,0.0,0.0,0.0,0.0,0.0,0.0,869.55,81.79739282570439
13056,461,1,209.48,158,18,461,209.48,0.0,0.0,0.0,0.0,0.0,0.0,0.0,0.11889399264692382
13057,440,3,709.59,456,34,542,236.53,0.0,0.0,0.0,0.0,0.0,0.0,0.0,2.1547098262691238
13058,62,1,47.550000000000004,9,3,62,47.550000000000004,0.0,0.0,47.550000000000004,1.0,0.0,0.0,223.85,19.902444424881747
13059,160,10,2291.77,860,155,529,229.177,0.0,0.0,0.0,0.0,0.0,0.0,0.0,26.753449464974775
13060,164,1,307.53,123,15,164,307.53,0.0,0.0,0.0,0.0,0.0,0.0,0.0,3.298573097490369
13062,101,1,346.98,343,11,101,346.98,0.0,0.0,0.0,0.0,0.0,0.0,0.0,1.8738663637367405
13063,391,1,188.4,116,12,391,188.4,0.0,0.0,0.0,0.0,0.0,0.0,0.0,0.22193712921582784
13064,63,4,1220.5,438,41,502,305.125,0.0,0.0,455.95,1.0,0.0,0.0,446.34000000000003,51.93089607786375
13065,283,5,1260.91,455,49,458,252.18200000000002,0.0,0.0,0.0,0.0,0.0,0.0,0.0,3.506920609546496
13067,320,2,393.05,99,13,356,196.525,0.0,0.0,0.0,0.0,0.0,0.0,115.46000000000001,2.85220821510372
13068,230,1,165.0,100,1,230,165.0,0.0,0.0,0.0,0.0,0.0,0.0,179.0,2.507164962701478
13069,10,34,9055.53,14634,550,453,266.33911764705886,615.44,2.0,964.77,4.0,0.6372531762220819,0.4,561.42,473.25858883748367
13070,102,4,751.7,372,12,642,187.925,0.0,0.0,0.0,0.0,0.0,0.0,0.0,10.636329769328665
13071,522,1,129.22,30,12,522,129.22,0.0,0.0,0.0,0.0,0.0,0.0,0.0,0.48060570019459736
13072,177,1,177.15,69,7,177,177.15,0.0,0.0,0.0,0.0,0.0,0.0,0.0,0.9400052890474296
13073,321,2,418.08,261,25,348,209.04,0.0,0.0,0.0,0.0,0.0,0.0,0.0,1.724284274368059
13074,421,4,1378.74,826,26,634,344.685,0.0,0.0,0.0,0.0,0.0,0.0,0.0,1.8844979303807021
13075,40,1,919.61,485,22,40,919.61,0.0,0.0,919.61,1.0,0.0,0.0,0.0,19.824702991361562
13076,368,1,135.4,44,9,368,135.4,0.0,0.0,0.0,0.0,0.0,0.0,0.0,1.1322070568995222
13077,200,10,2902.54,2515,176,639,290.254,0.0,0.0,0.0,0.0,0.0,0.0,151.83,71.2942011167995
13078,17,46,23821.66,9053,141,649,517.8621739130434,1100.64,2.0,2449.9900000000002,5.0,0.44905935968731003,0.3333333333333333,5710.79,4014.3645479048337
13079,1,3,258.58,106,11,327,86.19333333333333,35.7,1.0,59.5,2.0,0.5900826446280992,0.3333333333333333,160.60000000000002,12.66243324616672
13080,89,4,280.73,193,17,519,70.1825,0.0,0.0,58.08,1.0,0.0,0.0,0.0,1.6396106726274333
13081,54,25,49737.89,35020,676,641,1989.5156,0.0,0.0,4406.61,1.0,0.0,0.0,9467.26,8001.534894277641
13082,36,21,7335.75,8466,99,627,349.32142857142856,0.0,0.0,1653.45,4.0,0.0,0.0,0.0,253.86349014316775
13083,335,1,91.67999999999999,120,4,335,91.67999999999999,0.0,0.0,0.0,0.0,0.0,0.0,303.75,1.4185604896894153
13084,402,1,122.39999999999999,144,2,402,122.39999999999999,0.0,0.0,0.0,0.0,0.0,0.0,0.0,0.22901896634469432
13085,68,8,2433.28,944,50,649,304.16,0.0,0.0,137.98000000000002,1.0,0.0,0.0,0.0,16.07987673820219
13086,293,1,439.33000000000004,155,47,293,439.33000000000004,0.0,0.0,0.0,0.0,0.0,0.0,0.0,1.743687735305811
13087,636,1,313.64,86,15,636,313.64,0.0,0.0,0.0,0.0,0.0,0.0,0.0,0.36823694078897906
13088,327,1,236.11,76,19,327,236.11,0.0,0.0,0.0,0.0,0.0,0.0,0.0,2.7123285487795976
13089,10,177,101146.19,52907,776,647,571.4474011299435,6428.97,6.0,13793.57,17.0,0.466050772151651,0.3333333333333333,15501.34,15662.04979248552
13090,46,19,10101.34,2314,130,404,531.6494736842105,0.0,0.0,1800.42,2.0,0.0,0.0,3998.8,1380.608258357916
13091,640,2,1976.0,873,24,640,988.0,0.0,0.0,0.0,0.0,0.0,0.0,345.82,4.57005034743332
13092,122,11,2102.2,480,48,578,191.1090909090909,0.0,0.0,0.0,0.0,0.0,0.0,38.08,31.378625994816815
13093,186,55,54943.65,26227,199,646,998.9754545454546,0.0,0.0,0.0,0.0,0.0,0.0,0.0,8.274681765036753
13094,40,11,2051.52,1728,5,299,186.50181818181818,0.0,0.0,452.64000000000004,2.0,0.0,0.0,381.6,106.38615028594745
13096,304,1,419.70000000000005,6,1,304,419.70000000000005,0.0,0.0,0.0,0.0,0.0,0.0,0.0,0.8218493958404903
13097,33,26,11957.39,4846,366,648,459.89961538461534,0.0,0.0,1634.35,3.0,0.0,0.0,1366.71,1154.3739249969103
13098,4,18,15169.46,8701,110,227,842.7477777777777,1338.98,2.0,7434.49,9.0,0.18007959125760375,0.2,13712.98,3424.3452983852694
13099,9,1,207.35999999999999,288,1,9,207.35999999999999,207.35999999999999,1.0,207.35999999999999,1.0,0.9952006143213669,0.5,0.0,5.858629249006268
13101,144,4,695.4,478,48,591,173.85,0.0,0.0,0.0,0.0,0.0,0.0,0.0,5.621100034080411
13102,44,32,10234.53,5733,185,492,319.8290625,0.0,0.0,1192.54,4.0,0.0,0.0,1462.3899999999999,1126.370478950419
13103,348,2,465.70000000000005,344,21,487,232.85000000000002,0.0,0.0,0.0,0.0,0.0,0.0,243.94,10.917785684747898
13104,43,6,987.06,510,5,563,164.51,0.0,0.0,162.72,1.0,0.0,0.0,722.04,30.155381022163375
13105,346,1,72.0,100,1,346,72.0,0.0,0.0,0.0,0.0,0.0,0.0,0.0,0.9074740553321319
13106,43,2,603.46,231,15,323,301.73,0.0,0.0,76.5,1.0,0.0,0.0,0.0,10.283352260809405
13107,86,7,4656.67,3839,127,584,665.2385714285714,0.0,0.0,368.38,1.0,0.0,0.0,596.4,354.0957988204376
13108,283,2,1098.52,1043,27,345,549.26,0.0,0.0,0.0,0.0,0.0,0.0,0.0,5.150714480665693
13109,67,2,717.34,497,42,461,358.67,0.0,0.0,369.85,1.0,0.0,0.0,416.69,10.816226949325578
13110,47,10,2511.04,649,141,648,251.10399999999998,0.0,0.0,309.75,2.0,0.0,0.0,446.43,207.6350343446207
13111,629,1,321.88000000000005,180,12,629,321.88000000000005,0.0,0.0,0.0,0.0,0.0,0.0,0.0,0.07301498086518636
13112,451,1,20.6,11,2,451,20.6,0.0,0.0,0.0,0.0,0.0,0.0,0.0,0.5061577809688651
13113,24,33,17144.14,4111,165,531,519.5193939393939,485.64,1.0,1930.9,4.0,0.2513794709871111,0.2,1458.8999999999999,1197.84346595444
13114,641,1,234.38,74,16,641,234.38,0.0,0.0,0.0,0.0,0.0,0.0,0.0,0.5042202470834422
13115,94,7,4078.4700000000003,2988,161,509,582.6385714285715,0.0,0.0,0.0,0.0,0.0,0.0,1416.23,143.76397764092667
13116,48,1,501.14,291,30,48,501.14,0.0,0.0,501.14,1.0,0.0,0.0,0.0,13.234459910905377
13117,32,17,2500.67,1825,114,533,147.09823529411764,0.0,0.0,90.4,1.0,0.0,0.0,143.14,66.38331414690492
13118,118,7,2017.3,698,85,349,288.18571428571425,0.0,0.0,0.0,0.0,0.0,0.0,398.11,120.68300541596459
13119,579,1,134.9,110,11,579,134.9,0.0,0.0,0.0,0.0,0.0,0.0,0.0,0.2924416905327678
13120,149,1,30.599999999999998,12,1,149,30.599999999999998,0.0,0.0,0.0,0.0,0.0,0.0,0.0,2.9847771278044495
13121,179,1,283.73,252,50,179,283.73,0.0,0.0,0.0,0.0,0.0,0.0,0.0,2.8951367662961203
13122,4,2,922.39,585,54,150,461.195,18.72,1.0,18.72,1.0,0.949290060851927,0.5,0.0,11.327201092660683
13123,383,2,506.75,268,36,440,253.375,0.0,0.0,0.0,0.0,0.0,0.0,0.0,1.0429272714581541
13124,162,3,3401.8,2220,163,295,1133.9333333333334,0.0,0.0,0.0,0.0,0.0,0.0,1239.86,52.484392459105294
13125,434,1,148.62,53,20,434,148.62,0.0,0.0,0.0,0.0,0.0,0.0,0.0,0.5546330764118662
13126,163,10,2976.03,2328,123,558,297.603,0.0,0.0,0.0,0.0,0.0,0.0,1022.22,78.83465900427822
13128,541,1,263.5,31,1,541,263.5,0.0,0.0,0.0,0.0,0.0,0.0,0.0,0.7846855773580311
13129,362,2,233.25,296,10,440,116.625,0.0,0.0,0.0,0.0,0.0,0.0,0.0,3.9619366370137943
13130,4,1,64.0,32,2,4,64.0,64.0,1.0,64.0,1.0,0.9846153846153847,0.5,0.0,2.9849039563500863
13131,98,5,2565.37,1204,98,579,513.074,0.0,0.0,0.0,0.0,0.0,0.0,748.4,89.89141244548674
13132,172,1,77.3,20,3,172,77.3,0.0,0.0,0.0,0.0,0.0,0.0,0.0,0.5187275183842738
13133,184,3,200.45000000000002,55,12,369,66.81666666666668,0.0,0.0,0.0,0.0,0.0,0.0,0.0,2.6280030674963637
13134,94,5,1567.39,635,61,326,313.478,0.0,0.0,0.0,0.0,0.0,0.0,907.84,160.21475524018956
13135,107,2,3371.45,4423,18,401,1685.725,0.0,0.0,0.0,0.0,0.0,0.0,0.0,12.034957996641836
13136,53,11,4893.63,2458,179,641,444.87545454545455,0.0,0.0,652.22,2.0,0.0,0.0,1380.93,591.6941481758279
13137,3,13,5871.97,3203,547,412,451.69,750.42,2.0,1040.88,3.0,0.7202556916343532,0.5,1714.97,569.491097881552
13138,43,4,994.3,488,33,307,248.575,0.0,0.0,102.6,1.0,0.0,0.0,472.94,58.37669611018047
13139,20,4,4848.98,2915,128,348,1212.245,540.9200000000001,1.0,540.9200000000001,1.0,0.9981547091821671,0.5,3354.0,176.04066309434947
13140,18,5,1213.18,646,89,401,242.63600000000002,264.21,2.0,264.21,2.0,0.996229403114513,0.6666666666666666,0.0,13.955984578971666
13141,124,16,6668.36,4553,259,640,416.7725,0.0,0.0,0.0,0.0,0.0,0.0,987.72,377.6467572694044
13143,495,1,405.1,198,23,495,405.1,0.0,0.0,0.0,0.0,0.0,0.0,0.0,0.9774217660132661
13144,243,2,135.35,29,6,341,67.675,0.0,0.0,0.0,0.0,0.0,0.0,0.0,0.56932266362242
13145,2,6,1304.72,242,5,510,217.45333333333335,85.92,1.0,204.72,2.0,0.41765506513707956,0.3333333333333333,118.80000000000001,26.306446413629747
13147,10,1,118.80000000000001,24,1,10,118.80000000000001,118.80000000000001,1.0,118.80000000000001,1.0,0.991652754590985,0.5,594.0,23.847162583790478
13148,44,24,7580.57,3892,400,642,315.8570833333333,0.0,0.0,986.63,4.0,0.0,0.0,917.25,776.8242436328471
13149,16,3,1132.62,884,58,199,377.53999999999996,249.72,1.0,755.88,2.0,0.3299334108445196,0.3333333333333333,543.4399999999999,116.0948548002524
13150,394,3,449.96999999999997,171,7,541,149.98999999999998,0.0,0.0,0.0,0.0,0.0,0.0,0.0,0.4654818047801571
13151,206,3,2465.21,813,131,538,821.7366666666667,0.0,0.0,0.0,0.0,0.0,0.0,0.0,6.9152422655140215
13152,327,7,2146.38,977,114,605,306.6257142857143,0.0,0.0,0.0,0.0,0.0,0.0,0.0,3.590850021838782
13154,309,3,1624.84,976,78,646,541.6133333333333,0.0,0.0,0.0,0.0,0.0,0.0,0.0,3.078440898047094
13155,237,4,1347.6200000000001,674,68,402,336.90500000000003,0.0,0.0,0.0,0.0,0.0,0.0,402.56,12.29718192516468
13156,295,3,1586.54,914,94,586,528.8466666666667,0.0,0.0,0.0,0.0,0.0,0.0,0.0,1.905921702224606
13157,51,8,4819.34,4111,137,552,602.4175,0.0,0.0,375.26,1.0,0.0,0.0,868.02,372.0626873948097
13158,5,5,1508.18,992,70,298,301.636,638.23,2.0,944.65,3.0,0.6749114365780151,0.5,0.0,105.9565986329573
13159,16,2,843.09,627,75,26,421.545,843.09,2.0,843.09,2.0,0.9988152922081769,0.6666666666666666,586.26,169.89036332476303
13161,223,2,472.13,105,30,411,236.065,0.0,0.0,0.0,0.0,0.0,0.0,0.0,2.433046978622082
13162,32,16,9275.49,5755,186,645,579.718125,0.0,0.0,382.85,1.0,0.0,0.0,0.0,74.79401438529631
13163,520,1,17.65,3,2,520,17.65,0.0,0.0,0.0,0.0,0.0,0.0,0.0,0.47169163833995864
13164,479,2,372.2,120,7,578,186.1,0.0,0.0,0.0,0.0,0.0,0.0,0.0,0.4855331192978791
13165,261,2,784.32,856,20,323,392.16,0.0,0.0,0.0,0.0,0.0,0.0,666.84,17.13819522942765
13166,193,2,875.93,522,55,324,437.965,0.0,0.0,0.0,0.0,0.0,0.0,0.0,5.407348279213041
13167,41,3,751.37,669,46,300,250.45666666666668,0.0,0.0,417.55,2.0,0.0,0.0,373.78000000000003,119.0291532864415
13168,109,4,1494.2,773,119,452,373.55,0.0,0.0,0.0,0.0,0.0,0.0,346.53000000000003,79.06538028494504
13169,162,2,632.4000000000001,120,11,472,316.20000000000005,0.0,0.0,0.0,0.0,0.0,0.0,207.68,6.0970847001160955
13171,209,1,140.35,53,23,209,140.35,0.0,0.0,0.0,0.0,0.0,0.0,328.06,5.837900078693117
13172,310,1,69.6,48,1,310,69.6,0.0,0.0,0.0,0.0,0.0,0.0,0.0,0.1524446210104365
13173,277,10,2378.05,1432,147,639,237.805,0.0,0.0,0.0,0.0,0.0,0.0,187.71,48.17927907638005
13174,226,11,8655.66,4043,564,645,786.8781818181818,0.0,0.0,0.0,0.0,0.0,0.0,708.76,64.93052684696632
13175,492,2,831.45,423,40,646,415.725,0.0,0.0,0.0,0.0,0.0,0.0,0.0,1.4682284750065975
13177,341,1,229.75,89,13,341,229.75,0.0,0.0,0.0,0.0,0.0,0.0,282.45,3.7823502329012904
13178,43,18,12725.45,7807,183,633,706.9694444444444,0.0,0.0,1672.53,3.0,0.0,0.0,1333.74,1389.390023900607
13179,529,1,572.3100000000001,368,34,529,572.3100000000001,0.0,0.0,0.0,0.0,0.0,0.0,0.0,2.7983076862759297
13180,517,1,86.10000000000001,42,4,517,86.10000000000001,0.0,0.0,0.0,0.0,0.0,0.0,0.0,0.3602646520850871
13181,291,1,359.69,171,19,291,359.69,0.0,0.0,0.0,0.0,0.0,0.0,0.0,1.4613059921964804
13183,11,12,5473.38,3267,64,546,456.115,211.96,1.0,867.9000000000001,3.0,0.24394061457014615,0.25,1562.8000000000002,450.4255286349957
13184,41,9,1472.1,1537,122,200,163.56666666666666,0.0,0.0,552.13,4.0,0.0,0.0,196.85,266.53874277681746
13185,178,1,71.4,12,1,178,71.4,0.0,0.0,0.0,0.0,0.0,0.0,0.0,0.71798891567266
13186,4,2,1301.94,547,57,39,650.97,313.6,1.0,1301.94,2.0,0.24068644757241317,0.3333333333333333,273.95,164.52942548003023
13187,247,4,341.36,296,51,534,85.34,0.0,0.0,0.0,0.0,0.0,0.0,0.0,1.9970677476544145
13189,25,1,127.0,526,18,25,127.0,127.0,1.0,127.0,1.0,0.9921875,0.5,133.68,22.490092075148517
13190,454,3,570.66,308,16,643,190.22,0.0,0.0,0.0,0.0,0.0,0.0,0.0,1.1751850293709623
13191,568,1,164.69,115,58,568,164.69,0.0,0.0,0.0,0.0,0.0,0.0,0.0,1.2739645181136514
13192,5,6,2558.58,1629,135,597,426.43,447.62,1.0,447.62,1.0,0.9977709419999108,0.5,0.0,29.525436808240528
13194,46,2,472.78,326,10,332,236.39,0.0,0.0,60.7,1.0,0.0,0.0,0.0,7.025577899881477
13195,324,1,136.73,70,43,324,136.73,0.0,0.0,0.0,0.0,0.0,0.0,0.0,1.5202182054377478
13196,172,4,1783.19,1102,89,527,445.7975,0.0,0.0,0.0,0.0,0.0,0.0,1285.65,42.25479427434996
13197,520,1,373.01000000000005,204,19,520,373.01000000000005,0.0,0.0,0.0,0.0,0.0,0.0,0.0,0.20752661443650688
13198,31,7,4582.17,3170,248,344,654.5957142857143,0.0,0.0,921.4300000000001,2.0,0.0,0.0,392.06,507.74839508339187
13199,2,51,11355.93,9495,42,645,222.66529411764705,388.4,3.0,1000.0,6.0,0.388011988011988,0.42857142857142855,5076.96,1608.9133537703217
13200,36,1,319.32,249,14,36,319.32,0.0,0.0,319.32,1.0,0.0,0.0,550.77,74.9209830290733
13201,412,4,1233.06,1036,65,553,308.265,0.0,0.0,0.0,0.0,0.0,0.0,0.0,1.0563225211194882
13202,304,7,1580.3,572,55,641,225.75714285714284,0.0,0.0,0.0,0.0,0.0,0.0,0.0,6.5955477421526
13203,31,8,2088.65,1887,125,632,261.08125,0.0,0.0,144.15,1.0,0.0,0.0,559.6,93.08968953332712
13204,641,1,966.6600000000001,428,57,641,966.6600000000001,0.0,0.0,0.0,0.0,0.0,0.0,0.0,1.029668986999951
13205,353,1,2803.2,256,1,353,2803.2,0.0,0.0,0.0,0.0,0.0,0.0,0.0,2.835108745222544
13206,310,13,8308.19,7086,393,642,639.0915384615384,0.0,0.0,0.0,0.0,0.0,0.0,0.0,10.09534482209168
13207,61,3,483.12000000000006,120,8,522,161.04000000000002,0.0,0.0,197.52000000000004,1.0,0.0,0.0,52.739999999999995,11.807114691659697
13208,65,7,1587.47,1112,172,646,226.78142857142856,0.0,0.0,134.86,1.0,0.0,0.0,388.83,60.1636565988712
13209,39,10,6773.98,4783,230,594,677.3979999999999,0.0,0.0,1793.6399999999999,2.0,0.0,0.0,1735.53,602.7882181824115
13210,4,1,353.48,316,22,4,353.48,353.48,1.0,353.48,1.0,0.9971789663732792,0.5,0.0,19.285744735891463
13211,5,9,2307.9900000000002,1590,96,643,256.4433333333334,673.94,1.0,673.94,1.0,0.9985183868195692,0.5,310.78,74.37920752671819
13213,38,10,3294.82,2080,147,478,329.482,0.0,0.0,412.35,1.0,0.0,0.0,556.7,342.0545500241937
13214,328,7,3264.23,2966,207,556,466.31857142857143,0.0,0.0,0.0,0.0,0.0,0.0,0.0,3.3095510721752204
13215,312,1,81.6,96,1,312,81.6,0.0,0.0,0.0,0.0,0.0,0.0,0.0,0.6470433789594958
13216,178,1,333.74,297,5,178,333.74,0.0,0.0,0.0,0.0,0.0,0.0,0.0,1.1168151992204551
13217,32,4,666.48,512,3,566,166.62,0.0,0.0,533.98,3.0,0.0,0.0,0.0,5.053702276421806
13218,37,1,62.63999999999999,88,5,37,62.63999999999999,0.0,0.0,62.63999999999999,1.0,0.0,0.0,0.0,2.4788349410430537
13219,528,1,76.23,11,11,528,76.23,0.0,0.0,0.0,0.0,0.0,0.0,0.0,0.31117459238616596
13220,96,4,1243.29,332,43,486,310.8225,0.0,0.0,0.0,0.0,0.0,0.0,92.8,28.79832832897555
13221,150,2,847.41,244,62,269,423.705,0.0,0.0,0.0,0.0,0.0,0.0,0.0,4.432027890856288
13222,487,1,88.5,30,1,487,88.5,0.0,0.0,0.0,0.0,0.0,0.0,0.0,0.7559437433882887
13223,110,6,969.1200000000001,568,8,575,161.52,0.0,0.0,0.0,0.0,0.0,0.0,0.0,5.733932444382703
13224,61,1,1212.26,665,42,61,1212.26,0.0,0.0,1212.26,1.0,0.0,0.0,943.69,71.05799711423826
13225,53,14,14095.79,6149,54,633,1006.8421428571429,0.0,0.0,557.6800000000001,1.0,0.0,0.0,2164.28,518.5273418138712
13226,183,2,312.46,179,28,303,156.23,0.0,0.0,0.0,0.0,0.0,0.0,0.0,3.113165178462073
13227,112,1,257.7,99,9,112,257.7,0.0,0.0,0.0,0.0,0.0,0.0,0.0,5.3838882643631845
13229,136,1,160.95,63,10,136,160.95,0.0,0.0,0.0,0.0,0.0,0.0,0.0,1.4252203584480267
13230,48,28,5653.06,3247,582,541,201.895,0.0,0.0,431.59999999999997,3.0,0.0,0.0,560.4,249.04545208499343
13232,8,5,1019.05,649,129,153,203.81,157.6,1.0,157.6,1.0,0.9936948297604036,0.5,309.3,128.1855889446725
13233,246,3,875.58,1004,49,604,291.86,0.0,0.0,0.0,0.0,0.0,0.0,300.88,16.854759394766003
13234,583,2,346.5,159,56,643,173.25,0.0,0.0,0.0,0.0,0.0,0.0,0.0,0.2260410756059417
13235,122,1,1031.07,441,53,122,1031.07,0.0,0.0,0.0,0.0,0.0,0.0,0.0,4.771543771660626
13236,17,1,439.23,168,21,17,439.23,439.23,1.0,439.23,1.0,0.9977284601231174,0.5,305.62,63.14175157706201
13237,298,1,643.0,128,24,298,643.0,0.0,0.0,0.0,0.0,0.0,0.0,0.0,2.592385223774926
13238,74,4,624.75,281,19,500,156.1875,0.0,0.0,227.70000000000002,1.0,0.0,0.0,381.88,29.89488079412357
13239,172,5,1594.69,1151,86,412,318.938,0.0,0.0,0.0,0.0,0.0,0.0,0.0,16.287015644754145
13240,6,8,1699.8600000000001,840,160,562,212.48250000000002,110.04,1.0,221.24,2.0,0.4951403887688985,0.3333333333333333,0.0,16.51464843225448
13241,322,1,112.53,46,40,322,112.53,0.0,0.0,0.0,0.0,0.0,0.0,0.0,1.1867083229053437
13242,22,7,699.4,350,19,578,99.91428571428571,166.4,1.0,166.4,1.0,0.994026284348865,0.5,0.0,3.8057499859068247
13243,113,5,1220.38,554,165,541,244.07600000000002,0.0,0.0,0.0,0.0,0.0,0.0,0.0,12.624429953461828
13244,3,1,121.74000000000001,38,27,3,121.74000000000001,121.74000000000001,1.0,121.74000000000001,1.0,0.9918526967573733,0.5,0.0,16.61227243595381
13245,342,1,558.72,246,29,342,558.72,0.0,0.0,0.0,0.0,0.0,0.0,430.5,4.43591589500392
13246,86,10,3228.74,2742,214,435,322.87399999999997,0.0,0.0,212.47,1.0,0.0,0.0,123.01,238.99962307460828
13248,35,2,465.68,305,25,99,232.84,0.0,0.0,78.21000000000001,1.0,0.0,0.0,0.0,8.054857875923407
13249,2,9,1608.93,1246,21,595,178.77,419.57000000000005,2.0,419.57000000000005,2.0,0.9976222745321826,0.6666666666666666,0.0,7.2797507299362145
13250,371,2,253.09,107,17,412,126.545,0.0,0.0,0.0,0.0,0.0,0.0,0.0,1.446775383475063
13251,312,1,252.68,215,25,312,252.68,0.0,0.0,0.0,0.0,0.0,0.0,0.0,2.458552771524647
13252,304,2,399.3,134,19,536,199.65,0.0,0.0,0.0,0.0,0.0,0.0,0.0,2.339404919706494
13253,67,4,2951.11,3015,73,614,737.7775,0.0,0.0,553.92,1.0,0.0,0.0,0.0,16.22562098585905
13254,286,1,51.410000000000004,43,4,286,51.410000000000004,0.0,0.0,0.0,0.0,0.0,0.0,0.0,0.4575726015705667
13255,284,2,730.65,450,19,422,365.325,0.0,0.0,0.0,0.0,0.0,0.0,173.81,15.54299628280384
13257,346,1,149.75,33,7,346,149.75,0.0,0.0,0.0,0.0,0.0,0.0,0.0,0.5399374392067531
13258,115,3,535.4699999999999,241,14,311,178.48999999999998,0.0,0.0,0.0,0.0,0.0,0.0,473.96,18.554608317290807
13259,308,8,1119.36,377,181,609,139.92,0.0,0.0,0.0,0.0,0.0,0.0,283.18,24.85928695371396
13261,179,2,944.1,210,8,196,472.05,0.0,0.0,0.0,0.0,0.0,0.0,0.0,1.7364259279942238
13262,173,3,573.45,247,48,511,191.15,0.0,0.0,0.0,0.0,0.0,0.0,0.0,4.022489386839998
13263,18,27,6094.06,3399,434,323,225.70592592592595,414.78,2.0,1414.39,8.0,0.29304997209249745,0.2222222222222222,2582.14,1513.0015446918
13264,353,1,722.5600000000001,375,38,353,722.5600000000001,0.0,0.0,0.0,0.0,0.0,0.0,0.0,4.542039550257932
13265,94,3,1450.66,1126,44,184,483.55333333333334,0.0,0.0,0.0,0.0,0.0,0.0,642.0,104.72434034342825
13266,23,15,4836.36,5469,129,633,322.424,333.93,1.0,709.15,2.0,0.47022460043652753,0.3333333333333333,1298.68,733.7370868716334
13267,2,32,8356.11,3479,134,642,261.1284375,631.75,2.0,909.2,4.0,0.6940782245660294,0.4,1402.15,1104.9604840247373
13268,80,6,2117.81,2490,206,177,352.9683333333333,0.0,0.0,307.47,1.0,0.0,0.0,1056.94,216.74141530028368
13269,20,21,6523.97,5064,195,648,310.6652380952381,315.68,1.0,933.22,3.0,0.3379075592472865,0.25,2364.78,976.2560848883663
13270,276,1,1180.0,400,1,276,1180.0,0.0,0.0,0.0,0.0,0.0,0.0,0.0,1.295606087019928
13273,23,1,138.98,153,16,23,138.98,138.98,1.0,138.98,1.0,0.9928561223031862,0.5,0.0,10.470088922226944
13274,319,1,360.85,199,19,319,360.85,0.0,0.0,0.0,0.0,0.0,0.0,0.0,1.5069219543771908
13275,294,2,238.86,138,48,542,119.43,0.0,0.0,0.0,0.0,0.0,0.0,0.0,2.992870568720939
13276,10,4,1438.36,699,191,552,359.59,137.38,1.0,137.38,1.0,0.9927735221852869,0.5,453.55,39.349231381495684
13277,26,5,390.8,292,9,450,78.16,50.0,1.0,125.9,2.0,0.3940110323089046,0.3333333333333333,132.5,8.506740687944358
13278,310,3,893.12,821,48,521,297.70666666666665,0.0,0.0,0.0,0.0,0.0,0.0,542.73,7.367416582825052
13280,32,7,2293.33,1489,159,555,327.61857142857144,0.0,0.0,115.5,1.0,0.0,0.0,0.0,34.4958308913213
13281,349,1,350.85,201,22,349,350.85,0.0,0.0,0.0,0.0,0.0,0.0,0.0,3.5575849258039374
13282,72,3,954.1500000000001,275,28,316,318.05,0.0,0.0,428.40000000000003,1.0,0.0,0.0,359.04,31.902524802011122
13283,96,3,305.2,144,14,550,101.73333333333333,0.0,0.0,0.0,0.0,0.0,0.0,68.16,5.882602174563779
13284,241,1,201.19,91,13,241,201.19,0.0,0.0,0.0,0.0,0.0,0.0,0.0,3.5947822106139835
13285,71,5,2625.57,1860,147,534,525.114,0.0,0.0,796.83,1.0,0.0,0.0,739.02,218.15764275741742
13286,510,1,734.91,274,46,510,734.91,0.0,0.0,0.0,0.0,0.0,0.0,0.0,2.0740164980706255
13287,513,3,781.59,429,46,615,260.53000000000003,0.0,0.0,0.0,0.0,0.0,0.0,0.0,1.0687699297595843
13288,353,5,927.61,379,7,576,185.522,0.0,0.0,0.0,0.0,0.0,0.0,0.0,5.73285498172297
13289,634,1,307.95,119,16,634,307.95,0.0,0.0,0.0,0.0,0.0,0.0,0.0,0.31420719630553273
13290,348,1,208.63,1,1,348,208.63,0.0,0.0,0.0,0.0,0.0,0.0,0.0,1.8336793195222745
13291,66,11,3270.79,1600,155,576,297.3445454545454,0.0,0.0,361.11,1.0,0.0,0.0,0.0,150.23164494946292
13292,194,4,665.14,316,41,436,166.285,0.0,0.0,0.0,0.0,0.0,0.0,329.37,9.276520686420353
13293,302,6,1192.94,555,51,579,198.82333333333335,0.0,0.0,0.0,0.0,0.0,0.0,0.0,2.4488248527872654
13294,100,3,1689.53,996,93,556,563.1766666666666,0.0,0.0,0.0,0.0,0.0,0.0,0.0,7.223037299824728
13295,270,4,1101.97,733,56,487,275.4925,0.0,0.0,0.0,0.0,0.0,0.0,0.0,4.200294794727272
13296,47,6,792.51,653,50,487,132.085,0.0,0.0,87.4,1.0,0.0,0.0,0.0,6.265694865276557
13297,295,3,2278.77,1731,58,453,759.59,0.0,0.0,0.0,0.0,0.0,0.0,2089.85,131.1016684726605
13299,178,3,1218.7,416,56,439,406.23333333333335,0.0,0.0,0.0,0.0,0.0,0.0,0.0,2.718892446715932
13300,79,3,1285.51,455,44,484,428.50333333333333,0.0,0.0,371.89,1.0,0.0,0.0,0.0,5.341678101950376
13301,14,4,618.09,345,75,202,154.5225,137.19,1.0,290.32,2.0,0.47092544281202803,0.3333333333333333,0.0,21.304614959153216
13302,65,2,159.2,12,3,437,79.6,0.0,0.0,63.75,1.0,0.0,0.0,0.0,1.342369879332797
13303,310,1,61.72,26,4,310,61.72,0.0,0.0,0.0,0.0,0.0,0.0,0.0,0.1364690092495362
13304,261,4,1217.99,716,59,580,304.4975,0.0,0.0,0.0,0.0,0.0,0.0,0.0,4.068056743807331
13305,3,14,3223.0,2063,140,549,230.21428571428572,580.05,3.0,831.0,4.0,0.6971754807692307,0.6,529.61,478.88762929371694
13306,340,1,53.65,74,4,340,53.65,0.0,0.0,0.0,0.0,0.0,0.0,0.0,0.45285817086410063
13307,30,3,273.34,140,15,502,91.11333333333333,15.0,1.0,15.0,1.0,0.9375,0.5,0.0,3.4871494882695973
13308,113,2,1099.81,749,42,507,549.905,0.0,0.0,0.0,0.0,0.0,0.0,570.5600000000001,19.990938604907136
13309,117,3,796.22,986,59,303,265.4066666666667,0.0,0.0,0.0,0.0,0.0,0.0,910.15,73.79743869604755
13310,116,4,1226.82,624,65,312,306.705,0.0,0.0,0.0,0.0,0.0,0.0,314.38,82.71774484085948
13311,60,1,490.11,271,24,60,490.11,0.0,0.0,490.11,1.0,0.0,0.0,108.46000000000001,20.405413015344678
13312,361,1,124.75,41,5,361,124.75,0.0,0.0,0.0,0.0,0.0,0.0,0.0,1.3542402937602813
13313,51,10,2808.34,1944,93,647,280.834,0.0,0.0,308.6,1.0,0.0,0.0,636.98,265.47372526321607
13315,599,1,310.26,232,22,599,310.26,0.0,0.0,0.0,0.0,0.0,0.0,0.0,0.10962796537029876
13316,42,8,10743.07,18700,93,550,1342.88375,0.0,0.0,1912.7,1.0,0.0,0.0,2197.75,849.6112039726712
13317,109,18,5526.3910000000005,2614,181,637,307.02172222222225,0.0,0.0,0.0,0.0,0.0,0.0,959.7,351.9885181565504
13319,2,51,18627.420000000002,7743,303,643,365.24352941176477,839.6,2.0,2380.57,6.0,0.3525405509810755,0.2857142857142857,3455.08,3103.812427360787
13320,17,5,1660.55,1210,81,389,332.11,472.54,1.0,472.54,1.0,0.9978882459771086,0.5,551.05,84.63959669513588
13324,113,15,7190.51,5716,30,474,479.36733333333336,0.0,0.0,0.0,0.0,0.0,0.0,3322.96,303.25701382175487
13326,342,1,281.76,140,13,342,281.76,0.0,0.0,0.0,0.0,0.0,0.0,0.0,4.440092938284999
13327,23,19,8990.460000000001,4135,163,631,473.18210526315795,382.3,1.0,866.4,2.0,0.4407424486972562,0.3333333333333333,889.02,891.5795988112011
13328,226,1,1308.48,680,17,226,1308.48,0.0,0.0,0.0,0.0,0.0,0.0,0.0,1.966129938764937
13329,277,7,4628.17,3198,60,645,661.1671428571428,0.0,0.0,0.0,0.0,0.0,0.0,484.79999999999995,100.27771564011934
13330,3,6,2796.1,1951,80,565,466.01666666666665,412.71,1.0,412.71,1.0,0.9975828478886176,0.5,0.0,21.51265316646177
13331,312,1,262.4,54,12,312,262.4,0.0,0.0,0.0,0.0,0.0,0.0,0.0,2.366562869860305
13333,321,3,1015.74,685,54,569,338.58,0.0,0.0,0.0,0.0,0.0,0.0,0.0,2.465882828778752
13334,101,4,5408.07,2777,280,563,1352.0175,0.0,0.0,0.0,0.0,0.0,0.0,793.73,126.12835783219676
13337,456,1,1575.26,980,87,456,1575.26,0.0,0.0,0.0,0.0,0.0,0.0,0.0,1.0548753530653643
13338,68,4,2445.62,1151,113,614,611.405,0.0,0.0,487.02,1.0,0.0,0.0,0.0,23.193126750535647
13339,111,1,860.12,326,54,111,860.12,0.0,0.0,0.0,0.0,0.0,0.0,0.0,7.476668840075339
13340,16,10,20593.62,9014,173,565,2059.362,957.24,1.0,5551.51,4.0,0.1723977084237579,0.2,1506.94,1489.3390521543977
13341,171,1,775.85,301,42,171,775.85,0.0,0.0,0.0,0.0,0.0,0.0,0.0,4.148894938821268
13343,88,1,353.43,135,19,88,353.43,0.0,0.0,353.43,1.0,0.0,0.0,0.0,4.269898522777936
13344,188,1,1656.15,599,68,188,1656.15,0.0,0.0,0.0,0.0,0.0,0.0,855.54,10.43455991683852
13345,198,1,389.5,141,20,198,389.5,0.0,0.0,0.0,0.0,0.0,0.0,0.0,1.6784949271611564
13346,373,6,299.4,180,4,507,49.9,0.0,0.0,0.0,0.0,0.0,0.0,0.0,0.7228506227243525
13355,32,1,674.7,314,32,32,674.7,0.0,0.0,674.7,1.0,0.0,0.0,0.0,21.029996389233382
13357,167,5,3805.5099999999998,2112,284,537,761.102,0.0,0.0,0.0,0.0,0.0,0.0,0.0,16.384990972795432
13358,179,1,439.03,285,29,179,439.03,0.0,0.0,0.0,0.0,0.0,0.0,0.0,1.0282460157005102
13359,313,1,603.75,220,33,313,603.75,0.0,0.0,0.0,0.0,0.0,0.0,439.56,6.064616682444118
13360,342,4,1553.65,942,58,611,388.4125,0.0,0.0,0.0,0.0,0.0,0.0,0.0,3.85688113720673
13361,382,2,1450.5,324,29,528,725.25,0.0,0.0,0.0,0.0,0.0,0.0,0.0,0.7351461246445692
13362,156,5,3884.86,1826,161,335,776.972,0.0,0.0,0.0,0.0,0.0,0.0,1509.21,75.60073094780162
13363,320,1,731.36,436,42,320,731.36,0.0,0.0,0.0,0.0,0.0,0.0,992.5,15.084396867078906
13365,128,1,700.6,404,39,128,700.6,0.0,0.0,0.0,0.0,0.0,0.0,1524.77,18.09460342920309
13367,342,1,510.20000000000005,253,20,342,510.20000000000005,0.0,0.0,0.0,0.0,0.0,0.0,0.0,1.7257709933313277
13368,167,4,1121.5,606,45,334,280.375,0.0,0.0,0.0,0.0,0.0,0.0,0.0,5.1145217148164415
13369,276,1,616.5600000000001,298,14,276,616.5600000000001,0.0,0.0,0.0,0.0,0.0,0.0,0.0,3.8177644904775754
13370,282,1,1509.74,686,39,282,1509.74,0.0,0.0,0.0,0.0,0.0,0.0,0.0,2.4038207287999898
13371,415,2,2297.66,1019,75,542,1148.83,0.0,0.0,0.0,0.0,0.0,0.0,0.0,0.5046696873972866
13373,69,5,6330.52,3556,261,644,1266.104,0.0,0.0,1067.8799999999999,1.0,0.0,0.0,1256.67,247.96486534461445
13374,325,2,422.8,135,17,360,211.4,0.0,0.0,0.0,0.0,0.0,0.0,0.0,2.247339145025275
13375,355,1,1013.58,682,34,355,1013.58,0.0,0.0,0.0,0.0,0.0,0.0,778.65,17.160316572267803
13376,9,3,1019.76,493,45,144,339.92,249.76,1.0,249.76,1.0,0.9960121231456373,0.5,0.0,16.75740650640716
13377,307,2,1552.88,748,71,556,776.44,0.0,0.0,0.0,0.0,0.0,0.0,0.0,3.40990531930676
13379,47,1,136.29,166,13,47,136.29,0.0,0.0,136.29,1.0,0.0,0.0,436.27,31.164597347188312
13380,343,1,62.4,48,3,343,62.4,0.0,0.0,0.0,0.0,0.0,0.0,0.0,0.16851267472773118
13381,23,10,7046.39,4347,148,648,704.639,680.24,1.0,1389.98,2.0,0.48903650663560944,0.3333333333333333,1177.98,513.2745159124268
13382,191,5,1387.58,863,74,642,277.51599999999996,0.0,0.0,0.0,0.0,0.0,0.0,0.0,6.699913225994345
13383,454,1,305.28000000000003,288,1,454,305.28000000000003,0.0,0.0,0.0,0.0,0.0,0.0,0.0,1.1753129927900312
13384,39,6,4284.74,2782,149,411,714.1233333333333,0.0,0.0,1755.84,2.0,0.0,0.0,2396.09,471.9635807949249
13385,240,1,534.57,281,35,240,534.57,0.0,0.0,0.0,0.0,0.0,0.0,0.0,1.9482837112858682
13386,324,2,835.46,514,24,347,417.73,0.0,0.0,0.0,0.0,0.0,0.0,0.0,3.632933913959473
13387,327,1,186.94,123,71,327,186.94,0.0,0.0,0.0,0.0,0.0,0.0,0.0,2.4820477346404086
13388,41,3,1185.65,701,68,514,395.2166666666667,0.0,0.0,677.1,2.0,0.0,0.0,0.0,4.345329920999195
13389,143,1,257.89,115,18,143,257.89,0.0,0.0,0.0,0.0,0.0,0.0,540.07,6.3512425187971955
13391,114,1,59.8,4,1,114,59.8,0.0,0.0,0.0,0.0,0.0,0.0,0.0,6.174770336897564
13392,587,1,91.14,82,8,587,91.14,0.0,0.0,0.0,0.0,0.0,0.0,0.0,0.19349485817713782
13393,494,4,1131.45,662,53,642,282.8625,0.0,0.0,0.0,0.0,0.0,0.0,0.0,1.5793254913556132
13394,26,16,5645.13,4437,221,649,352.820625,306.86,1.0,608.12,2.0,0.503775939059627,0.3333333333333333,976.57,614.0868327694544
13395,95,3,1180.23,1660,77,331,393.41,0.0,0.0,0.0,0.0,0.0,0.0,0.0,22.298947920241105
13396,229,1,387.27000000000004,139,15,229,387.27000000000004,0.0,0.0,0.0,0.0,0.0,0.0,973.72,1.8066043901696216
13397,21,9,2875.93,1264,62,599,319.54777777777775,247.72,1.0,247.72,1.0,0.9959794146027662,0.5,315.94,104.56811281145758
13398,102,2,670.34,341,37,359,335.17,0.0,0.0,0.0,0.0,0.0,0.0,0.0,5.491235465191123
13399,374,3,275.4,120,10,429,91.8,0.0,0.0,0.0,0.0,0.0,0.0,0.0,0.8391353035351363
13400,493,1,310.83,284,23,493,310.83,0.0,0.0,0.0,0.0,0.0,0.0,0.0,0.3699464988887404
13402,37,4,1535.13,1107,55,475,383.7825,0.0,0.0,312.95,1.0,0.0,0.0,0.0,6.027232387429651
13403,298,2,154.5,70,6,633,77.25,0.0,0.0,0.0,0.0,0.0,0.0,75.0,3.6469949526487557
13404,123,1,217.81,99,9,123,217.81,0.0,0.0,0.0,0.0,0.0,0.0,34.68,9.798879939031139
13405,114,5,1198.81,853,32,634,239.762,0.0,0.0,0.0,0.0,0.0,0.0,15.001,21.944394390351363
13406,337,2,568.92,292,7,542,284.46,0.0,0.0,0.0,0.0,0.0,0.0,0.0,2.4812608961160962
13407,489,3,2244.7,1690,85,572,748.2333333333332,0.0,0.0,0.0,0.0,0.0,0.0,0.0,0.4624121085850858
13408,10,85,41453.102,23773,271,646,487.68355294117646,1494.3,3.0,6331.77,15.0,0.23596309355937448,0.1875,10280.36,9468.27565743204
13410,97,7,1743.94,1026,21,641,249.1342857142857,0.0,0.0,0.0,0.0,0.0,0.0,458.02,43.15393015394716
13411,17,1,213.55,72,17,17,213.55,213.55,1.0,213.55,1.0,0.9953390817991145,0.5,0.0,14.49071021708222
13412,530,1,487.34999999999997,176,33,530,487.34999999999997,0.0,0.0,0.0,0.0,0.0,0.0,0.0,2.496393603208994
13413,550,6,429.44,455,38,597,71.57333333333334,0.0,0.0,0.0,0.0,0.0,0.0,0.0,0.7992763282290363
13414,44,6,2494.14,2702,48,513,415.69,0.0,0.0,1000.5,2.0,0.0,0.0,0.0,21.47420446886359
13415,383,4,784.17,496,85,638,196.0425,0.0,0.0,0.0,0.0,0.0,0.0,0.0,1.0043050596626306
13416,646,1,228.3,66,7,646,228.3,0.0,0.0,0.0,0.0,0.0,0.0,712.5,2.1571013587503116
13417,115,5,1264.66,442,42,580,252.93200000000002,0.0,0.0,0.0,0.0,0.0,0.0,404.83,31.90114215998937
13418,9,28,10799.6,6838,306,638,385.7,402.0,1.0,1403.53,6.0,0.28621674154343446,0.14285714285714285,1383.3,1787.315502808839
13420,60,2,159.85,101,8,81,79.925,0.0,0.0,159.85,2.0,0.0,0.0,0.0,2.4346689911340906
13421,200,7,3050.08,1718,157,573,435.7257142857143,0.0,0.0,0.0,0.0,0.0,0.0,1008.67,70.8565121870288
13423,339,1,217.03,141,12,339,217.03,0.0,0.0,0.0,0.0,0.0,0.0,0.0,3.312162731869003
13424,360,1,572.77,529,40,360,572.77,0.0,0.0,0.0,0.0,0.0,0.0,0.0,3.5759016693921764
13425,18,5,3390.4300000000003,2358,124,489,678.086,449.56,1.0,1222.64,2.0,0.3673956392402994,0.3333333333333333,0.0,36.56475488821947
13426,93,17,6084.74,3822,127,640,357.9258823529412,0.0,0.0,0.0,0.0,0.0,0.0,2082.64,509.6007326214394
13427,30,5,888.79,766,32,632,177.75799999999998,250.36,1.0,250.36,1.0,0.9960216422660726,0.5,117.74000000000001,20.97365359027713
13428,424,2,276.76,205,66,424,138.38,0.0,0.0,0.0,0.0,0.0,0.0,201.78,5.592857357609585
13431,316,6,2047.14,898,74,570,341.19,0.0,0.0,0.0,0.0,0.0,0.0,1269.1,32.13502229242906
13432,481,2,439.1,217,98,522,219.55,0.0,0.0,0.0,0.0,0.0,0.0,0.0,1.999055430049529
13433,411,4,658.3199999999999,190,22,607,164.57999999999998,0.0,0.0,0.0,0.0,0.0,0.0,0.0,0.5887630587188621
13434,7,4,1205.46,624,17,566,301.365,72.84,1.0,72.84,1.0,0.9864572047670639,0.5,461.40000000000003,24.415254991335054
13435,20,5,1725.56,1519,64,410,345.11199999999997,393.14,1.0,644.4,2.0,0.6091416176014874,0.3333333333333333,2721.77,85.12146102902366
13437,9,4,2173.6,689,108,100,543.4,149.35,1.0,732.7,3.0,0.20355731225296442,0.25,1234.46,564.2586605003831
13438,457,1,46.5,10,1,457,46.5,0.0,0.0,0.0,0.0,0.0,0.0,0.0,0.5074191091419907
13439,165,3,986.61,952,132,436,328.87,0.0,0.0,0.0,0.0,0.0,0.0,0.0,9.31124398747389
13440,333,7,1295.25,573,49,362,185.03571428571428,0.0,0.0,0.0,0.0,0.0,0.0,0.0,2.3678317367869757
13441,2,2,720.9,520,33,342,360.45,296.64,1.0,296.64,1.0,0.9966402365273485,0.5,0.0,9.779331532975158
13442,577,3,419.87,115,33,648,139.95666666666668,0.0,0.0,0.0,0.0,0.0,0.0,0.0,1.1990098120896102
13443,359,6,1273.16,805,176,587,212.19333333333336,0.0,0.0,0.0,0.0,0.0,0.0,0.0,7.037213799686049
13444,284,2,619.08,331,51,416,309.54,0.0,0.0,0.0,0.0,0.0,0.0,0.0,4.451759708807608
13445,536,1,241.89999999999998,198,7,536,241.89999999999998,0.0,0.0,0.0,0.0,0.0,0.0,0.0,0.16331445753034654
13446,340,11,3881.89,2403,113,574,352.8990909090909,0.0,0.0,0.0,0.0,0.0,0.0,0.0,1.1859992503287506
13448,129,11,7078.46,3429,271,644,643.4963636363636,0.0,0.0,0.0,0.0,0.0,0.0,2111.4300000000003,443.62941909472966
13450,35,11,3497.7799999999997,3606,47,513,317.97999999999996,0.0,0.0,742.92,2.0,0.0,0.0,622.26,202.88028880279828
13451,36,10,6577.3,4844,534,538,657.73,0.0,0.0,796.02,1.0,0.0,0.0,512.76,319.0096456761887
13452,169,3,729.8,6,2,383,243.26666666666665,0.0,0.0,0.0,0.0,0.0,0.0,0.0,3.3290129215049493
13453,76,3,781.6899999999999,341,33,312,260.56333333333333,0.0,0.0,171.98,1.0,0.0,0.0,0.0,12.051575246744804
13454,551,1,219.87,198,23,551,219.87,0.0,0.0,0.0,0.0,0.0,0.0,0.0,0.11629276637194426
13455,276,5,2540.53,821,70,641,508.10600000000005,0.0,0.0,0.0,0.0,0.0,0.0,365.4,51.75726145680203
13456,65,3,855.0600000000001,261,18,117,285.02000000000004,0.0,0.0,647.4000000000001,2.0,0.0,0.0,911.6600000000001,53.87802005538708
13457,599,2,148.22,96,9,648,74.11,0.0,0.0,0.0,0.0,0.0,0.0,0.0,0.2815724183239564
13458,10,12,9991.12,5773,258,298,832.5933333333334,322.98,1.0,1418.34,3.0,0.22755646990854908,0.25,1968.15,1039.355374337031
13459,535,2,1160.4099999999999,986,57,592,580.2049999999999,0.0,0.0,0.0,0.0,0.0,0.0,0.0,0.6280066388289383
13461,49,5,3599.2,2798,29,507,719.8399999999999,0.0,0.0,884.2,2.0,0.0,0.0,560.8,68.74273871085616
13462,163,5,1153.85,697,64,636,230.76999999999998,0.0,0.0,0.0,0.0,0.0,0.0,0.0,6.384447260157087
13464,305,5,2422.96,1037,95,528,484.592,0.0,0.0,0.0,0.0,0.0,0.0,674.68,61.183034188892194
13465,356,2,931.12,584,34,496,465.56,0.0,0.0,0.0,0.0,0.0,0.0,0.0,3.7956904198577224
13466,94,5,1013.35,660,49,538,202.67000000000002,0.0,0.0,0.0,0.0,0.0,0.0,0.0,7.349380880907987
13468,3,64,12409.56,5287,276,646,193.899375,604.86,3.0,1147.9,8.0,0.5264687962398816,0.3333333333333333,965.95,1551.246320731797
13469,563,1,82.4,52,6,563,82.4,0.0,0.0,0.0,0.0,0.0,0.0,0.0,0.13317857678082173
13470,9,2,165.0,100,7,25,82.5,165.0,2.0,165.0,2.0,0.9939759036144579,0.6666666666666666,0.0,3.8236471226966575
13472,374,2,592.24,310,24,466,296.12,0.0,0.0,0.0,0.0,0.0,0.0,0.0,1.706930432404611
13473,243,7,2476.38,932,56,634,353.7685714285714,0.0,0.0,0.0,0.0,0.0,0.0,181.38,51.482495018783126
13474,146,3,646.59,318,116,405,215.53,0.0,0.0,0.0,0.0,0.0,0.0,0.0,13.799948464552896
13475,101,4,1431.78,1012,64,209,357.945,0.0,0.0,0.0,0.0,0.0,0.0,0.0,59.02161820984283
13476,89,5,2061.4700000000003,713,86,555,412.29400000000004,0.0,0.0,510.87,1.0,0.0,0.0,0.0,8.182158299192807
13477,48,9,2264.14,1696,93,594,251.5711111111111,0.0,0.0,383.52,2.0,0.0,0.0,555.03,111.72997356892732
13478,379,5,2215.78,1189,114,587,443.15600000000006,0.0,0.0,0.0,0.0,0.0,0.0,0.0,2.8771356307376053
13479,111,4,851.37,716,45,387,212.8425,0.0,0.0,0.0,0.0,0.0,0.0,0.0,10.518304840347017
13480,327,2,627.82,362,40,590,313.91,0.0,0.0,0.0,0.0,0.0,0.0,0.0,4.439775005322635
13481,18,10,3387.61,1774,142,646,338.761,382.34,2.0,382.34,2.0,0.9973913497156571,0.6666666666666666,443.23,249.23103527426392
13482,142,2,336.09,187,20,538,168.045,0.0,0.0,0.0,0.0,0.0,0.0,0.0,2.715396652209083
13484,151,3,790.72,224,38,550,263.5733333333333,0.0,0.0,0.0,0.0,0.0,0.0,0.0,3.758463797056386
13485,143,11,3019.2200000000003,1798,131,646,274.4745454545455,0.0,0.0,0.0,0.0,0.0,0.0,0.0,35.73086596359428
13486,38,2,819.61,529,52,65,409.805,0.0,0.0,819.61,2.0,0.0,0.0,302.8,56.08136824897625
13487,123,4,680.27,310,26,645,170.0675,0.0,0.0,0.0,0.0,0.0,0.0,166.6,16.197589079310752
13488,31,19,13215.95,6605,335,594,695.5763157894737,0.0,0.0,1065.95,3.0,0.0,0.0,2371.93,1535.8273031632768
13489,15,4,449.52,560,11,205,112.38,162.48,1.0,213.84,2.0,0.7562837460435673,0.3333333333333333,0.0,18.68458391459847
13490,564,1,154.25,25,8,564,154.25,0.0,0.0,0.0,0.0,0.0,0.0,0.0,0.5688812532933732
13491,58,26,4439.1900000000005,2294,137,643,170.73807692307693,0.0,0.0,56.82,1.0,0.0,0.0,127.37,119.30333086681185
13492,46,3,1269.84,408,38,125,423.28,0.0,0.0,954.54,2.0,0.0,0.0,0.0,20.453488099606965
13493,185,2,618.63,380,6,197,309.315,0.0,0.0,0.0,0.0,0.0,0.0,0.0,4.129882601088236
13494,222,1,316.26000000000005,162,18,222,316.26000000000005,0.0,0.0,0.0,0.0,0.0,0.0,0.0,1.4637486644143198
13495,142,8,4401.82,2330,50,643,550.2275,0.0,0.0,0.0,0.0,0.0,0.0,972.44,177.01397207572677
13496,270,1,501.01,229,26,270,501.01,0.0,0.0,0.0,0.0,0.0,0.0,152.32,1.939342655149136
13497,193,6,1320.33,579,52,580,220.05499999999998,0.0,0.0,0.0,0.0,0.0,0.0,0.0,6.286389675196209
13498,640,1,327.38,362,17,640,327.38,0.0,0.0,0.0,0.0,0.0,0.0,0.0,0.4052433667062182
13499,135,2,463.79,265,18,180,231.895,0.0,0.0,0.0,0.0,0.0,0.0,695.3199999999999,6.329756450975642
13500,33,2,625.93,357,38,311,312.965,0.0,0.0,326.4,1.0,0.0,0.0,840.37,49.34008331871623
13501,198,3,2885.11,1253,90,480,961.7033333333334,0.0,0.0,0.0,0.0,0.0,0.0,0.0,16.30389039190896
13502,185,4,677.66,336,20,459,169.415,0.0,0.0,0.0,0.0,0.0,0.0,102.84,8.540626359129254
13503,389,5,1642.39,857,148,571,328.478,0.0,0.0,0.0,0.0,0.0,0.0,216.85,8.939735993171674
13505,77,3,2583.12,1261,110,143,861.04,0.0,0.0,667.03,1.0,0.0,0.0,1810.51,293.4034052539493
13506,226,5,1639.2,1174,55,371,327.84000000000003,0.0,0.0,0.0,0.0,0.0,0.0,0.0,19.411538719300857
13507,8,3,2022.79,1212,123,56,674.2633333333333,780.41,2.0,2022.79,3.0,0.3856180730214103,0.5,456.37,350.00372430888217
13508,154,2,287.05,180,27,553,143.525,0.0,0.0,0.0,0.0,0.0,0.0,0.0,2.889543638623489
13509,10,6,840.02,907,24,418,140.00333333333333,40.0,1.0,55.0,2.0,0.7142857142857143,0.3333333333333333,274.7,24.15135344171459
13510,5,9,3664.54,2401,147,629,407.1711111111111,312.49,1.0,312.49,1.0,0.9968101055855051,0.5,893.75,254.14417068079578
13511,587,1,282.76,60,5,587,282.76,0.0,0.0,0.0,0.0,0.0,0.0,0.0,0.7861588204531804
13512,171,4,713.39,419,31,493,178.3475,0.0,0.0,0.0,0.0,0.0,0.0,0.0,7.5470549554026025
13513,37,3,824.59,364,32,565,274.86333333333334,0.0,0.0,205.1,1.0,0.0,0.0,0.0,3.9989876521371808
13514,339,3,663.7,248,13,592,221.23333333333335,0.0,0.0,0.0,0.0,0.0,0.0,152.20000000000002,5.069895393408404
13515,27,5,898.66,611,45,555,179.732,188.39999999999998,1.0,320.56,2.0,0.5858937678815772,0.3333333333333333,367.16,24.811556892215492
13516,149,2,441.85,185,22,328,220.925,0.0,0.0,0.0,0.0,0.0,0.0,1243.41,8.97000775799546
13517,17,2,1612.18,981,99,90,806.09,510.32,1.0,1612.18,2.0,0.31634411534980594,0.3333333333333333,516.24,242.4798229397301
13519,353,1,220.46,110,11,353,220.46,0.0,0.0,0.0,0.0,0.0,0.0,122.75,4.819314324155234
13520,48,10,6233.03,2952,72,633,623.303,0.0,0.0,856.0,1.0,0.0,0.0,676.37,348.0954650431546
13523,110,4,3505.88,1430,117,312,876.47,0.0,0.0,0.0,0.0,0.0,0.0,1595.64,179.09162872721865
13524,12,3,408.86,187,14,130,136.28666666666666,161.16000000000003,1.0,249.66000000000003,2.0,0.6429426314529643,0.3333333333333333,271.32,92.81508700066352
13525,158,1,282.88,208,2,158,282.88,0.0,0.0,0.0,0.0,0.0,0.0,345.9,7.482540598617442
13526,648,2,1182.0,1911,29,648,591.0,0.0,0.0,0.0,0.0,0.0,0.0,0.0,1.1859227292357468
13527,15,9,3661.45,2341,231,598,406.8277777777778,776.88,2.0,776.88,2.0,0.9987144546716717,0.6666666666666666,879.84,185.12081198481306
13529,115,1,181.1,30,7,115,181.1,0.0,0.0,0.0,0.0,0.0,0.0,126.66000000000001,11.98130286194163
13530,544,1,402.97999999999996,272,18,544,402.97999999999996,0.0,0.0,0.0,0.0,0.0,0.0,0.0,0.4250720120722378
13531,115,6,1738.52,600,44,646,289.75333333333333,0.0,0.0,0.0,0.0,0.0,0.0,0.0,14.560445967920025
13533,93,3,269.09,202,61,178,89.69666666666666,0.0,0.0,0.0,0.0,0.0,0.0,0.0,6.41747013291559
13534,18,31,6222.35,3150,145,430,200.72096774193548,338.2,1.0,1418.45,4.0,0.23826129839022156,0.2,1498.55,1194.3782420976854
13535,313,1,89.5,10,1,313,89.5,0.0,0.0,0.0,0.0,0.0,0.0,0.0,0.3852971907244865
13537,336,2,717.85,337,38,362,358.925,0.0,0.0,0.0,0.0,0.0,0.0,0.0,2.805903201303187
13538,4,11,2813.03,921,104,586,255.73000000000002,99.0,1.0,371.25,3.0,0.26595030221625254,0.25,290.1,201.10828142337127
13539,150,6,1253.67,621,58,501,208.94500000000002,0.0,0.0,0.0,0.0,0.0,0.0,315.69,11.229903743904401
13540,377,3,632.39,189,26,566,210.79666666666665,0.0,0.0,0.0,0.0,0.0,0.0,0.0,0.8354874909596404
13541,337,2,785.25,279,10,480,392.625,0.0,0.0,0.0,0.0,0.0,0.0,0.0,1.8565796933789775
13542,287,17,3959.4900000000002,804,98,639,232.91117647058826,0.0,0.0,0.0,0.0,0.0,0.0,0.0,4.557647397682634
13543,544,2,1439.6100000000001,329,37,597,719.8050000000001,0.0,0.0,0.0,0.0,0.0,0.0,0.0,0.8121130179896341
13544,151,5,627.15,282,186,555,125.42999999999999,0.0,0.0,0.0,0.0,0.0,0.0,163.05,28.486530057651954
13545,301,2,364.93,252,54,455,182.465,0.0,0.0,0.0,0.0,0.0,0.0,0.0,1.6464344370499542
13546,111,3,647.41,337,58,334,215.8033333333333,0.0,0.0,0.0,0.0,0.0,0.0,438.83,26.631398078876224
13547,318,1,167.08,79,44,318,167.08,0.0,0.0,0.0,0.0,0.0,0.0,0.0,1.1290162439186038
13548,6,3,901.44,558,169,381,300.48,397.15,1.0,397.15,1.0,0.9974883837749592,0.5,0.0,7.575468555517071
13549,52,6,849.65,507,41,298,141.60833333333332,0.0,0.0,249.5,2.0,0.0,0.0,156.15,75.53035075287143
13550,293,1,342.55,430,40,293,342.55,0.0,0.0,0.0,0.0,0.0,0.0,0.0,4.098959773425003
13551,229,2,244.2,36,5,576,122.1,0.0,0.0,0.0,0.0,0.0,0.0,0.0,2.173385559976427
13552,34,19,5971.76,2237,145,568,314.30315789473684,0.0,0.0,901.62,4.0,0.0,0.0,977.1600000000001,653.5749416553172
13553,585,1,499.6,201,85,585,499.6,0.0,0.0,0.0,0.0,0.0,0.0,0.0,2.0736882878984932
13554,290,7,1629.35,578,156,357,232.7642857142857,0.0,0.0,0.0,0.0,0.0,0.0,0.0,11.281738773776002
13555,112,11,6383.01,2994,204,599,580.2736363636363,0.0,0.0,0.0,0.0,0.0,0.0,2508.83,323.06929448679557
13556,339,2,200.82,134,8,346,100.41,0.0,0.0,0.0,0.0,0.0,0.0,0.0,1.836610580314851
13557,191,12,2688.88,2076,116,641,224.07333333333335,0.0,0.0,0.0,0.0,0.0,0.0,343.38,51.9949226219331
13559,423,2,990.0,360,1,454,495.0,0.0,0.0,0.0,0.0,0.0,0.0,0.0,0.9598887857850523
13561,126,11,1803.4,1125,131,559,163.94545454545457,0.0,0.0,0.0,0.0,0.0,0.0,0.0,18.26472957201332
13562,51,7,4248.58,1373,87,604,606.9399999999999,0.0,0.0,606.46,1.0,0.0,0.0,589.6,137.61946674921126
13563,50,1,310.88,146,39,50,310.88,0.0,0.0,310.88,1.0,0.0,0.0,466.65,68.99425487648949
13564,54,37,17035.02,9133,484,648,460.405945945946,0.0,0.0,550.64,1.0,0.0,0.0,0.0,105.76256739041338
13565,244,2,284.76,166,28,321,142.38,0.0,0.0,0.0,0.0,0.0,0.0,130.04,4.82904732004036
13566,345,3,831.76,690,159,550,277.25333333333333,0.0,0.0,0.0,0.0,0.0,0.0,856.84,27.776301569110984
13567,338,4,1079.29,643,180,452,269.8225,0.0,0.0,0.0,0.0,0.0,0.0,0.0,3.7733387632775957
13568,83,1,187.05,66,41,83,187.05,0.0,0.0,187.05,1.0,0.0,0.0,0.0,2.065587772429603
13569,278,3,607.5600000000001,275,103,338,202.52,0.0,0.0,0.0,0.0,0.0,0.0,228.8,20.75848941757735
13570,153,1,239.49,161,27,153,239.49,0.0,0.0,0.0,0.0,0.0,0.0,0.0,3.8113290402646234
13571,3,21,3532.15,2285,223,641,168.19761904761904,282.68,1.0,576.52,3.0,0.48947222607009283,0.25,1005.11,426.40625895473636
13572,116,1,1384.25,534,32,116,1384.25,0.0,0.0,0.0,0.0,0.0,0.0,0.0,6.178579647194123
13573,163,5,646.04,355,54,547,129.208,0.0,0.0,0.0,0.0,0.0,0.0,258.48,9.075291086163475
13574,321,1,404.45,304,84,321,404.45,0.0,0.0,0.0,0.0,0.0,0.0,0.0,2.6725271461007165
13575,44,2,218.75,113,13,86,109.375,0.0,0.0,218.75,2.0,0.0,0.0,513.32,71.07035256065947
13576,7,23,9675.34,3779,112,641,420.6669565217391,655.77,2.0,1704.93,5.0,0.38440615969002245,0.3333333333333333,1876.4,1660.2365293101375
13577,3,10,2995.48,1467,92,635,299.548,371.7,1.0,837.0500000000001,2.0,0.4435296223375693,0.3333333333333333,493.8,254.99156529940115
13578,319,1,147.66,127,9,319,147.66,0.0,0.0,0.0,0.0,0.0,0.0,0.0,0.7778687831908796
13579,279,4,1236.7,634,62,569,309.175,0.0,0.0,0.0,0.0,0.0,0.0,302.34,4.6615388068629
13580,316,1,107.75,45,5,316,107.75,0.0,0.0,0.0,0.0,0.0,0.0,0.0,0.26754237010937276
13581,219,2,280.53000000000003,119,32,324,140.26500000000001,0.0,0.0,0.0,0.0,0.0,0.0,0.0,4.405594956424185
13582,300,2,241.68,106,10,528,120.84,0.0,0.0,0.0,0.0,0.0,0.0,0.0,2.7932747530781397
13583,66,2,1445.031,1097,93,589,722.5155,0.0,0.0,781.03,1.0,0.0,0.0,0.0,2.8041254567617915
13584,217,3,385.7,360,74,586,128.56666666666666,0.0,0.0,0.0,0.0,0.0,0.0,0.0,3.796164459415221
13585,441,3,684.54,1386,29,648,228.17999999999998,0.0,0.0,0.0,0.0,0.0,0.0,0.0,1.173868810421879
13586,451,1,127.28,38,20,451,127.28,0.0,0.0,0.0,0.0,0.0,0.0,0.0,0.44995940065909923
13587,359,3,961.1,484,20,573,320.3666666666667,0.0,0.0,0.0,0.0,0.0,0.0,712.4,17.725586364293534
13588,10,4,1420.72,1648,101,165,355.18,816.42,2.0,1307.42,3.0,0.623973953317742,0.5,1058.23,347.28260792618113
13589,90,5,888.09,207,36,644,177.618,0.0,0.0,147.0,1.0,0.0,0.0,232.65,34.04793289589945
13590,61,16,5470.5,4323,242,648,341.90625,0.0,0.0,204.35,1.0,0.0,0.0,865.54,613.9391954077983
13591,114,6,1753.04,628,71,635,292.17333333333335,0.0,0.0,0.0,0.0,0.0,0.0,340.9,31.095766894407735
13592,116,3,205.51,71,12,174,68.50333333333333,0.0,0.0,0.0,0.0,0.0,0.0,42.45,8.372792297072884
13593,18,14,5493.29,2170,212,557,392.3778571428571,645.83,1.0,1014.13,2.0,0.6362042300000985,0.3333333333333333,0.0,183.35204448119345
13594,396,1,136.35000000000002,37,7,396,136.35000000000002,0.0,0.0,0.0,0.0,0.0,0.0,396.97,3.2094814079460616
13595,427,3,784.48,341,114,556,261.49333333333334,0.0,0.0,0.0,0.0,0.0,0.0,0.0,2.961535227072898
13597,310,2,396.71,231,17,313,198.355,0.0,0.0,0.0,0.0,0.0,0.0,0.0,2.183949551453513
13598,405,4,601.92,341,46,562,150.48,0.0,0.0,0.0,0.0,0.0,0.0,160.04,5.597048544629576
13599,67,20,7327.8,4731,146,649,366.39,0.0,0.0,308.18,1.0,0.0,0.0,2836.08,785.9322125875668
13600,222,2,518.42,599,35,544,259.21,0.0,0.0,0.0,0.0,0.0,0.0,0.0,5.027954942444089
13601,121,3,839.87,684,114,456,279.95666666666665,0.0,0.0,0.0,0.0,0.0,0.0,320.12,38.60185784629591
13602,292,3,596.28,271,29,471,198.76,0.0,0.0,0.0,0.0,0.0,0.0,428.89,4.950931888198239
13604,569,1,717.62,242,21,569,717.62,0.0,0.0,0.0,0.0,0.0,0.0,0.0,0.8248640191774814
13605,297,2,522.67,425,50,481,261.335,0.0,0.0,0.0,0.0,0.0,0.0,0.0,5.442798909435953
13606,153,2,246.63,240,37,222,123.315,0.0,0.0,0.0,0.0,0.0,0.0,30.119999999999997,5.006640883941963
13607,313,1,400.3,178,24,313,400.3,0.0,0.0,0.0,0.0,0.0,0.0,675.51,2.0109605072223324
13608,451,1,232.05,110,31,451,232.05,0.0,0.0,0.0,0.0,0.0,0.0,0.0,0.6408376212169793
13609,503,1,167.35,19,7,503,167.35,0.0,0.0,0.0,0.0,0.0,0.0,0.0,0.6454149483158174
13610,20,12,1786.14,745,287,613,148.845,127.0,1.0,300.39,2.0,0.4213809350011613,0.3333333333333333,317.57,102.47333270477124
13611,81,9,2780.25,1654,142,647,308.9166666666667,0.0,0.0,333.57,1.0,0.0,0.0,517.68,294.9368893096614
13612,543,1,818.29,444,50,543,818.29,0.0,0.0,0.0,0.0,0.0,0.0,0.0,0.3127043447496061
13613,363,5,1039.8500000000001,445,50,571,207.97000000000003,0.0,0.0,0.0,0.0,0.0,0.0,0.0,2.714661173170416
13614,74,4,1526.16,500,142,461,381.54,0.0,0.0,573.13,1.0,0.0,0.0,806.58,69.30257975286612
13615,229,8,6272.53,2910,259,590,784.06625,0.0,0.0,0.0,0.0,0.0,0.0,0.0,8.977712906226111
13616,478,2,283.85,172,31,601,141.925,0.0,0.0,0.0,0.0,0.0,0.0,0.0,0.34120205657423086
13617,23,7,1100.27,481,43,405,157.18142857142857,234.59,1.0,365.7,2.0,0.6397327515680393,0.3333333333333333,178.48000000000002,59.97186836646749
13618,84,1,177.34,246,13,84,177.34,0.0,0.0,177.34,1.0,0.0,0.0,0.0,1.4794428130820854
13619,455,2,224.94,79,39,584,112.47,0.0,0.0,0.0,0.0,0.0,0.0,0.0,0.522264064444253
13620,438,1,112.34,74,5,438,112.34,0.0,0.0,0.0,0.0,0.0,0.0,0.0,0.5243648611634223
13621,27,1,213.85,343,19,27,213.85,213.85,1.0,213.85,1.0,0.9953455899464743,0.5,0.0,10.945931026313279
13622,606,1,658.95,379,32,606,658.95,0.0,0.0,0.0,0.0,0.0,0.0,0.0,1.351840047565569
13623,120,9,2344.49,873,198,647,260.49888888888887,0.0,0.0,0.0,0.0,0.0,0.0,188.57,44.34239905919
13624,298,1,462.08,820,22,298,462.08,0.0,0.0,0.0,0.0,0.0,0.0,0.0,5.291457255357904
13625,507,1,301.26,144,21,507,301.26,0.0,0.0,0.0,0.0,0.0,0.0,0.0,0.25157899997953403
13626,163,2,707.04,398,44,289,353.52,0.0,0.0,0.0,0.0,0.0,0.0,0.0,7.890553700033161
13627,86,5,1634.43,1138,97,550,326.886,0.0,0.0,421.08,1.0,0.0,0.0,611.47,67.3806895082495
13628,586,1,310.14,106,16,586,310.14,0.0,0.0,0.0,0.0,0.0,0.0,0.0,0.3029568401956912
13629,9,16,11296.86,6572,27,576,706.05375,821.0,1.0,2830.36,4.0,0.2899666591320072,0.2,2074.0,1811.838264035789
13630,16,5,1361.46,973,49,196,272.29200000000003,301.92,1.0,309.62,2.0,0.9719915008692294,0.3333333333333333,670.3199999999999,300.8990519408921
13631,10,11,3070.42,467,6,177,279.1290909090909,52.5,1.0,1740.42,7.0,0.030147810407598397,0.125,0.0,36.30393367297647
13632,84,6,2339.14,912,124,522,389.8566666666666,0.0,0.0,201.57,1.0,0.0,0.0,1306.67,99.82182096087051
13634,16,14,4242.38,1737,191,608,303.02714285714285,158.36,1.0,158.36,1.0,0.9937248995983936,0.5,791.39,173.63313672788496
13635,353,3,1928.1299999999999,1207,89,649,642.7099999999999,0.0,0.0,0.0,0.0,0.0,0.0,1071.03,48.20330484790537
13636,32,4,646.55,339,36,195,161.6375,0.0,0.0,105.1,1.0,0.0,0.0,302.57,38.63483645775621
13637,97,2,678.65,350,75,136,339.325,0.0,0.0,0.0,0.0,0.0,0.0,125.65,26.794164289726776
13639,347,1,312.93,197,19,347,312.93,0.0,0.0,0.0,0.0,0.0,0.0,1033.34,5.981001234828331
13640,521,1,405.0,108,4,521,405.0,0.0,0.0,0.0,0.0,0.0,0.0,0.0,1.6514689705815373
13641,551,5,1016.47,1098,41,644,203.294,0.0,0.0,0.0,0.0,0.0,0.0,0.0,1.5599042932080383
13642,126,4,472.2,231,93,343,118.05,0.0,0.0,0.0,0.0,0.0,0.0,0.0,7.8732784789293895
13643,9,9,1896.73,755,63,642,210.74777777777777,171.5,1.0,171.5,1.0,0.9942028985507246,0.5,260.04,38.340424615914415
13644,16,1,851.09,659,48,16,851.09,851.09,1.0,851.09,1.0,0.9988264150500534,0.5,1773.17,317.89869066018554
13645,30,1,252.1,158,5,30,252.1,252.1,1.0,252.1,1.0,0.9960489924930858,0.5,0.0,8.70097505026832
13646,310,2,326.25,79,58,310,163.125,0.0,0.0,0.0,0.0,0.0,0.0,0.0,2.2475330136223075
13647,85,6,2197.42,1349,78,513,366.2366666666667,0.0,0.0,379.22,1.0,0.0,0.0,844.26,95.23999581463782
13648,310,8,1764.02,960,95,648,220.5025,0.0,0.0,0.0,0.0,0.0,0.0,0.0,12.354472070248956
13649,167,6,1651.48,849,97,437,275.24666666666667,0.0,0.0,0.0,0.0,0.0,0.0,0.0,15.42270399725966
13650,117,6,2197.18,1108,84,593,366.19666666666666,0.0,0.0,0.0,0.0,0.0,0.0,1090.82,112.75390069807554
13651,292,1,132.65,29,8,292,132.65,0.0,0.0,0.0,0.0,0.0,0.0,94.2,1.2078076709439698
13652,167,4,2114.01,1282,102,562,528.5025,0.0,0.0,0.0,0.0,0.0,0.0,456.84000000000003,35.66593338727729
13653,398,1,152.2,72,9,398,152.2,0.0,0.0,0.0,0.0,0.0,0.0,0.0,0.20539750524375144
13654,55,9,5314.94,4112,223,648,590.5488888888889,0.0,0.0,541.4300000000001,1.0,0.0,0.0,993.0600000000001,417.01135604157747
13655,24,6,2280.51,1225,103,502,380.08500000000004,549.32,1.0,549.32,1.0,0.9981828754179387,0.5,0.0,16.24303913253741
13656,75,4,1078.85,862,81,506,269.7125,0.0,0.0,216.95,1.0,0.0,0.0,0.0,6.750666123129544
13657,112,1,152.34,132,9,112,152.34,0.0,0.0,0.0,0.0,0.0,0.0,229.8,8.67312856408641
13658,114,5,4319.63,1452,119,582,863.926,0.0,0.0,0.0,0.0,0.0,0.0,1705.87,143.6996696208863
13659,116,12,4884.68,2527,224,571,407.0566666666667,0.0,0.0,0.0,0.0,0.0,0.0,0.0,57.36133075405898
13660,310,1,306.64,136,39,310,306.64,0.0,0.0,0.0,0.0,0.0,0.0,0.0,3.693228264350021
13661,513,1,325.24,118,17,513,325.24,0.0,0.0,0.0,0.0,0.0,0.0,0.0,0.4655801596823058
13662,122,10,1868.79,989,109,568,186.879,0.0,0.0,0.0,0.0,0.0,0.0,364.82,46.45865985984981
13663,89,5,2047.51,893,87,557,409.502,0.0,0.0,189.47,1.0,0.0,0.0,0.0,10.42639267725307
13665,296,3,1711.6599999999999,1652,97,414,570.5533333333333,0.0,0.0,0.0,0.0,0.0,0.0,0.0,13.659983028875647
13666,197,4,107.3,50,15,646,26.825,0.0,0.0,0.0,0.0,0.0,0.0,20.6,6.234812318988996
13667,59,1,299.05,149,82,59,299.05,0.0,0.0,299.05,1.0,0.0,0.0,0.0,39.5578947844831
13668,23,30,11539.62,5312,356,638,384.65400000000005,431.11,1.0,865.29,4.0,0.49765090212284574,0.2,1408.8600000000001,1428.4808963751243
13669,60,2,243.15,169,8,317,121.575,0.0,0.0,48.150000000000006,1.0,0.0,0.0,170.39999999999998,11.914675314286917
13671,305,1,172.6,95,61,305,172.6,0.0,0.0,0.0,0.0,0.0,0.0,0.0,1.5207396570333853
13672,211,3,419.92,138,13,641,139.97333333333333,0.0,0.0,0.0,0.0,0.0,0.0,0.0,4.007676329893037
13674,343,1,240.68,102,14,343,240.68,0.0,0.0,0.0,0.0,0.0,0.0,0.0,2.979945973358907
13675,61,2,486.82000000000005,330,25,195,243.41000000000003,0.0,0.0,178.38000000000002,1.0,0.0,0.0,0.0,11.267676595659971
13676,449,2,243.9,104,13,529,121.95,0.0,0.0,0.0,0.0,0.0,0.0,0.0,0.6237727056287931
13677,315,2,551.24,217,98,430,275.62,0.0,0.0,0.0,0.0,0.0,0.0,0.0,7.082770784411326
13678,62,1,232.6,924,16,62,232.6,0.0,0.0,232.6,1.0,0.0,0.0,0.0,21.31390561901113
13679,404,3,281.26,102,44,645,93.75333333333333,0.0,0.0,0.0,0.0,0.0,0.0,0.0,1.0921502214051442
13680,248,10,10092.14,4505,280,645,1009.2139999999999,0.0,0.0,0.0,0.0,0.0,0.0,1327.53,106.62642298954162
13681,65,1,203.46,96,13,65,203.46,0.0,0.0,203.46,1.0,0.0,0.0,624.37,19.959690539592998
13682,97,1,59.5,10,3,97,59.5,0.0,0.0,0.0,0.0,0.0,0.0,0.0,1.782244109076299
13683,368,1,258.6,180,10,368,258.6,0.0,0.0,0.0,0.0,0.0,0.0,0.0,2.1303702433788074
13684,196,4,594.88,234,81,531,148.72,0.0,0.0,0.0,0.0,0.0,0.0,0.0,7.460944883950566
13686,93,3,409.04,378,27,311,136.34666666666666,0.0,0.0,0.0,0.0,0.0,0.0,0.0,4.895770241574061
13687,348,1,11880.84,87167,45,348,11880.84,0.0,0.0,0.0,0.0,0.0,0.0,0.0,9.499531179157154
13688,545,1,375.5,130,5,545,375.5,0.0,0.0,0.0,0.0,0.0,0.0,0.0,0.17690641639029037
13689,355,1,349.5,210,3,355,349.5,0.0,0.0,0.0,0.0,0.0,0.0,910.0,16.20322814359556
13691,306,1,212.78,145,54,306,212.78,0.0,0.0,0.0,0.0,0.0,0.0,0.0,3.512296998577317
13692,124,4,2497.66,1610,69,330,624.415,0.0,0.0,0.0,0.0,0.0,0.0,616.74,144.9701417884078
13693,284,9,2011.82,880,78,643,223.53555555555556,0.0,0.0,0.0,0.0,0.0,0.0,0.0,15.80169510012174
13694,17,132,177354.83,174723,845,645,1343.5971969696968,8202.75,6.0,14684.98,12.0,0.5585429096321798,0.46153846153846156,19127.98,29400.771047874656
13695,8,13,2033.67,1362,36,488,156.43615384615384,564.3,3.0,1141.15,7.0,0.4940682047016591,0.375,737.0600000000001,165.72351702345813
13696,332,3,2020.4,552,24,576,673.4666666666667,0.0,0.0,0.0,0.0,0.0,0.0,0.0,3.673375863564509
13698,507,2,451.73,227,31,592,225.865,0.0,0.0,0.0,0.0,0.0,0.0,0.0,0.32623402428030407
13699,65,2,764.15,219,33,460,382.075,0.0,0.0,308.58000000000004,1.0,0.0,0.0,0.0,1.807472424652948
13700,3,11,1983.11,2500,162,581,180.28272727272727,405.46,2.0,707.6,3.0,0.5721987016652554,0.5,613.86,97.37328225920962
13701,357,1,161.0,80,9,357,161.0,0.0,0.0,0.0,0.0,0.0,0.0,0.0,0.8820723482562688
13702,356,1,135.18,74,5,356,135.18,0.0,0.0,0.0,0.0,0.0,0.0,0.0,0.9199560586675211
13703,228,2,425.56,128,36,325,212.78,0.0,0.0,0.0,0.0,0.0,0.0,0.0,2.6195145183879784
13705,55,6,1846.15,883,51,534,307.69166666666666,0.0,0.0,204.54,1.0,0.0,0.0,189.18,20.915938227192107
13706,213,2,631.17,301,38,537,315.585,0.0,0.0,0.0,0.0,0.0,0.0,0.0,3.8235549907727537
13707,177,5,3365.86,2210,142,447,673.172,0.0,0.0,0.0,0.0,0.0,0.0,0.0,20.659993382379415
13708,181,1,285.33,301,49,181,285.33,0.0,0.0,0.0,0.0,0.0,0.0,0.0,3.266000610246148
13709,12,10,4182.51,2504,184,608,418.25100000000003,612.09,1.0,2464.51,4.0,0.2482610088784876,0.2,3388.84,721.5065274512158
13710,334,2,329.04,160,7,522,164.52,0.0,0.0,0.0,0.0,0.0,0.0,180.48,2.489245225051105
13711,129,9,1792.26,819,80,634,199.14,0.0,0.0,0.0,0.0,0.0,0.0,0.0,17.118745802223273
13712,157,2,766.42,1128,32,521,383.21,0.0,0.0,0.0,0.0,0.0,0.0,0.0,9.276084365219234
13713,318,3,740.76,284,70,493,246.92,0.0,0.0,0.0,0.0,0.0,0.0,0.0,6.6340741813149045
13714,375,1,161.35,50,30,375,161.35,0.0,0.0,0.0,0.0,0.0,0.0,0.0,0.4983277501894496
13715,191,17,8425.69,4907,277,548,495.6288235294118,0.0,0.0,0.0,0.0,0.0,0.0,0.0,9.266182167729957
13716,179,1,138.28,138,21,179,138.28,0.0,0.0,0.0,0.0,0.0,0.0,0.0,1.7716516049066109
13717,39,6,1274.28,1752,82,396,212.38,0.0,0.0,385.4,2.0,0.0,0.0,489.02,122.9633673409067
13718,156,2,306.55,173,9,206,153.275,0.0,0.0,0.0,0.0,0.0,0.0,0.0,3.4001200188920175
13719,115,8,2080.14,1165,159,481,260.0175,0.0,0.0,0.0,0.0,0.0,0.0,702.94,94.49860448370268
13720,27,4,799.9,501,42,165,199.975,247.35,1.0,367.8,2.0,0.6706887201735358,0.3333333333333333,0.0,38.30013135684017
13721,305,1,217.39999999999998,196,14,305,217.39999999999998,0.0,0.0,0.0,0.0,0.0,0.0,524.14,4.352666806354201
13722,42,10,5635.41,3059,137,556,563.5409999999999,0.0,0.0,911.94,2.0,0.0,0.0,0.0,146.16223950296202
13723,127,6,1194.08,593,51,521,199.01333333333332,0.0,0.0,0.0,0.0,0.0,0.0,0.0,3.404507822203639
13724,547,1,213.01,130,39,547,213.01,0.0,0.0,0.0,0.0,0.0,0.0,0.0,0.16980477944541364
13725,79,7,1865.7,724,86,219,266.5285714285714,0.0,0.0,114.1,1.0,0.0,0.0,114.86,99.70400869837292
13726,11,1,292.68,384,23,11,292.68,292.68,1.0,292.68,1.0,0.9965949332606919,0.5,786.98,120.81101548768943
13727,522,6,740.6700000000001,206,55,640,123.44500000000001,0.0,0.0,0.0,0.0,0.0,0.0,333.48,7.815797604874154
13728,17,15,2636.05,1165,68,640,175.73666666666668,161.94,1.0,303.09000000000003,2.0,0.5325397086388898,0.3333333333333333,219.12,190.90675381615216
13729,346,3,724.73,419,36,594,241.57666666666668,0.0,0.0,0.0,0.0,0.0,0.0,0.0,4.772031249327927
13730,46,2,752.6,488,38,72,376.3,0.0,0.0,752.6,2.0,0.0,0.0,0.0,16.062243735538292
13731,129,2,610.59,278,36,157,305.295,0.0,0.0,0.0,0.0,0.0,0.0,0.0,4.681114115689074
13733,321,2,487.03000000000003,335,28,645,243.51500000000001,0.0,0.0,0.0,0.0,0.0,0.0,0.0,2.982267415305112
13734,419,4,6695.6900000000005,302,24,513,1673.9225000000001,0.0,0.0,0.0,0.0,0.0,0.0,0.0,0.7371446437913105
13735,86,11,8288.92,3726,318,636,753.5381818181818,0.0,0.0,474.54,1.0,0.0,0.0,1473.85,642.8209536194213
13736,170,6,2380.2,1281,255,644,396.7,0.0,0.0,0.0,0.0,0.0,0.0,372.27,88.36124761081891
13737,110,1,339.59999999999997,125,29,110,339.59999999999997,0.0,0.0,0.0,0.0,0.0,0.0,0.0,2.192231561020991
13738,306,1,434.78000000000003,237,88,306,434.78000000000003,0.0,0.0,0.0,0.0,0.0,0.0,0.0,2.8302054193034953
13739,438,1,75.3,22,3,438,75.3,0.0,0.0,0.0,0.0,0.0,0.0,216.9,1.7917091266563954
13740,151,5,1582.77,987,83,648,316.554,0.0,0.0,0.0,0.0,0.0,0.0,0.0,6.271522495860939
13741,94,2,363.13,143,20,127,181.565,0.0,0.0,0.0,0.0,0.0,0.0,305.3,13.540260699264188
13742,72,10,2632.57,964,163,230,263.257,0.0,0.0,492.7,2.0,0.0,0.0,475.3,315.3575764341134
13743,18,5,912.1199999999999,1212,8,169,182.42399999999998,283.2,2.0,558.9599999999999,3.0,0.5057504107436246,0.5,429.47999999999996,127.41721962168674
13744,5,2,1080.52,1153,54,202,540.26,263.2,1.0,263.2,1.0,0.9962149886449659,0.5,0.0,19.916013393386166
13745,72,2,777.36,1146,46,456,388.68,0.0,0.0,300.04,1.0,0.0,0.0,0.0,4.012582742565659
13746,324,1,176.69,83,9,324,176.69,0.0,0.0,0.0,0.0,0.0,0.0,0.0,0.6139084443789671
13747,284,2,249.39999999999998,68,4,335,124.69999999999999,0.0,0.0,0.0,0.0,0.0,0.0,0.0,2.1154844084125615
13748,6,9,2268.35,1108,40,648,252.0388888888889,367.4,2.0,367.4,2.0,0.99728555917481,0.6666666666666666,0.0,26.254100479677042
13750,50,10,3271.55,1285,47,527,327.15500000000003,0.0,0.0,627.8299999999999,2.0,0.0,0.0,330.63,186.58276173213136
13751,198,1,296.25,152,9,198,296.25,0.0,0.0,0.0,0.0,0.0,0.0,0.0,3.797351156315674
13752,34,7,1579.8300000000002,1005,75,438,225.69000000000003,0.0,0.0,283.85,2.0,0.0,0.0,0.0,27.340982367317235
13753,198,4,2094.57,1450,64,647,523.6425,0.0,0.0,0.0,0.0,0.0,0.0,0.0,16.07521349907324
13754,62,3,447.05,315,16,347,149.01666666666668,0.0,0.0,126.6,1.0,0.0,0.0,0.0,10.15868512838808
13756,3,17,6971.56,4081,134,634,410.0917647058824,413.99,1.0,1260.52,3.0,0.328167607330839,0.25,2217.19,1292.7601003027467
13757,585,1,195.55,54,8,585,195.55,0.0,0.0,0.0,0.0,0.0,0.0,0.0,0.2091113030212199
13758,111,13,8577.95,4717,199,649,659.8423076923077,0.0,0.0,0.0,0.0,0.0,0.0,839.03,555.5278164200842
13760,166,4,1211.94,522,80,503,302.985,0.0,0.0,0.0,0.0,0.0,0.0,151.70000000000002,10.535589378812075
13761,90,5,1373.23,661,82,567,274.646,0.0,0.0,491.71000000000004,1.0,0.0,0.0,578.9399999999999,61.75957303032742
13762,129,5,2472.48,2608,23,609,494.496,0.0,0.0,0.0,0.0,0.0,0.0,0.0,10.455751157634445
13763,327,2,3502.48,2496,35,345,1751.24,0.0,0.0,0.0,0.0,0.0,0.0,1714.96,26.27713357153175
13764,54,5,2343.4900000000002,1742,240,552,468.69800000000004,0.0,0.0,443.40000000000003,1.0,0.0,0.0,576.13,88.83714538627903
13765,563,1,352.821,297,17,563,352.821,0.0,0.0,0.0,0.0,0.0,0.0,0.0,0.25310476058892545
13766,405,1,190.35,137,16,405,190.35,0.0,0.0,0.0,0.0,0.0,0.0,0.0,0.13280200302097214
13767,19,64,27996.54,11846,113,649,437.4459375,385.88,1.0,2435.08,6.0,0.15840202292207153,0.14285714285714285,7543.990000000001,5404.769990227599
13768,637,2,875.97,373,30,641,437.985,0.0,0.0,0.0,0.0,0.0,0.0,0.0,0.70169244192513
13769,2,18,5180.53,2267,111,634,287.8072222222222,446.38,2.0,728.61,3.0,0.6118063074793383,0.5,619.89,593.102985957772
13770,332,4,785.37,468,48,640,196.3425,0.0,0.0,0.0,0.0,0.0,0.0,0.0,4.464413244638983
13771,109,7,4559.22,2488,135,563,651.3171428571429,0.0,0.0,0.0,0.0,0.0,0.0,1169.6,170.29606024287588
13772,7,7,2660.36,1214,356,564,380.0514285714286,454.55,1.0,454.55,1.0,0.9978048512786741,0.5,439.66,119.98508767554404
13773,307,2,301.54,174,19,570,150.77,0.0,0.0,0.0,0.0,0.0,0.0,0.0,2.459523536320674
13775,501,1,1049.66,455,63,501,1049.66,0.0,0.0,0.0,0.0,0.0,0.0,0.0,1.1036176477020465
13776,338,2,623.98,2,1,338,311.99,0.0,0.0,0.0,0.0,0.0,0.0,0.0,1.7219902528708366
13777,39,52,42861.5,19804,44,648,824.2596153846154,0.0,0.0,1003.92,3.0,0.0,0.0,13616.92,5183.1361664909955
13778,13,4,1124.49,511,33,475,281.1225,178.7,1.0,178.7,1.0,0.9944351697273233,0.5,0.0,4.688710592570045
13779,426,1,161.13,53,27,426,161.13,0.0,0.0,0.0,0.0,0.0,0.0,0.0,0.6098343406943221
13780,81,2,488.34000000000003,334,43,317,244.17000000000002,0.0,0.0,116.28000000000002,1.0,0.0,0.0,243.73000000000002,24.410860264304468
13781,161,3,778.83,300,56,631,259.61,0.0,0.0,0.0,0.0,0.0,0.0,0.0,5.285949183487668
13782,35,10,1362.01,458,151,643,136.201,0.0,0.0,123.49,1.0,0.0,0.0,424.07,63.26109383384595
13783,398,4,1542.09,3437,4,583,385.5225,0.0,0.0,0.0,0.0,0.0,0.0,0.0,0.9436073803251376
13784,5,12,2571.59,2599,13,361,214.29916666666668,491.76,2.0,1095.72,3.0,0.44839156758333937,0.5,338.64,115.94077644425533
13785,339,4,542.49,151,26,370,135.6225,0.0,0.0,0.0,0.0,0.0,0.0,0.0,2.266147178177151
13786,277,6,3358.39,1651,80,646,559.7316666666667,0.0,0.0,0.0,0.0,0.0,0.0,0.0,36.57401916862906
13787,274,5,1019.86,717,56,605,203.972,0.0,0.0,0.0,0.0,0.0,0.0,202.64000000000001,7.8826468832360606
13788,415,1,3.75,1,1,415,3.75,0.0,0.0,0.0,0.0,0.0,0.0,0.0,0.2164287189238072
13789,298,1,239.45999999999998,258,18,298,239.45999999999998,0.0,0.0,0.0,0.0,0.0,0.0,0.0,2.5367533563880116
13791,38,2,1516.0,1200,7,78,758.0,0.0,0.0,1516.0,2.0,0.0,0.0,0.0,35.94887755437528
13792,197,2,263.0,92,14,333,131.5,0.0,0.0,0.0,0.0,0.0,0.0,120.95,5.111291000278631
13793,557,1,96.0,52,7,557,96.0,0.0,0.0,0.0,0.0,0.0,0.0,0.0,0.2182060536033003
13794,457,1,126.03,63,9,457,126.03,0.0,0.0,0.0,0.0,0.0,0.0,0.0,0.20739336735386127
13795,298,4,836.3,1250,23,548,209.075,0.0,0.0,0.0,0.0,0.0,0.0,0.0,10.516013566740746
13796,409,1,289.7,218,22,409,289.7,0.0,0.0,0.0,0.0,0.0,0.0,0.0,0.5581650661927847
13797,347,3,1179.45,573,71,558,393.15000000000003,0.0,0.0,0.0,0.0,0.0,0.0,0.0,3.4775904578246113
13798,3,95,67844.16,42703,154,641,714.149052631579,1552.82,2.0,5528.88,8.0,0.28080537009844697,0.2222222222222222,7992.71,8288.616842807098
13799,27,9,2803.57,1539,64,554,311.5077777777778,347.15999999999997,1.0,347.15999999999997,1.0,0.9971277573529411,0.5,0.0,44.70650247131074
13800,220,3,1679.56,891,73,647,559.8533333333334,0.0,0.0,0.0,0.0,0.0,0.0,0.0,4.255555778629137
13802,49,19,26259.11,14129,212,572,1382.0584210526315,0.0,0.0,1468.3600000000001,1.0,0.0,0.0,0.0,343.4081349807319
13803,165,3,1338.91,831,73,529,446.30333333333334,0.0,0.0,0.0,0.0,0.0,0.0,0.0,4.561939322420914
13804,7,6,2098.7400000000002,1258,107,347,349.79,170.9,1.0,802.38,3.0,0.21272623167118923,0.25,1062.38,341.4096515306612
13805,39,1,500.24,728,6,39,500.24,0.0,0.0,500.24,1.0,0.0,0.0,424.36,25.386558093126794
13807,277,3,534.8,152,24,646,178.26666666666665,0.0,0.0,0.0,0.0,0.0,0.0,0.0,3.3744046053709673
13808,4,2,723.1,324,33,7,361.55,723.1,2.0,723.1,2.0,0.9986189752796575,0.6666666666666666,1024.56,82.46825046498705
13809,215,3,679.7,281,23,371,226.5666666666667,0.0,0.0,0.0,0.0,0.0,0.0,0.0,3.67128878830257
13811,94,3,814.5,68,7,149,271.5,0.0,0.0,0.0,0.0,0.0,0.0,0.0,6.9924906426724895
13812,15,1,278.74,191,20,15,278.74,278.74,1.0,278.74,1.0,0.9964252520197326,0.5,260.26,113.6238469111261
13813,45,5,1783.75,917,55,644,356.75,0.0,0.0,385.14,1.0,0.0,0.0,981.72,41.516915605753844
13814,2,3,2257.32,1214,56,437,752.44,961.58,1.0,1579.12,2.0,0.6085487178188999,0.3333333333333333,0.0,5.268164608258944
13815,82,6,6426.13,4786,188,576,1071.0216666666668,0.0,0.0,1965.74,1.0,0.0,0.0,1049.61,413.9031877240235
13817,262,1,128.7,63,9,262,128.7,0.0,0.0,0.0,0.0,0.0,0.0,254.28,2.0210312258592937
13818,340,1,61.28,60,5,340,61.28,0.0,0.0,0.0,0.0,0.0,0.0,0.0,0.22301678400036873
13819,212,6,2642.35,2309,47,648,440.39166666666665,0.0,0.0,0.0,0.0,0.0,0.0,0.0,35.20820060154723
13820,328,3,652.75,285,68,591,217.58333333333334,0.0,0.0,0.0,0.0,0.0,0.0,0.0,5.651672141529711
13821,55,6,1379.08,477,158,614,229.84666666666666,0.0,0.0,115.49,1.0,0.0,0.0,0.0,22.573951471009064
13823,2,6,3096.21,1450,101,634,516.035,650.42,1.0,650.42,1.0,0.9984648920819134,0.5,307.24,121.57969825542398
13824,46,11,3045.66,1334,52,547,276.8781818181818,0.0,0.0,196.86,1.0,0.0,0.0,269.1,145.78027473989087
13825,532,2,255.59,182,38,640,127.795,0.0,0.0,0.0,0.0,0.0,0.0,0.0,0.21739904556941977
13826,86,1,189.5,82,10,86,189.5,0.0,0.0,189.5,1.0,0.0,0.0,0.0,1.5701669095799622
13827,44,2,300.76,95,59,53,150.38,0.0,0.0,300.76,2.0,0.0,0.0,109.04,70.93342866717339
13829,331,1,102.0,12,1,331,102.0,0.0,0.0,0.0,0.0,0.0,0.0,0.0,0.27050352809027745
13830,492,1,156.85000000000002,47,11,492,156.85000000000002,0.0,0.0,0.0,0.0,0.0,0.0,0.0,0.29141955602395847
13831,49,16,6245.94,2325,121,639,390.37125,0.0,0.0,357.4,1.0,0.0,0.0,747.5999999999999,492.3882595351001
13832,332,1,557.6899999999999,392,51,332,557.6899999999999,0.0,0.0,0.0,0.0,0.0,0.0,52.199999999999996,7.85034731179552
13833,69,2,700.41,243,43,314,350.205,0.0,0.0,383.85,1.0,0.0,0.0,0.0,8.686186761583347
13834,487,2,324.19,221,15,579,162.095,0.0,0.0,0.0,0.0,0.0,0.0,0.0,0.37387215422003417
13835,65,5,798.04,369,41,556,159.608,0.0,0.0,208.89,1.0,0.0,0.0,297.23,36.482365402915605
13836,309,2,620.37,273,29,324,310.185,0.0,0.0,0.0,0.0,0.0,0.0,0.0,3.462103221124024
13837,122,2,266.59000000000003,182,17,228,133.29500000000002,0.0,0.0,0.0,0.0,0.0,0.0,0.0,4.094461378059005
13838,28,9,1713.45,684,291,490,190.38333333333333,236.88,2.0,236.88,2.0,0.9957961997645872,0.6666666666666666,207.28,46.61438799729307
13839,396,1,139.95000000000002,25,7,396,139.95000000000002,0.0,0.0,0.0,0.0,0.0,0.0,0.0,2.2563911428867076
13840,326,1,651.4,358,40,326,651.4,0.0,0.0,0.0,0.0,0.0,0.0,0.0,7.010615048651888
13841,163,1,85.0,100,1,163,85.0,0.0,0.0,0.0,0.0,0.0,0.0,0.0,1.4152951931678046
13842,66,16,4409.56,2004,166,571,275.5975,0.0,0.0,336.8,1.0,0.0,0.0,1220.35,472.6093663022485
13843,291,1,319.75,145,18,291,319.75,0.0,0.0,0.0,0.0,0.0,0.0,0.0,1.580755836779836
13846,152,3,1106.66,662,69,310,368.8866666666667,0.0,0.0,0.0,0.0,0.0,0.0,201.13,22.880171287122316
13847,630,1,310.72,96,19,630,310.72,0.0,0.0,0.0,0.0,0.0,0.0,0.0,0.18761040724204453
13848,2,8,3335.0,10200,3,640,416.875,320.0,1.0,320.0,1.0,0.9968847352024922,0.5,0.0,17.996827827131483
13849,81,4,2524.93,1199,139,535,631.2325,0.0,0.0,593.5799999999999,1.0,0.0,0.0,944.37,140.41093337756973
13850,39,1,1595.48,944,93,39,1595.48,0.0,0.0,1595.48,1.0,0.0,0.0,0.0,32.99050322187404
13851,6,8,4606.46,2525,111,590,575.8075,1298.18,1.0,2405.14,2.0,0.5395280407623829,0.3333333333333333,0.0,37.92124392734664
13852,521,1,187.35000000000002,85,11,521,187.35000000000002,0.0,0.0,0.0,0.0,0.0,0.0,0.0,0.2777912312049929
13854,2,34,10613.6,3226,57,611,312.16470588235296,646.3199999999999,2.0,1309.62,4.0,0.49314065098960796,0.4,1640.3600000000001,1548.8100333708617
13855,411,4,1310.3400000000001,575,64,641,327.58500000000004,0.0,0.0,0.0,0.0,0.0,0.0,0.0,1.6017335065493996
13856,79,11,1142.03,1105,33,529,103.82090909090908,0.0,0.0,169.5,1.0,0.0,0.0,0.0,8.247407645672636
13857,303,6,1001.01,782,99,481,166.835,0.0,0.0,0.0,0.0,0.0,0.0,0.0,6.592283073595446
13859,236,2,515.86,167,34,439,257.93,0.0,0.0,0.0,0.0,0.0,0.0,0.0,2.3593240793280605
13861,339,2,273.26,225,21,441,136.63,0.0,0.0,0.0,0.0,0.0,0.0,0.0,2.839592084821783
13862,18,7,2128.03,1516,97,299,304.00428571428574,327.93,1.0,628.79,2.0,0.5206973753155815,0.3333333333333333,428.06,241.62548283079585
13863,158,4,1239.55,553,59,503,309.8875,0.0,0.0,0.0,0.0,0.0,0.0,0.0,5.021586455449068
13864,297,1,662.4000000000001,192,1,297,662.4000000000001,0.0,0.0,0.0,0.0,0.0,0.0,0.0,2.703027061700869
13865,47,3,383.34000000000003,154,23,200,127.78000000000002,0.0,0.0,100.82,1.0,0.0,0.0,118.22,35.714968373278666
13867,128,1,138.85,31,8,128,138.85,0.0,0.0,0.0,0.0,0.0,0.0,866.24,3.794376662167591
13869,33,10,7996.87,4302,502,601,799.687,0.0,0.0,1510.49,1.0,0.0,0.0,0.0,123.04175524436096
13870,12,12,5120.61,3182,152,580,426.7175,812.16,1.0,1635.44,4.0,0.4962968394808242,0.2,591.47,556.4002134223895
13871,2,13,6095.24,2646,148,629,468.8646153846154,968.75,2.0,2216.91,4.0,0.43678508145055484,0.4,1790.6100000000001,802.9493031758581
13872,437,3,919.57,339,51,636,306.52333333333337,0.0,0.0,0.0,0.0,0.0,0.0,0.0,1.2185401510108544
13873,30,8,1038.92,472,55,557,129.865,159.20000000000002,1.0,159.20000000000002,1.0,0.9937578027465668,0.5,0.0,7.984540579596363
13874,268,7,2049.15,864,46,583,292.7357142857143,0.0,0.0,0.0,0.0,0.0,0.0,0.0,13.255585518876893
13875,44,13,4452.38,2761,147,633,342.4907692307692,0.0,0.0,356.92,1.0,0.0,0.0,361.99,456.8160724250741
13877,380,2,332.44,370,20,600,166.22,0.0,0.0,0.0,0.0,0.0,0.0,117.24,1.6610875574896722
13878,458,3,1145.33,464,59,514,381.77666666666664,0.0,0.0,0.0,0.0,0.0,0.0,1271.57,9.053108589701932
13879,556,1,395.5,204,25,556,395.5,0.0,0.0,0.0,0.0,0.0,0.0,0.0,0.5284134373769845
13880,55,12,2852.65,1599,101,472,237.72083333333333,0.0,0.0,341.19,2.0,0.0,0.0,1539.01,348.8996032882493
13881,6,34,37418.26,25570,177,555,1100.5370588235294,3617.28,3.0,5829.22,7.0,0.620436278562387,0.375,7760.84,6126.526924519939
13883,129,14,5628.32,3052,190,641,402.0228571428571,0.0,0.0,0.0,0.0,0.0,0.0,931.7,242.04263122829715
13884,187,8,1233.68,517,87,380,154.21,0.0,0.0,0.0,0.0,0.0,0.0,591.35,19.74366486162291
13885,99,2,506.8,182,28,111,253.4,0.0,0.0,0.0,0.0,0.0,0.0,0.0,3.9278193967631054
13887,114,1,349.55,147,19,114,349.55,0.0,0.0,0.0,0.0,0.0,0.0,0.0,4.549895267027191
13888,30,7,2001.59,795,124,486,285.94142857142856,366.11,1.0,366.11,1.0,0.997276020811201,0.5,0.0,12.976815258851081
13889,3,6,1991.23,979,57,596,331.87166666666667,416.90000000000003,1.0,416.90000000000003,1.0,0.9976070830342187,0.5,0.0,4.871731484869546
13890,17,6,1544.68,832,59,643,257.44666666666666,310.76,1.0,310.76,1.0,0.9967924044136516,0.5,1382.7,56.73451622850748
13891,288,3,859.21,476,97,492,286.40333333333336,0.0,0.0,0.0,0.0,0.0,0.0,0.0,6.567794019746513
13892,157,3,689.1999999999999,2282,11,486,229.73333333333332,0.0,0.0,0.0,0.0,0.0,0.0,578.4499999999999,24.481078022988065
13893,208,1,821.1,190,21,208,821.1,0.0,0.0,0.0,0.0,0.0,0.0,0.0,2.4953493822583344
13894,220,1,160.85,105,10,220,160.85,0.0,0.0,0.0,0.0,0.0,0.0,403.77000000000004,1.8109979898065443
13895,53,4,2352.75,1131,100,646,588.1875,0.0,0.0,937.3000000000001,2.0,0.0,0.0,1655.77,87.00951503277656
13896,536,1,388.55,149,21,536,388.55,0.0,0.0,0.0,0.0,0.0,0.0,0.0,0.48789731949403714
13897,348,2,849.56,620,42,587,424.78,0.0,0.0,0.0,0.0,0.0,0.0,311.16,12.739820233674672
13898,236,2,686.4,544,43,321,343.2,0.0,0.0,0.0,0.0,0.0,0.0,0.0,7.620868930733329
13899,185,1,298.5,122,15,185,298.5,0.0,0.0,0.0,0.0,0.0,0.0,90.02,6.998380480750366
13900,93,6,1610.59,938,80,534,268.4316666666667,0.0,0.0,0.0,0.0,0.0,0.0,0.0,15.94113298140001
13901,18,14,5461.42,3152,265,614,390.1014285714286,442.89,1.0,2003.98,2.0,0.22089497152091292,0.3333333333333333,214.92000000000002,487.97051606782435
13902,542,5,34095.26,220600,58,635,6819.052000000001,0.0,0.0,0.0,0.0,0.0,0.0,0.0,0.5225421740817857
13903,310,1,165.45000000000002,103,10,310,165.45000000000002,0.0,0.0,0.0,0.0,0.0,0.0,0.0,1.1240473011073038
13904,205,1,201.12,223,17,205,201.12,0.0,0.0,0.0,0.0,0.0,0.0,131.52,3.2591963165071607
13905,643,1,312.65,135,12,643,312.65,0.0,0.0,0.0,0.0,0.0,0.0,0.0,0.4260003537064731
13906,319,1,42.0,100,1,319,42.0,0.0,0.0,0.0,0.0,0.0,0.0,0.0,0.8259935083822738
13907,602,1,136.8,68,4,602,136.8,0.0,0.0,0.0,0.0,0.0,0.0,0.0,0.15441712197373297
13908,37,3,1461.61,919,65,187,487.2033333333333,0.0,0.0,630.5,1.0,0.0,0.0,907.94,145.45674602261838
13909,333,2,282.85,301,35,431,141.425,0.0,0.0,0.0,0.0,0.0,0.0,0.0,3.3654301759033047
13911,54,19,4091.71,3945,178,558,215.35315789473685,0.0,0.0,733.72,2.0,0.0,0.0,143.28,503.27637635815074
13912,334,1,124.95,29,7,334,124.95,0.0,0.0,0.0,0.0,0.0,0.0,0.0,0.35109970320107386
13913,417,1,42.22,10,3,417,42.22,0.0,0.0,0.0,0.0,0.0,0.0,0.0,0.23813346031495483
13915,304,1,70.80000000000001,24,2,304,70.80000000000001,0.0,0.0,0.0,0.0,0.0,0.0,0.0,0.10796583408911442
13916,374,4,1275.81,673,72,586,318.9525,0.0,0.0,0.0,0.0,0.0,0.0,0.0,1.7500729559778296
13917,102,1,65.38,38,5,102,65.38,0.0,0.0,0.0,0.0,0.0,0.0,206.66,3.328060688763431
13918,163,1,198.2,100,8,163,198.2,0.0,0.0,0.0,0.0,0.0,0.0,1014.64,8.049686848113577
13919,32,3,1189.02,997,59,451,396.34,0.0,0.0,213.15,1.0,0.0,0.0,171.66,17.271379589305276
13920,342,4,1774.68,1772,81,472,443.67,0.0,0.0,0.0,0.0,0.0,0.0,0.0,4.208143435017057
13921,312,4,730.7,210,36,632,182.675,0.0,0.0,0.0,0.0,0.0,0.0,0.0,4.145080295431882
13922,262,3,865.2,467,30,377,288.40000000000003,0.0,0.0,0.0,0.0,0.0,0.0,0.0,3.951101079950886
13925,3,4,678.25,331,28,45,169.5625,182.2,2.0,678.25,4.0,0.268237026131763,0.4,0.0,39.03199794923486
13927,347,1,359.27,249,20,347,359.27,0.0,0.0,0.0,0.0,0.0,0.0,348.99,5.13267433159592
13928,17,2,225.45000000000002,87,13,43,112.72500000000001,121.25,1.0,225.45000000000002,2.0,0.5354382865974828,0.3333333333333333,239.12,84.08401660439412
13929,79,11,3494.1,1566,38,605,317.6454545454545,0.0,0.0,429.79999999999995,1.0,0.0,0.0,0.0,46.47853350369304
13930,47,1,210.0,210,10,47,210.0,0.0,0.0,210.0,1.0,0.0,0.0,127.33999999999999,21.82490111476259
13931,6,11,5257.38,3488,205,647,477.94363636363636,859.32,1.0,859.32,1.0,0.9988376418076994,0.5,0.0,25.97967421915849
13932,205,1,307.4,72,16,205,307.4,0.0,0.0,0.0,0.0,0.0,0.0,0.0,1.9813464797979092
13933,19,2,608.7900000000001,205,23,58,304.39500000000004,307.8,1.0,608.7900000000001,2.0,0.504763935125207,0.3333333333333333,0.0,14.585062525429507
13934,174,1,922.1,390,31,174,922.1,0.0,0.0,0.0,0.0,0.0,0.0,0.0,1.5841056864192302
13935,507,3,6116.92,2252,67,562,2038.9733333333334,0.0,0.0,0.0,0.0,0.0,0.0,0.0,0.11818089623496895
13936,90,3,939.66,661,56,324,313.21999999999997,0.0,0.0,376.58,1.0,0.0,0.0,0.0,32.54641820907751
13937,79,2,880.13,587,54,313,440.065,0.0,0.0,158.85,1.0,0.0,0.0,0.0,9.429020689614081
13939,19,6,1382.62,1418,81,523,230.43666666666664,205.71,1.0,205.71,1.0,0.9951623046780513,0.5,178.34,46.68444986768331
13940,27,2,391.06,240,25,54,195.53,172.44,1.0,391.06,2.0,0.4398306381676274,0.3333333333333333,448.08000000000004,77.35430486949076
13941,82,13,8840.6,4444,38,633,680.0461538461539,0.0,0.0,712.3,1.0,0.0,0.0,2281.7000000000003,604.278140070056
13942,445,1,320.0,1000,1,445,320.0,0.0,0.0,0.0,0.0,0.0,0.0,0.0,1.6190406025206068
13943,488,1,246.54,94,15,488,246.54,0.0,0.0,0.0,0.0,0.0,0.0,0.0,1.0649077832749905
13944,563,1,200.43,153,35,563,200.43,0.0,0.0,0.0,0.0,0.0,0.0,0.0,0.21104269287788255
13945,305,2,854.15,413,49,390,427.075,0.0,0.0,0.0,0.0,0.0,0.0,0.0,3.1001068593846517
13946,112,5,1800.63,2667,48,646,360.12600000000003,0.0,0.0,0.0,0.0,0.0,0.0,75.6,46.03225227470202
13948,271,4,548.76,248,23,646,137.19,0.0,0.0,0.0,0.0,0.0,0.0,0.0,3.8454852088811404
13949,5,1,537.9,542,38,5,537.9,537.9,1.0,537.9,1.0,0.9981443681573576,0.5,1889.42,170.83106811494298
13950,157,1,179.30999999999997,81,7,157,179.30999999999997,0.0,0.0,0.0,0.0,0.0,0.0,565.75,3.3655683975138966
13951,86,3,674.45,459,38,204,224.8166666666667,0.0,0.0,158.4,1.0,0.0,0.0,0.0,17.32842317484399
13952,128,14,12823.521,5947,238,634,915.9657857142857,0.0,0.0,0.0,0.0,0.0,0.0,0.0,60.54364702666273
13953,26,10,5729.36,4548,8,638,572.9359999999999,354.36,1.0,854.36,2.0,0.4142817059483726,0.3333333333333333,911.32,157.9687301798663
13955,64,3,544.0699999999999,272,82,285,181.35666666666665,0.0,0.0,117.86,1.0,0.0,0.0,0.0,14.115061550776044
13956,48,3,676.07,381,95,181,225.35666666666668,0.0,0.0,385.75,1.0,0.0,0.0,343.2,84.42435694348107
13957,328,3,458.25,157,21,569,152.75,0.0,0.0,0.0,0.0,0.0,0.0,0.0,2.639420962711502
13958,290,8,4709.2300000000005,2264,172,644,588.6537500000001,0.0,0.0,0.0,0.0,0.0,0.0,0.0,13.548710003149692
13959,191,5,808.17,537,75,421,161.634,0.0,0.0,0.0,0.0,0.0,0.0,256.6,13.779457976556536
13961,302,1,538.4,226,19,302,538.4,0.0,0.0,0.0,0.0,0.0,0.0,0.0,2.0806292648195943
13962,156,2,310.85,103,19,346,155.425,0.0,0.0,0.0,0.0,0.0,0.0,51.95,5.388671326345296
13963,218,17,3011.87,2061,129,507,177.16882352941175,0.0,0.0,0.0,0.0,0.0,0.0,0.0,6.4374531001761754
13964,297,2,438.9,228,22,341,219.45,0.0,0.0,0.0,0.0,0.0,0.0,0.0,1.9130097835897104
13965,387,3,996.61,425,23,613,332.2033333333333,0.0,0.0,0.0,0.0,0.0,0.0,0.0,0.7195200266943969
13966,345,1,384.26,760,21,345,384.26,0.0,0.0,0.0,0.0,0.0,0.0,0.0,4.515002407552164
13967,56,2,166.3,66,4,306,83.15,0.0,0.0,80.7,1.0,0.0,0.0,0.0,1.5764276010098213
13968,333,1,123.66,174,8,333,123.66,0.0,0.0,0.0,0.0,0.0,0.0,0.0,0.6268529247768355
13969,17,28,8150.11,4215,374,534,291.0753571428571,684.08,1.0,1890.75,4.0,0.3616122637769261,0.2,5140.9400000000005,1881.791530649555
13970,296,2,846.55,469,10,348,423.275,0.0,0.0,0.0,0.0,0.0,0.0,0.0,4.26478380202345
13971,16,12,3895.21,2572,165,593,324.60083333333336,704.92,2.0,1011.38,3.0,0.6962998083723503,0.5,772.36,344.7882502618981
13972,112,1,145.9,42,9,112,145.9,0.0,0.0,0.0,0.0,0.0,0.0,44.349999999999994,7.385321957612767
13973,197,1,264.7,109,11,197,264.7,0.0,0.0,0.0,0.0,0.0,0.0,0.0,3.993413701087131
13974,492,1,264.13,107,15,492,264.13,0.0,0.0,0.0,0.0,0.0,0.0,413.59000000000003,4.123802828661952
13975,38,10,4261.83,3135,377,585,426.183,0.0,0.0,512.66,2.0,0.0,0.0,994.57,469.9160619441987
13976,117,4,1192.36,452,49,578,298.09,0.0,0.0,0.0,0.0,0.0,0.0,0.0,11.638842167739362
13977,321,1,519.8100000000001,303,13,321,519.8100000000001,0.0,0.0,0.0,0.0,0.0,0.0,0.0,1.9619119667338307
13979,303,6,2510.06,1631,309,647,418.3433333333333,0.0,0.0,0.0,0.0,0.0,0.0,869.87,87.82031072495363
13980,349,4,568.68,291,47,566,142.17,0.0,0.0,0.0,0.0,0.0,0.0,200.14,10.225793813491798
13981,326,1,331.14,234,22,326,331.14,0.0,0.0,0.0,0.0,0.0,0.0,0.0,1.5111216791323587
13982,73,8,3741.22,2333,98,598,467.6525,0.0,0.0,326.34,1.0,0.0,0.0,641.67,260.3961685017526
13983,97,17,6160.88,3755,216,640,362.40470588235297,0.0,0.0,0.0,0.0,0.0,0.0,922.37,553.245507632617
13984,36,11,1947.42,1389,50,643,177.0381818181818,0.0,0.0,102.1,1.0,0.0,0.0,101.18,60.49642721143735
13985,17,14,5733.77,2871,103,578,409.555,391.68,1.0,1607.74,4.0,0.24347004487984386,0.2,4287.09,1184.3364088601907
13987,290,2,682.54,492,46,311,341.27,0.0,0.0,0.0,0.0,0.0,0.0,0.0,8.828808707879075
13988,73,5,2533.34,1631,141,536,506.668,0.0,0.0,567.42,1.0,0.0,0.0,2224.46,165.82018871964382
13989,149,4,1656.65,1763,53,474,414.1625,0.0,0.0,0.0,0.0,0.0,0.0,369.40999999999997,69.88138602778147
13990,123,1,311.3,190,16,123,311.3,0.0,0.0,0.0,0.0,0.0,0.0,0.0,5.91486308218302
13991,53,1,126.35,83,7,53,126.35,0.0,0.0,126.35,1.0,0.0,0.0,726.53,28.264351406122465
13992,290,2,142.7,90,5,373,71.35,0.0,0.0,0.0,0.0,0.0,0.0,76.8,2.569052820218201
13993,11,16,5556.76,1888,108,647,347.2975,219.0,1.0,754.59,2.0,0.2898397278947577,0.3333333333333333,1218.95,615.8076585039923
13994,16,2,419.56,133,18,58,209.78,130.99,1.0,419.56,2.0,0.3114656648278486,0.3333333333333333,1854.5800000000002,102.47956659754422
13995,26,12,3380.2200000000003,2088,134,632,281.685,153.2,1.0,561.45,2.0,0.272379767090408,0.3333333333333333,521.79,325.1729240900459
13996,296,2,895.76,613,29,309,447.88,0.0,0.0,0.0,0.0,0.0,0.0,0.0,3.9059439567991148
13997,429,3,376.46,143,36,460,125.48666666666666,0.0,0.0,0.0,0.0,0.0,0.0,0.0,0.5747815625371031
13998,357,3,566.7,204,30,486,188.9,0.0,0.0,0.0,0.0,0.0,0.0,0.0,4.343422331929602
13999,6,26,8469.42,4533,168,645,325.74692307692305,641.37,2.0,1622.15,5.0,0.39513908141576565,0.3333333333333333,1032.8400000000001,1455.625593542495
14000,121,5,2046.3400000000001,1838,28,648,409.26800000000003,0.0,0.0,0.0,0.0,0.0,0.0,0.0,17.206923223453156
14001,143,8,3796.15,1543,48,404,474.51875,0.0,0.0,0.0,0.0,0.0,0.0,733.94,135.16092105807783
14002,44,2,529.73,877,47,66,264.865,0.0,0.0,529.73,2.0,0.0,0.0,0.0,45.08278872885203
14003,643,1,209.41,149,16,643,209.41,0.0,0.0,0.0,0.0,0.0,0.0,0.0,0.5101667361980267
14004,8,9,4879.07,2433,97,346,542.1188888888888,1006.9,2.0,2303.24,4.0,0.4369770510016318,0.4,1379.3799999999999,430.13131506616537
14005,44,3,696.56,864,29,126,232.18666666666664,0.0,0.0,509.4,2.0,0.0,0.0,2178.16,106.9039196025304
14006,26,7,2196.67,2181,55,563,313.81,300.1,1.0,300.1,1.0,0.9966788442377947,0.5,0.0,13.539380382669808
14007,423,1,79.48,16,5,423,79.48,0.0,0.0,0.0,0.0,0.0,0.0,0.0,0.6898398973437924
14008,342,1,509.04,326,32,342,509.04,0.0,0.0,0.0,0.0,0.0,0.0,0.0,2.181909152160566
14009,108,3,1099.91,951,71,373,366.6366666666667,0.0,0.0,0.0,0.0,0.0,0.0,0.0,12.672211430542784
14010,475,2,445.15,177,20,476,222.575,0.0,0.0,0.0,0.0,0.0,0.0,0.0,0.26115506034629526
14011,390,2,457.82,644,32,517,228.91,0.0,0.0,0.0,0.0,0.0,0.0,0.0,0.6566089594449895
14012,188,1,328.8,160,11,188,328.8,0.0,0.0,0.0,0.0,0.0,0.0,0.0,1.2245598318162625
14013,20,5,1084.57,775,56,534,216.914,199.22,1.0,354.52,2.0,0.5603622862286229,0.3333333333333333,0.0,8.774615047002978
14014,286,2,1443.03,928,37,487,721.515,0.0,0.0,0.0,0.0,0.0,0.0,505.18,9.625166921562105
14016,72,11,11403.41,5722,354,610,1036.6736363636364,0.0,0.0,976.58,1.0,0.0,0.0,0.0,207.79477728026484
14017,481,1,229.75,73,14,481,229.75,0.0,0.0,0.0,0.0,0.0,0.0,0.0,0.43040365142291126
14018,555,1,367.15000000000003,224,13,555,367.15000000000003,0.0,0.0,0.0,0.0,0.0,0.0,0.0,0.09427797146160263
14019,8,2,800.53,553,28,48,400.265,416.24,1.0,800.53,2.0,0.5193068256958567,0.3333333333333333,621.0799999999999,88.1140946739062
14020,386,2,606.21,207,29,439,303.105,0.0,0.0,0.0,0.0,0.0,0.0,642.8,11.309701723092633
14021,65,7,1716.58,878,84,503,245.22571428571428,0.0,0.0,130.2,1.0,0.0,0.0,0.0,15.467397145229453
14022,135,2,792.15,681,45,397,396.075,0.0,0.0,0.0,0.0,0.0,0.0,0.0,5.620976006528037
14023,160,1,273.14,162,16,160,273.14,0.0,0.0,0.0,0.0,0.0,0.0,310.93,10.57375436235646
14024,32,3,645.74,238,33,301,215.24666666666667,0.0,0.0,327.7,2.0,0.0,0.0,0.0,36.97550628007546
14025,375,8,4057.9,1914,60,494,507.2375,0.0,0.0,0.0,0.0,0.0,0.0,0.0,1.7178603239124004
14026,381,2,713.11,427,43,535,356.555,0.0,0.0,0.0,0.0,0.0,0.0,0.0,2.011739855237327
14028,460,3,10396.5,7170,3,461,3465.5,0.0,0.0,0.0,0.0,0.0,0.0,0.0,0.1257224485168476
14029,54,1,165.20000000000002,24,6,54,165.20000000000002,0.0,0.0,165.20000000000002,1.0,0.0,0.0,302.46,13.545867294214723
14030,31,18,7496.96,3694,541,639,416.4977777777778,0.0,0.0,222.48,1.0,0.0,0.0,701.34,402.8182573213933
14031,36,38,33259.75,12268,262,646,875.2565789473684,0.0,0.0,1722.47,2.0,0.0,0.0,7659.83,4704.554832796704
14032,79,11,3720.0499999999997,3209,70,636,338.18636363636364,0.0,0.0,309.8,1.0,0.0,0.0,1130.22,347.2267699664915
14033,465,1,109.44,576,1,465,109.44,0.0,0.0,0.0,0.0,0.0,0.0,0.0,1.2637191352520898
14034,67,2,473.90999999999997,307,23,67,236.95499999999998,0.0,0.0,473.90999999999997,2.0,0.0,0.0,174.98,35.834869073107754
14035,17,7,2203.99,1113,48,523,314.85571428571427,136.68,1.0,136.68,1.0,0.9927367809413132,0.5,590.76,87.43126698935001
14036,195,1,626.65,268,38,195,626.65,0.0,0.0,0.0,0.0,0.0,0.0,0.0,3.143030078128132
14037,86,6,836.95,590,96,643,139.49166666666667,0.0,0.0,35.400000000000006,1.0,0.0,0.0,0.0,8.836833548622415
14038,54,4,2595.92,1444,88,584,648.98,0.0,0.0,370.1,1.0,0.0,0.0,473.96,57.296471931065014
14039,486,1,115.08000000000001,100,4,486,115.08000000000001,0.0,0.0,0.0,0.0,0.0,0.0,152.2,0.9683025669374491
14040,4,33,11697.95,4714,318,649,354.48333333333335,637.35,3.0,789.3000000000001,4.0,0.8064658990256864,0.6,825.86,1005.9062431432695
14041,176,1,141.41,94,21,176,141.41,0.0,0.0,0.0,0.0,0.0,0.0,0.0,2.308769971718779
14042,635,1,431.98,180,21,635,431.98,0.0,0.0,0.0,0.0,0.0,0.0,0.0,0.13351119875513764
14043,401,2,302.6,152,37,639,151.3,0.0,0.0,0.0,0.0,0.0,0.0,0.0,0.36398711773477543
14044,13,9,2966.9900000000002,2043,520,594,329.66555555555556,195.48,1.0,365.27,2.0,0.5337046441149972,0.3333333333333333,110.71000000000001,149.26639640987818
14045,19,16,11313.029999999999,4587,16,611,707.0643749999999,408.0,1.0,408.0,1.0,0.9975550122249389,0.5,0.0,28.354225463914773
14046,194,1,154.99,460,14,194,154.99,0.0,0.0,0.0,0.0,0.0,0.0,0.0,1.769987046067661
14047,110,12,3582.34,1478,88,587,298.52833333333336,0.0,0.0,0.0,0.0,0.0,0.0,672.69,147.14201644902369
14048,215,3,748.69,467,126,292,249.56333333333336,0.0,0.0,0.0,0.0,0.0,0.0,0.0,19.340785387774204
14049,69,12,10689.42,6822,471,527,890.785,0.0,0.0,226.93,1.0,0.0,0.0,2333.98,621.1158809908901
14050,16,1,485.98,447,37,16,485.98,485.98,1.0,485.98,1.0,0.9979465275781346,0.5,260.38,131.5021706659695
14051,2,30,16055.85,4454,75,647,535.195,1327.2,2.0,3438.36,5.0,0.38588574618533683,0.3333333333333333,6338.55,3386.538840870997
14052,301,1,241.3,85,65,301,241.3,0.0,0.0,0.0,0.0,0.0,0.0,225.36,5.338826432876692
14053,34,4,572.3,490,3,397,143.075,0.0,0.0,260.25,2.0,0.0,0.0,0.0,5.701426016538563
14055,16,3,1520.96,720,33,633,506.9866666666667,725.6400000000001,1.0,725.6400000000001,1.0,0.9986238027083563,0.5,0.0,0.978287150736487
14056,17,17,5333.97,2864,274,194,313.7629411764706,305.63,1.0,1680.14,6.0,0.1817992552672591,0.14285714285714285,2818.7400000000002,1200.1172588008235
14057,11,18,6940.68,5510,222,646,385.59333333333336,1212.59,3.0,2135.45,5.0,0.5675723747337874,0.5,1405.98,1305.3114456540566
14058,373,2,469.19,211,23,441,234.595,0.0,0.0,0.0,0.0,0.0,0.0,0.0,1.095243100040956
14059,177,1,183.6,128,8,177,183.6,0.0,0.0,0.0,0.0,0.0,0.0,0.0,1.804297329589925
14060,18,25,7481.44,6503,86,549,299.25759999999997,306.96000000000004,1.0,707.6800000000001,3.0,0.43314330868657225,0.25,2037.64,986.9857617920312
14061,417,3,917.4300000000001,133,17,648,305.81,0.0,0.0,0.0,0.0,0.0,0.0,0.0,0.8814329697957533
14062,2,22,23921.47,11344,138,639,1087.3395454545455,2707.5600000000004,2.0,3966.04,4.0,0.6825139146567719,0.4,1664.18,1995.482364788034
14063,348,9,22710.2,3850,30,641,2523.355555555556,0.0,0.0,0.0,0.0,0.0,0.0,0.0,8.751985389522732
14064,23,14,3022.93,3651,116,597,215.92357142857142,254.87,1.0,254.87,1.0,0.9960917653495915,0.5,237.31,232.6715786088455
14065,299,3,891.02,582,42,342,297.00666666666666,0.0,0.0,0.0,0.0,0.0,0.0,0.0,3.4987546333974886
14066,177,1,152.55,45,7,177,152.55,0.0,0.0,0.0,0.0,0.0,0.0,0.0,0.6091228193155825
14067,7,1,224.67,216,25,7,224.67,224.67,1.0,224.67,1.0,0.9955687508308593,0.5,150.03,70.5194777648496
14068,230,4,1516.72,510,93,588,379.18,0.0,0.0,0.0,0.0,0.0,0.0,0.0,3.9102318971472565
14069,425,2,225.81,58,37,472,112.905,0.0,0.0,0.0,0.0,0.0,0.0,0.0,0.4451428929165627
14070,595,1,321.6,85,40,595,321.6,0.0,0.0,0.0,0.0,0.0,0.0,0.0,0.5284149314592705
14071,170,2,356.81,295,22,175,178.405,0.0,0.0,0.0,0.0,0.0,0.0,1080.76,3.813884565868033
14072,577,1,390.85,65,19,577,390.85,0.0,0.0,0.0,0.0,0.0,0.0,0.0,0.3038182716293208
14074,533,1,219.39999999999998,228,6,533,219.39999999999998,0.0,0.0,0.0,0.0,0.0,0.0,0.0,0.3306333215343352
14075,171,4,1100.53,1010,48,451,275.1325,0.0,0.0,0.0,0.0,0.0,0.0,634.34,17.657280915809917
14076,39,1,118.67,79,43,39,118.67,0.0,0.0,118.67,1.0,0.0,0.0,0.0,13.010596878120023
14077,92,4,426.06,256,41,305,106.515,0.0,0.0,0.0,0.0,0.0,0.0,189.01999999999998,9.217696227989968
14078,12,9,1689.71,615,107,531,187.74555555555557,221.46,1.0,221.46,1.0,0.9955048098534568,0.5,0.0,17.6393047471843
14079,35,2,618.73,302,13,592,309.365,0.0,0.0,375.1,1.0,0.0,0.0,0.0,1.488483096996428
14080,323,4,1070.08,220,70,647,267.52,0.0,0.0,0.0,0.0,0.0,0.0,45.599999999999994,6.277897976943742
14081,212,10,5291.09,3633,465,639,529.109,0.0,0.0,0.0,0.0,0.0,0.0,0.0,17.762778344535036
14082,275,2,413.36,246,48,303,206.68,0.0,0.0,0.0,0.0,0.0,0.0,0.0,2.0260992700220806
14083,36,9,906.69,581,99,632,100.74333333333334,0.0,0.0,59.45,2.0,0.0,0.0,469.51,21.185329845675184
14084,422,1,150.5,306,7,422,150.5,0.0,0.0,0.0,0.0,0.0,0.0,0.0,0.39775413324086356
14085,51,27,8828.37,5553,443,641,326.9766666666667,0.0,0.0,435.78,2.0,0.0,0.0,1200.35,462.7516010339852
14086,373,1,39.95,1,1,373,39.95,0.0,0.0,0.0,0.0,0.0,0.0,0.0,0.9841178072203774
14087,315,2,638.0,468,126,645,319.0,0.0,0.0,0.0,0.0,0.0,0.0,191.47,28.042430345895525
14088,39,10,39052.88,9685,297,331,3905.2879999999996,0.0,0.0,10153.05,4.0,0.0,0.0,24983.920000000002,8957.573438649453
14090,235,1,76.32000000000001,72,1,235,76.32000000000001,0.0,0.0,0.0,0.0,0.0,0.0,0.0,0.4599265293632981
14091,564,2,9530.08,3316,13,608,4765.04,0.0,0.0,0.0,0.0,0.0,0.0,0.0,0.31214574585302923
14092,10,20,5897.96,3035,152,633,294.898,307.62,1.0,947.95,4.0,0.32416881816744825,0.2,1331.49,1022.1781831225601
14094,350,1,311.77,158,41,350,311.77,0.0,0.0,0.0,0.0,0.0,0.0,0.0,3.6987590770108687
14095,633,1,2.95,1,1,633,2.95,0.0,0.0,0.0,0.0,0.0,0.0,0.0,0.31595019583199135
14096,1,3,244.68,97,56,12,81.56,244.68,3.0,244.68,3.0,0.9959296646043634,0.75,64920.11,371.56007794038067
14097,391,2,422.85999999999996,352,39,556,211.42999999999998,0.0,0.0,0.0,0.0,0.0,0.0,0.0,0.6902443026046612
14099,30,17,4956.66,3213,252,640,291.56823529411764,349.02000000000004,1.0,988.46,3.0,0.35273785701291616,0.25,794.25,745.0972999468456
14100,48,1,191.95000000000002,63,24,48,191.95000000000002,0.0,0.0,191.95000000000002,1.0,0.0,0.0,0.0,5.288370088429851
14101,53,12,8929.53,10006,19,531,744.1275,0.0,0.0,785.0,1.0,0.0,0.0,1032.4,366.1710222448785
14104,65,5,743.53,496,117,470,148.706,0.0,0.0,216.20999999999998,2.0,0.0,0.0,0.0,15.836208307676541
14105,149,5,5988.83,3534,200,631,1197.766,0.0,0.0,0.0,0.0,0.0,0.0,0.0,32.22956298384198
14106,647,1,214.79999999999998,24,1,647,214.79999999999998,0.0,0.0,0.0,0.0,0.0,0.0,0.0,0.9850461941422268
14107,6,10,4636.01,3302,99,640,463.601,625.1,1.0,986.86,2.0,0.6327819731540907,0.3333333333333333,241.29,313.2433813321582
14108,12,3,738.38,488,32,648,246.12666666666667,291.33,1.0,291.33,1.0,0.9965792084288304,0.5,306.58,16.294379830186593
14110,29,26,10564.42,4914,154,649,406.32384615384615,860.98,1.0,1558.1,3.0,0.5522288499775512,0.25,2423.5299999999997,1308.0182503121118
14111,6,3,295.5,202,5,152,98.5,201.29999999999998,2.0,201.29999999999998,2.0,0.9950568462679189,0.6666666666666666,397.35,30.809722576722475
14112,41,10,4820.26,3036,174,564,482.026,0.0,0.0,748.32,1.0,0.0,0.0,1014.33,417.2329026049697
14113,265,13,5685.6900000000005,2796,58,642,437.3607692307693,0.0,0.0,0.0,0.0,0.0,0.0,1406.92,80.84243089576239
14114,184,7,1364.09,650,72,517,194.86999999999998,0.0,0.0,0.0,0.0,0.0,0.0,0.0,8.582502142189085
14115,412,2,622.6700000000001,509,22,577,311.33500000000004,0.0,0.0,0.0,0.0,0.0,0.0,0.0,0.8046447793603758
14116,3,2,628.87,380,29,32,314.435,308.9,1.0,628.87,2.0,0.4904186578182799,0.3333333333333333,753.87,49.123664687277305
14117,54,1,90.0,72,3,54,90.0,0.0,0.0,90.0,1.0,0.0,0.0,0.0,4.279803280420267
14118,339,1,458.45,97,15,339,458.45,0.0,0.0,0.0,0.0,0.0,0.0,0.0,1.1832744496809726
14119,286,2,183.37,177,11,628,91.685,0.0,0.0,0.0,0.0,0.0,0.0,0.0,1.839717196301182
14122,316,3,362.42,114,12,647,120.80666666666667,0.0,0.0,0.0,0.0,0.0,0.0,0.0,2.9174576565644874
14123,643,1,436.18,234,24,643,436.18,0.0,0.0,0.0,0.0,0.0,0.0,0.0,0.3129674687680656
14126,354,1,466.33000000000004,379,28,354,466.33000000000004,0.0,0.0,0.0,0.0,0.0,0.0,706.1300000000001,12.663464441476659
14127,33,6,1900.0800000000002,828,96,336,316.68,0.0,0.0,257.48,1.0,0.0,0.0,0.0,49.2157647925289
14128,166,2,592.25,519,34,461,296.125,0.0,0.0,0.0,0.0,0.0,0.0,331.96,12.033148703646194
14129,6,7,2193.71,1177,40,489,313.38714285714286,367.33,2.0,367.33,2.0,0.9972850433035593,0.6666666666666666,397.63,34.819879544528895
14130,229,4,1858.77,1215,189,638,464.6925,0.0,0.0,0.0,0.0,0.0,0.0,0.0,11.47073224200841
14131,559,1,168.22,105,45,559,168.22,0.0,0.0,0.0,0.0,0.0,0.0,0.0,0.7279695012632683
14132,24,5,1552.46,1420,48,94,310.492,338.12,1.0,1245.6,4.0,0.27123375581581904,0.2,2033.57,513.1404409249935
14133,40,4,911.14,398,33,644,227.785,0.0,0.0,287.64,2.0,0.0,0.0,0.0,11.389081825210281
14134,293,15,11123.35,5814,130,640,741.5566666666667,0.0,0.0,0.0,0.0,0.0,0.0,0.0,4.344889473941473
14135,15,19,8143.93,8869,126,648,428.6278947368421,748.86,1.0,748.86,1.0,0.9986664177313098,0.5,1499.99,520.3914999618149
14136,311,5,1570.81,1148,86,642,314.162,0.0,0.0,0.0,0.0,0.0,0.0,0.0,3.9192994641079992
14137,606,1,332.7,462,11,606,332.7,0.0,0.0,0.0,0.0,0.0,0.0,0.0,0.47729555404068996
14139,400,3,670.98,539,29,453,223.66,0.0,0.0,0.0,0.0,0.0,0.0,415.82,5.825442935280451
14141,15,1,285.16,140,16,15,285.16,285.16,1.0,285.16,1.0,0.9965054514956667,0.5,629.97,127.58814252229826
14142,283,2,983.15,831,42,556,491.575,0.0,0.0,0.0,0.0,0.0,0.0,0.0,3.007626980079206
14143,44,1,115.8,30,7,44,115.8,0.0,0.0,115.8,1.0,0.0,0.0,0.0,11.174224971092434
14144,396,1,30.599999999999998,12,1,396,30.599999999999998,0.0,0.0,0.0,0.0,0.0,0.0,0.0,0.49746376460597796
14145,67,6,6709.05,1475,11,521,1118.175,0.0,0.0,1722.6,2.0,0.0,0.0,891.0,174.09006769840983
14146,165,9,7163.03,4154,248,605,795.8922222222222,0.0,0.0,0.0,0.0,0.0,0.0,2287.27,259.12942862490445
14147,196,8,2289.6,927,23,550,286.2,0.0,0.0,0.0,0.0,0.0,0.0,300.6,36.24183809715437
14148,144,2,466.29,223,15,324,233.145,0.0,0.0,0.0,0.0,0.0,0.0,0.0,5.161706927045222
14149,131,1,446.62,218,28,131,446.62,0.0,0.0,0.0,0.0,0.0,0.0,0.0,2.370505629632746
14150,270,1,306.18,262,12,270,306.18,0.0,0.0,0.0,0.0,0.0,0.0,352.46000000000004,3.3780312612641255
14151,583,2,679.45,405,44,627,339.725,0.0,0.0,0.0,0.0,0.0,0.0,0.0,1.9350271905496066
14152,144,6,1690.56,1502,90,569,281.76,0.0,0.0,0.0,0.0,0.0,0.0,306.78000000000003,52.93677171039918
14153,393,1,233.4,312,17,393,233.4,0.0,0.0,0.0,0.0,0.0,0.0,0.0,0.24200420753188961
14154,149,8,6460.7,3222,236,606,807.5875,0.0,0.0,0.0,0.0,0.0,0.0,0.0,35.5493904206581
14155,176,1,118.75,25,6,176,118.75,0.0,0.0,0.0,0.0,0.0,0.0,0.0,0.6473866870825107
14156,3,143,295238.53,156821,1385,649,2064.605104895105,15757.55,10.0,53838.44,23.0,0.2926767068899676,0.4166666666666667,18521.29,35516.05554862617
14157,195,4,822.98,436,68,556,205.745,0.0,0.0,0.0,0.0,0.0,0.0,155.71,17.258862888383103
14159,6,16,5963.18,4659,626,647,372.69875,572.39,1.0,1631.6,4.0,0.35060026950875905,0.2,1897.62,882.9684018059643
14160,520,7,8421.47,4661,80,609,1203.0671428571427,0.0,0.0,0.0,0.0,0.0,0.0,0.0,0.38308052426212635
14161,126,7,3280.08,1608,202,637,468.5828571428571,0.0,0.0,0.0,0.0,0.0,0.0,0.0,32.85330161824694
14162,84,2,289.36,142,25,203,144.68,0.0,0.0,111.68,1.0,0.0,0.0,0.0,8.072054254696
14163,62,4,1808.1000000000001,646,37,372,452.02500000000003,0.0,0.0,909.6,1.0,0.0,0.0,786.52,67.44235255571822
14165,186,1,120.44,53,23,186,120.44,0.0,0.0,0.0,0.0,0.0,0.0,0.0,3.5803516703571745
14166,415,2,251.15,82,39,536,125.575,0.0,0.0,0.0,0.0,0.0,0.0,0.0,0.4595878075703601
14167,75,7,1101.55,296,45,591,157.3642857142857,0.0,0.0,130.85,1.0,0.0,0.0,172.74,28.984607190401444
14168,331,2,370.45,147,11,475,185.225,0.0,0.0,0.0,0.0,0.0,0.0,0.0,2.083105324131371
14169,341,2,621.51,205,50,354,310.755,0.0,0.0,0.0,0.0,0.0,0.0,0.0,2.912011237754971
14170,285,3,570.18,270,123,305,190.05999999999997,0.0,0.0,0.0,0.0,0.0,0.0,0.0,12.895180978154869
14171,8,2,498.79,211,61,640,249.395,363.79,1.0,363.79,1.0,0.9972586967844513,0.5,0.0,2.1254208263726344
14172,515,3,369.02,78,38,553,123.00666666666666,0.0,0.0,0.0,0.0,0.0,0.0,0.0,0.44968861100060015
14173,129,3,249.2,84,13,641,83.06666666666666,0.0,0.0,0.0,0.0,0.0,0.0,336.8,8.355795698846514
14175,81,7,5662.57,2120,166,538,808.9385714285714,0.0,0.0,883.41,1.0,0.0,0.0,2016.31,308.6315502618418
14176,207,5,916.01,326,33,291,183.202,0.0,0.0,0.0,0.0,0.0,0.0,0.0,4.167766346027549
14177,6,12,1959.69,983,141,562,163.3075,191.33,2.0,299.46,3.0,0.6367902549424217,0.5,250.0,101.51959327386712
14178,8,3,477.29,387,87,92,159.09666666666666,180.47000000000003,1.0,279.92,2.0,0.6424248896482985,0.3333333333333333,1122.97,86.09154658164985
14180,1,30,5829.65,794,120,458,194.32166666666666,283.55,2.0,825.3,6.0,0.34315623865424183,0.2857142857142857,489.6,705.1293903157397
14181,321,2,308.35,120,48,473,154.175,0.0,0.0,0.0,0.0,0.0,0.0,0.0,2.19680862489313
14182,354,4,678.77,174,42,506,169.6925,0.0,0.0,0.0,0.0,0.0,0.0,0.0,4.022543333866389
14183,321,2,278.34000000000003,60,27,391,139.17000000000002,0.0,0.0,0.0,0.0,0.0,0.0,0.0,2.7104286187476876
14185,241,1,197.65,6,3,241,197.65,0.0,0.0,0.0,0.0,0.0,0.0,0.0,1.9680517020027923
14186,337,5,1550.63,1550,75,555,310.12600000000003,0.0,0.0,0.0,0.0,0.0,0.0,0.0,3.0263335626571686
14187,384,1,123.5,50,8,384,123.5,0.0,0.0,0.0,0.0,0.0,0.0,0.0,0.2096396846200321
14188,19,4,1383.46,783,25,220,345.865,293.1,1.0,622.5600000000001,2.0,0.47004297902367054,0.3333333333333333,670.9,166.34280194040227
14189,6,12,4428.2300000000005,3429,150,299,369.0191666666667,790.39,2.0,1111.85,3.0,0.7102394752212787,0.5,1386.16,581.4408870894459
14190,576,1,79.9,2,1,576,79.9,0.0,0.0,0.0,0.0,0.0,0.0,0.0,0.16296470715688727
14191,18,9,2391.16,1450,73,639,265.6844444444444,379.27,1.0,1471.56,4.0,0.25755826587711195,0.2,2426.5,210.48618483026155
14192,298,1,293.74,218,14,298,293.74,0.0,0.0,0.0,0.0,0.0,0.0,0.0,3.3283578968080483
14193,180,2,779.34,458,39,307,389.67,0.0,0.0,0.0,0.0,0.0,0.0,430.85,11.538571621491663
14194,16,27,12987.52,7440,380,613,481.0192592592593,1138.8,2.0,2258.58,5.0,0.5039874666973508,0.3333333333333333,5683.07,3158.218013274677
14195,112,6,2615.6,2144,10,544,435.93333333333334,0.0,0.0,0.0,0.0,0.0,0.0,0.0,13.518753587261827
14196,17,1,335.52,142,6,17,335.52,335.52,1.0,335.52,1.0,0.9970284084155474,0.5,0.0,20.52057599848601
14197,321,1,390.05,143,20,321,390.05,0.0,0.0,0.0,0.0,0.0,0.0,0.0,1.6559497259776104
14198,55,7,1225.28,500,45,614,175.04,0.0,0.0,173.65,1.0,0.0,0.0,344.45,43.73894546842831
14199,128,4,1091.7,254,15,441,272.925,0.0,0.0,0.0,0.0,0.0,0.0,0.0,3.989113370215928
14200,527,1,379.2,140,21,527,379.2,0.0,0.0,0.0,0.0,0.0,0.0,0.0,0.2351075332674241
14201,59,8,967.34,576,35,498,120.9175,0.0,0.0,110.14,1.0,0.0,0.0,226.2,16.426954939443732
14202,291,3,847.76,166,27,535,282.58666666666664,0.0,0.0,0.0,0.0,0.0,0.0,0.0,2.815721303618497
14203,307,1,339.34,80,16,307,339.34,0.0,0.0,0.0,0.0,0.0,0.0,0.0,1.1257961207991638
14204,332,3,874.22,397,158,647,291.4066666666667,0.0,0.0,0.0,0.0,0.0,0.0,150.61,23.48647824578103
14205,174,8,2170.4,1264,70,553,271.3,0.0,0.0,0.0,0.0,0.0,0.0,243.8,92.47108912995688
14206,149,3,1185.01,930,62,313,395.00333333333333,0.0,0.0,0.0,0.0,0.0,0.0,0.0,10.021116719742075
14207,598,1,157.8,36,2,598,157.8,0.0,0.0,0.0,0.0,0.0,0.0,0.0,0.3274508181045083
14208,5,2,567.05,529,34,461,283.525,151.74,1.0,151.74,1.0,0.9934529265418358,0.5,0.0,3.091740417224505
14209,31,14,4796.17,1705,132,597,342.5835714285714,0.0,0.0,793.1800000000001,2.0,0.0,0.0,197.10000000000002,429.1815599263681
14210,16,16,5861.52,2604,143,613,366.345,306.19,1.0,306.19,1.0,0.9967446856994043,0.5,0.0,112.9831190824575
14211,7,15,3291.12,1926,126,641,219.408,220.04000000000002,1.0,220.04000000000002,1.0,0.9954759319580166,0.5,1111.17,265.275854436773
14212,356,1,1119.6599999999999,894,12,356,1119.6599999999999,0.0,0.0,0.0,0.0,0.0,0.0,1070.48,32.71891277443111
14213,315,1,1192.2,244,5,315,1192.2,0.0,0.0,0.0,0.0,0.0,0.0,0.0,1.5800474405600997
14214,66,3,899.16,671,56,188,299.71999999999997,0.0,0.0,260.51,2.0,0.0,0.0,105.22,64.16681891511746
14215,97,7,2724.88,1516,128,642,389.2685714285714,0.0,0.0,0.0,0.0,0.0,0.0,691.45,169.89382621847133
14216,324,1,310.74,118,18,324,310.74,0.0,0.0,0.0,0.0,0.0,0.0,1839.3,4.23166526421236
14217,10,16,2623.41,947,103,437,163.963125,126.5,1.0,222.25,2.0,0.5666293393057111,0.3333333333333333,793.48,182.3145446019513
14219,320,2,543.89,285,32,403,271.945,0.0,0.0,0.0,0.0,0.0,0.0,89.94,3.7008524443943736
14220,157,4,1515.0,468,26,479,378.75,0.0,0.0,0.0,0.0,0.0,0.0,0.0,4.485828241603656
14221,23,15,5701.7,3163,136,522,380.11333333333334,588.0,1.0,963.18,3.0,0.6098446348192247,0.25,815.79,780.8711311057403
14222,87,1,683.17,607,41,87,683.17,0.0,0.0,683.17,1.0,0.0,0.0,0.0,12.424172676364146
14223,2,3,991.13,585,50,174,330.37666666666667,334.54,1.0,686.23,2.0,0.486794813963302,0.3333333333333333,0.0,23.466333777924355
14224,20,9,1841.71,826,189,454,204.63444444444445,149.48,1.0,517.66,2.0,0.2882042185632206,0.3333333333333333,0.0,32.67990562028007
14225,345,4,2031.07,1167,70,606,507.7675,0.0,0.0,0.0,0.0,0.0,0.0,0.0,7.954410654021337
14226,120,3,2462.34,1493,66,351,820.7800000000001,0.0,0.0,0.0,0.0,0.0,0.0,522.7900000000001,131.0503576379569
14227,106,12,5417.27,3507,237,580,451.4391666666667,0.0,0.0,0.0,0.0,0.0,0.0,951.44,281.15497107382686
14228,348,3,745.5,260,38,457,248.5,0.0,0.0,0.0,0.0,0.0,0.0,0.0,2.574519574521433
14229,202,6,1808.97,627,37,382,301.495,0.0,0.0,0.0,0.0,0.0,0.0,785.0699999999999,41.502073381599914
14230,346,3,979.8000000000001,246,27,458,326.6,0.0,0.0,0.0,0.0,0.0,0.0,0.0,1.7050420143830207
14231,94,4,1235.6200000000001,610,66,361,308.90500000000003,0.0,0.0,0.0,0.0,0.0,0.0,0.0,18.226900192496245
14232,25,4,1573.33,1503,71,175,393.3325,257.59999999999997,1.0,569.36,2.0,0.4516445753559155,0.3333333333333333,474.74,206.7718431874935
14233,122,6,2400.65,991,30,554,400.10833333333335,0.0,0.0,0.0,0.0,0.0,0.0,503.62,71.92386025954737
14235,68,8,4375.99,2896,104,529,546.99875,0.0,0.0,1538.31,2.0,0.0,0.0,342.0,286.16669933260357
14236,282,4,1443.08,540,29,415,360.77,0.0,0.0,0.0,0.0,0.0,0.0,301.56,6.895021231756975
14237,283,2,632.14,276,26,501,316.07,0.0,0.0,0.0,0.0,0.0,0.0,0.0,3.108365529000994
14238,236,3,434.23,189,13,645,144.74333333333334,0.0,0.0,0.0,0.0,0.0,0.0,0.0,3.265608620379758
14239,5,19,3763.21,1539,91,645,198.0636842105263,465.35,2.0,585.85,3.0,0.7929624265144415,0.5,499.96000000000004,383.938094802719
14240,136,2,584.0,316,26,334,292.0,0.0,0.0,0.0,0.0,0.0,0.0,663.49,9.553585211125505
14241,94,2,333.70000000000005,242,12,606,166.85000000000002,0.0,0.0,0.0,0.0,0.0,0.0,0.0,3.5739843447767807
14242,145,2,280.55,123,13,236,140.275,0.0,0.0,0.0,0.0,0.0,0.0,0.0,5.041092042163546
14243,5,15,7148.2300000000005,3497,232,386,476.5486666666667,315.17,1.0,792.88,3.0,0.39699954653096187,0.25,282.82,764.3223744170022
14244,571,1,366.41999999999996,814,16,571,366.41999999999996,0.0,0.0,0.0,0.0,0.0,0.0,0.0,0.820764770178153
14245,130,2,1693.45,976,107,174,846.725,0.0,0.0,0.0,0.0,0.0,0.0,0.0,9.184900761882794
14246,21,3,1474.06,804,57,156,491.3533333333333,504.19,1.0,1024.42,2.0,0.49169120945563766,0.3333333333333333,0.0,67.97777627874319
14247,188,5,753.56,378,82,461,150.712,0.0,0.0,0.0,0.0,0.0,0.0,0.0,9.391090412499759
14248,228,3,1032.95,692,41,425,344.31666666666666,0.0,0.0,0.0,0.0,0.0,0.0,0.0,3.4092786962616994
14249,321,12,5400.461,2383,178,589,450.0384166666667,0.0,0.0,0.0,0.0,0.0,0.0,0.0,2.0709994041998607
14252,291,1,350.99,111,10,291,350.99,0.0,0.0,0.0,0.0,0.0,0.0,0.0,1.1854054405156564
14253,403,2,363.40000000000003,88,11,533,181.70000000000002,0.0,0.0,0.0,0.0,0.0,0.0,0.0,0.6197463389678242
14254,343,1,601.03,263,23,343,601.03,0.0,0.0,0.0,0.0,0.0,0.0,0.0,3.8881532819418014
14255,456,1,1000.63,1,1,456,1000.63,0.0,0.0,0.0,0.0,0.0,0.0,0.0,0.5769292903678541
14256,170,5,2460.79,1147,100,605,492.158,0.0,0.0,0.0,0.0,0.0,0.0,0.0,22.49665650384305
14257,33,8,5580.57,2988,163,558,697.57125,0.0,0.0,1695.25,2.0,0.0,0.0,373.88,322.8579137452794
14258,62,23,28767.68,15808,94,646,1250.7686956521738,0.0,0.0,1778.5,1.0,0.0,0.0,3283.66,2521.4087638942187
14259,52,1,120.0,68,5,52,120.0,0.0,0.0,120.0,1.0,0.0,0.0,0.0,15.197675683743421
14260,381,3,824.28,544,50,459,274.76,0.0,0.0,0.0,0.0,0.0,0.0,0.0,1.0059277392447559
14262,17,3,855.0,593,42,151,285.0,309.5,1.0,615.0,2.0,0.502435064935065,0.3333333333333333,1763.23,113.37701054590262
14263,333,1,322.93,171,16,333,322.93,0.0,0.0,0.0,0.0,0.0,0.0,0.0,1.5955422682830245
14264,65,6,1517.3600000000001,553,59,521,252.89333333333335,0.0,0.0,218.27,1.0,0.0,0.0,0.0,10.433022013572863
14265,19,4,1373.35,715,74,522,343.3375,278.13,1.0,530.18,2.0,0.5236078165593584,0.3333333333333333,0.0,11.891947184679886
14266,338,1,40.56,24,1,338,40.56,0.0,0.0,0.0,0.0,0.0,0.0,0.0,0.13750009289536635
14267,73,3,1516.24,530,25,171,505.41333333333336,0.0,0.0,679.88,1.0,0.0,0.0,0.0,12.781101602875339
14268,381,1,354.85,147,19,381,354.85,0.0,0.0,0.0,0.0,0.0,0.0,0.0,0.49394767122805094
14269,349,1,295.73,123,16,349,295.73,0.0,0.0,0.0,0.0,0.0,0.0,0.0,4.746847559394286
14270,242,1,492.65000000000003,197,29,242,492.65000000000003,0.0,0.0,0.0,0.0,0.0,0.0,0.0,1.4944534473790996
14271,136,2,214.18,148,38,319,107.09,0.0,0.0,0.0,0.0,0.0,0.0,0.0,4.93760610188233
14272,164,3,614.94,585,38,492,204.98000000000002,0.0,0.0,0.0,0.0,0.0,0.0,305.87,9.416685154196388
14273,46,3,450.05,196,18,152,150.01666666666668,0.0,0.0,231.35,1.0,0.0,0.0,109.92,79.11868361675032
14274,596,1,256.6,178,15,596,256.6,0.0,0.0,0.0,0.0,0.0,0.0,0.0,0.16940358695073637
14275,306,6,1189.3799999999999,538,14,518,198.23,0.0,0.0,0.0,0.0,0.0,0.0,0.0,3.5456580248214626
14276,9,7,2102.68,1406,75,570,300.3828571428571,399.34,1.0,399.34,1.0,0.997502123195284,0.5,0.0,13.346166698016916
14277,122,7,14638.64,88685,218,636,2091.2342857142858,0.0,0.0,0.0,0.0,0.0,0.0,2558.97,251.52946901873665
14278,320,1,205.83,131,13,320,205.83,0.0,0.0,0.0,0.0,0.0,0.0,0.0,3.9711692937341962
14279,431,2,191.86,46,3,591,95.93,0.0,0.0,0.0,0.0,0.0,0.0,0.0,0.9673761296071782
14280,107,1,134.04,52,8,107,134.04,0.0,0.0,0.0,0.0,0.0,0.0,0.0,1.975205065698162
14281,318,1,245.15,45,7,318,245.15,0.0,0.0,0.0,0.0,0.0,0.0,0.0,1.8596011530817154
14282,20,19,6587.86,4598,91,573,346.7294736842105,243.96,2.0,686.26,4.0,0.35497482757617205,0.4,1233.9,1058.0986745493049
14283,373,4,628.4399999999999,550,36,480,157.10999999999999,0.0,0.0,0.0,0.0,0.0,0.0,0.0,1.3737636488768918
14284,564,1,704.4,349,35,564,704.4,0.0,0.0,0.0,0.0,0.0,0.0,595.25,5.5621074338578085
14285,87,5,1380.31,415,33,641,276.062,0.0,0.0,5.9,1.0,0.0,0.0,1904.1100000000001,53.70599475949109
14286,153,5,5901.09,6455,218,646,1180.218,0.0,0.0,0.0,0.0,0.0,0.0,2578.67,244.48069306389695
14287,109,2,83.28,216,4,109,41.64,0.0,0.0,0.0,0.0,0.0,0.0,93.35,11.804987078993042
14288,123,1,426.6,188,16,123,426.6,0.0,0.0,0.0,0.0,0.0,0.0,0.0,3.5114680758477164
14289,45,5,832.78,278,33,200,166.55599999999998,0.0,0.0,238.56,2.0,0.0,0.0,78.48,57.78612413969258
14290,272,4,2979.4700000000003,905,59,642,744.8675000000001,0.0,0.0,0.0,0.0,0.0,0.0,1537.0900000000001,53.0303192799406
14291,31,19,6376.39,4875,203,641,335.5994736842105,0.0,0.0,742.08,4.0,0.0,0.0,1527.71,899.6532171573313
14292,56,11,6944.53,2591,106,541,631.320909090909,0.0,0.0,1465.0,2.0,0.0,0.0,2281.7200000000003,495.16402622391206
14293,57,8,2960.78,1448,78,640,370.0975,0.0,0.0,231.39,1.0,0.0,0.0,307.15000000000003,122.29238126732336
14294,317,1,375.34,190,23,317,375.34,0.0,0.0,0.0,0.0,0.0,0.0,0.0,1.7843447233209542
14295,349,4,2196.71,945,61,642,549.1775,0.0,0.0,0.0,0.0,0.0,0.0,166.20000000000002,31.65545885329983
14296,331,2,456.40000000000003,314,27,484,228.20000000000002,0.0,0.0,0.0,0.0,0.0,0.0,0.0,2.512285130014318
14297,185,1,232.6,78,11,185,232.6,0.0,0.0,0.0,0.0,0.0,0.0,1072.73,5.157635453398175
14298,9,75,80849.7,89623,1233,638,1077.9959999999999,5590.67,1.0,10688.52,7.0,0.5230047747700551,0.125,10344.79,10232.647144859498
14299,18,23,12971.01,7001,148,648,563.9569565217391,871.2,1.0,871.2,1.0,0.9988534739738592,0.5,1528.48,651.6420250021526
14301,27,4,1992.18,1686,37,576,498.045,640.14,1.0,640.14,1.0,0.9984402782543594,0.5,0.0,1.3205220758877592
14302,341,3,742.9000000000001,298,25,648,247.63333333333335,0.0,0.0,0.0,0.0,0.0,0.0,0.0,3.262650857729774
14303,317,2,277.94,218,21,345,138.97,0.0,0.0,0.0,0.0,0.0,0.0,0.0,2.634816104790052
14304,133,3,1725.01,775,69,481,575.0033333333333,0.0,0.0,0.0,0.0,0.0,0.0,0.0,7.828108966874846
14305,24,2,1048.45,582,62,45,524.225,4.25,1.0,1048.45,2.0,0.004049740340178188,0.3333333333333333,810.51,106.25645741226865
14306,289,4,1058.0800000000002,990,12,587,264.52000000000004,0.0,0.0,0.0,0.0,0.0,0.0,2093.32,19.764784795382653
14307,45,8,4383.2,3027,174,642,547.9,0.0,0.0,612.91,1.0,0.0,0.0,687.83,387.5098035196846
14308,459,2,1147.02,2,1,459,573.51,0.0,0.0,0.0,0.0,0.0,0.0,0.0,0.800927689198178
14309,4,9,3061.98,2150,117,461,340.22,323.68,1.0,501.14000000000004,2.0,0.6446011072609232,0.3333333333333333,718.83,219.6512877991958
14310,343,1,492.1,230,22,343,492.1,0.0,0.0,0.0,0.0,0.0,0.0,0.0,1.4559580285676985
14311,153,2,516.45,235,31,478,258.225,0.0,0.0,0.0,0.0,0.0,0.0,0.0,3.563921677818976
14312,1,10,2525.89,1372,129,414,252.589,192.6,1.0,192.6,1.0,0.9948347107438017,0.5,564.4,151.17494565363432
14314,17,2,229.8,332,10,341,114.9,120.0,1.0,120.0,1.0,0.9917355371900827,0.5,0.0,6.106208351804202
14315,39,7,2266.84,1012,68,545,323.8342857142857,0.0,0.0,693.95,3.0,0.0,0.0,930.98,101.22583831829016
14316,332,5,1370.34,4494,21,540,274.068,0.0,0.0,0.0,0.0,0.0,0.0,0.0,3.7463959252893884
14318,370,1,158.02,152,9,370,158.02,0.0,0.0,0.0,0.0,0.0,0.0,0.0,0.8528923513824574
14319,334,1,494.85,329,26,334,494.85,0.0,0.0,0.0,0.0,0.0,0.0,0.0,2.0646928502746142
14320,117,5,1346.75,713,68,598,269.35,0.0,0.0,0.0,0.0,0.0,0.0,0.0,15.409216881378127
14321,27,5,1587.96,2385,129,383,317.592,273.72,1.0,573.83,2.0,0.4761755649496373,0.3333333333333333,630.1,133.61938068622413
14322,339,4,474.1,158,10,570,118.525,0.0,0.0,0.0,0.0,0.0,0.0,0.0,2.295973064687863
14323,25,2,605.0600000000001,350,32,149,302.53000000000003,305.24,1.0,305.24,1.0,0.9967345872518286,0.5,0.0,28.84718996732437
14324,320,2,701.61,402,41,603,350.805,0.0,0.0,0.0,0.0,0.0,0.0,0.0,5.141275935947642
14325,480,1,245.48000000000002,320,18,480,245.48000000000002,0.0,0.0,0.0,0.0,0.0,0.0,0.0,0.5352010597755534
14326,152,3,940.98,572,54,443,313.66,0.0,0.0,0.0,0.0,0.0,0.0,0.0,2.875393711126892
14327,73,6,1894.93,1296,99,610,315.82166666666666,0.0,0.0,311.65,1.0,0.0,0.0,0.0,12.275829489379552
14328,348,1,445.05,1,1,348,445.05,0.0,0.0,0.0,0.0,0.0,0.0,0.0,1.1856669573357852
14329,19,12,8397.41,5010,309,633,699.7841666666667,399.35,1.0,1359.43,2.0,0.2935468932616893,0.3333333333333333,1490.21,763.6232441257106
14330,534,1,200.63,103,13,534,200.63,0.0,0.0,0.0,0.0,0.0,0.0,0.0,0.3714402948401614
14331,34,2,462.65999999999997,252,27,45,231.32999999999998,0.0,0.0,462.65999999999997,2.0,0.0,0.0,0.0,30.31182514318278
14332,58,3,1196.24,460,33,326,398.74666666666667,0.0,0.0,119.04,1.0,0.0,0.0,721.17,34.52361004456103
14334,4,11,4094.98,2852,146,479,372.2709090909091,315.2,1.0,650.48,2.0,0.4838214526923313,0.3333333333333333,223.5,320.7570911208515
14335,6,1,347.5,337,40,6,347.5,347.5,1.0,347.5,1.0,0.9971305595408895,0.5,107.36,55.707411501407975
14336,108,3,1114.39,989,53,186,371.46333333333337,0.0,0.0,0.0,0.0,0.0,0.0,500.52000000000004,70.61709647341802
14338,71,3,928.1,622,43,447,309.3666666666667,0.0,0.0,8.25,1.0,0.0,0.0,0.0,6.339397583921801
14339,153,2,620.27,456,21,339,310.135,0.0,0.0,0.0,0.0,0.0,0.0,0.0,7.653437193080071
14340,129,1,134.7,58,6,129,134.7,0.0,0.0,0.0,0.0,0.0,0.0,0.0,1.0434446140323548
14341,40,16,3424.56,2125,137,649,214.035,0.0,0.0,436.37,2.0,0.0,0.0,1027.46,396.69806218063286
14342,47,4,669.62,350,20,382,167.405,0.0,0.0,110.14,1.0,0.0,0.0,248.82,28.697469670947946
14343,331,4,1079.66,626,193,600,269.915,0.0,0.0,0.0,0.0,0.0,0.0,0.0,2.2644168447642254
14344,37,20,3333.7000000000003,1669,140,536,166.685,0.0,0.0,244.05,2.0,0.0,0.0,0.0,111.76671481162737
14346,31,5,2315.75,1878,123,408,463.15,0.0,0.0,759.14,1.0,0.0,0.0,0.0,25.815054791047892
14347,647,1,82.6,48,6,647,82.6,0.0,0.0,0.0,0.0,0.0,0.0,0.0,0.4505035199430558
14348,170,1,409.57,183,18,170,409.57,0.0,0.0,0.0,0.0,0.0,0.0,0.0,1.30176643743774
14350,184,3,972.03,543,55,340,324.01,0.0,0.0,0.0,0.0,0.0,0.0,0.0,4.871812178473913
14351,75,1,51.0,12,1,75,51.0,0.0,0.0,51.0,1.0,0.0,0.0,0.0,1.864520368485638
14352,67,4,1078.96,538,44,183,269.74,0.0,0.0,233.64000000000001,2.0,0.0,0.0,0.0,21.57988067338084
14353,125,3,376.5,344,18,342,125.5,0.0,0.0,0.0,0.0,0.0,0.0,0.0,3.005491064804617
14355,276,3,1014.45,709,57,537,338.15000000000003,0.0,0.0,0.0,0.0,0.0,0.0,0.0,3.945459554061343
14358,299,2,400.06,338,21,338,200.03,0.0,0.0,0.0,0.0,0.0,0.0,0.0,2.8137153542022575
14360,5,1,1124.49,733,71,5,1124.49,1124.49,1.0,1124.49,1.0,0.9991114981030484,0.5,993.54,136.9001583275765
14361,489,1,214.70999999999998,251,14,489,214.70999999999998,0.0,0.0,0.0,0.0,0.0,0.0,0.0,0.1970163430383345
14363,312,2,227.47000000000003,105,8,361,113.73500000000001,0.0,0.0,0.0,0.0,0.0,0.0,0.0,2.644914938393791
14364,19,8,3717.35,1967,61,121,464.66875,351.1,1.0,1555.5,4.0,0.2255701895277867,0.2,0.0,59.48466764094444
14365,305,2,634.68,557,50,592,317.34,0.0,0.0,0.0,0.0,0.0,0.0,0.0,7.221946511602999
14366,435,1,136.0,16,1,435,136.0,0.0,0.0,0.0,0.0,0.0,0.0,0.0,1.3344837838505819
14367,48,10,5419.7,2562,209,186,541.97,0.0,0.0,1302.93,2.0,0.0,0.0,3808.12,752.1025614999395
14368,230,1,155.0,36,8,230,155.0,0.0,0.0,0.0,0.0,0.0,0.0,0.0,0.5691009517635897
14369,552,2,469.13,255,24,572,234.565,0.0,0.0,0.0,0.0,0.0,0.0,0.0,0.5065538792501875
14370,361,6,1175.78,266,37,587,195.96333333333334,0.0,0.0,0.0,0.0,0.0,0.0,0.0,2.7545390343122205
14371,205,1,100.5,34,4,205,100.5,0.0,0.0,0.0,0.0,0.0,0.0,0.0,0.45715106932480537
14372,353,2,860.08,378,36,509,430.04,0.0,0.0,0.0,0.0,0.0,0.0,0.0,2.7130436137930642
14373,268,1,76.55,17,4,268,76.55,0.0,0.0,0.0,0.0,0.0,0.0,0.0,0.33939095938621444
14374,451,1,108.0,20,7,451,108.0,0.0,0.0,0.0,0.0,0.0,0.0,0.0,0.8056542888776222
14375,95,3,1106.82,647,176,451,368.94,0.0,0.0,0.0,0.0,0.0,0.0,0.0,17.93208211832116
14376,593,1,215.46,50,17,593,215.46,0.0,0.0,0.0,0.0,0.0,0.0,0.0,0.12555962986142333
14377,101,2,617.05,219,11,172,308.525,0.0,0.0,0.0,0.0,0.0,0.0,0.0,5.038751497825762
14378,532,1,131.25,57,9,532,131.25,0.0,0.0,0.0,0.0,0.0,0.0,0.0,0.33041918214414595
14379,205,3,1028.04,548,75,390,342.68,0.0,0.0,0.0,0.0,0.0,0.0,237.12,16.358364200356903
14380,592,1,48.96,1,1,592,48.96,0.0,0.0,0.0,0.0,0.0,0.0,0.0,0.2041277983852207
14381,361,1,423.26,303,56,361,423.26,0.0,0.0,0.0,0.0,0.0,0.0,202.68,11.772303269382636
14382,300,1,578.14,436,137,300,578.14,0.0,0.0,0.0,0.0,0.0,0.0,615.49,34.98626342108269
14383,74,1,242.09,201,15,74,242.09,0.0,0.0,242.09,1.0,0.0,0.0,1005.6,42.167352742192506
14384,411,1,58.5,30,3,411,58.5,0.0,0.0,0.0,0.0,0.0,0.0,0.0,1.0703041643046882
14386,207,1,142.4,54,7,207,142.4,0.0,0.0,0.0,0.0,0.0,0.0,0.0,0.9590058194927881
14387,19,1,440.76,209,40,19,440.76,440.76,1.0,440.76,1.0,0.9977363274176023,0.5,1286.84,108.01879788545388
14388,1,14,5765.93,3808,159,599,411.8521428571429,442.66,1.0,1104.58,3.0,0.4003871271187974,0.25,935.07,907.6188261597316
14389,101,4,1165.69,848,40,500,291.4225,0.0,0.0,0.0,0.0,0.0,0.0,732.32,27.80124612412633
14390,54,8,3321.87,1510,166,335,415.23375,0.0,0.0,556.58,1.0,0.0,0.0,3051.86,601.0293640005349
14391,487,1,135.6,168,14,487,135.6,0.0,0.0,0.0,0.0,0.0,0.0,0.0,0.27959601116923266
14392,342,1,266.4,114,14,342,266.4,0.0,0.0,0.0,0.0,0.0,0.0,0.0,2.736366597737813
14393,128,1,67.95,13,5,128,67.95,0.0,0.0,0.0,0.0,0.0,0.0,0.0,1.2725926455619796
14394,475,1,93.8,58,6,475,93.8,0.0,0.0,0.0,0.0,0.0,0.0,0.0,0.2396210285758545
14395,88,17,6583.02,3327,261,510,387.2364705882353,0.0,0.0,326.38,1.0,0.0,0.0,1527.59,724.2339890683404
14396,281,6,1702.09,812,167,647,283.6816666666667,0.0,0.0,0.0,0.0,0.0,0.0,377.64,57.85936650556255
14397,4,10,1036.12,764,16,124,103.612,355.08,2.0,793.88,8.0,0.4467089371980676,0.2222222222222222,1576.84,332.72740256365415
14398,311,2,707.79,267,50,438,353.895,0.0,0.0,0.0,0.0,0.0,0.0,0.0,3.1033895864717898
14399,304,8,2108.21,965,119,584,263.52625,0.0,0.0,0.0,0.0,0.0,0.0,0.0,11.92794621217738
14400,59,3,1732.47,1706,71,542,577.49,0.0,0.0,574.7,1.0,0.0,0.0,0.0,2.668947636909582
14401,6,19,5823.8,5443,137,635,306.5157894736842,942.02,3.0,2098.82,7.0,0.44861940547285,0.375,972.1,1184.624669779528
14402,562,1,285.6,240,8,562,285.6,0.0,0.0,0.0,0.0,0.0,0.0,0.0,0.29477598026733526
14403,40,6,1880.51,737,20,549,313.41833333333335,0.0,0.0,499.79999999999995,2.0,0.0,0.0,0.0,7.698112914593473
14404,19,12,2726.56,1575,118,629,227.21333333333334,309.24,1.0,623.9399999999999,2.0,0.4948315038243672,0.3333333333333333,126.79999999999998,248.2594751560992
14405,297,1,195.0,100,2,297,195.0,0.0,0.0,0.0,0.0,0.0,0.0,0.0,3.6362937828376785
14406,29,1,156.75,77,8,29,156.75,156.75,1.0,156.75,1.0,0.993660855784469,0.5,0.0,5.343269339219694
14407,17,6,2157.73,1415,67,187,359.62166666666667,369.62,2.0,1155.05,4.0,0.3197266554214783,0.4,0.0,93.68961921671304
14408,5,10,3794.05,2276,62,643,379.40500000000003,301.80000000000007,1.0,1209.02,3.0,0.24941736500223144,0.25,308.22,218.55297807351258
14409,33,8,3640.3700000000003,2331,72,477,455.04625000000004,0.0,0.0,1277.63,2.0,0.0,0.0,115.72,120.24079474810648
14410,2,11,2631.9,1369,307,347,239.26363636363638,125.09,2.0,326.27,3.0,0.3822226296330247,0.5,0.0,88.54369708087748
14411,221,1,1063.0,196,14,221,1063.0,0.0,0.0,0.0,0.0,0.0,0.0,0.0,1.642301434353017
14412,335,1,656.16,642,41,335,656.16,0.0,0.0,0.0,0.0,0.0,0.0,770.03,19.97529520858438
14413,272,4,764.52,277,93,599,191.13,0.0,0.0,0.0,0.0,0.0,0.0,0.0,6.128649303712523
14414,2,8,2399.33,2877,99,285,299.91625,675.0,4.0,1279.78,6.0,0.5270225956058028,0.5714285714285714,0.0,82.37397215919381
14415,8,19,9890.65,5065,377,633,520.5605263157895,460.25,1.0,1040.26,3.0,0.44201256170408926,0.25,2089.44,1405.152273326407
14417,298,1,524.65,543,106,298,524.65,0.0,0.0,0.0,0.0,0.0,0.0,0.0,11.73470585335572
14418,18,1,150.44,148,17,18,150.44,150.44,1.0,150.44,1.0,0.9933967247754887,0.5,1786.81,25.19779096145959
14419,163,3,509.99,230,53,293,169.99666666666667,0.0,0.0,0.0,0.0,0.0,0.0,744.65,8.974342429292571
14420,9,4,1639.17,1120,85,602,409.7925,387.52,1.0,387.52,1.0,0.9974261299289612,0.5,0.0,2.484035829958043
14421,122,5,2111.44,1171,67,602,422.288,0.0,0.0,0.0,0.0,0.0,0.0,357.93,86.8817954358376
14422,80,15,7040.03,3702,227,633,469.3353333333333,0.0,0.0,630.84,1.0,0.0,0.0,3231.4900000000002,840.573818470229
14423,128,3,916.6099999999999,419,12,605,305.53666666666663,0.0,0.0,0.0,0.0,0.0,0.0,0.0,5.624240589198451
14425,345,3,661.39,325,35,648,220.46333333333334,0.0,0.0,0.0,0.0,0.0,0.0,0.0,3.7816134710661604
14426,51,13,10131.85,5927,426,555,779.373076923077,0.0,0.0,1390.0,3.0,0.0,0.0,1596.09,955.8731078231835
14427,405,2,900.1800000000001,310,27,542,450.09000000000003,0.0,0.0,0.0,0.0,0.0,0.0,363.34000000000003,2.7627875625421896
14428,150,2,330.62,145,25,235,165.31,0.0,0.0,0.0,0.0,0.0,0.0,893.44,6.123548245855121
14429,314,1,516.28,286,22,314,516.28,0.0,0.0,0.0,0.0,0.0,0.0,0.0,1.7888965450959151
14430,422,3,1220.9,446,29,517,406.9666666666667,0.0,0.0,0.0,0.0,0.0,0.0,0.0,0.9269943680819731
14431,213,4,2614.2,1202,72,598,653.55,0.0,0.0,0.0,0.0,0.0,0.0,0.0,14.721988665012528
14433,376,1,280.7,131,72,376,280.7,0.0,0.0,0.0,0.0,0.0,0.0,0.0,1.4934456191833307
14435,412,1,90.42,282,3,412,90.42,0.0,0.0,0.0,0.0,0.0,0.0,0.0,0.34768341356128524
14436,9,2,271.70000000000005,297,11,464,135.85000000000002,89.06,1.0,89.06,1.0,0.9888962913613146,0.5,0.0,2.022915283135386
14437,276,5,936.34,480,34,494,187.268,0.0,0.0,0.0,0.0,0.0,0.0,0.0,2.6612710734329976
14438,216,1,131.9,82,9,216,131.9,0.0,0.0,0.0,0.0,0.0,0.0,0.0,0.8796138369079851
14439,230,5,9443.04,2244,105,597,1888.6080000000002,0.0,0.0,0.0,0.0,0.0,0.0,0.0,11.373213477479634
14440,227,10,5466.76,1508,55,648,546.676,0.0,0.0,0.0,0.0,0.0,0.0,1171.97,139.1341283461266
14441,5,9,3596.2000000000003,1026,83,601,399.5777777777778,340.56,1.0,340.56,1.0,0.9970722567045321,0.5,1015.49,160.1394025918109
14442,115,7,5367.0199999999995,1431,128,600,766.7171428571428,0.0,0.0,0.0,0.0,0.0,0.0,0.0,52.47976355203864
14443,49,4,1957.79,1248,93,289,489.4475,0.0,0.0,383.12,1.0,0.0,0.0,428.68,104.20846650998217
14444,366,1,120.44,172,11,366,120.44,0.0,0.0,0.0,0.0,0.0,0.0,0.0,1.542382104212307
14445,366,1,221.65,83,32,366,221.65,0.0,0.0,0.0,0.0,0.0,0.0,0.0,2.5266048344576264
14446,157,2,492.96999999999997,493,113,297,246.48499999999999,0.0,0.0,0.0,0.0,0.0,0.0,707.31,33.09536514439862
14447,106,3,1149.53,655,63,310,383.1766666666667,0.0,0.0,0.0,0.0,0.0,0.0,562.2,67.99594739138041
14448,274,1,102.35000000000001,44,18,274,102.35000000000001,0.0,0.0,0.0,0.0,0.0,0.0,273.0,3.2656303454296305
14449,157,6,1955.31,1338,211,346,325.885,0.0,0.0,0.0,0.0,0.0,0.0,485.89,125.46623395679487
14450,91,7,1128.44,522,47,521,161.2057142857143,0.0,0.0,0.0,0.0,0.0,0.0,0.0,10.56213542721708
14451,105,11,2974.78,1563,218,602,270.43454545454546,0.0,0.0,0.0,0.0,0.0,0.0,283.9,108.95231691772881
14452,4,3,527.27,215,86,431,175.75666666666666,127.37,1.0,127.37,1.0,0.9922100179169588,0.5,131.68,13.809074477755155
14453,100,1,119.93,49,22,100,119.93,0.0,0.0,0.0,0.0,0.0,0.0,0.0,1.0563130948889992
14454,286,5,977.3,400,93,643,195.45999999999998,0.0,0.0,0.0,0.0,0.0,0.0,0.0,4.133718813329847
14455,342,4,617.72,706,65,405,154.43,0.0,0.0,0.0,0.0,0.0,0.0,0.0,6.073875064458301
14456,41,3,636.65,576,220,52,212.21666666666667,0.0,0.0,636.65,3.0,0.0,0.0,2380.63,177.10443234296963
14457,221,1,113.64,88,4,221,113.64,0.0,0.0,0.0,0.0,0.0,0.0,0.0,0.7297220689104147
14458,291,1,228.07,317,46,291,228.07,0.0,0.0,0.0,0.0,0.0,0.0,0.0,3.0733946789257693
14459,65,2,5375.741,2303,113,561,2687.8705,0.0,0.0,1837.92,1.0,0.0,0.0,0.0,17.323526981079848
14460,20,9,1093.5,1879,33,634,121.5,157.79999999999998,1.0,404.34,2.0,0.38930280751961316,0.3333333333333333,0.0,9.378019152834831
14461,58,13,6676.91,3005,515,601,513.6084615384615,0.0,0.0,1326.83,2.0,0.0,0.0,0.0,138.0205570815783
14462,31,10,1772.89,785,160,342,177.28900000000002,0.0,0.0,393.38,2.0,0.0,0.0,469.92,250.98943508009725
14463,8,4,786.5699999999999,210,7,410,196.64249999999998,220.2,1.0,413.7,2.0,0.5309862551241862,0.3333333333333333,0.0,7.69624194992673
14464,478,2,111.0,62,4,537,55.5,0.0,0.0,0.0,0.0,0.0,0.0,0.0,0.368246699452898
14465,157,11,3925.85,2539,128,611,356.8954545454545,0.0,0.0,0.0,0.0,0.0,0.0,0.0,22.276563845674083
14466,26,11,3954.95,2235,76,636,359.54090909090905,234.75,1.0,234.75,1.0,0.9957582184517497,0.5,691.95,229.76564076913735
14467,223,9,1738.68,948,120,648,193.18666666666667,0.0,0.0,0.0,0.0,0.0,0.0,464.56,31.729091577464224
14468,644,1,204.24,164,12,644,204.24,0.0,0.0,0.0,0.0,0.0,0.0,0.0,0.5426593935990008
14469,326,4,2093.46,973,120,590,523.365,0.0,0.0,0.0,0.0,0.0,0.0,0.0,3.2414948982978413
14470,198,2,548.49,227,48,341,274.245,0.0,0.0,0.0,0.0,0.0,0.0,163.55,4.478721077715836
14471,501,2,400.95,187,38,643,200.475,0.0,0.0,0.0,0.0,0.0,0.0,0.0,0.20528956057148054
14472,14,9,2118.72,1271,173,599,235.4133333333333,130.99,1.0,395.46,3.0,0.3303990314281391,0.25,0.0,40.6383223388222
14473,192,1,85.0,10,1,192,85.0,0.0,0.0,0.0,0.0,0.0,0.0,149.34000000000003,1.5056448936880096
14474,490,1,711.23,308,97,490,711.23,0.0,0.0,0.0,0.0,0.0,0.0,547.66,27.92777637772501
14475,96,3,847.47,337,28,319,282.49,0.0,0.0,0.0,0.0,0.0,0.0,303.68,22.173516591816977
14476,167,1,193.0,110,17,167,193.0,0.0,0.0,0.0,0.0,0.0,0.0,0.0,3.849259866789981
14477,94,5,1183.0,700,5,614,236.6,0.0,0.0,0.0,0.0,0.0,0.0,786.6,27.980721706585637
14478,292,4,1276.66,1226,59,648,319.165,0.0,0.0,0.0,0.0,0.0,0.0,0.0,4.9965460856956145
14479,164,4,1299.11,620,127,643,324.7775,0.0,0.0,0.0,0.0,0.0,0.0,0.0,6.273068842620647
14480,313,3,1020.47,527,43,628,340.1566666666667,0.0,0.0,0.0,0.0,0.0,0.0,279.05,4.428765617435917
14481,75,5,2284.69,1568,114,588,456.938,0.0,0.0,333.65,1.0,0.0,0.0,0.0,14.91948173535024
14482,9,8,2749.86,1476,101,380,343.7325,227.85000000000002,1.0,227.85000000000002,1.0,0.9956303255407473,0.5,1556.8600000000001,267.22565157206316
14483,192,2,257.1,193,13,647,128.55,0.0,0.0,0.0,0.0,0.0,0.0,0.0,3.4983929200969937
14484,311,3,749.0600000000001,534,37,633,249.6866666666667,0.0,0.0,0.0,0.0,0.0,0.0,321.92,12.238599183423887
14486,422,2,175.5,90,4,464,87.75,0.0,0.0,0.0,0.0,0.0,0.0,0.0,0.3637024623928715
14487,278,2,350.99,123,32,289,175.495,0.0,0.0,0.0,0.0,0.0,0.0,1040.3799999999999,3.856253451560091
14489,117,4,1574.93,1011,65,523,393.7325,0.0,0.0,0.0,0.0,0.0,0.0,0.0,24.397051621476578
14490,316,2,1273.47,933,72,339,636.735,0.0,0.0,0.0,0.0,0.0,0.0,0.0,4.818889543543584
14491,85,2,468.13,179,17,283,234.065,0.0,0.0,213.73,1.0,0.0,0.0,0.0,11.771926742251164
14492,340,7,1921.91,751,70,529,274.55857142857144,0.0,0.0,0.0,0.0,0.0,0.0,0.0,6.699492850874266
14493,65,6,3315.84,2190,228,552,552.64,0.0,0.0,611.22,1.0,0.0,0.0,1772.02,372.218910963834
14494,311,2,261.9,118,10,641,130.95,0.0,0.0,0.0,0.0,0.0,0.0,139.56,5.301062410426873
14495,31,2,91.6,28,3,570,45.8,0.0,0.0,40.599999999999994,1.0,0.0,0.0,83.2,13.038863624133356
14496,222,7,2668.23,991,64,543,381.17571428571426,0.0,0.0,0.0,0.0,0.0,0.0,0.0,34.32191995662626
14497,219,2,697.0600000000001,332,40,584,348.53000000000003,0.0,0.0,0.0,0.0,0.0,0.0,0.0,4.188524712600798
14498,26,9,3225.3,1711,231,460,358.3666666666667,360.09,1.0,968.55,2.0,0.3713991026764994,0.3333333333333333,675.53,308.75757045833615
14499,44,6,1661.16,923,141,380,276.86,0.0,0.0,244.94,1.0,0.0,0.0,440.63,76.26180440049764
14500,22,2,335.85,107,5,100,167.925,51.0,1.0,51.0,1.0,0.9807692307692307,0.5,21.0,8.381284466599212
14501,94,2,251.21,161,9,230,125.605,0.0,0.0,0.0,0.0,0.0,0.0,0.0,4.303087694064995
14502,59,7,1163.22,532,201,223,166.17428571428573,0.0,0.0,103.28,1.0,0.0,0.0,1266.61,125.40783836316649
14503,89,1,597.07,381,40,89,597.07,0.0,0.0,597.07,1.0,0.0,0.0,2946.19,24.252553564073523
14504,153,3,542.71,263,81,188,180.90333333333334,0.0,0.0,0.0,0.0,0.0,0.0,130.55,10.241133428581714
14505,19,17,10242.39,4508,777,640,602.4935294117647,1062.88,1.0,1062.88,1.0,0.9990600443659059,0.5,1636.69,1007.4833450765314
14506,72,5,2075.56,589,143,510,415.11199999999997,0.0,0.0,264.8,1.0,0.0,0.0,1141.69,51.39979836339491
14507,11,9,2773.55,1375,180,639,308.1722222222222,309.38,1.0,309.38,1.0,0.99677814292158,0.5,443.19000000000005,178.59689007248488
14508,286,3,554.87,218,100,450,184.95666666666668,0.0,0.0,0.0,0.0,0.0,0.0,268.05,13.196918406900686
14509,444,1,110.95,38,25,444,110.95,0.0,0.0,0.0,0.0,0.0,0.0,0.0,0.8745682347981213
14510,286,3,979.85,793,67,346,326.6166666666667,0.0,0.0,0.0,0.0,0.0,0.0,0.0,5.279186536848844
14511,2,2,329.89,145,16,44,164.945,191.73000000000002,1.0,329.89,2.0,0.5794372752274171,0.3333333333333333,984.92,106.01592108281305
14512,98,7,1215.97,736,55,642,173.71,0.0,0.0,0.0,0.0,0.0,0.0,0.0,10.902100758540701
14513,11,6,788.01,593,15,478,131.335,138.24,1.0,138.24,1.0,0.9928181557023844,0.5,0.0,4.723200361137446
14514,111,8,3792.95,1971,197,636,474.11875,0.0,0.0,0.0,0.0,0.0,0.0,587.09,189.35430516482205
14515,101,8,2412.82,1154,72,461,301.6025,0.0,0.0,0.0,0.0,0.0,0.0,1311.24,115.79068996017305
14516,426,1,151.17,63,35,426,151.17,0.0,0.0,0.0,0.0,0.0,0.0,0.0,0.8529554668525687
14517,52,1,252.45,73,14,52,252.45,0.0,0.0,252.45,1.0,0.0,0.0,78.0,51.496512348193654
14519,594,2,203.14,81,38,639,101.57,0.0,0.0,0.0,0.0,0.0,0.0,0.0,0.5125612825738838
14520,201,1,165.0,100,1,201,165.0,0.0,0.0,0.0,0.0,0.0,0.0,105.60000000000001,2.7814242977250263
14521,401,1,199.45000000000002,211,17,401,199.45000000000002,0.0,0.0,0.0,0.0,0.0,0.0,0.0,0.28868951616646976
14522,2,6,1534.5800000000002,850,34,594,255.76333333333335,482.07,1.0,482.07,1.0,0.9979299066387894,0.5,213.83999999999997,21.391047551438255
14523,18,1,241.09,251,12,18,241.09,241.09,1.0,241.09,1.0,0.9958693048039985,0.5,0.0,15.211342426534166
14524,89,9,2094.9,916,211,327,232.76666666666668,0.0,0.0,275.14,1.0,0.0,0.0,814.96,229.08910153838156
14525,10,15,6630.93,4189,289,636,442.062,888.25,2.0,888.25,2.0,0.9988754568456565,0.6666666666666666,1395.61,611.7459290039016
14526,299,1,258.65,178,41,299,258.65,0.0,0.0,0.0,0.0,0.0,0.0,0.0,2.9737641593724846
14527,9,107,24538.5,6010,562,648,229.33177570093457,381.39,3.0,1719.06,13.0,0.22173063730334988,0.21428571428571427,3225.71,2724.022083377444
14529,20,1,135.24,84,49,20,135.24,135.24,1.0,135.24,1.0,0.9926600117439812,0.5,443.37,38.38277378056817
14530,3,15,5709.08,2645,250,598,380.6053333333333,524.85,1.0,985.28,2.0,0.532151113274121,0.3333333333333333,379.79,591.4464292628043
14531,390,1,376.34,260,29,390,376.34,0.0,0.0,0.0,0.0,0.0,0.0,0.0,1.032624630383804
14532,146,11,3845.78,1111,209,609,349.61636363636364,0.0,0.0,0.0,0.0,0.0,0.0,0.0,26.199625637561574
14533,23,6,2251.63,2931,44,521,375.2716666666667,301.48,1.0,301.48,1.0,0.9966939962972758,0.5,1214.74,42.99483418915741
14534,6,22,4821.75,2277,385,544,219.17045454545453,285.49,2.0,1169.19,5.0,0.24396892812278348,0.3333333333333333,1365.91,978.7714120402269
14535,37,8,4771.2,2356,495,563,596.4,0.0,0.0,799.94,1.0,0.0,0.0,1202.03,307.9685016345223
14536,170,1,170.95,39,18,170,170.95,0.0,0.0,0.0,0.0,0.0,0.0,0.0,2.1010847233184293
14537,533,1,285.84000000000003,108,13,533,285.84000000000003,0.0,0.0,0.0,0.0,0.0,0.0,355.56,3.197228511251354
14538,166,4,1089.0900000000001,159,30,593,272.27250000000004,0.0,0.0,0.0,0.0,0.0,0.0,281.75,7.279185230118348
14540,219,9,2952.88,1306,149,642,328.09777777777776,0.0,0.0,0.0,0.0,0.0,0.0,756.76,84.33554787773991
14541,79,13,2345.38,1079,99,612,180.41384615384615,0.0,0.0,301.9,1.0,0.0,0.0,146.0,125.50315796511164
14542,96,1,103.25,19,5,96,103.25,0.0,0.0,0.0,0.0,0.0,0.0,0.0,1.2792586313263967
14543,19,36,14222.64,2559,100,648,395.0733333333333,300.90000000000003,1.0,789.75,3.0,0.3805248182105596,0.25,365.23,755.2059384285715
14544,272,2,2036.0,1712,111,380,1018.0,0.0,0.0,0.0,0.0,0.0,0.0,902.53,61.918433070546506
14545,584,1,349.25,236,23,584,349.25,0.0,0.0,0.0,0.0,0.0,0.0,0.0,0.15660899335513576
14546,112,8,3485.79,1876,314,643,435.72375,0.0,0.0,0.0,0.0,0.0,0.0,1699.05,229.61265846546775
14548,61,9,2541.29,986,66,643,282.36555555555555,0.0,0.0,326.4,1.0,0.0,0.0,0.0,49.24583059396914
14549,221,4,913.6,394,117,647,228.4,0.0,0.0,0.0,0.0,0.0,0.0,0.0,6.70612080715807
14550,298,2,587.69,382,46,394,293.845,0.0,0.0,0.0,0.0,0.0,0.0,757.37,9.20286499083188
14551,114,6,817.29,446,68,592,136.215,0.0,0.0,0.0,0.0,0.0,0.0,60.8,18.310648974967954
14552,62,3,507.93,258,124,502,169.31,0.0,0.0,164.22,1.0,0.0,0.0,0.0,5.226411796214137
14553,129,6,1271.65,807,169,420,211.9416666666667,0.0,0.0,0.0,0.0,0.0,0.0,546.95,117.86016877550674
14555,212,5,2177.83,810,93,632,435.566,0.0,0.0,0.0,0.0,0.0,0.0,126.2,35.88439151550888
14556,506,3,815.69,323,158,599,271.8966666666667,0.0,0.0,0.0,0.0,0.0,0.0,0.0,2.9620992189923316
14558,564,3,655.5,162,13,642,218.5,0.0,0.0,0.0,0.0,0.0,0.0,0.0,0.6921535724235692
14559,300,1,75.6,72,2,300,75.6,0.0,0.0,0.0,0.0,0.0,0.0,0.0,0.24005120962754023
14560,5,37,5441.46,3945,51,648,147.0664864864865,242.39999999999998,4.0,333.2,6.0,0.7253141831238779,0.5714285714285714,672.57,329.983164127284
14561,72,2,566.99,375,35,94,283.495,0.0,0.0,344.92,1.0,0.0,0.0,513.77,47.62286624360773
14562,2,15,3940.76,1752,194,580,262.71733333333333,354.53000000000003,1.0,1203.39,3.0,0.29436478217188783,0.25,2697.39,748.4620721111582
14563,420,2,640.54,279,95,502,320.27,0.0,0.0,0.0,0.0,0.0,0.0,0.0,4.620009954329872
14564,345,2,2605.62,1295,107,646,1302.81,0.0,0.0,0.0,0.0,0.0,0.0,0.0,8.623700012725811
14565,6,5,3859.2200000000003,1940,139,384,771.844,1221.57,2.0,1221.57,2.0,0.9991820509255094,0.6666666666666666,0.0,9.82247421993346
14566,21,4,4092.0,2400,9,444,1023.0,1432.0,1.0,1432.0,1.0,0.9993021632937893,0.5,0.0,4.825582040269296
14567,40,1,800.76,172,13,40,800.76,0.0,0.0,800.76,1.0,0.0,0.0,729.6,74.31908095668139
14568,345,1,919.7,645,47,345,919.7,0.0,0.0,0.0,0.0,0.0,0.0,0.0,3.0976861124724
14569,363,3,369.94,178,21,514,123.31333333333333,0.0,0.0,0.0,0.0,0.0,0.0,227.39,30.100581284307147
14570,191,3,613.75,431,64,353,204.58333333333334,0.0,0.0,0.0,0.0,0.0,0.0,0.0,9.955576041470836
14571,335,1,160.0,56,30,335,160.0,0.0,0.0,0.0,0.0,0.0,0.0,0.0,0.7599417579193992
14572,20,9,4785.58,2641,304,531,531.7311111111111,589.15,1.0,989.91,2.0,0.5945545004087153,0.3333333333333333,741.3,380.998250716435
14573,90,13,2565.12,809,183,610,197.31692307692308,0.0,0.0,116.75999999999999,1.0,0.0,0.0,0.0,23.817855794508674
14574,643,1,143.70000000000002,63,11,643,143.70000000000002,0.0,0.0,0.0,0.0,0.0,0.0,0.0,0.5709759057556295
14575,398,1,420.22,163,71,398,420.22,0.0,0.0,0.0,0.0,0.0,0.0,0.0,2.8992334667128197
14576,282,1,70.80000000000001,24,1,282,70.80000000000001,0.0,0.0,0.0,0.0,0.0,0.0,0.0,0.3017640673018033
14577,74,6,1151.08,496,95,639,191.84666666666666,0.0,0.0,178.63,1.0,0.0,0.0,213.07,45.80201176622796
14579,342,1,105.56,56,24,342,105.56,0.0,0.0,0.0,0.0,0.0,0.0,0.0,0.9793851352144358
14580,428,1,14.850000000000001,3,1,428,14.850000000000001,0.0,0.0,0.0,0.0,0.0,0.0,0.0,0.493489005614409
14581,454,1,271.05,87,43,454,271.05,0.0,0.0,0.0,0.0,0.0,0.0,138.6,3.3684231040264505
14583,54,7,1415.05,872,292,531,202.15,0.0,0.0,466.11,2.0,0.0,0.0,245.24,124.51359183682528
14584,79,8,1738.16,960,127,570,217.27,0.0,0.0,213.45,1.0,0.0,0.0,0.0,12.636638138202084
14585,293,4,986.22,539,64,327,246.555,0.0,0.0,0.0,0.0,0.0,0.0,157.05,10.685736146473555
14586,187,1,237.36,444,19,187,237.36,0.0,0.0,0.0,0.0,0.0,0.0,0.0,3.2366448054253465
14587,94,8,1452.68,716,166,241,181.585,0.0,0.0,0.0,0.0,0.0,0.0,127.61,148.0267790910928
14588,488,1,135.39,62,16,488,135.39,0.0,0.0,0.0,0.0,0.0,0.0,0.0,0.2554379859602502
14589,282,1,79.5,10,3,282,79.5,0.0,0.0,0.0,0.0,0.0,0.0,0.0,0.42279885733441214
14590,335,20,2993.37,901,124,642,149.6685,0.0,0.0,0.0,0.0,0.0,0.0,0.0,2.727569753089171
14591,123,1,204.02,91,33,123,204.02,0.0,0.0,0.0,0.0,0.0,0.0,1116.19,13.292292369461133
14593,109,11,3387.97,1636,369,640,307.99727272727273,0.0,0.0,0.0,0.0,0.0,0.0,277.56,163.4833255855654
14594,283,1,510.0,292,31,283,510.0,0.0,0.0,0.0,0.0,0.0,0.0,108.33,2.330857413146366
14595,223,3,587.6500000000001,326,30,598,195.88333333333335,0.0,0.0,0.0,0.0,0.0,0.0,1576.8,8.887898568850533
14596,537,1,222.22000000000003,75,50,537,222.22000000000003,0.0,0.0,0.0,0.0,0.0,0.0,0.0,0.47895631898283836
14597,102,5,1483.49,988,44,347,296.698,0.0,0.0,0.0,0.0,0.0,0.0,701.14,137.60967204245785
14598,479,1,162.07,165,40,479,162.07,0.0,0.0,0.0,0.0,0.0,0.0,221.97,1.7576644183782064
14599,300,2,457.89,292,77,419,228.945,0.0,0.0,0.0,0.0,0.0,0.0,0.0,5.404181308271406
14600,216,2,865.1700000000001,487,53,303,432.58500000000004,0.0,0.0,0.0,0.0,0.0,0.0,0.0,4.761515492866521
14602,566,1,205.35999999999999,80,31,566,205.35999999999999,0.0,0.0,0.0,0.0,0.0,0.0,0.0,0.26682549578208137
14603,185,1,660.0,400,2,185,660.0,0.0,0.0,0.0,0.0,0.0,0.0,0.0,4.119181759014613
14604,543,1,143.85999999999999,88,20,543,143.85999999999999,0.0,0.0,0.0,0.0,0.0,0.0,0.0,0.43193947873077676
14605,284,4,921.5600000000001,416,88,641,230.39000000000001,0.0,0.0,0.0,0.0,0.0,0.0,0.0,3.4549685299006665
14606,4,170,27991.01,14138,1221,647,164.653,690.28,6.0,2446.43,20.0,0.28204279591244696,0.2857142857142857,2567.24,3169.324124937587
14607,171,9,8048.63,4109,76,635,894.2922222222222,0.0,0.0,0.0,0.0,0.0,0.0,15714.5,457.312150403775
14608,272,8,1771.79,538,10,644,221.47375,0.0,0.0,0.0,0.0,0.0,0.0,1581.15,42.21725222961062
14609,53,9,1371.0,12000,6,579,152.33333333333334,0.0,0.0,342.36,2.0,0.0,0.0,115.2,47.38310725736843
14610,306,2,24.35,15,10,424,12.175,0.0,0.0,0.0,0.0,0.0,0.0,0.0,1.2326790722902603
14611,354,2,604.3299999999999,582,37,509,302.16499999999996,0.0,0.0,0.0,0.0,0.0,0.0,0.0,5.492922641874054
14612,325,1,877.7,134,14,325,877.7,0.0,0.0,0.0,0.0,0.0,0.0,0.0,2.1569813779977114
14613,590,1,76.32000000000001,72,1,590,76.32000000000001,0.0,0.0,0.0,0.0,0.0,0.0,0.0,0.1450324648469011
14614,296,1,295.13,189,19,296,295.13,0.0,0.0,0.0,0.0,0.0,0.0,0.0,3.0956208750006917
14615,304,5,951.76,495,40,458,190.352,0.0,0.0,0.0,0.0,0.0,0.0,0.0,2.707011405852113
14616,153,5,527.78,170,3,459,105.556,0.0,0.0,0.0,0.0,0.0,0.0,0.0,2.7299158543176563
14617,313,2,190.47000000000003,81,7,326,95.23500000000001,0.0,0.0,0.0,0.0,0.0,0.0,0.0,1.2381405032475923
14618,248,5,1000.6800000000001,532,35,457,200.13600000000002,0.0,0.0,0.0,0.0,0.0,0.0,341.64,4.786302448080078
14619,156,2,1291.24,594,58,451,645.62,0.0,0.0,0.0,0.0,0.0,0.0,0.0,2.414713281926303
14620,116,2,412.78000000000003,214,26,194,206.39000000000001,0.0,0.0,0.0,0.0,0.0,0.0,0.0,5.966880937574116
14621,67,7,2215.12,1123,100,594,316.44571428571425,0.0,0.0,366.6,1.0,0.0,0.0,785.45,83.70429031441064
14622,95,1,320.58000000000004,146,21,95,320.58000000000004,0.0,0.0,0.0,0.0,0.0,0.0,0.0,2.6216546161121768
14623,26,8,1736.44,872,175,512,217.055,208.3,1.0,208.3,1.0,0.9952221691352127,0.5,280.54,34.25791957449589
14624,325,4,588.22,483,30,515,147.055,0.0,0.0,0.0,0.0,0.0,0.0,225.85,12.173572192956437
14625,106,11,4497.88,2155,167,633,408.89818181818185,0.0,0.0,0.0,0.0,0.0,0.0,0.0,68.01345282704558
14626,33,9,4190.94,2611,139,639,465.65999999999997,0.0,0.0,984.39,1.0,0.0,0.0,1219.98,448.6166691602686
14627,289,1,462.75,284,29,289,462.75,0.0,0.0,0.0,0.0,0.0,0.0,0.0,1.5043148280049081
14628,1,5,1998.0,1147,65,593,399.6,340.38,1.0,340.38,1.0,0.9970707129884586,0.5,0.0,2.943328061969889
14630,394,1,338.65,111,21,394,338.65,0.0,0.0,0.0,0.0,0.0,0.0,0.0,0.4844074699138696
14631,145,5,1648.79,1137,55,397,329.758,0.0,0.0,0.0,0.0,0.0,0.0,376.90000000000003,58.13936332850918
14632,173,1,114.56,96,8,173,114.56,0.0,0.0,0.0,0.0,0.0,0.0,0.0,0.904392150339866
14633,176,1,344.90000000000003,96,20,176,344.90000000000003,0.0,0.0,0.0,0.0,0.0,0.0,0.0,1.2846549418781485
14634,348,4,2124.46,1906,105,452,531.115,0.0,0.0,0.0,0.0,0.0,0.0,0.0,3.5965385442593667
14635,364,1,215.22,118,15,364,215.22,0.0,0.0,0.0,0.0,0.0,0.0,0.0,3.5732397485787826
14636,179,1,300.19,117,16,179,300.19,0.0,0.0,0.0,0.0,0.0,0.0,309.66,6.574131067492555
14637,587,1,106.67999999999999,100,7,587,106.67999999999999,0.0,0.0,0.0,0.0,0.0,0.0,0.0,0.31312395875986065
14639,30,7,3983.7,1768,166,572,569.1,754.1,2.0,754.1,2.0,0.9986756720964111,0.6666666666666666,995.26,161.9980627537355
14640,38,8,3025.34,1337,142,596,378.1675,0.0,0.0,1087.6100000000001,3.0,0.0,0.0,624.02,331.3228190416088
14643,80,5,1679.89,1377,57,639,335.978,0.0,0.0,335.87,1.0,0.0,0.0,0.0,14.888085924084182
14644,208,6,1604.46,578,37,646,267.41,0.0,0.0,0.0,0.0,0.0,0.0,643.26,23.948824435257563
14645,67,3,876.89,587,45,545,292.2966666666667,0.0,0.0,356.99,1.0,0.0,0.0,0.0,5.623223428346478
14646,3,120,426699.12,298022,805,647,3555.826,29775.78,7.0,62166.7,15.0,0.4789590092604359,0.4375,101903.4,43281.9261170333
14647,111,2,506.04,175,42,433,253.02,0.0,0.0,0.0,0.0,0.0,0.0,0.0,5.045432818279838
14648,326,15,4466.65,3265,286,639,297.77666666666664,0.0,0.0,0.0,0.0,0.0,0.0,0.0,1.490184209107754
14649,122,7,2830.72,1760,301,598,404.3885714285714,0.0,0.0,0.0,0.0,0.0,0.0,820.47,98.96919119213737
14650,499,1,62.5,22,4,499,62.5,0.0,0.0,0.0,0.0,0.0,0.0,0.0,0.41410579768811406
14651,121,8,1787.24,722,185,542,223.405,0.0,0.0,0.0,0.0,0.0,0.0,238.28,56.14956758652907
14653,248,6,2011.22,1329,150,648,335.2033333333333,0.0,0.0,0.0,0.0,0.0,0.0,1581.84,72.19022663839772
14654,648,1,246.86,273,27,648,246.86,0.0,0.0,0.0,0.0,0.0,0.0,0.0,0.8310124937069905
14655,132,4,2756.84,1774,55,506,689.21,0.0,0.0,0.0,0.0,0.0,0.0,1121.67,143.5928766350545
14656,79,5,790.0,309,148,514,158.0,0.0,0.0,157.94,1.0,0.0,0.0,0.0,7.998081444695284
14657,65,5,1240.91,752,132,345,248.18200000000002,0.0,0.0,114.54,1.0,0.0,0.0,209.28,100.61153547991401
14658,27,1,123.14,23,14,27,123.14,123.14,1.0,123.14,1.0,0.9919445787014661,0.5,124.01,15.86463439729668
14659,56,6,1641.55,767,107,226,273.59166666666664,0.0,0.0,259.79,1.0,0.0,0.0,888.38,243.23743786956726
14660,11,1,128.95,104,14,11,128.95,128.95,1.0,128.95,1.0,0.9923047325894575,0.5,156.79,40.582341962381875
14662,145,6,1147.34,651,139,646,191.22333333333333,0.0,0.0,0.0,0.0,0.0,0.0,229.09,34.88028996273859
14663,340,2,490.6,397,60,340,245.3,0.0,0.0,0.0,0.0,0.0,0.0,0.0,3.8003297239594183
14665,207,5,1645.6100000000001,672,78,503,329.122,0.0,0.0,0.0,0.0,0.0,0.0,1104.04,26.392785169828954
14667,5,47,18429.47,10766,509,648,392.11638297872344,831.65,2.0,2117.21,7.0,0.3926192398298563,0.25,3163.58,2914.745249475365
14668,355,1,111.63,49,10,355,111.63,0.0,0.0,0.0,0.0,0.0,0.0,0.0,1.2747345535547165
14669,152,7,3216.78,2043,334,647,459.54,0.0,0.0,0.0,0.0,0.0,0.0,0.0,22.987129139805333
14670,190,3,583.33,423,159,642,194.44333333333336,0.0,0.0,0.0,0.0,0.0,0.0,0.0,23.107975503293474
14671,459,2,1127.45,571,48,478,563.725,0.0,0.0,0.0,0.0,0.0,0.0,0.0,1.0064759350482062
14672,145,4,1113.14,646,93,591,278.285,0.0,0.0,0.0,0.0,0.0,0.0,0.0,4.810862199312432
14673,278,3,2047.9,1244,65,320,682.6333333333333,0.0,0.0,0.0,0.0,0.0,0.0,1362.91,116.6223198763767
14674,419,1,173.66,103,14,419,173.66,0.0,0.0,0.0,0.0,0.0,0.0,0.0,0.15575404296969556
14675,299,1,419.22,324,114,299,419.22,0.0,0.0,0.0,0.0,0.0,0.0,596.36,20.877503123527646
14676,58,10,7499.47,8116,68,550,749.947,0.0,0.0,542.4,1.0,0.0,0.0,857.32,398.94287989792247
14677,503,1,184.91,139,14,503,184.91,0.0,0.0,0.0,0.0,0.0,0.0,0.0,0.13773396430318288
14678,489,1,403.39,179,24,489,403.39,0.0,0.0,0.0,0.0,0.0,0.0,0.0,1.3627238307375058
14679,292,3,1289.44,794,49,641,429.81333333333333,0.0,0.0,0.0,0.0,0.0,0.0,0.0,2.7257330774529924
14680,5,56,54037.83,25998,220,646,964.9612500000001,1226.16,1.0,10888.68,5.0,0.11259834999742876,0.16666666666666666,3331.55,8821.718509691707
14681,122,4,770.1500000000001,144,18,564,192.53750000000002,0.0,0.0,0.0,0.0,0.0,0.0,105.0,17.687297684227133
14682,98,6,1514.81,949,79,582,252.46833333333333,0.0,0.0,0.0,0.0,0.0,0.0,0.0,14.23276926587654
14683,498,1,146.56,386,21,498,146.56,0.0,0.0,0.0,0.0,0.0,0.0,0.0,0.5183530410152555
14684,125,3,721.96,454,195,300,240.65333333333334,0.0,0.0,0.0,0.0,0.0,0.0,708.07,148.65023110405212
14685,486,8,4536.64,1969,109,637,567.08,0.0,0.0,0.0,0.0,0.0,0.0,0.0,0.28722777972086105
14686,324,5,852.53,457,185,569,170.506,0.0,0.0,0.0,0.0,0.0,0.0,0.0,9.613403183991753
14687,17,3,1402.06,850,34,462,467.3533333333333,628.38,1.0,628.38,1.0,0.9984111347675491,0.5,0.0,1.1596512316534218
14688,3,23,6242.75,4864,162,367,271.42391304347825,355.08000000000004,1.0,1400.02,6.0,0.2534439194301295,0.14285714285714285,1392.65,1434.897252103325
14689,119,1,112.8,76,13,119,112.8,0.0,0.0,0.0,0.0,0.0,0.0,0.0,3.055223329412436
14690,62,3,635.1899999999999,258,65,321,211.73,0.0,0.0,212.56,1.0,0.0,0.0,142.49,34.16869154151075
14691,7,2,1274.68,464,37,123,637.34,835.08,1.0,835.08,1.0,0.9988039422064874,0.5,839.65,137.3084392701006
14692,47,12,1715.1399999999999,890,101,527,142.9283333333333,0.0,0.0,111.25,1.0,0.0,0.0,0.0,14.721085834732023
14693,175,7,1165.36,388,43,436,166.48,0.0,0.0,0.0,0.0,0.0,0.0,0.0,3.5926001417846374
14694,527,1,244.31,193,15,527,244.31,0.0,0.0,0.0,0.0,0.0,0.0,0.0,0.27248308846285263
14695,429,3,1534.22,661,76,643,511.4066666666667,0.0,0.0,0.0,0.0,0.0,0.0,0.0,1.340152450634946
14696,30,6,2147.4900000000002,1607,105,332,357.915,287.15000000000003,1.0,287.15000000000003,1.0,0.9965295852854417,0.5,620.41,225.5384026710641
14697,128,2,188.60999999999999,181,22,128,94.30499999999999,0.0,0.0,0.0,0.0,0.0,0.0,0.0,2.063084700106057
14699,124,4,702.6,484,45,436,175.65,0.0,0.0,0.0,0.0,0.0,0.0,0.0,7.464889349399331
14700,100,4,2422.06,1140,88,396,605.515,0.0,0.0,0.0,0.0,0.0,0.0,654.0,112.29999540523539
14701,83,13,3902.4500000000003,1489,377,595,300.1884615384616,0.0,0.0,207.53,2.0,0.0,0.0,584.66,265.2633221245828
14702,27,21,5078.69,2237,260,639,241.84238095238092,190.15,1.0,465.55,3.0,0.4075661772586004,0.25,1600.54,593.7423743194975
14704,53,4,466.46,222,102,534,116.615,0.0,0.0,207.5,2.0,0.0,0.0,1286.46,39.23474362804163
14705,109,1,179.0,100,1,109,179.0,0.0,0.0,0.0,0.0,0.0,0.0,0.0,2.3727288549526264
14706,529,1,367.54,246,25,529,367.54,0.0,0.0,0.0,0.0,0.0,0.0,0.0,0.46312192761077914
14707,346,2,139.2,96,1,487,69.6,0.0,0.0,0.0,0.0,0.0,0.0,0.0,1.9850431456321476
14708,64,4,1787.09,1298,14,366,446.7725,0.0,0.0,282.12,1.0,0.0,0.0,425.19,75.66258702077913
14709,4,21,7918.03,3661,99,644,377.0490476190476,1135.2,2.0,2009.7,4.0,0.5645794996767295,0.4,968.3000000000001,1549.4000101244715
14710,289,9,1300.31,760,203,646,144.4788888888889,0.0,0.0,0.0,0.0,0.0,0.0,599.48,77.84506058944586
14711,1,9,2355.63,795,177,172,261.7366666666667,447.46999999999997,2.0,759.33,3.0,0.5885207738745017,0.5,483.99,372.839668491648
14712,22,2,526.72,198,14,328,263.36,115.72,1.0,115.72,1.0,0.9914324880054832,0.5,801.35,40.33586738461266
14713,9,19,4782.12,3077,208,646,251.69052631578947,207.73,1.0,579.97,2.0,0.35755718883935483,0.3333333333333333,632.59,383.1673844169988
14714,317,3,746.05,413,59,598,248.6833333333333,0.0,0.0,0.0,0.0,0.0,0.0,160.19,11.21301223502736
14715,5,7,1552.82,806,87,600,221.83142857142857,347.3,1.0,347.3,1.0,0.997128911857594,0.5,272.63,35.623031248558654
14716,59,2,417.49,467,61,355,208.745,0.0,0.0,181.72,1.0,0.0,0.0,125.79,27.63568369404678
14717,643,1,81.3,32,11,643,81.3,0.0,0.0,0.0,0.0,0.0,0.0,0.0,0.6400356817848432
14718,320,1,226.42,202,11,320,226.42,0.0,0.0,0.0,0.0,0.0,0.0,0.0,3.0870637631132034
14719,89,2,488.12,398,70,159,244.06,0.0,0.0,264.66,1.0,0.0,0.0,1093.72,75.83372516007685
14720,37,1,155.8,40,9,37,155.8,0.0,0.0,155.8,1.0,0.0,0.0,508.01,14.762645670704096
14721,289,1,109.07,57,24,289,109.07,0.0,0.0,0.0,0.0,0.0,0.0,0.0,1.2847906331578718
14722,57,3,489.52,214,72,396,163.17333333333332,0.0,0.0,180.42000000000002,1.0,0.0,0.0,0.0,7.929472154123901
14723,268,8,1383.54,808,180,646,172.9425,0.0,0.0,0.0,0.0,0.0,0.0,666.71,103.86781269517908
14724,500,1,341.9,184,40,500,341.9,0.0,0.0,0.0,0.0,0.0,0.0,0.0,0.351263615949627
14725,305,3,597.16,747,41,445,199.0533333333333,0.0,0.0,0.0,0.0,0.0,0.0,655.58,20.29503866338557
14726,565,1,116.5,82,15,565,116.5,0.0,0.0,0.0,0.0,0.0,0.0,0.0,0.21497106359597007
14727,184,3,463.72999999999996,458,43,456,154.57666666666665,0.0,0.0,0.0,0.0,0.0,0.0,0.0,4.397991636824365
14728,323,1,190.58,68,14,323,190.58,0.0,0.0,0.0,0.0,0.0,0.0,0.0,2.9631792597456768
14729,284,3,899.73,569,126,535,299.91,0.0,0.0,0.0,0.0,0.0,0.0,0.0,4.451008934387395
14730,17,5,872.13,509,142,187,174.426,137.14,1.0,342.83,2.0,0.39885990169560537,0.3333333333333333,1025.44,180.3520630578355
14731,116,2,251.01999999999998,182,23,122,125.50999999999999,0.0,0.0,0.0,0.0,0.0,0.0,129.0,9.632973990654543
14732,54,16,4432.88,1828,132,641,277.055,0.0,0.0,335.09999999999997,1.0,0.0,0.0,1084.19,536.4445682920916
14733,21,14,15623.460000000001,6360,137,312,1115.9614285714285,316.98,1.0,1136.6200000000001,3.0,0.2786343418716267,0.25,541.71,781.4211900957681
14734,336,4,1056.42,378,48,461,264.105,0.0,0.0,0.0,0.0,0.0,0.0,0.0,2.07727497767655
14735,9,47,9770.18,3614,168,646,207.87617021276597,221.68,2.0,1040.3,6.0,0.2128877364832421,0.2857142857142857,2469.98,1474.4563940167714
14736,395,2,374.05,148,70,395,187.025,0.0,0.0,0.0,0.0,0.0,0.0,0.0,1.1418878989373542
14737,39,3,3471.37,1029,28,311,1157.1233333333332,0.0,0.0,647.75,1.0,0.0,0.0,82.8,92.07182753823717
14738,44,7,1265.1000000000001,507,47,643,180.72857142857146,0.0,0.0,231.96,1.0,0.0,0.0,556.8000000000001,62.44725322101664
14739,4,22,10632.8,9030,123,647,483.30909090909086,939.96,1.0,939.96,1.0,0.9989372555687808,0.5,1654.7,959.9295311344331
14740,107,11,4161.06,2081,173,563,378.27818181818185,0.0,0.0,0.0,0.0,0.0,0.0,0.0,53.79589406026585
14741,23,5,1362.21,837,38,328,272.442,196.10000000000002,1.0,369.66,2.0,0.5290562779906114,0.3333333333333333,535.38,283.86062614430165
14742,345,1,579.85,374,34,345,579.85,0.0,0.0,0.0,0.0,0.0,0.0,0.0,5.054752411802809
14743,503,1,50.48,40,3,503,50.48,0.0,0.0,0.0,0.0,0.0,0.0,0.0,0.48298453677260594
14744,208,12,3713.13,2439,53,480,309.4275,0.0,0.0,0.0,0.0,0.0,0.0,171.95,68.96356990914256
14745,23,12,2551.41,1969,74,548,212.61749999999998,279.76,1.0,638.59,3.0,0.43740521271439514,0.25,0.0,70.04005172227401
14746,316,4,593.5,398,7,334,148.375,0.0,0.0,0.0,0.0,0.0,0.0,0.0,5.29524701416312
14747,159,1,328.2,84,18,159,328.2,0.0,0.0,0.0,0.0,0.0,0.0,0.0,1.4733103801207692
14748,34,9,2855.34,2590,118,555,317.26,0.0,0.0,347.64,1.0,0.0,0.0,296.98,282.1921222248776
14749,390,1,310.15,403,18,390,310.15,0.0,0.0,0.0,0.0,0.0,0.0,0.0,0.3866681174033315
14750,646,1,112.03,65,32,646,112.03,0.0,0.0,0.0,0.0,0.0,0.0,0.0,1.0006877517581798
14751,594,2,126.45,65,7,636,63.225,0.0,0.0,0.0,0.0,0.0,0.0,0.0,0.20540647475886667
14753,371,1,306.36,201,18,371,306.36,0.0,0.0,0.0,0.0,0.0,0.0,563.15,5.093824173368395
14754,206,5,1138.15,697,90,601,227.63000000000002,0.0,0.0,0.0,0.0,0.0,0.0,409.78,13.53689599795339
14755,23,21,7829.95,3423,202,646,372.8547619047619,315.5,1.0,1005.1700000000001,3.0,0.31356530208612854,0.25,2142.6,1135.1771596308367
14756,293,2,1914.8,1007,68,335,957.4,0.0,0.0,0.0,0.0,0.0,0.0,738.96,63.16958917371025
14758,55,7,2864.97,840,91,521,409.28142857142853,0.0,0.0,277.12,1.0,0.0,0.0,0.0,54.16343372702539
14759,23,2,870.85,247,47,143,435.425,298.6,1.0,298.6,1.0,0.9966622162883845,0.5,755.12,57.81754636191927
14760,207,1,89.2,40,5,207,89.2,0.0,0.0,0.0,0.0,0.0,0.0,0.0,0.5744467739795038
14761,245,2,289.52,146,20,354,144.76,0.0,0.0,0.0,0.0,0.0,0.0,158.4,4.0645447060022075
14762,174,2,417.57,428,28,536,208.785,0.0,0.0,0.0,0.0,0.0,0.0,0.0,3.837268836828813
14765,22,2,95.5,22,8,86,47.75,15.0,1.0,95.5,2.0,0.15544041450777202,0.3333333333333333,158.61,16.067537176792218
14766,78,9,5614.08,3698,226,462,623.7866666666666,0.0,0.0,365.11,1.0,0.0,0.0,942.0500000000001,462.5097130284656
14767,384,1,382.81,117,18,384,382.81,0.0,0.0,0.0,0.0,0.0,0.0,0.0,0.9106273998045442
14768,37,1,133.20000000000002,40,4,37,133.20000000000002,0.0,0.0,133.20000000000002,1.0,0.0,0.0,59.400000000000006,15.572468888644094
14769,18,15,11381.97,8148,625,634,758.798,312.66,1.0,650.59,2.0,0.47984161819549104,0.3333333333333333,4132.14,1372.4166192137943
14770,142,8,3637.64,1598,152,562,454.705,0.0,0.0,0.0,0.0,0.0,0.0,0.0,28.84192416968229
14771,531,2,594.62,622,46,647,297.31,0.0,0.0,0.0,0.0,0.0,0.0,0.0,1.7645968120030446
14772,22,1,139.26,82,9,22,139.26,139.26,1.0,139.26,1.0,0.9928703835733638,0.5,0.0,8.107757361871723
14773,503,1,140.55,53,10,503,140.55,0.0,0.0,0.0,0.0,0.0,0.0,0.0,0.2683387326863983
14774,439,1,241.45,99,13,439,241.45,0.0,0.0,0.0,0.0,0.0,0.0,0.0,0.7063959059053027
14775,48,2,1108.02,1186,39,282,554.01,0.0,0.0,294.9,1.0,0.0,0.0,310.44,60.793480930177104
14776,15,12,3032.22,3754,68,356,252.68499999999997,191.1,1.0,787.62,5.0,0.24232203088940174,0.16666666666666666,676.08,284.3593933226594
14777,314,1,307.56,212,16,314,307.56,0.0,0.0,0.0,0.0,0.0,0.0,0.0,2.4686587203857617
14778,37,2,730.86,306,34,219,365.43,0.0,0.0,396.81,1.0,0.0,0.0,0.0,10.969554696802776
14779,191,3,386.15,84,40,234,128.71666666666667,0.0,0.0,0.0,0.0,0.0,0.0,0.0,2.86847380318991
14782,230,1,200.10000000000002,114,6,230,200.10000000000002,0.0,0.0,0.0,0.0,0.0,0.0,0.0,3.1083122144307036
14783,569,1,307.3,262,17,569,307.3,0.0,0.0,0.0,0.0,0.0,0.0,0.0,0.06565377385656009
14784,234,2,274.62,182,14,300,137.31,0.0,0.0,0.0,0.0,0.0,0.0,175.31,4.60459712100152
14786,460,1,90.96,112,7,460,90.96,0.0,0.0,0.0,0.0,0.0,0.0,0.0,0.5738723855386021
14787,381,1,110.65,59,14,381,110.65,0.0,0.0,0.0,0.0,0.0,0.0,0.0,0.23075686931176242
14788,506,1,476.88,298,28,506,476.88,0.0,0.0,0.0,0.0,0.0,0.0,679.4399999999999,7.754142780335685
14790,30,8,2145.6,2327,62,638,268.2,211.88,1.0,211.88,1.0,0.9953025178504322,0.5,381.02,57.958681169004834
14791,517,1,303.63,127,19,517,303.63,0.0,0.0,0.0,0.0,0.0,0.0,0.0,0.363952824026311
14793,445,1,396.91,270,25,445,396.91,0.0,0.0,0.0,0.0,0.0,0.0,228.99,4.5417817256296775
14794,114,7,1313.53,421,57,397,187.64714285714285,0.0,0.0,0.0,0.0,0.0,0.0,640.37,50.22303266312112
14795,76,1,131.45000000000002,17,6,76,131.45000000000002,0.0,0.0,131.45000000000002,1.0,0.0,0.0,0.0,2.337276890084548
14796,5,24,9446.23,6477,428,635,393.59291666666667,1457.49,2.0,3110.28,5.0,0.468453498238667,0.3333333333333333,1394.31,1824.414114496501
14797,417,1,300.31,99,16,417,300.31,0.0,0.0,0.0,0.0,0.0,0.0,0.0,0.41662356621911706
14798,54,7,647.97,555,26,559,92.56714285714285,0.0,0.0,21.72,1.0,0.0,0.0,76.34,11.966341042595129
14799,648,1,180.45,349,10,648,180.45,0.0,0.0,0.0,0.0,0.0,0.0,157.7,2.8488856739600523
14800,20,14,7247.87,6448,302,345,517.705,163.72,1.0,446.38,2.0,0.3659528812195449,0.3333333333333333,499.3,380.2035874863462
14802,348,2,1502.98,2,1,348,751.49,0.0,0.0,0.0,0.0,0.0,0.0,0.0,1.5279628130904035
14803,72,3,845.55,370,35,202,281.84999999999997,0.0,0.0,114.76,1.0,0.0,0.0,0.0,14.591301175565116
14805,224,4,645.4,331,82,532,161.35,0.0,0.0,0.0,0.0,0.0,0.0,437.15,14.383937277953594
14806,349,1,110.03999999999999,93,9,349,110.03999999999999,0.0,0.0,0.0,0.0,0.0,0.0,193.39000000000001,2.7387045364935085
14807,301,2,504.14,234,37,560,252.07,0.0,0.0,0.0,0.0,0.0,0.0,0.0,2.34015307169971
14808,54,6,1833.82,1241,146,82,305.63666666666666,0.0,0.0,1833.82,6.0,0.0,0.0,884.78,382.2934160991838
14809,531,2,686.76,232,18,531,343.38,0.0,0.0,0.0,0.0,0.0,0.0,0.0,1.5222486158187492
14810,14,12,2313.37,1142,116,339,192.78083333333333,352.23,1.0,590.63,2.0,0.5953552051113027,0.3333333333333333,218.55,232.8442245871863
14811,297,1,170.5,74,28,297,170.5,0.0,0.0,0.0,0.0,0.0,0.0,0.0,0.6103769990502956
14812,509,1,178.85,135,36,509,178.85,0.0,0.0,0.0,0.0,0.0,0.0,0.0,0.24130911768068475
14813,280,4,1041.79,458,110,521,260.4475,0.0,0.0,0.0,0.0,0.0,0.0,0.0,6.438261856451947
14814,491,1,154.21,93,28,491,154.21,0.0,0.0,0.0,0.0,0.0,0.0,0.0,0.7525808323082019
14816,107,1,271.85,5,4,107,271.85,0.0,0.0,0.0,0.0,0.0,0.0,0.0,3.104152466927765
14817,110,7,3959.86,2462,142,538,565.6942857142857,0.0,0.0,0.0,0.0,0.0,0.0,0.0,77.05916257853717
14818,79,5,905.39,421,70,558,181.078,0.0,0.0,291.38,1.0,0.0,0.0,248.17000000000002,41.36443855562776
14819,102,3,269.06,109,43,628,89.68666666666667,0.0,0.0,0.0,0.0,0.0,0.0,187.35,14.574832815063287
14820,83,6,907.24,558,38,588,151.20666666666668,0.0,0.0,139.77,1.0,0.0,0.0,367.52,26.71132840968226
14821,277,7,1278.95,479,65,586,182.70714285714286,0.0,0.0,0.0,0.0,0.0,0.0,0.0,3.477797555075698
14822,395,1,157.70000000000002,94,9,395,157.70000000000002,0.0,0.0,0.0,0.0,0.0,0.0,0.0,0.18617019376898686
14823,90,3,321.43,88,56,105,107.14333333333333,0.0,0.0,110.78,1.0,0.0,0.0,0.0,8.122638179683278
14824,1,7,3337.11,1646,82,547,476.73,441.91,1.0,441.91,1.0,0.9977422049626334,0.5,685.8000000000001,141.1568702732461
14825,38,19,4031.6400000000003,2397,178,522,212.19157894736844,0.0,0.0,313.5,2.0,0.0,0.0,887.54,437.1271515261651
14826,492,2,385.2,152,10,605,192.6,0.0,0.0,0.0,0.0,0.0,0.0,0.0,0.26626401913083897
14828,107,13,9839.460000000001,9718,72,643,756.8815384615385,0.0,0.0,0.0,0.0,0.0,0.0,0.0,66.47781666068502
14829,94,6,1526.92,1059,72,346,254.48666666666668,0.0,0.0,0.0,0.0,0.0,0.0,165.92,98.33360807393873
14831,590,3,1676.57,885,67,648,558.8566666666667,0.0,0.0,0.0,0.0,0.0,0.0,0.0,2.683151358954011
14832,540,1,322.69,1,1,540,322.69,0.0,0.0,0.0,0.0,0.0,0.0,0.0,0.3284860885846629
14833,409,1,94.8,58,7,409,94.8,0.0,0.0,0.0,0.0,0.0,0.0,0.0,0.17687162000741383
14834,30,3,915.16,318,34,317,305.05333333333334,185.61,1.0,185.61,1.0,0.9946412303735063,0.5,1291.0,53.5166275316186
14835,439,2,297.0,180,1,527,148.5,0.0,0.0,0.0,0.0,0.0,0.0,0.0,0.6392187754128066
14837,15,8,3156.38,2820,159,595,394.5475,388.12,1.0,853.3,2.0,0.4543134730188459,0.3333333333333333,303.94,243.8480704454534
14838,333,2,769.9200000000001,361,69,647,384.96000000000004,0.0,0.0,0.0,0.0,0.0,0.0,0.0,6.022989182891359
14839,328,3,915.28,927,61,614,305.0933333333333,0.0,0.0,0.0,0.0,0.0,0.0,0.0,2.7932287178272905
14840,178,2,362.71,179,20,449,181.355,0.0,0.0,0.0,0.0,0.0,0.0,0.0,2.1937360071677436
14841,89,12,6242.81,3621,182,647,520.2341666666667,0.0,0.0,593.72,1.0,0.0,0.0,920.19,488.52221534538194
14842,5,3,1901.52,711,86,218,633.84,213.04000000000002,1.0,213.04000000000002,1.0,0.9953279760792375,0.5,923.17,92.63408426738484
14843,347,1,211.79999999999998,132,9,347,211.79999999999998,0.0,0.0,0.0,0.0,0.0,0.0,0.0,2.525960804963032
14844,33,9,5770.3,3837,140,517,641.1444444444445,0.0,0.0,1383.13,2.0,0.0,0.0,932.13,362.6297724011077
14845,510,1,150.0,600,1,510,150.0,0.0,0.0,0.0,0.0,0.0,0.0,0.0,1.5182870272412643
14846,337,1,437.4,193,12,337,437.4,0.0,0.0,0.0,0.0,0.0,0.0,0.0,1.2702042823768402
14847,59,3,1348.95,533,56,475,449.65000000000003,0.0,0.0,309.4,1.0,0.0,0.0,0.0,2.9398512923821514
14848,315,1,310.56,260,11,315,310.56,0.0,0.0,0.0,0.0,0.0,0.0,0.0,2.343173514816276
14849,5,35,13617.44,10420,267,609,389.0697142857143,1572.99,4.0,3371.62,7.0,0.4664000094881724,0.5,2146.01,2615.1694048983977
14850,222,7,1770.96,1393,129,478,252.99428571428572,0.0,0.0,0.0,0.0,0.0,0.0,0.0,15.504377243174044
14851,166,2,524.19,445,24,541,262.095,0.0,0.0,0.0,0.0,0.0,0.0,305.22,9.43700709695776
14852,6,17,5484.16,4009,126,554,322.5976470588235,554.21,1.0,1698.02,4.0,0.32619392355593224,0.2,648.27,1039.5636923616032
14853,121,4,1115.57,297,21,516,278.8925,0.0,0.0,0.0,0.0,0.0,0.0,261.3,19.42962742072296
14854,43,10,3844.86,2596,158,597,384.486,0.0,0.0,1090.5,3.0,0.0,0.0,458.2,310.7037077240447
14855,29,7,6520.3,3510,168,521,931.4714285714286,339.3,1.0,645.65,2.0,0.5247042449547669,0.3333333333333333,0.0,110.6146887993189
14857,58,6,3001.251,1805,149,545,500.2085,0.0,0.0,522.52,1.0,0.0,0.0,650.6,301.077774789659
14858,416,1,180.75,105,11,416,180.75,0.0,0.0,0.0,0.0,0.0,0.0,0.0,0.15951661705132972
14859,114,2,648.76,426,17,465,324.38,0.0,0.0,0.0,0.0,0.0,0.0,1056.88,29.88718901739767
14861,291,9,1254.94,959,58,642,139.4377777777778,0.0,0.0,0.0,0.0,0.0,0.0,125.79,9.324875608827137
14862,59,1,304.09999999999997,430,21,59,304.09999999999997,0.0,0.0,304.09999999999997,1.0,0.0,0.0,537.1,63.71893016200374
14865,282,3,114.72,288,3,648,38.24,0.0,0.0,0.0,0.0,0.0,0.0,15.0,4.653447152292294
14866,16,11,7624.22,3033,36,381,693.1109090909091,940.8,1.0,1060.22,3.0,0.8865268276135013,0.25,13226.0,591.7669281389856
14867,96,16,2952.06,996,67,644,184.50375,0.0,0.0,0.0,0.0,0.0,0.0,0.0,25.493421184541862
14868,30,8,2527.4900000000002,1514,105,330,315.93625000000003,400.6,1.0,857.74,3.0,0.4664974264620258,0.25,1656.52,560.616195494986
14869,13,5,2443.75,1935,171,634,488.75,387.06,1.0,387.06,1.0,0.9974230789053239,0.5,334.39,36.01255468935375
14870,172,6,1838.95,483,43,594,306.4916666666667,0.0,0.0,0.0,0.0,0.0,0.0,0.0,10.095604505384056
14871,88,8,1062.19,376,101,649,132.77375,0.0,0.0,106.15,1.0,0.0,0.0,165.98000000000002,24.891373443134672
14872,394,3,816.6,662,34,543,272.2,0.0,0.0,0.0,0.0,0.0,0.0,0.0,0.5731025750632937
14873,120,2,854.13,311,48,544,427.065,0.0,0.0,0.0,0.0,0.0,0.0,0.0,4.838637036659192
14874,445,1,116.18,148,6,445,116.18,0.0,0.0,0.0,0.0,0.0,0.0,0.0,0.29700472276400064
14875,18,3,2862.4,1332,88,352,954.1333333333333,1103.32,1.0,1103.32,1.0,0.9990944653723558,0.5,0.0,11.016568296789544
14876,431,2,256.7,162,12,471,128.35,0.0,0.0,0.0,0.0,0.0,0.0,0.0,0.4265232993377807
14877,328,2,425.85,168,57,553,212.925,0.0,0.0,0.0,0.0,0.0,0.0,0.0,2.5183660322801558
14878,84,22,3683.43,2244,150,567,167.42863636363634,0.0,0.0,120.25,1.0,0.0,0.0,393.07,72.61258369807592
14879,595,1,185.06,104,27,595,185.06,0.0,0.0,0.0,0.0,0.0,0.0,0.0,0.23962359989363935
14880,95,2,347.67,237,25,199,173.835,0.0,0.0,0.0,0.0,0.0,0.0,342.92,9.854936211112912
14882,300,12,2956.9500000000003,1456,31,529,246.41250000000002,0.0,0.0,0.0,0.0,0.0,0.0,589.7,63.64486621909833
14883,74,2,358.48,322,25,122,179.24,0.0,0.0,47.92,1.0,0.0,0.0,403.11,17.083796646195072
14884,579,1,120.6,72,8,579,120.6,0.0,0.0,0.0,0.0,0.0,0.0,0.0,0.112043821511621
14885,42,3,1598.12,1308,24,376,532.7066666666666,0.0,0.0,765.3199999999999,1.0,0.0,0.0,0.0,6.341359751797732
14886,163,1,364.8,160,18,163,364.8,0.0,0.0,0.0,0.0,0.0,0.0,0.0,1.641124084175833
14888,117,1,369.2,184,20,117,369.2,0.0,0.0,0.0,0.0,0.0,0.0,0.0,4.956236965220965
14889,246,1,135.9,90,10,246,135.9,0.0,0.0,0.0,0.0,0.0,0.0,0.0,1.113350269863905
14890,164,3,817.25,636,55,570,272.4166666666667,0.0,0.0,0.0,0.0,0.0,0.0,0.0,6.093153234263769
14891,58,4,1106.73,788,55,347,276.6825,0.0,0.0,105.0,1.0,0.0,0.0,0.0,21.94819826909162
14892,601,1,202.35000000000002,79,13,601,202.35000000000002,0.0,0.0,0.0,0.0,0.0,0.0,0.0,0.19204261925694177
14893,528,1,571.76,248,33,528,571.76,0.0,0.0,0.0,0.0,0.0,0.0,1237.8500000000001,9.066088849313061
14894,353,2,837.0600000000001,338,23,648,418.53000000000003,0.0,0.0,0.0,0.0,0.0,0.0,655.75,15.143537259391795
14895,1,31,21955.62,9281,415,639,708.2458064516129,2766.0,5.0,3245.03,8.0,0.8521178177650853,0.5555555555555556,3163.92,2974.283855558229
14896,115,8,2083.2200000000003,1115,150,644,260.40250000000003,0.0,0.0,0.0,0.0,0.0,0.0,0.0,60.39288892678515
14897,207,5,1949.66,816,65,634,389.932,0.0,0.0,0.0,0.0,0.0,0.0,1190.88,38.050509122925696
14898,44,13,3186.32,2076,163,646,245.10153846153847,0.0,0.0,380.25,1.0,0.0,0.0,278.13,312.7018138477548
14899,305,1,1331.38,570,126,305,1331.38,0.0,0.0,0.0,0.0,0.0,0.0,0.0,5.26494247563366
14900,432,1,13.919999999999998,48,1,432,13.919999999999998,0.0,0.0,0.0,0.0,0.0,0.0,0.0,0.7158843661735832
14901,12,8,1682.23,796,80,409,210.27875,165.43,1.0,325.07,2.0,0.5073450486091944,0.3333333333333333,599.17,104.36460321823998
14902,306,2,702.96,498,34,464,351.48,0.0,0.0,0.0,0.0,0.0,0.0,332.66,13.035734040622353
14903,35,4,2398.62,1330,195,189,599.655,0.0,0.0,601.6899999999999,1.0,0.0,0.0,396.71,266.94987716519694
14904,318,2,605.05,537,62,338,302.525,0.0,0.0,0.0,0.0,0.0,0.0,1025.44,18.769194729593274
14905,68,8,1971.39,1009,45,646,246.42375,0.0,0.0,307.6,1.0,0.0,0.0,0.0,20.340894447825075
14906,355,1,68.44,1,1,355,68.44,0.0,0.0,0.0,0.0,0.0,0.0,0.0,0.7555222468964423
14907,9,14,5272.87,2433,142,512,376.63357142857143,676.36,1.0,1647.49,2.0,0.4102906296064884,0.3333333333333333,892.9200000000001,526.6583371547
14908,373,1,104.10000000000001,50,5,373,104.10000000000001,0.0,0.0,0.0,0.0,0.0,0.0,277.8,1.6002047086011884
14909,347,3,1404.68,888,61,573,468.2266666666667,0.0,0.0,0.0,0.0,0.0,0.0,0.0,5.711601245311042
14911,3,309,234025.01,113168,2182,649,757.3624919093852,12770.81,14.0,38519.15,46.0,0.33153583254478497,0.2978723404255319,61807.38,31188.4221629662
14912,157,5,1504.1899999999998,1293,37,592,300.83799999999997,0.0,0.0,0.0,0.0,0.0,0.0,385.06,35.51525241378491
14913,93,7,3762.85,3574,161,396,537.55,0.0,0.0,0.0,0.0,0.0,0.0,310.28000000000003,189.32231966347794
14915,1,11,1811.25,707,65,647,164.6590909090909,165.20000000000002,1.0,165.20000000000002,1.0,0.9939831528279182,0.5,0.0,11.504654516704214
14916,4,7,2741.73,2109,97,528,391.67571428571426,266.48,1.0,672.71,2.0,0.39554110819195204,0.3333333333333333,301.21999999999997,147.29250578578007
14917,507,2,1123.75,891,29,507,561.875,0.0,0.0,0.0,0.0,0.0,0.0,0.0,0.9792230643340247
14918,26,9,5955.81,2551,79,521,661.7566666666667,844.73,1.0,1610.15,2.0,0.5243025168358005,0.3333333333333333,0.0,55.6883624343168
14919,449,1,359.35,129,13,449,359.35,0.0,0.0,0.0,0.0,0.0,0.0,0.0,0.4494925078600987
14920,123,3,1607.17,886,90,475,535.7233333333334,0.0,0.0,0.0,0.0,0.0,0.0,0.0,9.320932974045046
14921,111,1,903.01,631,53,111,903.01,0.0,0.0,0.0,0.0,0.0,0.0,413.06,30.95361369989063
14922,304,2,843.74,376,49,418,421.87,0.0,0.0,0.0,0.0,0.0,0.0,0.0,2.943699290614965
14924,156,3,931.01,312,30,549,310.33666666666664,0.0,0.0,0.0,0.0,0.0,0.0,0.0,3.471852346220238
14926,292,2,359.4,204,2,509,179.7,0.0,0.0,0.0,0.0,0.0,0.0,0.0,1.7768249914951428
14927,307,1,308.2,196,20,307,308.2,0.0,0.0,0.0,0.0,0.0,0.0,0.0,2.692346397081836
14928,538,1,223.91000000000003,268,21,538,223.91000000000003,0.0,0.0,0.0,0.0,0.0,0.0,0.0,0.08287619699580245
14929,332,1,612.8100000000001,351,23,332,612.8100000000001,0.0,0.0,0.0,0.0,0.0,0.0,223.88,10.376936351080337
14930,19,6,5236.7300000000005,2193,213,517,872.7883333333334,1258.83,2.0,1258.83,2.0,0.999206242112031,0.6666666666666666,0.0,12.235410142917518
14931,116,2,586.0,98,10,151,293.0,0.0,0.0,0.0,0.0,0.0,0.0,671.6800000000001,17.101007837738152
14932,276,2,1029.66,337,29,296,514.83,0.0,0.0,0.0,0.0,0.0,0.0,0.0,1.9671122892017483
14933,354,4,1770.0,600,1,354,442.5,0.0,0.0,0.0,0.0,0.0,0.0,0.0,6.713335507122992
14934,193,4,2441.4,1517,89,352,610.35,0.0,0.0,0.0,0.0,0.0,0.0,1062.1,73.09037578477181
14935,207,2,2849.83,1931,25,530,1424.915,0.0,0.0,0.0,0.0,0.0,0.0,0.0,4.691657586286739
14936,19,7,9346.67,4541,195,494,1335.2385714285715,1436.49,1.0,3496.52,2.0,0.410716736430385,0.3333333333333333,3064.14,825.5626502285862
14937,40,1,759.56,172,13,40,759.56,0.0,0.0,759.56,1.0,0.0,0.0,862.3199999999999,65.9260990316546
14938,472,2,2322.43,1369,71,472,1161.215,0.0,0.0,0.0,0.0,0.0,0.0,0.0,0.450603979501901
14940,328,2,531.49,384,32,643,265.745,0.0,0.0,0.0,0.0,0.0,0.0,0.0,4.4780945928988025
14941,489,1,182.1,80,7,489,182.1,0.0,0.0,0.0,0.0,0.0,0.0,0.0,0.25491811200645575
14942,312,4,746.56,354,12,640,186.64,0.0,0.0,0.0,0.0,0.0,0.0,0.0,6.389728690044473
14943,573,1,107.62,46,5,573,107.62,0.0,0.0,0.0,0.0,0.0,0.0,0.0,0.12909366214669654
14944,5,14,7048.61,3748,161,571,503.47214285714284,656.46,1.0,1332.16,2.0,0.4924090131717123,0.3333333333333333,2736.06,968.2148571242398
14945,324,1,179.4,156,11,324,179.4,0.0,0.0,0.0,0.0,0.0,0.0,0.0,0.9768121412385936
14947,41,5,937.47,355,43,535,187.494,0.0,0.0,178.5,1.0,0.0,0.0,112.32,32.11147657127403
14948,8,4,639.23,453,39,129,159.8075,95.56,2.0,360.83,3.0,0.2641019263189896,0.5,462.74,118.70216312284629
14949,379,4,515.0,250,16,631,128.75,0.0,0.0,0.0,0.0,0.0,0.0,0.0,0.6905606440902435
14952,117,28,13064.47,5409,209,646,466.5882142857143,0.0,0.0,0.0,0.0,0.0,0.0,4564.88,171.49291587600328
14953,328,3,685.65,790,153,346,228.54999999999998,0.0,0.0,0.0,0.0,0.0,0.0,285.67,28.841531236058565
14954,613,1,167.27,92,41,613,167.27,0.0,0.0,0.0,0.0,0.0,0.0,294.85,2.5027420955231467
14955,643,1,163.77,74,30,643,163.77,0.0,0.0,0.0,0.0,0.0,0.0,0.0,1.2372222972160265
14956,331,1,1325.0,2500,4,331,1325.0,0.0,0.0,0.0,0.0,0.0,0.0,0.0,6.861167142939851
14957,163,2,261.69,97,27,555,130.845,0.0,0.0,0.0,0.0,0.0,0.0,0.0,4.2864161532217935
14958,57,6,941.99,248,52,646,156.99833333333333,0.0,0.0,107.39999999999999,1.0,0.0,0.0,0.0,13.447675364866697
14959,20,3,537.32,400,33,206,179.10666666666668,114.94,1.0,114.94,1.0,0.9913748490598585,0.5,158.1,43.018731922711595
14960,81,1,88.3,20,2,81,88.3,0.0,0.0,88.3,1.0,0.0,0.0,132.97,3.237945599914735
14961,1,20,14283.4,7333,297,646,714.17,1010.95,1.0,1738.27,2.0,0.5812496047192213,0.3333333333333333,2126.75,1697.9321407980524
14962,181,4,366.91,123,14,494,91.7275,0.0,0.0,0.0,0.0,0.0,0.0,0.0,2.6519591371827227
14963,94,8,1945.43,1295,215,436,243.17875,0.0,0.0,0.0,0.0,0.0,0.0,1178.14,106.42451337216472
14964,157,1,206.21,143,13,157,206.21,0.0,0.0,0.0,0.0,0.0,0.0,0.0,5.238622873071666
14965,6,2,596.09,363,80,6,298.045,596.09,2.0,596.09,2.0,0.9983252106047664,0.6666666666666666,0.0,32.7122539823704
14966,297,5,881.24,881,93,634,176.248,0.0,0.0,0.0,0.0,0.0,0.0,183.02,17.78370291145047
14967,352,5,1518.81,512,19,646,303.762,0.0,0.0,0.0,0.0,0.0,0.0,463.8,37.27669930405439
14968,368,1,353.65,130,47,368,353.65,0.0,0.0,0.0,0.0,0.0,0.0,147.59,6.1013228267705495
14969,614,1,906.23,665,13,614,906.23,0.0,0.0,0.0,0.0,0.0,0.0,0.0,0.6623413520558512
14970,47,11,4447.04,897,57,573,404.2763636363636,0.0,0.0,337.5,1.0,0.0,0.0,472.31,200.9326729636302
14972,38,2,145.07,40,20,291,72.535,0.0,0.0,114.77,1.0,0.0,0.0,0.0,3.620323289512786
14973,17,3,1314.45,369,29,136,438.15000000000003,302.96000000000004,1.0,659.85,2.0,0.45843988802300073,0.3333333333333333,0.0,13.427946636392758
14975,331,1,192.45,127,15,331,192.45,0.0,0.0,0.0,0.0,0.0,0.0,279.94,3.755144900798563
14976,11,4,559.96,162,38,237,139.99,109.7,1.0,109.7,1.0,0.99096657633243,0.5,230.9,49.18356244284988
14977,636,1,31.929999999999996,17,4,636,31.929999999999996,0.0,0.0,0.0,0.0,0.0,0.0,0.0,0.7007953707602025
14978,146,9,2718.05,628,159,501,302.0055555555556,0.0,0.0,0.0,0.0,0.0,0.0,394.14,45.87723726010438
14979,645,1,429.66,209,42,645,429.66,0.0,0.0,0.0,0.0,0.0,0.0,0.0,0.4586971983510421
14980,647,1,150.68,79,24,647,150.68,0.0,0.0,0.0,0.0,0.0,0.0,0.0,1.3583914576418936
14981,156,2,372.92,241,20,334,186.46,0.0,0.0,0.0,0.0,0.0,0.0,0.0,2.9046114586410803
14982,482,1,237.78,125,39,482,237.78,0.0,0.0,0.0,0.0,0.0,0.0,0.0,0.43146233005918444
14983,599,1,183.20000000000002,90,30,599,183.20000000000002,0.0,0.0,0.0,0.0,0.0,0.0,0.0,0.4162420932870848
14984,91,5,1160.37,310,27,607,232.07399999999998,0.0,0.0,0.0,0.0,0.0,0.0,100.14,29.43849275357217
14985,108,2,292.01,256,78,268,146.005,0.0,0.0,0.0,0.0,0.0,0.0,0.0,3.923918908100041
14986,286,2,563.1,338,87,594,281.55,0.0,0.0,0.0,0.0,0.0,0.0,0.0,5.763394153364962
14987,276,7,1550.6499999999999,607,4,647,221.52142857142854,0.0,0.0,0.0,0.0,0.0,0.0,163.2,29.016121881904162
14988,122,7,2038.65,1260,171,512,291.2357142857143,0.0,0.0,0.0,0.0,0.0,0.0,0.0,36.00378262185835
14989,572,1,342.4,200,18,572,342.4,0.0,0.0,0.0,0.0,0.0,0.0,0.0,0.07517578897842946
14990,522,2,304.17,129,41,640,152.085,0.0,0.0,0.0,0.0,0.0,0.0,0.0,0.33367245628828035
14991,340,1,314.67,191,21,340,314.67,0.0,0.0,0.0,0.0,0.0,0.0,0.0,1.583929572464894
14992,352,1,210.5,145,27,352,210.5,0.0,0.0,0.0,0.0,0.0,0.0,0.0,3.138477052694592
14993,474,1,36.13,21,9,474,36.13,0.0,0.0,0.0,0.0,0.0,0.0,0.0,0.6390745562107587
14994,292,5,946.72,568,233,533,189.344,0.0,0.0,0.0,0.0,0.0,0.0,0.0,12.574929955162801
14995,190,1,119.31,51,37,190,119.31,0.0,0.0,0.0,0.0,0.0,0.0,112.67,4.4024779134758365
14996,391,2,442.28999999999996,404,37,391,221.14499999999998,0.0,0.0,0.0,0.0,0.0,0.0,0.0,0.7178368466220103
14997,88,2,385.68,600,20,566,192.84,0.0,0.0,155.28,1.0,0.0,0.0,390.91999999999996,15.976112188440739
14998,80,4,753.18,352,111,515,188.295,0.0,0.0,231.23,1.0,0.0,0.0,0.0,14.299168843593147
14999,503,1,129.48000000000002,88,9,503,129.48000000000002,0.0,0.0,0.0,0.0,0.0,0.0,0.0,0.3832804807771769
15001,304,2,199.10999999999999,70,44,304,99.55499999999999,0.0,0.0,0.0,0.0,0.0,0.0,0.0,2.65207635592894
15002,26,9,4769.7300000000005,2493,220,607,529.97,494.17,1.0,494.17,1.0,0.9979804915483571,0.5,0.0,74.18343273410866
15003,383,6,1027.03,525,253,592,171.17166666666665,0.0,0.0,0.0,0.0,0.0,0.0,0.0,1.4884327310885315
15004,57,1,1220.77,623,154,57,1220.77,0.0,0.0,1220.77,1.0,0.0,0.0,0.0,34.52853483282381
15005,6,48,12189.26,7574,524,648,253.94291666666666,430.53,2.0,1566.18,7.0,0.27471636952998374,0.25,1787.82,1614.604073898287
15006,363,1,277.4,101,47,363,277.4,0.0,0.0,0.0,0.0,0.0,0.0,480.38,13.443921036814578
15007,69,1,156.91,69,12,69,156.91,0.0,0.0,156.91,1.0,0.0,0.0,0.0,2.089984464162417
15008,390,2,360.0,1500,6,548,180.0,0.0,0.0,0.0,0.0,0.0,0.0,0.0,1.1138955365906063
15011,306,2,416.6,289,17,327,208.3,0.0,0.0,0.0,0.0,0.0,0.0,0.0,1.7987452879824508
15012,284,2,618.34,326,107,487,309.17,0.0,0.0,0.0,0.0,0.0,0.0,216.48,21.786102501052913
15013,398,10,1610.82,1715,177,588,161.082,0.0,0.0,0.0,0.0,0.0,0.0,0.0,1.3699954553162552
15014,86,1,117.72999999999999,68,2,86,117.72999999999999,0.0,0.0,117.72999999999999,1.0,0.0,0.0,139.94,4.316355120990152
15015,411,13,2354.97,1584,158,635,181.15153846153845,0.0,0.0,0.0,0.0,0.0,0.0,0.0,0.9124419706326987
15016,83,5,620.89,243,93,453,124.178,0.0,0.0,170.04,1.0,0.0,0.0,0.0,3.9898352112122146
15018,163,2,402.59000000000003,115,17,278,201.29500000000002,0.0,0.0,0.0,0.0,0.0,0.0,204.87,6.242081461462364
15019,177,1,252.81,150,64,177,252.81,0.0,0.0,0.0,0.0,0.0,0.0,0.0,3.426864206118939
15020,289,1,198.47,111,27,289,198.47,0.0,0.0,0.0,0.0,0.0,0.0,0.0,3.456716491045585
15021,67,8,1907.14,855,289,408,238.3925,0.0,0.0,415.47,2.0,0.0,0.0,791.54,83.18647618342048
15022,587,1,281.05,113,19,587,281.05,0.0,0.0,0.0,0.0,0.0,0.0,852.39,2.863928452028522
15023,26,17,10315.61,4350,425,584,606.8005882352942,670.88,1.0,2252.59,4.0,0.29769390173012833,0.2,1692.44,1682.0966939759076
15024,23,11,3244.8,1685,130,334,294.9818181818182,80.43,1.0,150.03,2.0,0.5325432033370854,0.3333333333333333,805.81,172.41317302746938
15025,478,1,617.83,319,72,478,617.83,0.0,0.0,0.0,0.0,0.0,0.0,361.96,31.472922796680034
15026,150,4,810.67,451,83,358,202.6675,0.0,0.0,0.0,0.0,0.0,0.0,238.22,17.370583978257102
15027,78,9,3096.42,2740,67,534,344.0466666666667,0.0,0.0,312.85,1.0,0.0,0.0,99.18,158.17251361776505
15028,279,3,707.75,452,45,304,235.91666666666666,0.0,0.0,0.0,0.0,0.0,0.0,441.16,11.789609600874316
15029,530,1,365.1,234,10,530,365.1,0.0,0.0,0.0,0.0,0.0,0.0,0.0,0.3259739462126984
15030,178,7,1614.39,1009,21,555,230.62714285714287,0.0,0.0,0.0,0.0,0.0,0.0,365.52000000000004,39.21409551637949
15031,20,12,2711.54,1291,213,641,225.96166666666667,110.96000000000001,1.0,110.96000000000001,1.0,0.991068238656663,0.5,391.4,113.29750077364285
15032,166,8,13780.65,8259,39,639,1722.58125,0.0,0.0,0.0,0.0,0.0,0.0,0.0,40.13302994237731
15033,19,6,1608.95,903,203,239,268.15833333333336,246.64000000000001,1.0,453.33,3.0,0.5428653181608083,0.25,948.23,414.77893045021557
15034,143,11,6597.42,3661,308,487,599.7654545454545,0.0,0.0,0.0,0.0,0.0,0.0,1633.78,218.13347483709333
15036,87,2,212.49,143,49,90,106.245,0.0,0.0,212.49,2.0,0.0,0.0,217.07,23.782669660802185
15037,286,2,397.76,298,40,287,198.88,0.0,0.0,0.0,0.0,0.0,0.0,0.0,2.2511959129493486
15038,98,7,1077.37,335,176,335,153.91,0.0,0.0,0.0,0.0,0.0,0.0,188.04,43.09143473185224
15039,2,84,38344.95,17370,542,640,456.48749999999995,1567.25,4.0,4408.31,11.0,0.3554411007617972,0.3333333333333333,1381.94,4602.287868905743
15040,452,1,7.49,1,1,452,7.49,0.0,0.0,0.0,0.0,0.0,0.0,0.0,0.5363905736697276
15041,80,2,289.4,194,98,354,144.7,0.0,0.0,179.93,1.0,0.0,0.0,0.0,4.015456150419096
15042,109,2,315.45,238,9,505,157.725,0.0,0.0,0.0,0.0,0.0,0.0,0.0,1.9040048392697215
15043,373,5,2333.3199999999997,719,39,443,466.66399999999993,0.0,0.0,0.0,0.0,0.0,0.0,537.0,17.75056462336716
15044,46,31,13542.1,3995,269,633,436.841935483871,0.0,0.0,696.95,2.0,0.0,0.0,2482.05,1168.3216267251664
15045,62,2,735.66,114,11,168,367.83,0.0,0.0,346.76,1.0,0.0,0.0,0.0,7.896852330366842
15046,7,21,6477.05,3749,226,604,308.43095238095236,121.19999999999999,1.0,1667.07,3.0,0.07265882127248856,0.25,1146.74,1033.8464955151564
15047,180,1,343.62,222,22,180,343.62,0.0,0.0,0.0,0.0,0.0,0.0,0.0,1.1262298025100832
15048,27,3,420.18,202,74,279,140.06,67.23,1.0,67.23,1.0,0.9853436904587425,0.5,59.52,19.611830522249626
15049,184,1,121.17000000000002,63,3,184,121.17000000000002,0.0,0.0,0.0,0.0,0.0,0.0,0.0,1.2743628834190064
15050,331,2,2349.5,1384,58,391,1174.75,0.0,0.0,0.0,0.0,0.0,0.0,1737.69,42.909271977684355
15051,60,7,2921.29,2393,133,648,417.32714285714286,0.0,0.0,377.74,1.0,0.0,0.0,1005.62,307.0836122839258
15052,229,1,207.73000000000002,79,27,229,207.73000000000002,0.0,0.0,0.0,0.0,0.0,0.0,0.0,2.529145700805853
15053,66,2,478.6,514,28,192,239.3,0.0,0.0,255.95,1.0,0.0,0.0,215.35,64.64339302270164
15055,385,3,549.12,225,77,633,183.04,0.0,0.0,0.0,0.0,0.0,0.0,0.0,1.8609003348939424
15056,430,1,113.64999999999999,69,6,430,113.64999999999999,0.0,0.0,0.0,0.0,0.0,0.0,0.0,0.46746239928998756
15057,185,5,3255.96,1394,62,644,651.192,0.0,0.0,0.0,0.0,0.0,0.0,0.0,23.56965338029637
15058,35,12,2519.8,1198,169,563,209.98333333333335,0.0,0.0,234.35,1.0,0.0,0.0,867.78,165.6331107491133
15059,17,17,3162.08,1400,283,644,186.00470588235294,275.67,2.0,439.58,3.0,0.625697943619774,0.5,329.12,322.90920299019206
15061,38,116,119859.38,70984,120,649,1033.2705172413794,0.0,0.0,5294.38,7.0,0.0,0.0,17959.14,19443.673773743343
15062,128,7,2411.8,1650,95,520,344.54285714285714,0.0,0.0,0.0,0.0,0.0,0.0,173.82,79.64061227709536
15063,123,1,370.79999999999995,56,5,123,370.79999999999995,0.0,0.0,0.0,0.0,0.0,0.0,0.0,2.604252707894475
15064,320,4,1254.41,810,75,627,313.6025,0.0,0.0,0.0,0.0,0.0,0.0,0.0,2.9285834733780343
15065,75,4,3027.48,1244,140,321,756.87,0.0,0.0,1452.35,1.0,0.0,0.0,299.38,192.8596969587738
15067,193,3,2966.17,1532,125,517,988.7233333333334,0.0,0.0,0.0,0.0,0.0,0.0,896.71,30.728359346479536
15068,166,3,861.5,598,139,531,287.1666666666667,0.0,0.0,0.0,0.0,0.0,0.0,313.4,33.65212078724903
15069,89,1,1109.53,520,70,89,1109.53,0.0,0.0,1109.53,1.0,0.0,0.0,0.0,10.376054403172464
15070,283,3,843.25,375,26,634,281.0833333333333,0.0,0.0,0.0,0.0,0.0,0.0,0.0,3.927508648383043
15071,4,4,1455.56,416,41,481,363.89,393.40000000000003,1.0,393.40000000000003,1.0,0.9974645030425964,0.5,0.0,3.8543480702430015
15072,389,1,187.51999999999998,164,13,389,187.51999999999998,0.0,0.0,0.0,0.0,0.0,0.0,0.0,0.15573998117555696
15073,96,7,2606.57,1347,109,592,372.3671428571429,0.0,0.0,0.0,0.0,0.0,0.0,181.45,129.38746921573411
15074,15,3,1553.1299999999999,1039,63,378,517.7099999999999,735.67,1.0,735.67,1.0,0.9986425400790042,0.5,0.0,5.074588131348494
15076,83,3,1447.74,866,68,432,482.58,0.0,0.0,880.85,1.0,0.0,0.0,0.0,4.396600823578223
15077,405,2,2428.08,528,28,640,1214.04,0.0,0.0,0.0,0.0,0.0,0.0,0.0,0.7883220623517049
15078,16,43,14721.36,7272,104,646,342.3572093023256,899.04,3.0,2518.4300000000003,8.0,0.35684261916385845,0.3333333333333333,3040.52,2896.674911880612
15079,123,11,3767.35,1504,119,642,342.48636363636365,0.0,0.0,0.0,0.0,0.0,0.0,0.0,44.384410734336676
15080,338,2,546.25,287,31,412,273.125,0.0,0.0,0.0,0.0,0.0,0.0,0.0,2.5940569506203683
15081,118,9,1708.97,729,65,446,189.88555555555556,0.0,0.0,0.0,0.0,0.0,0.0,256.75,57.24274536086049
15082,579,1,93.35000000000001,43,6,579,93.35000000000001,0.0,0.0,0.0,0.0,0.0,0.0,0.0,0.14938221443763217
15083,167,1,88.2,38,5,167,88.2,0.0,0.0,0.0,0.0,0.0,0.0,0.0,0.7041270040547993
15084,290,2,965.2,600,31,556,482.6,0.0,0.0,0.0,0.0,0.0,0.0,0.0,1.9688633836561764
15085,640,1,347.54,169,9,640,347.54,0.0,0.0,0.0,0.0,0.0,0.0,0.0,0.17119737175901975
15086,475,2,218.53,95,10,535,109.265,0.0,0.0,0.0,0.0,0.0,0.0,0.0,0.4307933254070839
15087,192,1,306.94,470,15,192,306.94,0.0,0.0,0.0,0.0,0.0,0.0,0.0,2.7586909176146994
15089,4,3,2036.28,1189,117,38,678.76,814.72,2.0,2036.28,3.0,0.39990575669520145,0.5,384.56,353.7418699646563
15090,218,1,381.32,208,23,218,381.32,0.0,0.0,0.0,0.0,0.0,0.0,0.0,1.3480183076437913
15091,585,2,565.9,236,27,585,282.95,0.0,0.0,0.0,0.0,0.0,0.0,480.71,4.739149970477975
15092,125,3,776.46,230,39,373,258.82,0.0,0.0,0.0,0.0,0.0,0.0,0.0,5.8696583152757364
15093,27,22,13756.19,11176,104,642,625.2813636363636,630.42,1.0,630.42,1.0,0.998416268094137,0.5,569.9200000000001,484.27722405699615
15094,373,2,83.0,28,4,554,41.5,0.0,0.0,0.0,0.0,0.0,0.0,0.0,1.234568733872463
15095,14,10,3141.64,2233,90,598,314.164,332.78,2.0,600.1,3.0,0.5536183663283979,0.5,0.0,72.54049387963843
15097,493,2,660.27,254,39,493,330.135,0.0,0.0,0.0,0.0,0.0,0.0,248.08,10.329089568017302
15098,92,3,39916.5,121,1,92,13305.5,0.0,0.0,0.0,0.0,0.0,0.0,0.0,9.244264505048914
15100,244,7,2894.7,334,11,611,413.5285714285714,0.0,0.0,0.0,0.0,0.0,0.0,0.0,5.594270024126766
15101,269,5,1262.69,469,48,500,252.538,0.0,0.0,0.0,0.0,0.0,0.0,215.25,4.875470775979978
15102,441,2,554.67,339,26,457,277.335,0.0,0.0,0.0,0.0,0.0,0.0,0.0,0.965887419500744
15104,107,2,993.54,635,66,192,496.77,0.0,0.0,0.0,0.0,0.0,0.0,0.0,18.869046290325834
15105,45,3,1328.96,810,67,537,442.9866666666667,0.0,0.0,532.98,1.0,0.0,0.0,1765.95,10.136735693224406
15106,51,3,1032.83,822,67,179,344.27666666666664,0.0,0.0,254.38,1.0,0.0,0.0,389.69,55.240156372782685
15107,221,9,940.35,356,32,362,104.48333333333333,0.0,0.0,0.0,0.0,0.0,0.0,0.0,3.1621523043101805
15108,52,4,1300.25,499,50,138,325.0625,0.0,0.0,676.8,1.0,0.0,0.0,0.0,27.825962548241943
15109,156,3,983.1,258,46,646,327.7,0.0,0.0,0.0,0.0,0.0,0.0,0.0,2.8639677599683107
15110,37,4,886.3000000000001,212,20,395,221.57500000000002,0.0,0.0,206.9,1.0,0.0,0.0,619.5500000000001,38.6312375457896
15111,283,3,1451.89,560,60,502,483.96333333333337,0.0,0.0,0.0,0.0,0.0,0.0,1278.98,7.9739181026179775
15112,521,1,209.4,72,7,521,209.4,0.0,0.0,0.0,0.0,0.0,0.0,0.0,0.28226051548245695
15114,3,9,2318.53,2253,94,331,257.6144444444445,516.1,2.0,651.72,3.0,0.7906912611839686,0.5,1081.59,268.5969628376988
15115,643,1,191.74,88,14,643,191.74,0.0,0.0,0.0,0.0,0.0,0.0,340.11,1.8761747266077922
15116,45,2,790.97,255,20,115,395.485,0.0,0.0,311.32,1.0,0.0,0.0,561.7800000000001,28.605844268153103
15117,31,5,1609.92,2230,65,544,321.98400000000004,0.0,0.0,363.33,1.0,0.0,0.0,876.0500000000001,37.75213332149194
15118,44,1,244.8,1440,1,44,244.8,0.0,0.0,244.8,1.0,0.0,0.0,0.0,4.852343150476852
15119,156,1,266.4,88,14,156,266.4,0.0,0.0,0.0,0.0,0.0,0.0,0.0,5.020908439110005
15120,44,1,358.82,296,21,44,358.82,0.0,0.0,358.82,1.0,0.0,0.0,0.0,11.340814557952257
15121,199,1,295.15,125,18,199,295.15,0.0,0.0,0.0,0.0,0.0,0.0,162.57,5.707669848941211
15122,24,11,4487.27,2033,155,529,407.9336363636364,703.17,1.0,703.17,1.0,0.9985798883792266,0.5,0.0,58.067944739465446
15123,116,4,3526.33,1838,113,544,881.5825,0.0,0.0,0.0,0.0,0.0,0.0,1129.84,120.04351091694409
15124,102,3,357.38,318,25,562,119.12666666666667,0.0,0.0,0.0,0.0,0.0,0.0,93.44,6.825811363636448
15125,23,21,16291.87,8149,146,528,775.8033333333334,1000.88,1.0,3484.7599999999998,8.0,0.28713393922702657,0.1111111111111111,733.0,1284.0811980620742
15126,447,2,449.49,273,25,597,224.745,0.0,0.0,0.0,0.0,0.0,0.0,0.0,0.3157569511718954
15127,430,1,304.97,213,12,430,304.97,0.0,0.0,0.0,0.0,0.0,0.0,406.53,3.4662591038417605
15128,37,4,1482.92,1247,80,340,370.73,0.0,0.0,686.54,2.0,0.0,0.0,300.76,101.72912981137708
15129,17,22,6209.51,3829,80,520,282.25045454545455,306.0,1.0,1676.35,6.0,0.18243061972754643,0.14285714285714285,650.67,1199.588855964703
15130,80,1,330.11,197,22,80,330.11,0.0,0.0,330.11,1.0,0.0,0.0,0.0,9.973438546488154
15131,305,1,80.28,88,7,305,80.28,0.0,0.0,0.0,0.0,0.0,0.0,0.0,0.34001231614131544
15132,16,3,842.23,633,47,173,280.74333333333334,352.36,1.0,352.36,1.0,0.9971700249037808,0.5,135.70000000000002,119.6875502055873
15133,38,5,1806.9,960,45,431,361.38,0.0,0.0,324.52,1.0,0.0,0.0,0.0,15.510055181519265
15134,37,6,823.16,560,31,333,137.19333333333333,0.0,0.0,375.41,2.0,0.0,0.0,773.13,164.28879832272463
15135,149,2,305.68,84,17,466,152.84,0.0,0.0,0.0,0.0,0.0,0.0,0.0,3.518522993607894
15136,6,1,582.9,374,29,6,582.9,582.9,1.0,582.9,1.0,0.9982873779756808,0.5,703.8000000000001,61.50040796622637
15137,431,2,823.4,596,34,590,411.7,0.0,0.0,0.0,0.0,0.0,0.0,0.0,0.7526504969710655
15138,304,1,502.52,300,31,304,502.52,0.0,0.0,0.0,0.0,0.0,0.0,0.0,1.962730305221805
15139,150,2,178.96,208,13,247,89.48,0.0,0.0,0.0,0.0,0.0,0.0,0.0,0.8829759582124578
15140,26,6,2617.55,1704,82,352,436.2583333333334,600.66,2.0,600.66,2.0,0.9983379317222352,0.6666666666666666,626.14,155.59768578270757
15141,368,7,1388.47,1197,44,531,198.35285714285715,0.0,0.0,0.0,0.0,0.0,0.0,0.0,1.1527407694057792
15142,320,5,2121.18,1790,97,411,424.236,0.0,0.0,0.0,0.0,0.0,0.0,498.74,44.71863735375506
15143,136,2,563.63,320,27,342,281.815,0.0,0.0,0.0,0.0,0.0,0.0,0.0,5.755851889396668
15144,3,22,9140.710000000001,4121,170,637,415.48681818181825,1098.8,2.0,1865.82,5.0,0.5885945083082461,0.3333333333333333,3019.6,1698.8580465323832
15145,137,2,724.03,438,35,158,362.015,0.0,0.0,0.0,0.0,0.0,0.0,470.7,14.816838759277285
15146,75,2,1327.16,1473,90,201,663.58,0.0,0.0,492.94,1.0,0.0,0.0,0.0,18.971487071048646
15147,150,1,623.5,366,28,150,623.5,0.0,0.0,0.0,0.0,0.0,0.0,0.0,4.594663100593586
15149,44,5,1554.6100000000001,380,62,560,310.922,0.0,0.0,520.8000000000001,1.0,0.0,0.0,0.0,15.96212467988019
15150,19,8,7256.2300000000005,4999,441,454,907.0287500000001,1654.31,1.0,2251.55,3.0,0.7344165501320724,0.25,1721.71,650.4533648829967
15151,333,2,2085.61,795,56,420,1042.805,0.0,0.0,0.0,0.0,0.0,0.0,0.0,6.587881785592303
15152,23,7,2901.35,1463,131,611,414.4785714285714,303.21,1.0,1627.1100000000001,5.0,0.1862343453452162,0.16666666666666666,2362.48,419.75519349213533
15154,388,2,1089.44,244,101,388,544.72,0.0,0.0,0.0,0.0,0.0,0.0,254.28,11.202752853857744
15155,293,1,383.96999999999997,192,24,293,383.96999999999997,0.0,0.0,0.0,0.0,0.0,0.0,0.0,1.7568933417865642
15157,64,4,2223.41,2984,116,639,555.8525,0.0,0.0,419.91,1.0,0.0,0.0,430.70000000000005,35.35839228422744
15158,311,1,204.62,21,4,311,204.62,0.0,0.0,0.0,0.0,0.0,0.0,401.40000000000003,4.0317109706000585
15159,23,22,12445.69,7737,271,342,565.7131818181819,1394.58,1.0,3294.1,4.0,0.42322843009316863,0.2,9671.04,3547.7365487546917
15160,267,4,589.27,307,17,331,147.3175,0.0,0.0,0.0,0.0,0.0,0.0,0.0,5.051575304240544
15161,298,1,119.92,144,33,298,119.92,0.0,0.0,0.0,0.0,0.0,0.0,0.0,0.9070898965622238
15162,641,1,312.9,74,12,641,312.9,0.0,0.0,0.0,0.0,0.0,0.0,0.0,0.2452343482206077
15163,102,1,155.0,48,10,102,155.0,0.0,0.0,0.0,0.0,0.0,0.0,149.47,3.652528907196768
15164,118,8,1566.76,703,223,600,195.845,0.0,0.0,0.0,0.0,0.0,0.0,461.35,63.053456871758044
15165,283,1,975.5,320,27,283,975.5,0.0,0.0,0.0,0.0,0.0,0.0,0.0,1.3069134043367527
15166,378,1,167.16,140,12,378,167.16,0.0,0.0,0.0,0.0,0.0,0.0,0.0,0.2260145151715742
15167,231,5,1627.62,863,262,583,325.524,0.0,0.0,0.0,0.0,0.0,0.0,0.0,10.090472017604181
15169,292,2,569.22,356,58,637,284.61,0.0,0.0,0.0,0.0,0.0,0.0,0.0,6.639449658919177
15170,317,1,81.15,33,4,317,81.15,0.0,0.0,0.0,0.0,0.0,0.0,0.0,0.11713458978991531
15171,241,1,1289.5,290,5,241,1289.5,0.0,0.0,0.0,0.0,0.0,0.0,0.0,1.069932598028446
15172,46,3,886.74,838,60,147,295.58,0.0,0.0,360.54,1.0,0.0,0.0,737.31,136.68866707199535
15173,291,7,1494.6,840,68,528,213.5142857142857,0.0,0.0,0.0,0.0,0.0,0.0,0.0,7.100859038664248
15174,233,2,481.46,382,34,321,240.73,0.0,0.0,0.0,0.0,0.0,0.0,0.0,4.126832934808461
15176,578,1,988.04,448,52,578,988.04,0.0,0.0,0.0,0.0,0.0,0.0,0.0,0.40142209944001556
15177,336,1,948.93,485,26,336,948.93,0.0,0.0,0.0,0.0,0.0,0.0,0.0,2.3254786179828892
15178,170,1,40.5,30,3,170,40.5,0.0,0.0,0.0,0.0,0.0,0.0,0.0,0.7717898816755375
15179,144,11,6740.09,4772,190,647,612.7354545454546,0.0,0.0,0.0,0.0,0.0,0.0,751.83,429.83665181022604
15180,277,3,904.4300000000001,690,46,499,301.4766666666667,0.0,0.0,0.0,0.0,0.0,0.0,0.0,3.464844210408836
15181,85,4,945.7199999999999,396,14,641,236.42999999999998,0.0,0.0,135.0,1.0,0.0,0.0,254.48,33.24394723910593
15182,64,11,2998.952,1186,78,567,272.632,0.0,0.0,252.37,1.0,0.0,0.0,0.0,65.30851107522106
15183,458,3,639.93,297,33,495,213.30999999999997,0.0,0.0,0.0,0.0,0.0,0.0,0.0,1.991659333793117
15184,101,3,518.42,336,34,634,172.80666666666664,0.0,0.0,0.0,0.0,0.0,0.0,166.97,13.439165879835446
15186,78,4,1221.05,663,26,607,305.2625,0.0,0.0,229.26,1.0,0.0,0.0,182.15,28.72836536246453
15187,2,6,1883.88,801,37,122,313.98,331.84000000000003,2.0,1452.28,5.0,0.2283386546295277,0.3333333333333333,2893.3,530.3328491408422
15188,635,1,310.43,233,23,635,310.43,0.0,0.0,0.0,0.0,0.0,0.0,0.0,0.10748564683412568
15189,1,38,13934.76,5380,84,419,366.7042105263158,3336.09,8.0,7105.56,16.0,0.4694380966318444,0.47058823529411764,3589.62,3034.332130686367
15190,344,1,834.4399999999999,790,40,344,834.4399999999999,0.0,0.0,0.0,0.0,0.0,0.0,0.0,5.0657131438319
15191,373,3,588.05,287,33,599,196.01666666666665,0.0,0.0,0.0,0.0,0.0,0.0,0.0,0.8366854199264009
15192,30,5,1981.39,1644,56,590,396.278,306.33,1.0,306.33,1.0,0.9967461686135425,0.5,0.0,4.0194520472221935
15194,37,24,9280.69,6749,227,647,386.6954166666667,0.0,0.0,808.35,2.0,0.0,0.0,3147.0,802.6004550255911
15196,343,2,313.7,130,34,637,156.85,0.0,0.0,0.0,0.0,0.0,0.0,0.0,2.8568748542343085
15197,163,5,1571.15,791,35,638,314.23,0.0,0.0,0.0,0.0,0.0,0.0,306.36,13.692165321362696
15198,2,5,571.35,327,28,600,114.27000000000001,86.0,1.0,193.64,2.0,0.44184134812988085,0.3333333333333333,0.0,3.6724950040491042
15199,5,9,2821.45,803,17,486,313.4944444444444,310.6,1.0,310.6,1.0,0.996790757381258,0.5,300.95,56.721805615012094
15200,405,1,549.05,195,30,405,549.05,0.0,0.0,0.0,0.0,0.0,0.0,0.0,3.173448763117925
15201,36,6,1539.67,1364,38,521,256.6116666666667,0.0,0.0,330.99,2.0,0.0,0.0,303.28000000000003,37.23997191860515
15202,330,3,6001.49,3,1,331,2000.4966666666667,0.0,0.0,0.0,0.0,0.0,0.0,0.0,1.3211790062451896
15203,16,13,3900.7,3768,141,641,300.05384615384617,333.44,1.0,635.42,2.0,0.5239307375632444,0.3333333333333333,499.48,437.4687694757497
15204,267,1,316.58,258,9,267,316.58,0.0,0.0,0.0,0.0,0.0,0.0,0.0,1.2464680330248685
15205,37,1,476.29999999999995,196,24,37,476.29999999999995,0.0,0.0,476.29999999999995,1.0,0.0,0.0,176.94,36.26154642965515
15206,10,3,236.7,90,3,186,78.89999999999999,183.6,1.0,219.0,2.0,0.8345454545454545,0.3333333333333333,183.6,35.30742506856454
15207,326,3,683.9200000000001,428,19,457,227.97333333333336,0.0,0.0,0.0,0.0,0.0,0.0,0.0,7.96174120250714
15208,73,3,423.91999999999996,194,19,334,141.30666666666664,0.0,0.0,258.12,1.0,0.0,0.0,546.6,70.27401661804343
15209,640,1,178.98000000000002,94,13,640,178.98000000000002,0.0,0.0,0.0,0.0,0.0,0.0,0.0,0.451327415189057
15210,135,3,1176.19,841,66,485,392.06333333333333,0.0,0.0,0.0,0.0,0.0,0.0,0.0,5.650836234751296
15211,275,1,766.14,234,23,275,766.14,0.0,0.0,0.0,0.0,0.0,0.0,511.34000000000003,6.027916380511913
15212,151,2,208.28,84,7,287,104.14,0.0,0.0,0.0,0.0,0.0,0.0,0.0,3.414273023939347
15213,229,2,328.35,272,22,240,164.175,0.0,0.0,0.0,0.0,0.0,0.0,0.0,1.7165965551739935
15214,94,2,651.63,556,46,153,325.815,0.0,0.0,0.0,0.0,0.0,0.0,1009.8100000000001,37.492307109730056
15215,7,5,1987.53,643,71,523,397.506,300.04,1.0,300.04,1.0,0.9966781823013553,0.5,434.90000000000003,16.91869612458719
15216,529,1,389.49,189,22,529,389.49,0.0,0.0,0.0,0.0,0.0,0.0,96.6,2.256878946962244
15217,473,1,426.24,190,28,473,426.24,0.0,0.0,0.0,0.0,0.0,0.0,0.0,1.5908038739401964
15218,27,19,9577.29,5459,132,593,504.06789473684216,705.3,2.0,2108.09,5.0,0.3344096269007012,0.3333333333333333,1891.54,1480.8112278091298
15219,86,2,685.45,271,26,559,342.725,0.0,0.0,305.75,1.0,0.0,0.0,0.0,2.1717255620901077
15220,25,5,1284.05,1137,84,191,256.81,337.24,1.0,425.86,2.0,0.7900482593824674,0.3333333333333333,494.91,226.14033545127552
15221,276,4,2465.4500000000003,287,21,548,616.3625000000001,0.0,0.0,0.0,0.0,0.0,0.0,0.0,3.220147143228326
15222,229,11,3550.91,4458,98,633,322.81,0.0,0.0,0.0,0.0,0.0,0.0,0.0,15.463313799450182
15223,136,5,1417.95,385,26,645,283.59000000000003,0.0,0.0,0.0,0.0,0.0,0.0,0.0,7.23199156866325
15224,268,5,871.36,443,24,603,174.272,0.0,0.0,0.0,0.0,0.0,0.0,0.0,4.490348808523874
15225,144,1,409.40000000000003,226,23,144,409.40000000000003,0.0,0.0,0.0,0.0,0.0,0.0,0.0,1.6616417249833595
15226,221,1,154.41,71,8,221,154.41,0.0,0.0,0.0,0.0,0.0,0.0,0.0,0.681221790046241
15227,126,7,2145.91,1056,79,544,306.5585714285714,0.0,0.0,0.0,0.0,0.0,0.0,342.58,65.89406951108099
15228,40,5,4417.59,2625,163,410,883.518,0.0,0.0,1319.18,2.0,0.0,0.0,1162.68,219.92278005489968
15229,496,1,160.5,114,9,496,160.5,0.0,0.0,0.0,0.0,0.0,0.0,0.0,0.367950570397576
15230,149,2,429.6,351,23,151,214.8,0.0,0.0,0.0,0.0,0.0,0.0,0.0,3.6792962099404227
15231,531,1,250.26,190,14,531,250.26,0.0,0.0,0.0,0.0,0.0,0.0,0.0,0.4344547516715931
15232,23,2,612.06,686,26,51,306.03,301.7,1.0,612.06,2.0,0.492121488924412,0.3333333333333333,0.0,26.952899828859913
15233,311,1,59.400000000000006,12,1,311,59.400000000000006,0.0,0.0,0.0,0.0,0.0,0.0,0.0,0.25000489931083386
15234,187,1,197.0,196,14,187,197.0,0.0,0.0,0.0,0.0,0.0,0.0,0.0,2.9026861182168004
15235,128,16,2937.81,1735,161,299,183.613125,0.0,0.0,0.0,0.0,0.0,0.0,0.0,27.53613711257774
15236,209,1,321.05,269,15,209,321.05,0.0,0.0,0.0,0.0,0.0,0.0,0.0,1.1089438401023606
15237,113,2,1093.65,798,74,137,546.825,0.0,0.0,0.0,0.0,0.0,0.0,318.67,53.61792129176762
15238,5,2,772.78,577,37,94,386.39,472.64,1.0,472.64,1.0,0.99788869183346,0.5,299.21000000000004,72.62668769249065
15240,102,10,3798.79,2600,108,644,379.879,0.0,0.0,0.0,0.0,0.0,0.0,661.1899999999999,229.774860941497
15241,37,9,2638.58,3068,112,564,293.17555555555555,0.0,0.0,279.5,2.0,0.0,0.0,411.58000000000004,190.46437329167946
15242,332,1,302.04,196,4,332,302.04,0.0,0.0,0.0,0.0,0.0,0.0,0.0,3.0853640809372442
15243,345,1,610.6,358,39,345,610.6,0.0,0.0,0.0,0.0,0.0,0.0,316.68,8.33303217782446
15244,158,2,578.45,307,28,576,289.225,0.0,0.0,0.0,0.0,0.0,0.0,333.63,8.142234874066132
15245,44,8,4610.84,3021,72,505,576.355,0.0,0.0,778.12,1.0,0.0,0.0,0.0,57.01474987162339
15246,148,3,780.4,359,45,466,260.1333333333333,0.0,0.0,0.0,0.0,0.0,0.0,0.0,4.091914555164848
15247,32,3,976.06,514,13,447,325.3533333333333,0.0,0.0,356.0,1.0,0.0,0.0,0.0,2.4889166265968776
15248,321,3,1893.93,1065,103,444,631.3100000000001,0.0,0.0,0.0,0.0,0.0,0.0,0.0,8.360715795237768
15249,2,16,8216.88,4474,282,533,513.555,1363.47,4.0,2797.97,6.0,0.4871327666963205,0.5714285714285714,1049.1200000000001,1264.9476903646223
15250,551,1,60.0,48,3,551,60.0,0.0,0.0,0.0,0.0,0.0,0.0,0.0,0.21280595369740146
15251,1,18,19535.37,11641,178,590,1085.2983333333332,2492.3,2.0,5600.1,6.0,0.44496616735998284,0.2857142857142857,789.17,1367.7707227024935
15252,93,4,1663.18,1007,82,522,415.795,0.0,0.0,0.0,0.0,0.0,0.0,440.23,29.629396348247333
15253,80,4,1310.74,933,67,497,327.685,0.0,0.0,173.85,1.0,0.0,0.0,744.35,42.365996741050665
15254,37,3,1088.35,711,64,471,362.7833333333333,0.0,0.0,300.36,1.0,0.0,0.0,0.0,3.324667501371058
15255,306,8,2815.17,1725,101,647,351.89625,0.0,0.0,0.0,0.0,0.0,0.0,890.85,85.52513518093691
15256,59,2,170.4,92,6,472,85.2,0.0,0.0,98.45,1.0,0.0,0.0,0.0,1.4550907090184513
15257,193,2,685.9,71,11,324,342.95,0.0,0.0,0.0,0.0,0.0,0.0,0.0,3.049413022971452
15258,79,2,623.16,142,32,127,311.58,0.0,0.0,307.5,1.0,0.0,0.0,0.0,13.305874643658884
15259,423,4,1182.3799999999999,631,50,593,295.59499999999997,0.0,0.0,0.0,0.0,0.0,0.0,0.0,0.7961478808594394
15260,10,25,9188.23,4722,186,644,367.5292,195.15,1.0,540.29,2.0,0.3605276284431636,0.3333333333333333,0.0,83.1091827680075
15261,45,4,1508.0,806,87,345,377.0,0.0,0.0,254.82,1.0,0.0,0.0,0.0,31.487610330947117
15262,234,3,418.82,218,22,398,139.60666666666665,0.0,0.0,0.0,0.0,0.0,0.0,0.0,1.8025254205467158
15263,17,1,156.51,89,12,17,156.51,156.51,1.0,156.51,1.0,0.9936511967494127,0.5,0.0,9.206870335336967
15264,440,1,454.66,178,32,440,454.66,0.0,0.0,0.0,0.0,0.0,0.0,393.74,8.656508351846245
15265,61,4,3345.64,1570,179,648,836.41,0.0,0.0,793.88,1.0,0.0,0.0,0.0,47.08350460284905
15266,248,5,852.21,236,38,612,170.442,0.0,0.0,0.0,0.0,0.0,0.0,0.0,3.176026860183562
15267,66,2,1407.76,704,7,93,703.88,0.0,0.0,372.0,1.0,0.0,0.0,309.6,88.68402463649294
15268,389,3,961.9000000000001,428,21,516,320.6333333333334,0.0,0.0,0.0,0.0,0.0,0.0,0.0,0.6410375790178584
15269,290,2,816.56,346,32,300,408.28,0.0,0.0,0.0,0.0,0.0,0.0,408.8,7.680676483913962
15270,28,19,7995.66,3506,66,632,420.82421052631577,536.54,1.0,536.54,1.0,0.9981396733266361,0.5,529.2,238.86887925524672
15271,5,19,3739.53,2025,314,401,196.81736842105263,362.02,2.0,856.97,5.0,0.42194948541324284,0.3333333333333333,900.76,653.3104923421938
15272,360,4,1309.01,355,209,573,327.2525,0.0,0.0,0.0,0.0,0.0,0.0,721.94,34.39217578031303
15273,510,1,228.96,216,1,510,228.96,0.0,0.0,0.0,0.0,0.0,0.0,0.0,0.24031307860799886
15276,304,3,491.17,256,115,345,163.72333333333333,0.0,0.0,0.0,0.0,0.0,0.0,128.63,15.61088974797826
15277,335,1,220.44,168,14,335,220.44,0.0,0.0,0.0,0.0,0.0,0.0,255.89999999999998,4.567133107863911
15278,472,4,496.15999999999997,458,29,575,124.03999999999999,0.0,0.0,0.0,0.0,0.0,0.0,0.0,0.8259578583961058
15279,265,5,1580.54,802,74,586,316.108,0.0,0.0,0.0,0.0,0.0,0.0,0.0,4.158953065207196
15280,82,3,397.52,507,48,481,132.50666666666666,0.0,0.0,113.12,1.0,0.0,0.0,0.0,6.799193435057768
15281,47,15,8403.2,5150,421,338,560.2133333333334,0.0,0.0,264.37,2.0,0.0,0.0,140.37,379.75784773560906
15282,480,1,348.59,395,27,480,348.59,0.0,0.0,0.0,0.0,0.0,0.0,0.0,0.7063423452541313
15283,300,3,148.33,27,9,428,49.443333333333335,0.0,0.0,0.0,0.0,0.0,0.0,0.0,1.0039602803813017
15284,410,1,24.75,5,1,410,24.75,0.0,0.0,0.0,0.0,0.0,0.0,0.0,0.2137232211499022
15285,318,1,94.92,120,6,318,94.92,0.0,0.0,0.0,0.0,0.0,0.0,0.0,0.6581983526608759
15287,290,3,369.34000000000003,577,13,648,123.11333333333334,0.0,0.0,0.0,0.0,0.0,0.0,486.69,11.34769977977646
15288,66,9,3580.87,1348,124,575,397.8744444444444,0.0,0.0,382.36,1.0,0.0,0.0,300.15999999999997,276.1540570814898
15289,48,4,1351.29,1387,65,532,337.8225,0.0,0.0,322.53000000000003,1.0,0.0,0.0,241.8,34.53616094005591
15290,14,20,5945.65,3789,66,564,297.28249999999997,376.5,2.0,1360.02,4.0,0.2766307622224508,0.4,4550.63,1538.6318094337307
15291,5,37,12863.28,4371,112,647,347.65621621621625,378.75,1.0,704.01,2.0,0.5372264223202508,0.3333333333333333,983.28,973.1150413291173
15292,111,1,178.39,55,24,111,178.39,0.0,0.0,0.0,0.0,0.0,0.0,0.0,2.323613627142251
15293,576,1,247.5,178,19,576,247.5,0.0,0.0,0.0,0.0,0.0,0.0,0.0,0.14531135328494119
15294,321,1,233.35,97,15,321,233.35,0.0,0.0,0.0,0.0,0.0,0.0,0.0,3.7997118089724156
15295,564,1,207.04,139,50,564,207.04,0.0,0.0,0.0,0.0,0.0,0.0,0.0,0.13700630740309216
15296,19,11,9249.66,4961,334,597,840.8781818181818,508.0,1.0,521.9,2.0,0.9715050678906101,0.3333333333333333,1073.37,274.0818868851783
15298,3,18,8017.69,5290,180,641,445.4272222222222,591.02,1.0,1581.02,2.0,0.37358566895488043,0.3333333333333333,1441.68,1167.6080915521648
15299,74,8,6519.54,5083,7,607,814.9425,0.0,0.0,600.0,1.0,0.0,0.0,1472.0,250.86285721649787
15301,24,14,6260.49,3513,202,360,447.17785714285714,503.44,1.0,951.49,3.0,0.528551480855442,0.25,1322.55,849.2886532844273
15302,640,1,308.0,102,15,640,308.0,0.0,0.0,0.0,0.0,0.0,0.0,0.0,0.3539009804791642
15303,200,3,1224.18,514,63,594,408.06,0.0,0.0,0.0,0.0,0.0,0.0,0.0,4.082271552436442
15304,75,7,717.0500000000001,103,8,332,102.4357142857143,0.0,0.0,110.30000000000001,1.0,0.0,0.0,202.5,23.38198319990999
15305,465,1,93.6,40,5,465,93.6,0.0,0.0,0.0,0.0,0.0,0.0,0.0,0.2766409948055325
15306,3,8,2967.45,2776,99,569,370.93125,312.45,1.0,657.07,2.0,0.4747975139422857,0.3333333333333333,517.28,186.8933754643922
15307,6,1,205.3,37,12,6,205.3,205.3,1.0,205.3,1.0,0.9951526902569074,0.5,0.0,11.909080736008647
15308,184,1,310.47,175,19,184,310.47,0.0,0.0,0.0,0.0,0.0,0.0,0.0,2.564127360144383
15309,521,4,797.96,440,49,645,199.49,0.0,0.0,0.0,0.0,0.0,0.0,0.0,1.2189330675882766
15310,389,1,1634.64,1476,45,389,1634.64,0.0,0.0,0.0,0.0,0.0,0.0,0.0,1.251540120288631
15311,4,182,101963.49,62248,779,649,560.238956043956,3753.8,5.0,12410.42,20.0,0.3024472622794169,0.23809523809523808,14612.0,15543.331095095275
15312,13,11,2800.14,1587,111,634,254.5581818181818,186.9,1.0,186.9,1.0,0.9946780202235231,0.5,130.05,171.65736156785806
15313,20,1,52.0,25,1,20,52.0,52.0,1.0,52.0,1.0,0.9811320754716981,0.5,0.0,1.9483933995273968
15314,109,3,820.4499999999999,750,49,338,273.4833333333333,0.0,0.0,0.0,0.0,0.0,0.0,0.0,17.77826017617094
15315,26,1,233.54,262,16,26,233.54,233.54,1.0,233.54,1.0,0.9957363349535261,0.5,336.96,35.52533400647219
15316,237,1,165.0,100,1,237,165.0,0.0,0.0,0.0,0.0,0.0,0.0,0.0,2.1911537068413542
15317,587,1,129.75,45,5,587,129.75,0.0,0.0,0.0,0.0,0.0,0.0,0.0,0.15196111473709253
15319,194,1,204.5,175,16,194,204.5,0.0,0.0,0.0,0.0,0.0,0.0,0.0,3.5351702425253007
15321,202,10,5120.89,3017,206,585,512.089,0.0,0.0,0.0,0.0,0.0,0.0,1588.8400000000001,43.92082599811448
15322,386,1,711.18,555,41,386,711.18,0.0,0.0,0.0,0.0,0.0,0.0,679.68,9.140179148968251
15323,473,3,434.6,188,29,572,144.86666666666667,0.0,0.0,0.0,0.0,0.0,0.0,0.0,0.32665997604892644
15324,611,1,140.22000000000003,74,8,611,140.22000000000003,0.0,0.0,0.0,0.0,0.0,0.0,0.0,0.1560287962622782
15325,14,8,1601.46,1382,164,571,200.1825,161.74,1.0,161.74,1.0,0.9938552291999508,0.5,0.0,27.670571240497136
15326,244,5,1700.52,1351,94,648,340.104,0.0,0.0,0.0,0.0,0.0,0.0,0.0,10.12864512168675
15328,318,1,107.24,88,8,318,107.24,0.0,0.0,0.0,0.0,0.0,0.0,0.0,0.5202327699189923
15329,44,10,2663.13,1117,91,636,266.313,0.0,0.0,754.0,2.0,0.0,0.0,295.7,247.2184641252764
15331,410,3,767.91,701,41,519,255.97,0.0,0.0,0.0,0.0,0.0,0.0,0.0,0.7816175733815942
15332,276,6,6553.74,2958,113,423,1092.29,0.0,0.0,0.0,0.0,0.0,0.0,0.0,9.797647469691993
15333,118,1,1028.56,344,16,118,1028.56,0.0,0.0,0.0,0.0,0.0,0.0,0.0,3.6744612125070377
15334,67,3,350.82,273,67,83,116.94,0.0,0.0,350.82,3.0,0.0,0.0,0.0,26.88967087005841
15336,312,1,240.5,84,15,312,240.5,0.0,0.0,0.0,0.0,0.0,0.0,0.0,3.0042180493554076
15337,321,1,373.02,200,21,321,373.02,0.0,0.0,0.0,0.0,0.0,0.0,0.0,1.5997471374035357
15338,587,1,277.93,148,56,587,277.93,0.0,0.0,0.0,0.0,0.0,0.0,0.0,0.5010803662121046
15339,228,6,1504.85,881,134,579,250.8083333333333,0.0,0.0,0.0,0.0,0.0,0.0,316.17,16.461883732925
15340,472,1,105.5,76,7,472,105.5,0.0,0.0,0.0,0.0,0.0,0.0,0.0,0.22426579034548974
15341,359,1,382.2,196,7,359,382.2,0.0,0.0,0.0,0.0,0.0,0.0,2020.52,19.06246330156619
15342,40,1,406.09,283,24,40,406.09,0.0,0.0,406.09,1.0,0.0,0.0,0.0,17.057701862530774
15346,243,3,596.12,260,36,341,198.70666666666668,0.0,0.0,0.0,0.0,0.0,0.0,0.0,3.8846362668671897
15347,276,4,1363.6,672,29,348,340.9,0.0,0.0,0.0,0.0,0.0,0.0,0.0,6.33332293484808
15349,68,2,463.90999999999997,321,65,97,231.95499999999998,0.0,0.0,107.7,1.0,0.0,0.0,0.0,9.934038877114086
15350,283,2,663.25,323,26,293,331.625,0.0,0.0,0.0,0.0,0.0,0.0,0.0,4.803754435953521
15351,280,4,2044.8999999999999,866,103,343,511.22499999999997,0.0,0.0,0.0,0.0,0.0,0.0,1659.99,52.170213165238884
15352,459,1,111.15,40,34,459,111.15,0.0,0.0,0.0,0.0,0.0,0.0,0.0,0.7599229863834771
15353,165,7,3106.12,1522,274,648,443.7314285714286,0.0,0.0,0.0,0.0,0.0,0.0,0.0,26.871599852154404
15354,513,3,284.4,3,1,513,94.8,0.0,0.0,0.0,0.0,0.0,0.0,0.0,1.4325974527847793
15356,15,11,2895.83,1679,276,332,263.2572727272727,301.92,1.0,1069.51,3.0,0.2820337969752735,0.25,486.86,349.2650618134404
15358,31,35,14343.02,13261,320,643,409.80057142857146,0.0,0.0,1276.74,4.0,0.0,0.0,2707.39,1083.5789513228608
15359,573,8,181.35,145,10,604,22.66875,0.0,0.0,0.0,0.0,0.0,0.0,0.0,0.5117221857966214
15361,272,4,689.07,373,10,453,172.2675,0.0,0.0,0.0,0.0,0.0,0.0,0.0,4.498560127761163
15362,359,2,613.08,368,38,649,306.54,0.0,0.0,0.0,0.0,0.0,0.0,0.0,6.712150728116392
15363,283,2,1004.11,527,32,403,502.055,0.0,0.0,0.0,0.0,0.0,0.0,0.0,2.0835744409674297
15364,6,2,913.19,493,29,164,456.595,581.39,1.0,581.39,1.0,0.9982829375504387,0.5,0.0,14.70982217426962
15365,6,8,3204.09,1451,105,583,400.51125,752.6700000000001,1.0,752.6700000000001,1.0,0.9986731593402948,0.5,1353.04,202.68425909405704
15366,268,6,1892.11,1887,68,562,315.35166666666663,0.0,0.0,0.0,0.0,0.0,0.0,496.97,68.07462300707522
15367,156,9,4619.92,2637,191,639,513.3244444444445,0.0,0.0,0.0,0.0,0.0,0.0,461.40999999999997,100.66512353642054
15368,304,1,275.8,176,4,304,275.8,0.0,0.0,0.0,0.0,0.0,0.0,446.94000000000005,7.510576301239728
15369,402,11,6251.26,3288,44,642,568.2963636363637,0.0,0.0,0.0,0.0,0.0,0.0,0.0,1.4338479865239937
15370,51,5,2866.42,1178,82,321,573.284,0.0,0.0,385.52,1.0,0.0,0.0,872.5899999999999,253.8351367457201
15371,572,1,59.400000000000006,12,1,572,59.400000000000006,0.0,0.0,0.0,0.0,0.0,0.0,0.0,0.2782236705365123
15372,47,8,6017.06,6410,45,574,752.1325,0.0,0.0,2007.3999999999999,1.0,0.0,0.0,0.0,69.37932311246091
15373,26,14,2689.83,622,98,497,192.13071428571428,166.60000000000002,2.0,495.15000000000003,3.0,0.33578554872518396,0.5,729.01,313.99639519405196
15374,39,2,307.32,290,8,535,153.66,0.0,0.0,168.0,1.0,0.0,0.0,0.0,3.143832192668143
15375,600,1,60.959999999999994,84,6,600,60.959999999999994,0.0,0.0,0.0,0.0,0.0,0.0,0.0,0.12496019290211753
15376,27,2,977.22,533,94,132,488.61,334.85,1.0,334.85,1.0,0.9970224802739318,0.5,244.34,77.9765365011677
15377,293,4,1211.75,253,15,326,302.9375,0.0,0.0,0.0,0.0,0.0,0.0,0.0,2.7534021399334874
15378,373,2,246.5,130,8,412,123.25,0.0,0.0,0.0,0.0,0.0,0.0,0.0,0.5687760654894738
15379,79,8,4877.84,3000,177,311,609.73,0.0,0.0,130.8,1.0,0.0,0.0,0.0,65.66201729886542
15380,51,8,2371.36,872,22,648,296.42,0.0,0.0,352.46000000000004,1.0,0.0,0.0,1107.7,124.05621914996237
15381,124,5,1890.5700000000002,802,20,493,378.11400000000003,0.0,0.0,0.0,0.0,0.0,0.0,0.0,13.58166660639861
15382,95,10,9904.960000000001,6794,243,645,990.4960000000001,0.0,0.0,0.0,0.0,0.0,0.0,3828.59,663.9981687711976
15384,80,4,2027.79,1767,83,503,506.9475,0.0,0.0,338.84,1.0,0.0,0.0,0.0,3.838808571938696
15385,303,2,625.2,267,8,587,312.6,0.0,0.0,0.0,0.0,0.0,0.0,316.88,5.376932963712014
15386,96,1,394.14,446,31,96,394.14,0.0,0.0,0.0,0.0,0.0,0.0,0.0,6.613119327463437
15387,402,1,468.65,335,20,402,468.65,0.0,0.0,0.0,0.0,0.0,0.0,0.0,1.3171297193653788
15388,180,1,140.54,88,10,180,140.54,0.0,0.0,0.0,0.0,0.0,0.0,0.0,1.364390765944135
15389,82,5,2733.8,3940,2,592,546.76,0.0,0.0,500.0,1.0,0.0,0.0,0.0,10.17085118178694
15390,306,2,1216.66,894,77,319,608.33,0.0,0.0,0.0,0.0,0.0,0.0,0.0,4.387359713739709
15391,494,1,289.87,109,12,494,289.87,0.0,0.0,0.0,0.0,0.0,0.0,0.0,1.1627816985384942
15392,270,4,1715.07,1269,54,342,428.7675,0.0,0.0,0.0,0.0,0.0,0.0,1196.55,87.97938507989299
15393,191,4,783.58,322,35,634,195.895,0.0,0.0,0.0,0.0,0.0,0.0,107.76,8.46494731484417
15394,114,9,4539.7,2008,119,634,504.4111111111111,0.0,0.0,0.0,0.0,0.0,0.0,747.1,216.23870941115354
15395,236,1,107.45,17,7,236,107.45,0.0,0.0,0.0,0.0,0.0,0.0,0.0,0.4476032242651517
15396,23,2,796.38,278,16,494,398.19,288.18,1.0,288.18,1.0,0.9965419461926828,0.5,0.0,1.776044116324181
15397,200,1,94.0,20,6,200,94.0,0.0,0.0,0.0,0.0,0.0,0.0,0.0,0.4793360010847141
15400,2,8,1302.3,662,16,471,162.7875,172.2,2.0,257.4,3.0,0.6664086687306502,0.5,0.0,13.172596665900176
15401,362,2,216.95000000000002,93,14,479,108.47500000000001,0.0,0.0,0.0,0.0,0.0,0.0,0.0,4.812413156432513
15402,59,6,1830.54,2034,79,502,305.09,0.0,0.0,185.78,1.0,0.0,0.0,0.0,16.979984440586577
15403,402,2,170.88,492,6,641,85.44,0.0,0.0,0.0,0.0,0.0,0.0,0.0,0.8818551296087178
15404,286,1,257.06,334,16,286,257.06,0.0,0.0,0.0,0.0,0.0,0.0,0.0,2.876458255846369
15405,99,2,659.84,348,29,486,329.92,0.0,0.0,0.0,0.0,0.0,0.0,0.0,7.280922812949153
15406,211,3,717.45,423,101,363,239.15,0.0,0.0,0.0,0.0,0.0,0.0,258.42,28.405923718552117
15407,94,3,740.73,329,62,215,246.91,0.0,0.0,0.0,0.0,0.0,0.0,306.01,35.4214901256725
15408,174,1,267.18,106,34,174,267.18,0.0,0.0,0.0,0.0,0.0,0.0,0.0,4.390479308898784
15409,631,1,131.25,59,9,631,131.25,0.0,0.0,0.0,0.0,0.0,0.0,0.0,0.09697288684948221
15410,9,9,4324.29,1751,75,510,480.4766666666667,386.74,1.0,1288.52,3.0,0.2999100440473975,0.25,361.43,226.17005393802341
15411,34,2,382.21,155,22,93,191.105,0.0,0.0,225.81,1.0,0.0,0.0,966.72,81.28429646043155
15412,81,1,190.53,108,10,81,190.53,0.0,0.0,190.53,1.0,0.0,0.0,0.0,1.6899535420109943
15413,602,5,6798.72,2694,20,649,1359.7440000000001,0.0,0.0,0.0,0.0,0.0,0.0,0.0,0.5886010838383127
15414,152,1,36.2,12,5,152,36.2,0.0,0.0,0.0,0.0,0.0,0.0,738.7,4.067364945638987
15415,223,1,559.61,551,46,223,559.61,0.0,0.0,0.0,0.0,0.0,0.0,0.0,5.549574934818413
15416,65,6,3732.83,2028,161,587,622.1383333333333,0.0,0.0,869.9,1.0,0.0,0.0,839.99,219.83342142109686
15418,335,2,449.42,264,64,497,224.71,0.0,0.0,0.0,0.0,0.0,0.0,0.0,2.624288695812597
15420,344,6,743.0,844,52,644,123.83333333333333,0.0,0.0,0.0,0.0,0.0,0.0,0.0,4.9609566861451295
15421,125,9,3594.34,1806,170,642,399.37111111111113,0.0,0.0,0.0,0.0,0.0,0.0,211.0,103.51775928795499
15422,233,7,1619.97,710,80,581,231.42428571428573,0.0,0.0,0.0,0.0,0.0,0.0,0.0,6.914964581562052
15423,492,2,223.39,97,12,531,111.695,0.0,0.0,0.0,0.0,0.0,0.0,43.5,0.957098523362222
15424,164,3,597.78,873,33,373,199.26,0.0,0.0,0.0,0.0,0.0,0.0,0.0,9.464683541289098
15425,310,4,1941.1200000000001,1041,114,574,485.28000000000003,0.0,0.0,0.0,0.0,0.0,0.0,0.0,8.593419430827437
15426,167,6,1768.98,789,218,496,294.83,0.0,0.0,0.0,0.0,0.0,0.0,769.94,79.21446601119334
15428,297,3,668.97,245,35,632,222.99,0.0,0.0,0.0,0.0,0.0,0.0,93.78,5.634080230691179
15430,378,2,954.75,309,36,438,477.375,0.0,0.0,0.0,0.0,0.0,0.0,0.0,1.803155640962958
15431,413,1,153.24,84,2,413,153.24,0.0,0.0,0.0,0.0,0.0,0.0,0.0,0.28531362322166837
15432,451,1,149.57,27,6,451,149.57,0.0,0.0,0.0,0.0,0.0,0.0,171.19,3.5487233216659284
15433,124,2,533.3,534,40,177,266.65,0.0,0.0,0.0,0.0,0.0,0.0,0.0,8.475678387337986
15434,17,9,2112.86,1255,79,594,234.76222222222225,280.32,2.0,280.32,2.0,0.9964453291625196,0.6666666666666666,454.20000000000005,70.41784443326506
15436,144,1,484.1,246,124,144,484.1,0.0,0.0,0.0,0.0,0.0,0.0,583.65,13.029573208749662
15437,172,2,393.45,177,56,551,196.725,0.0,0.0,0.0,0.0,0.0,0.0,0.0,2.949259334688555
15438,41,1,156.57999999999998,59,25,41,156.57999999999998,0.0,0.0,156.57999999999998,1.0,0.0,0.0,0.0,5.003599819886354
15439,315,4,1269.05,572,49,564,317.2625,0.0,0.0,0.0,0.0,0.0,0.0,0.0,2.2805084504697675
15440,46,2,237.66,125,25,119,118.83,0.0,0.0,111.86,1.0,0.0,0.0,146.02,43.50190220262324
15441,306,3,1254.21,587,45,640,418.07,0.0,0.0,0.0,0.0,0.0,0.0,0.0,2.5478225795303446
15442,159,1,594.0,120,2,159,594.0,0.0,0.0,0.0,0.0,0.0,0.0,0.0,2.751524759360328
15443,19,9,2585.44,1407,263,553,287.2711111111111,247.09,1.0,247.09,1.0,0.9959692047240921,0.5,2528.79,197.2830840115895
15445,174,2,284.5,118,12,500,142.25,0.0,0.0,0.0,0.0,0.0,0.0,0.0,3.987650695114572
15446,287,3,399.75,265,90,636,133.25,0.0,0.0,0.0,0.0,0.0,0.0,0.0,2.538391367066268
15447,241,5,492.88,228,27,535,98.576,0.0,0.0,0.0,0.0,0.0,0.0,0.0,1.9423114944510935
15448,223,2,788.81,487,49,584,394.405,0.0,0.0,0.0,0.0,0.0,0.0,0.0,3.8097706723684253
15449,95,2,647.7,516,30,172,323.85,0.0,0.0,0.0,0.0,0.0,0.0,326.82,26.04079075464767
15451,344,2,226.86,76,56,509,113.43,0.0,0.0,0.0,0.0,0.0,0.0,0.0,2.9009857095484146
15452,174,4,1493.63,941,148,421,373.4075,0.0,0.0,0.0,0.0,0.0,0.0,291.48,38.58335963725126
15453,2,4,701.2,357,102,98,175.3,221.84,1.0,506.86,3.0,0.4368132950025598,0.25,670.57,143.3471779085021
15454,272,2,305.99,146,35,528,152.995,0.0,0.0,0.0,0.0,0.0,0.0,0.0,2.610658016760186
15455,508,1,38.25,3,2,508,38.25,0.0,0.0,0.0,0.0,0.0,0.0,0.0,0.9160382564853379
15456,193,10,2091.52,2727,128,641,209.152,0.0,0.0,0.0,0.0,0.0,0.0,0.0,28.848207933084073
15457,172,1,237.07,132,56,172,237.07,0.0,0.0,0.0,0.0,0.0,0.0,0.0,3.8750145140907284
15458,312,1,208.79999999999998,144,6,312,208.79999999999998,0.0,0.0,0.0,0.0,0.0,0.0,161.64,3.8954061409551453
15459,327,2,202.82999999999998,121,6,407,101.41499999999999,0.0,0.0,0.0,0.0,0.0,0.0,0.0,1.9216581775511195
15460,264,1,214.26,107,53,264,214.26,0.0,0.0,0.0,0.0,0.0,0.0,0.0,3.0540373427630274
15461,371,2,429.7,230,1,542,214.85,0.0,0.0,0.0,0.0,0.0,0.0,0.0,1.7985667246184842
15462,4,4,737.05,495,32,356,184.2625,64.8,1.0,129.6,2.0,0.49617151607963245,0.3333333333333333,0.0,17.58432135644702
15464,248,1,1044.65,348,155,248,1044.65,0.0,0.0,0.0,0.0,0.0,0.0,0.0,4.753885576091448
15465,49,29,11273.66,2412,94,640,388.74689655172415,0.0,0.0,639.62,2.0,0.0,0.0,1362.49,741.0299895770206
15466,300,3,1225.93,695,172,647,408.6433333333334,0.0,0.0,0.0,0.0,0.0,0.0,334.53,18.33402102098085
15467,55,2,402.56,235,36,62,201.28,0.0,0.0,402.56,2.0,0.0,0.0,122.32,60.59954900652225
15468,303,1,962.97,1245,56,303,962.97,0.0,0.0,0.0,0.0,0.0,0.0,467.51,22.4566645159991
15469,30,2,640.0,262,30,349,320.0,304.3,1.0,304.3,1.0,0.9967245332459875,0.5,234.25,28.009006020191826
15470,486,1,63.419999999999995,232,4,486,63.419999999999995,0.0,0.0,0.0,0.0,0.0,0.0,0.0,0.5390070531280322
15471,290,2,837.53,414,67,461,418.765,0.0,0.0,0.0,0.0,0.0,0.0,454.48,9.721057394214274
15472,23,1,371.56,251,76,23,371.56,371.56,1.0,371.56,1.0,0.9973158685849259,0.5,0.0,24.90919677455575
15473,355,1,274.8,104,3,355,274.8,0.0,0.0,0.0,0.0,0.0,0.0,1771.2,18.58025914631704
15474,506,1,150.35,55,19,506,150.35,0.0,0.0,0.0,0.0,0.0,0.0,0.0,0.2529102187548616
15476,290,4,2209.98,1174,67,352,552.495,0.0,0.0,0.0,0.0,0.0,0.0,0.0,30.871066826918245
15477,560,1,368.4,216,2,560,368.4,0.0,0.0,0.0,0.0,0.0,0.0,0.0,0.1331257145760781
15478,485,1,583.56,319,24,485,583.56,0.0,0.0,0.0,0.0,0.0,0.0,1399.92,13.177525561133779
15479,643,1,147.4,38,9,643,147.4,0.0,0.0,0.0,0.0,0.0,0.0,0.0,0.5974583514363214
15480,26,5,6279.0,1852,199,586,1255.8,905.5,1.0,905.5,1.0,0.9988968560397132,0.5,0.0,19.915619719702633
15481,311,1,1993.34,1450,38,311,1993.34,0.0,0.0,0.0,0.0,0.0,0.0,0.0,20.37672573910023
15482,76,11,5465.9,2187,46,647,496.9,0.0,0.0,666.06,1.0,0.0,0.0,8951.46,444.9709305705461
15483,71,10,817.8199999999999,905,216,594,81.782,0.0,0.0,114.31,3.0,0.0,0.0,0.0,7.874680070151287
15484,450,2,1061.69,924,53,644,530.845,0.0,0.0,0.0,0.0,0.0,0.0,3590.41,8.339117421274654
15485,246,6,4454.14,1841,56,648,742.3566666666667,0.0,0.0,0.0,0.0,0.0,0.0,1296.37,138.26649574414998
15486,437,1,102.0,40,1,437,102.0,0.0,0.0,0.0,0.0,0.0,0.0,0.0,0.5237875546406874
15487,590,1,231.32,144,14,590,231.32,0.0,0.0,0.0,0.0,0.0,0.0,0.0,0.07782576519409697
15488,3,5,431.92,251,10,493,86.384,91.32000000000001,1.0,91.32000000000001,1.0,0.9891681109185442,0.5,0.0,2.2459095600401167
15489,121,6,1633.5900000000001,876,66,603,272.26500000000004,0.0,0.0,0.0,0.0,0.0,0.0,786.02,36.62025357882638
15490,340,1,210.85,82,22,340,210.85,0.0,0.0,0.0,0.0,0.0,0.0,0.0,2.4203536942199197
15491,5,6,3100.09,1646,108,146,516.6816666666667,690.1400000000001,2.0,1455.17,3.0,0.4739419161224308,0.5,0.0,99.17757447672062
15493,60,7,3455.2200000000003,1013,242,565,493.6028571428572,0.0,0.0,367.5,1.0,0.0,0.0,666.46,311.9426061603822
15494,31,4,3541.9,2984,275,639,885.475,0.0,0.0,1119.88,1.0,0.0,0.0,160.7,68.000197629656
15495,289,1,246.5,194,20,289,246.5,0.0,0.0,0.0,0.0,0.0,0.0,0.0,2.5827328110388126
15496,541,1,146.14000000000001,98,22,541,146.14000000000001,0.0,0.0,0.0,0.0,0.0,0.0,0.0,0.49808650400807497
15497,230,8,8365.789999999999,2841,65,631,1045.7237499999999,0.0,0.0,0.0,0.0,0.0,0.0,291.6,59.57157571146679
15498,31,36,21759.55,11018,537,633,604.4319444444444,0.0,0.0,1983.52,6.0,0.0,0.0,4190.03,2776.0015485006024
15499,634,1,158.65,59,40,634,158.65,0.0,0.0,0.0,0.0,0.0,0.0,0.0,1.4332088094127051
15501,315,2,399.95,205,64,326,199.975,0.0,0.0,0.0,0.0,0.0,0.0,0.0,2.3563039844204305
15502,34,7,9503.87,5374,216,465,1357.6957142857143,0.0,0.0,3315.0699999999997,1.0,0.0,0.0,4429.4,1540.1361826034583
15503,273,2,257.3,130,112,637,128.65,0.0,0.0,0.0,0.0,0.0,0.0,0.0,4.711394324240221
15504,431,3,349.87,108,33,576,116.62333333333333,0.0,0.0,0.0,0.0,0.0,0.0,52.83,2.3107405599928708
15505,24,3,2091.14,964,36,65,697.0466666666666,644.96,1.0,2091.14,3.0,0.3082776487233168,0.25,1519.82,323.0214331493004
15506,49,4,1267.02,939,114,388,316.755,0.0,0.0,208.77,1.0,0.0,0.0,763.31,96.57037575910853
15507,82,1,475.86,160,41,82,475.86,0.0,0.0,475.86,1.0,0.0,0.0,0.0,10.63900295952369
15508,99,6,1000.27,440,78,145,166.71166666666667,0.0,0.0,0.0,0.0,0.0,0.0,0.0,12.19573970624987
15509,290,1,152.41,58,26,290,152.41,0.0,0.0,0.0,0.0,0.0,0.0,0.0,0.9223952078606561
15510,241,1,250.0,2,1,241,250.0,0.0,0.0,0.0,0.0,0.0,0.0,0.0,1.5491339078220703
15512,66,4,331.58,235,29,586,82.895,0.0,0.0,19.799999999999997,1.0,0.0,0.0,0.0,2.628213660497573
15513,5,33,24344.47,9546,258,605,737.7112121212122,2646.23,3.0,5282.68,5.0,0.5008308603094812,0.5,3406.08,2981.1267718144477
15514,136,13,4870.28,3173,129,645,374.63692307692304,0.0,0.0,0.0,0.0,0.0,0.0,1521.78,150.24945368863197
15515,297,1,171.81,131,7,297,171.81,0.0,0.0,0.0,0.0,0.0,0.0,0.0,0.6579012067092312
15517,143,1,267.03,293,27,143,267.03,0.0,0.0,0.0,0.0,0.0,0.0,0.0,3.0100279339372036
15518,34,14,3872.3,2664,241,630,276.59285714285716,0.0,0.0,629.6899999999999,3.0,0.0,0.0,317.69,447.287876163135
15519,293,2,344.61,116,34,356,172.305,0.0,0.0,0.0,0.0,0.0,0.0,0.0,2.315022849885885
15521,5,15,6424.82,4141,183,614,428.3213333333333,209.8,2.0,659.0,3.0,0.31787878787878787,0.5,673.42,816.5608376902899
15523,298,15,16847.18,15501,63,647,1123.1453333333334,0.0,0.0,0.0,0.0,0.0,0.0,412.01000000000005,42.37629590631414
15524,517,1,151.4,24,8,517,151.4,0.0,0.0,0.0,0.0,0.0,0.0,440.0,1.780067279517137
15525,283,2,705.71,366,66,293,352.855,0.0,0.0,0.0,0.0,0.0,0.0,459.44,18.53456991838361
15527,55,20,4457.15,1729,170,634,222.8575,0.0,0.0,183.5,1.0,0.0,0.0,1097.74,246.0220993918371
15528,164,1,229.33,123,26,164,229.33,0.0,0.0,0.0,0.0,0.0,0.0,0.0,4.685645619717083
15529,53,9,3503.95,3017,333,304,389.3277777777778,0.0,0.0,456.66999999999996,1.0,0.0,0.0,1575.37,550.4490705366086
15530,60,4,1475.06,1044,98,423,368.765,0.0,0.0,615.6,2.0,0.0,0.0,333.62,75.55816890541809
15532,41,9,3388.61,1193,386,459,376.51222222222225,0.0,0.0,860.69,2.0,0.0,0.0,350.24,290.0153624966736
15534,636,1,162.25,63,8,636,162.25,0.0,0.0,0.0,0.0,0.0,0.0,0.0,0.12400124806784096
15535,83,6,1044.3700000000001,314,88,359,174.0616666666667,0.0,0.0,125.01,1.0,0.0,0.0,0.0,11.546116945097213
15536,319,1,259.09,242,16,319,259.09,0.0,0.0,0.0,0.0,0.0,0.0,0.0,2.484216718669906
15537,73,1,110.92,29,24,73,110.92,0.0,0.0,110.92,1.0,0.0,0.0,0.0,1.5264942704077127
15538,448,6,3358.3999999999996,1016,3,574,559.7333333333332,0.0,0.0,0.0,0.0,0.0,0.0,0.0,0.5809107978557915
15540,286,1,247.38,244,16,286,247.38,0.0,0.0,0.0,0.0,0.0,0.0,213.3,2.7354212718105426
15541,24,1,85.13000000000001,49,29,24,85.13000000000001,85.13000000000001,1.0,85.13000000000001,1.0,0.9883896435620574,0.5,0.0,1.6905815690833994
15542,422,3,855.71,418,212,648,285.2366666666667,0.0,0.0,0.0,0.0,0.0,0.0,0.0,1.818893374675778
15543,198,2,242.26,167,50,370,121.13,0.0,0.0,0.0,0.0,0.0,0.0,0.0,3.1998089281622937
15544,30,18,7388.09,6122,154,590,410.44944444444445,324.72,1.0,1012.9,3.0,0.32026827103264627,0.25,774.34,776.589318411778
15545,281,1,270.65999999999997,150,31,281,270.65999999999997,0.0,0.0,0.0,0.0,0.0,0.0,153.64000000000001,7.837966634628443
15546,517,2,1079.1000000000001,198,6,517,539.5500000000001,0.0,0.0,0.0,0.0,0.0,0.0,0.0,0.5927918474840235
15547,20,20,7891.61,5120,473,643,394.5805,362.03000000000003,1.0,362.03000000000003,1.0,0.9972454067156984,0.5,2165.44,457.05150369210844
15548,506,1,158.09,64,23,506,158.09,0.0,0.0,0.0,0.0,0.0,0.0,0.0,0.41437057455403287
15549,68,7,2272.58,898,129,607,324.6542857142857,0.0,0.0,689.58,1.0,0.0,0.0,61.58,84.58673879052972
15550,16,11,2068.7000000000003,1096,160,646,188.0636363636364,154.24,1.0,295.38,2.0,0.5204129833322086,0.3333333333333333,142.35,99.86588354771627
15551,304,6,1243.75,578,95,460,207.29166666666666,0.0,0.0,0.0,0.0,0.0,0.0,436.06,13.312540894265245
15552,127,2,252.52,166,29,533,126.26,0.0,0.0,0.0,0.0,0.0,0.0,0.0,3.0364230553947555
15554,188,1,217.2,74,14,188,217.2,0.0,0.0,0.0,0.0,0.0,0.0,0.0,4.036382076052001
15555,14,30,10077.46,7007,550,644,335.9153333333333,264.73,1.0,1035.19,4.0,0.25548403285111804,0.2,1985.23,1611.1433328115695
15558,549,1,202.68,73,23,549,202.68,0.0,0.0,0.0,0.0,0.0,0.0,0.0,0.31938179978353076
15559,478,1,1109.4,526,62,478,1109.4,0.0,0.0,0.0,0.0,0.0,0.0,0.0,1.4099102368783072
15560,308,2,153.52,72,10,308,76.76,0.0,0.0,0.0,0.0,0.0,0.0,0.0,0.39848040231193416
15561,60,7,1583.47,1162,55,574,226.21,0.0,0.0,183.92,2.0,0.0,0.0,350.92,53.45876449465456
15562,262,3,671.4300000000001,560,32,636,223.81000000000003,0.0,0.0,0.0,0.0,0.0,0.0,0.0,7.119428879721093
15563,111,5,2194.64,2246,151,591,438.928,0.0,0.0,0.0,0.0,0.0,0.0,664.8199999999999,75.50124446423418
15564,373,2,70.74000000000001,42,4,586,35.370000000000005,0.0,0.0,0.0,0.0,0.0,0.0,0.0,1.2190335301385071
15566,303,2,227.87,153,9,634,113.935,0.0,0.0,0.0,0.0,0.0,0.0,0.0,3.414582595918303
15569,14,10,3583.45,1734,123,560,358.34499999999997,489.59999999999997,2.0,1087.21,4.0,0.44991316014372223,0.4,0.0,140.2587796970945
15570,52,22,7915.3,3316,405,531,359.78636363636366,0.0,0.0,301.26,1.0,0.0,0.0,1338.84,657.7897047209669
15571,296,10,3241.92,2147,410,644,324.192,0.0,0.0,0.0,0.0,0.0,0.0,650.4300000000001,61.3691871325529
15572,20,7,2984.57,1563,204,514,426.3671428571429,679.25,1.0,679.25,1.0,0.9985299522234473,0.5,980.63,151.00149340362864
15573,528,3,597.23,415,104,639,199.07666666666668,0.0,0.0,0.0,0.0,0.0,0.0,591.1899999999999,15.93995719632578
15574,88,6,1450.48,909,191,374,241.74666666666667,0.0,0.0,112.1,1.0,0.0,0.0,0.0,41.79458051842914
15575,530,1,30.1,6,3,530,30.1,0.0,0.0,0.0,0.0,0.0,0.0,0.0,0.7812052118525975
15577,61,5,396.03000000000003,120,58,636,79.206,0.0,0.0,229.23,2.0,0.0,0.0,0.0,12.458155040668604
15578,72,1,127.1,52,13,72,127.1,0.0,0.0,127.1,1.0,0.0,0.0,0.0,2.1804382972801504
15579,224,4,1118.38,651,125,342,279.595,0.0,0.0,0.0,0.0,0.0,0.0,132.25,15.660234589397266
15580,287,8,1375.39,955,150,581,171.92375,0.0,0.0,0.0,0.0,0.0,0.0,0.0,7.120087102526993
15581,31,38,7752.74,3132,542,648,204.0194736842105,0.0,0.0,3045.01,5.0,0.0,0.0,0.0,246.77039560869912
15582,10,2,541.51,407,33,130,270.755,237.9,1.0,237.9,1.0,0.9958141481791545,0.5,141.4,46.940007567493275
15583,286,1,95.96,56,37,286,95.96,0.0,0.0,0.0,0.0,0.0,0.0,0.0,1.4228616732628532
15584,72,3,697.74,218,125,581,232.58,0.0,0.0,150.4,1.0,0.0,0.0,570.46,24.43780293445292
15585,87,1,455.3,320,31,87,455.3,0.0,0.0,455.3,1.0,0.0,0.0,0.0,6.499843346758625
15586,503,3,1139.1,1338,30,611,379.7,0.0,0.0,0.0,0.0,0.0,0.0,0.0,0.7371131174308743
15587,53,5,1065.24,372,3,402,213.048,0.0,0.0,111.96,1.0,0.0,0.0,456.84000000000003,38.247483089394386
15588,588,1,579.6,96,4,588,579.6,0.0,0.0,0.0,0.0,0.0,0.0,0.0,1.6041385018018621
15589,166,3,478.53000000000003,243,28,221,159.51000000000002,0.0,0.0,0.0,0.0,0.0,0.0,0.0,3.8074375889936087
15590,292,5,1496.6,832,75,517,299.32,0.0,0.0,0.0,0.0,0.0,0.0,0.0,5.587127586890676
15591,493,3,217.9,58,6,584,72.63333333333334,0.0,0.0,0.0,0.0,0.0,0.0,0.0,0.45478610942223985
15594,4,2,788.22,464,43,145,394.11,520.31,1.0,520.31,1.0,0.9980817555772956,0.5,983.5600000000001,62.13327060152939
15595,398,1,357.6,144,4,398,357.6,0.0,0.0,0.0,0.0,0.0,0.0,0.0,0.5840244487587252
15596,11,9,3130.04,1376,82,410,347.78222222222223,16.9,1.0,16.9,1.0,0.9441340782122905,0.5,0.0,68.96257643300805
15597,485,1,238.8,114,15,485,238.8,0.0,0.0,0.0,0.0,0.0,0.0,324.57,2.432626794323201
15598,338,1,307.34,244,22,338,307.34,0.0,0.0,0.0,0.0,0.0,0.0,240.68,3.1378298445358044
15599,114,2,937.15,741,58,356,468.575,0.0,0.0,0.0,0.0,0.0,0.0,312.90999999999997,35.197988014585306
15600,338,4,1199.31,657,55,504,299.8275,0.0,0.0,0.0,0.0,0.0,0.0,0.0,1.965007614976661
15601,33,27,13769.02,10081,286,648,509.96370370370374,0.0,0.0,836.87,2.0,0.0,0.0,1191.1,776.1180727489011
15602,111,12,2475.59,1557,53,648,206.29916666666668,0.0,0.0,0.0,0.0,0.0,0.0,754.92,127.56262850534027
15603,558,1,40.0,32,2,558,40.0,0.0,0.0,0.0,0.0,0.0,0.0,48.480000000000004,1.489019506184338
15605,162,7,1428.75,537,59,604,204.10714285714286,0.0,0.0,0.0,0.0,0.0,0.0,508.05,12.625356667728111
15606,29,16,4750.21,1485,78,557,296.888125,303.22,1.0,613.03,2.0,0.49381952021888187,0.3333333333333333,480.78000000000003,446.356916890309
15607,247,9,1708.97,1470,95,611,189.88555555555556,0.0,0.0,0.0,0.0,0.0,0.0,0.0,13.171492526614385
15608,31,2,977.98,778,57,326,488.99,0.0,0.0,285.68,1.0,0.0,0.0,808.0,79.25299641489121
15609,94,1,298.48,148,16,94,298.48,0.0,0.0,0.0,0.0,0.0,0.0,0.0,2.488210594755068
15611,14,21,2352.9700000000003,500,37,593,112.04619047619049,400.47,2.0,515.04,4.0,0.7760444926749865,0.4,644.3100000000001,142.79372858811644
15613,520,1,433.71999999999997,700,27,520,433.71999999999997,0.0,0.0,0.0,0.0,0.0,0.0,0.0,1.4712478173860413
15614,348,4,3147.36,1632,73,537,786.84,0.0,0.0,0.0,0.0,0.0,0.0,0.0,4.404178039796491
15615,16,43,18342.08,10419,268,647,426.56000000000006,931.13,3.0,2145.89,7.0,0.43371108906371547,0.375,3031.89,3368.5833837746873
15616,348,1,317.11,137,13,348,317.11,0.0,0.0,0.0,0.0,0.0,0.0,0.0,2.382966713983552
15617,306,3,828.5500000000001,485,41,417,276.18333333333334,0.0,0.0,0.0,0.0,0.0,0.0,0.0,4.100413540917141
15618,2,3,419.041,215,22,47,139.68033333333332,196.21,2.0,419.041,3.0,0.46712106675300746,0.5,357.81,196.12306014510858
15620,131,3,1264.19,934,84,320,421.3966666666667,0.0,0.0,0.0,0.0,0.0,0.0,678.17,24.995715404048283
15622,107,13,6745.05,3642,296,556,518.85,0.0,0.0,0.0,0.0,0.0,0.0,1107.56,456.6552285742654
15623,51,8,2437.05,1087,91,639,304.63125,0.0,0.0,301.03,1.0,0.0,0.0,0.0,37.43314533924775
15624,27,4,588.13,357,26,166,147.0325,68.10000000000001,1.0,276.73,2.0,0.24520217477406114,0.3333333333333333,0.0,26.122359754038712
15625,14,9,3236.4,3020,106,452,359.6,287.84999999999997,1.0,838.93,3.0,0.34270713035610106,0.25,0.0,98.18198129456047
15626,240,2,673.6,684,50,331,336.8,0.0,0.0,0.0,0.0,0.0,0.0,393.92,19.13398391288882
15627,367,2,566.9,344,23,433,283.45,0.0,0.0,0.0,0.0,0.0,0.0,0.0,1.6088967601079045
15628,8,13,4407.42,2983,113,636,339.0323076923077,311.85,1.0,620.28,2.0,0.5019475920679888,0.3333333333333333,1244.84,466.1068709418591
15629,360,4,2240.9,1518,39,443,560.225,0.0,0.0,0.0,0.0,0.0,0.0,0.0,7.121176887349205
15630,115,2,691.91,467,41,554,345.955,0.0,0.0,0.0,0.0,0.0,0.0,789.49,28.029063635932047
15631,552,1,596.67,525,39,552,596.67,0.0,0.0,0.0,0.0,0.0,0.0,0.0,1.3946198047271852
15632,32,6,2351.84,1304,76,185,391.97333333333336,0.0,0.0,795.18,2.0,0.0,0.0,933.47,384.55260967743664
15633,419,13,4335.96,2048,77,641,333.5353846153846,0.0,0.0,0.0,0.0,0.0,0.0,0.0,0.569774228830059
15634,293,1,311.1,128,19,293,311.1,0.0,0.0,0.0,0.0,0.0,0.0,243.55,4.370113885195861
15635,306,1,100.35,5,2,306,100.35,0.0,0.0,0.0,0.0,0.0,0.0,0.0,0.25400747405367474
15636,192,3,1026.52,358,28,480,342.17333333333335,0.0,0.0,0.0,0.0,0.0,0.0,418.06,4.8247007101587815
15637,324,4,574.23,523,23,634,143.5575,0.0,0.0,0.0,0.0,0.0,0.0,223.36,13.399670349729309
15638,289,6,2265.2,1134,20,520,377.5333333333333,0.0,0.0,0.0,0.0,0.0,0.0,0.0,13.588617875497446
15639,44,3,1065.08,849,61,515,355.02666666666664,0.0,0.0,425.32,1.0,0.0,0.0,0.0,4.088882371361412
15640,32,25,20248.66,10609,261,635,809.9464,0.0,0.0,2129.17,3.0,0.0,0.0,3579.37,2886.3495814600165
15641,15,12,5345.55,4422,249,643,445.46250000000003,581.82,1.0,581.82,1.0,0.9982842043855736,0.5,0.0,53.799726785925834
15642,640,1,105.78000000000002,270,6,640,105.78000000000002,0.0,0.0,0.0,0.0,0.0,0.0,0.0,0.3968872621287376
15643,102,3,664.0,246,31,192,221.33333333333334,0.0,0.0,0.0,0.0,0.0,0.0,0.0,7.441518955384871
15644,76,4,803.54,550,166,171,200.885,0.0,0.0,380.35,1.0,0.0,0.0,0.0,38.49167528692103
15645,324,2,443.16,140,16,335,221.58,0.0,0.0,0.0,0.0,0.0,0.0,612.01,3.9914397214759725
15646,68,5,974.61,1051,65,320,194.922,0.0,0.0,107.60000000000001,1.0,0.0,0.0,0.0,18.047121172919297
15647,325,1,169.0,124,11,325,169.0,0.0,0.0,0.0,0.0,0.0,0.0,0.0,0.6598597551357068
15648,114,2,639.5,218,23,177,319.75,0.0,0.0,0.0,0.0,0.0,0.0,0.0,7.654339867008608
15649,246,4,2170.35,485,8,297,542.5875,0.0,0.0,0.0,0.0,0.0,0.0,0.0,3.4260127064342054
15650,432,2,553.88,210,33,539,276.94,0.0,0.0,0.0,0.0,0.0,0.0,0.0,1.3718416039455292
15651,171,3,840.08,630,44,506,280.0266666666667,0.0,0.0,0.0,0.0,0.0,0.0,418.98,8.400794394099538
15652,1,5,1405.94,657,93,395,281.188,337.74,1.0,337.74,1.0,0.9970478833323493,0.5,0.0,15.176036263688415
15653,3,2,877.4399999999999,1200,4,26,438.71999999999997,877.4399999999999,2.0,877.4399999999999,2.0,0.9988616183233915,0.6666666666666666,0.0,24.944385958951855
15655,153,1,560.67,324,34,153,560.67,0.0,0.0,0.0,0.0,0.0,0.0,0.0,3.390128742515127
15656,88,3,563.63,202,34,194,187.87666666666667,0.0,0.0,256.77,1.0,0.0,0.0,184.87,48.71200372018424
15658,100,8,2423.4700000000003,691,79,647,302.93375000000003,0.0,0.0,0.0,0.0,0.0,0.0,0.0,17.378376220139973
15659,297,2,226.04,50,8,563,113.02,0.0,0.0,0.0,0.0,0.0,0.0,306.45,4.060238706263136
15660,46,12,2096.47,1421,57,582,174.70583333333332,0.0,0.0,145.32,2.0,0.0,0.0,716.52,133.1045348896294
15661,227,8,1215.95,779,27,489,151.99375,0.0,0.0,0.0,0.0,0.0,0.0,0.0,4.202499119464869
15662,571,2,283.73,145,12,648,141.865,0.0,0.0,0.0,0.0,0.0,0.0,0.0,0.21903517948047985
15663,16,1,138.14,106,9,16,138.14,138.14,1.0,138.14,1.0,0.9928129941066551,0.5,0.0,12.793894635590641
15664,359,3,867.6,373,46,560,289.2,0.0,0.0,0.0,0.0,0.0,0.0,386.43,12.907844415312061
15665,78,5,3987.07,2777,163,545,797.414,0.0,0.0,765.79,1.0,0.0,0.0,0.0,89.30865229006662
15666,382,2,632.9399999999999,469,62,405,316.46999999999997,0.0,0.0,0.0,0.0,0.0,0.0,0.0,3.462348551377457
15668,128,1,76.32000000000001,72,1,128,76.32000000000001,0.0,0.0,0.0,0.0,0.0,0.0,0.0,0.8382546449583494
15669,14,3,565.54,262,29,174,188.51333333333332,130.8,1.0,366.74,2.0,0.3556860825583293,0.3333333333333333,118.8,52.07870872162912
15670,207,2,325.2,132,19,466,162.6,0.0,0.0,0.0,0.0,0.0,0.0,0.0,2.270424487226137
15671,5,5,1972.89,1185,47,181,394.57800000000003,638.4000000000001,1.0,939.76,2.0,0.6786002806241763,0.3333333333333333,684.24,259.97374270466844
15672,635,1,45.300000000000004,10,3,635,45.300000000000004,0.0,0.0,0.0,0.0,0.0,0.0,0.0,0.1839778251181546
15673,67,8,5492.79,2854,153,565,686.59875,0.0,0.0,318.66,1.0,0.0,0.0,711.53,308.71343992862
15674,124,12,5881.29,2999,219,641,490.1075,0.0,0.0,0.0,0.0,0.0,0.0,1066.94,334.5476271583916
15675,65,3,443.74,582,28,314,147.91333333333333,0.0,0.0,180.39,1.0,0.0,0.0,98.30000000000001,23.640274690703436
15676,194,1,897.8,555,61,194,897.8,0.0,0.0,0.0,0.0,0.0,0.0,2537.96,13.678535567064722
15677,331,2,648.4,356,32,374,324.2,0.0,0.0,0.0,0.0,0.0,0.0,657.23,7.542980987924834
15678,305,2,1473.24,838,67,433,736.62,0.0,0.0,0.0,0.0,0.0,0.0,352.7,10.031450451374278
15679,64,2,260.26,398,18,93,130.13,0.0,0.0,82.04,1.0,0.0,0.0,521.02,20.90930810321458
15680,276,8,3652.79,2453,128,648,456.59875,0.0,0.0,0.0,0.0,0.0,0.0,854.79,45.59238153136063
15681,93,12,2266.76,1026,40,474,188.89666666666668,0.0,0.0,0.0,0.0,0.0,0.0,722.94,106.67120495884063
15682,509,2,318.24,222,25,597,159.12,0.0,0.0,0.0,0.0,0.0,0.0,0.0,0.20840135636492135
15683,27,2,524.54,332,25,384,262.27,193.75,1.0,193.75,1.0,0.9948652118100129,0.5,0.0,3.1157646269295944
15684,457,3,173.95,77,9,645,57.98333333333333,0.0,0.0,0.0,0.0,0.0,0.0,0.0,0.35549926985125946
15685,360,1,55.980000000000004,36,17,360,55.980000000000004,0.0,0.0,0.0,0.0,0.0,0.0,0.0,1.4095328232504922
15686,330,1,90.0,72,1,330,90.0,0.0,0.0,0.0,0.0,0.0,0.0,0.0,0.42478182339990533
15687,97,5,1679.45,657,69,240,335.89,0.0,0.0,0.0,0.0,0.0,0.0,1313.65,161.64261573698207
15688,329,1,190.57,95,26,329,190.57,0.0,0.0,0.0,0.0,0.0,0.0,0.0,3.1862323284681553
15689,30,3,521.03,207,20,528,173.67666666666665,150.6,1.0,150.6,1.0,0.9934036939313984,0.5,0.0,5.566163426263108
15690,11,1,111.0,204,8,11,111.0,111.0,1.0,111.0,1.0,0.9910714285714286,0.5,128.76,34.25646129630914
15691,162,4,571.3,212,12,643,142.825,0.0,0.0,0.0,0.0,0.0,0.0,0.0,4.654376051306788
15693,569,1,37.5,30,1,569,37.5,0.0,0.0,0.0,0.0,0.0,0.0,0.0,1.0338449776698029
15694,86,19,7637.19,1720,46,642,401.9573684210526,0.0,0.0,304.08000000000004,1.0,0.0,0.0,3173.62,525.8498924595659
15695,177,4,1131.04,484,55,592,282.76,0.0,0.0,0.0,0.0,0.0,0.0,0.0,3.7086652387432277
15696,131,11,2800.06,1088,116,594,254.55090909090907,0.0,0.0,0.0,0.0,0.0,0.0,1081.16,61.75753405650178
15697,600,1,246.75,127,14,600,246.75,0.0,0.0,0.0,0.0,0.0,0.0,0.0,0.16554483184807897
15698,534,1,46.2,60,2,534,46.2,0.0,0.0,0.0,0.0,0.0,0.0,0.0,0.49564240402494636
15700,82,2,696.68,357,85,83,348.34,0.0,0.0,696.68,2.0,0.0,0.0,0.0,7.614576106835556
15701,21,1,853.9,472,119,21,853.9,853.9,1.0,853.9,1.0,0.9988302725464967,0.5,675.1,220.61473650501577
15702,386,2,140.39000000000001,103,30,592,70.19500000000001,0.0,0.0,0.0,0.0,0.0,0.0,0.0,0.6435483656406853
15703,175,1,211.5,66,5,175,211.5,0.0,0.0,0.0,0.0,0.0,0.0,0.0,2.710172579159631
15704,50,6,3734.6600000000003,1709,129,493,622.4433333333334,0.0,0.0,786.3000000000001,2.0,0.0,0.0,0.0,95.73536186734027
15705,111,1,143.1,62,6,111,143.1,0.0,0.0,0.0,0.0,0.0,0.0,0.0,2.608310998828653
15706,26,1,450.05,160,29,26,450.05,450.05,1.0,450.05,1.0,0.9977829508923622,0.5,610.51,43.01473576083423
15708,49,8,3558.53,1358,114,336,444.81625,0.0,0.0,632.13,1.0,0.0,0.0,645.91,526.1370197289516
15709,194,2,327.85,169,26,499,163.925,0.0,0.0,0.0,0.0,0.0,0.0,0.0,2.1154004184429493
15710,327,1,898.87,641,110,327,898.87,0.0,0.0,0.0,0.0,0.0,0.0,0.0,4.347396691239226
15711,467,2,420.25,199,25,595,210.125,0.0,0.0,0.0,0.0,0.0,0.0,0.0,0.33162426815567725
15712,20,10,3166.36,1162,79,649,316.636,307.66,1.0,307.66,1.0,0.9967601892049505,0.5,306.05,191.2814724092656
15713,53,4,1010.79,510,48,634,252.6975,0.0,0.0,185.55,1.0,0.0,0.0,0.0,7.890649576821627
15714,363,3,453.93,175,14,466,151.31,0.0,0.0,0.0,0.0,0.0,0.0,330.03000000000003,24.411013627003324
15715,466,5,658.02,246,33,530,131.60399999999998,0.0,0.0,0.0,0.0,0.0,0.0,0.0,1.47813525045783
15716,56,11,3014.66,1808,188,643,274.06,0.0,0.0,216.37,1.0,0.0,0.0,0.0,107.30265249996071
15717,144,5,607.0,224,17,503,121.4,0.0,0.0,0.0,0.0,0.0,0.0,0.0,3.4858048801736365
15718,450,1,293.79,95,18,450,293.79,0.0,0.0,0.0,0.0,0.0,0.0,0.0,0.5629500863045938
15719,10,29,9227.87,4811,415,649,318.20241379310346,515.17,1.0,1633.1000000000001,4.0,0.31526222385410924,0.2,968.1,1182.4241172291502
15720,460,1,140.49,46,25,460,140.49,0.0,0.0,0.0,0.0,0.0,0.0,598.73,1.9916228431913447
15722,19,9,4436.24,1846,84,550,492.91555555555556,654.15,1.0,654.15,1.0,0.9984736319926735,0.5,797.7600000000001,154.30568536013686
15723,275,4,930.7,427,108,484,232.675,0.0,0.0,0.0,0.0,0.0,0.0,0.0,6.288818277713529
15724,111,3,310.85,117,17,311,103.61666666666667,0.0,0.0,0.0,0.0,0.0,0.0,0.0,4.056825571959938
15726,300,1,321.91,123,23,300,321.91,0.0,0.0,0.0,0.0,0.0,0.0,0.0,1.5395312238160022
15727,17,14,8802.04,5470,407,595,628.7171428571429,887.47,1.0,1358.42,2.0,0.6528298833325977,0.3333333333333333,569.67,659.3968604520644
15728,290,2,544.6,132,10,354,272.3,0.0,0.0,0.0,0.0,0.0,0.0,0.0,2.5345609482795934
15729,123,3,192.55,47,10,313,64.18333333333334,0.0,0.0,0.0,0.0,0.0,0.0,0.0,2.689422462104471
15730,2,4,1382.92,861,81,341,345.73,309.79,1.0,309.79,1.0,0.9967823932558962,0.5,343.66,87.98768088224384
15731,464,1,125.3,122,8,464,125.3,0.0,0.0,0.0,0.0,0.0,0.0,0.0,0.22577840967908533
15732,122,10,1682.07,1361,53,584,168.207,0.0,0.0,0.0,0.0,0.0,0.0,0.0,28.490892638644315
15733,193,1,162.3,62,10,193,162.3,0.0,0.0,0.0,0.0,0.0,0.0,0.0,0.9775611683628738
15734,25,4,2263.3,516,36,457,565.825,760.8000000000001,1.0,760.8000000000001,1.0,0.9986873195064321,0.5,0.0,4.203756992622471
15735,331,1,327.68,206,19,331,327.68,0.0,0.0,0.0,0.0,0.0,0.0,0.0,1.5515549054087359
15736,345,2,1767.12,1208,95,345,883.56,0.0,0.0,0.0,0.0,0.0,0.0,0.0,9.374646645172856
15737,58,5,880.9300000000001,443,43,153,176.186,0.0,0.0,168.20000000000002,1.0,0.0,0.0,307.19,72.74605440497292
15738,7,38,12414.0,8660,70,639,326.6842105263158,622.19,2.0,924.39,3.0,0.6723543587028172,0.5,958.97,1099.7783250485538
15741,368,2,208.62,70,11,529,104.31,0.0,0.0,0.0,0.0,0.0,0.0,0.0,1.1251343387728534
15742,529,1,156.87,51,41,529,156.87,0.0,0.0,0.0,0.0,0.0,0.0,0.0,1.1949711190841532
15743,24,2,434.05,119,31,95,217.025,111.5,1.0,111.5,1.0,0.9911111111111112,0.5,341.91,47.46969744141552
15745,146,1,302.85,127,18,146,302.85,0.0,0.0,0.0,0.0,0.0,0.0,791.74,6.8359612960994465
15746,44,1,196.88,178,28,44,196.88,0.0,0.0,196.88,1.0,0.0,0.0,0.0,5.317513386163722
15747,30,8,2078.54,1159,95,601,259.8175,282.71999999999997,1.0,525.37,2.0,0.5371126773942283,0.3333333333333333,421.27,68.79118264062133
15748,359,2,465.45000000000005,211,16,359,232.72500000000002,0.0,0.0,0.0,0.0,0.0,0.0,144.36,17.396980521477783
15749,145,3,44534.3,18028,5,242,14844.766666666668,0.0,0.0,0.0,0.0,0.0,0.0,0.0,3.5529777084538434
15750,81,14,5438.641,3859,328,648,388.4743571428571,0.0,0.0,497.26,1.0,0.0,0.0,1354.8700000000001,686.0988403575911
15751,371,11,1380.44,443,90,643,125.49454545454546,0.0,0.0,0.0,0.0,0.0,0.0,0.0,1.9268268282241277
15752,3,8,3651.33,2642,332,368,456.41625,810.59,2.0,1050.69,3.0,0.7707499358175888,0.5,533.23,337.3938261766043
15753,215,1,79.2,144,1,215,79.2,0.0,0.0,0.0,0.0,0.0,0.0,0.0,0.5885212743742405
15754,157,7,2670.84,1599,96,565,381.54857142857145,0.0,0.0,0.0,0.0,0.0,0.0,366.77,100.66007951848644
15755,18,14,4773.7,3231,230,646,340.9785714285714,524.1,1.0,524.1,1.0,0.9980956008379356,0.5,1219.42,313.75423671855754
15756,63,3,359.89,166,118,159,119.96333333333332,0.0,0.0,115.72,1.0,0.0,0.0,168.12,34.58483526658589
15757,128,5,2487.3,1433,140,457,497.46000000000004,0.0,0.0,0.0,0.0,0.0,0.0,453.06,53.307947682305524
15759,128,7,830.9300000000001,523,10,648,118.70428571428572,0.0,0.0,0.0,0.0,0.0,0.0,0.0,5.709448991426379
15760,541,2,13916.34,2,1,541,6958.17,0.0,0.0,0.0,0.0,0.0,0.0,0.0,0.21919692107596428
15761,353,1,143.05,31,5,353,143.05,0.0,0.0,0.0,0.0,0.0,0.0,0.0,0.8916722079242377
15764,17,7,4499.73,2943,187,388,642.8185714285713,1582.1,2.0,1582.1,2.0,0.999368327964121,0.6666666666666666,3.35,15.350554544461543
15765,577,1,370.63,335,25,577,370.63,0.0,0.0,0.0,0.0,0.0,0.0,0.0,0.26144212722823007
15766,366,2,516.0,164,15,592,258.0,0.0,0.0,0.0,0.0,0.0,0.0,315.06,11.206548796795905
15768,26,34,15308.89,4215,437,647,450.2614705882353,142.68,1.0,142.68,1.0,0.9930400890868597,0.5,0.0,49.10924878758064
15769,12,39,74315.32,41572,19,639,1905.5210256410257,8489.0,4.0,13974.0,6.0,0.6074418604651163,0.5714285714285714,14389.0,12048.955859500096
15770,523,1,321.45,67,18,523,321.45,0.0,0.0,0.0,0.0,0.0,0.0,0.0,0.2449801008329679
15771,514,3,1006.54,512,26,604,335.5133333333333,0.0,0.0,0.0,0.0,0.0,0.0,0.0,0.6986695148902337
15772,328,1,280.88,110,16,328,280.88,0.0,0.0,0.0,0.0,0.0,0.0,0.0,4.462633200828843
15773,319,1,138.84,99,37,319,138.84,0.0,0.0,0.0,0.0,0.0,0.0,635.6800000000001,4.6330649220022035
15774,328,5,1017.54,378,69,566,203.50799999999998,0.0,0.0,0.0,0.0,0.0,0.0,270.8,8.771538577688842
15775,155,2,150.5,260,9,542,75.25,0.0,0.0,0.0,0.0,0.0,0.0,0.0,1.2963980590361681
15776,43,1,241.62,138,18,43,241.62,0.0,0.0,241.62,1.0,0.0,0.0,0.0,27.70707494424089
15777,151,7,1762.61,599,29,479,251.80142857142854,0.0,0.0,0.0,0.0,0.0,0.0,0.0,13.337882513141555
15778,341,1,307.95,101,17,341,307.95,0.0,0.0,0.0,0.0,0.0,0.0,0.0,2.4517017074951455
15779,373,2,124.08000000000001,20,8,442,62.040000000000006,0.0,0.0,0.0,0.0,0.0,0.0,0.0,0.6998704023174798
15780,94,3,475.28000000000003,220,26,268,158.42666666666668,0.0,0.0,0.0,0.0,0.0,0.0,0.0,7.250198954854731
15781,48,2,211.3,66,11,216,105.65,0.0,0.0,127.95000000000002,1.0,0.0,0.0,134.16,20.6662235762689
15782,340,1,1399.36,980,18,340,1399.36,0.0,0.0,0.0,0.0,0.0,0.0,2614.7400000000002,26.311749538208712
15784,378,2,848.3299999999999,381,33,582,424.16499999999996,0.0,0.0,0.0,0.0,0.0,0.0,0.0,0.6051374679090714
15785,68,15,5306.79,3878,88,634,353.786,0.0,0.0,335.43,2.0,0.0,0.0,663.14,532.7497315437811
15786,24,3,6730.26,4903,267,447,2243.42,3147.64,1.0,3147.64,1.0,0.9996824025611057,0.5,1771.36,201.184361831859
15788,419,1,221.82999999999998,115,14,419,221.82999999999998,0.0,0.0,0.0,0.0,0.0,0.0,0.0,0.33117468749367357
15789,268,6,1962.01,2499,110,534,327.00166666666667,0.0,0.0,0.0,0.0,0.0,0.0,0.0,18.703551848027107
15791,114,4,3218.89,1797,112,552,804.7225,0.0,0.0,0.0,0.0,0.0,0.0,389.45000000000005,143.58829528170725
15792,310,2,933.84,606,57,529,466.92,0.0,0.0,0.0,0.0,0.0,0.0,0.0,3.2736345816116477
15793,179,6,1740.6,1324,9,648,290.09999999999997,0.0,0.0,0.0,0.0,0.0,0.0,658.97,41.25129244388787
15794,646,2,777.0,288,15,647,388.5,0.0,0.0,0.0,0.0,0.0,0.0,0.0,0.9122684631086868
15795,60,8,1979.8700000000001,1411,111,601,247.48375000000001,0.0,0.0,610.01,1.0,0.0,0.0,0.0,14.763337886442834
15796,19,14,4035.79,1401,133,528,288.2707142857143,325.8,1.0,325.8,1.0,0.9969400244798041,0.5,1135.8400000000001,347.7276145485764
15797,23,6,2821.08,1281,12,591,470.18,367.2,1.0,367.2,1.0,0.9972840847365562,0.5,0.0,6.034155020537265
15798,403,3,1535.37,915,73,592,511.78999999999996,0.0,0.0,0.0,0.0,0.0,0.0,0.0,1.5513098157953178
15799,95,3,1018.4399999999999,925,91,328,339.47999999999996,0.0,0.0,0.0,0.0,0.0,0.0,402.90000000000003,56.099634009859784
15800,17,7,1227.07,575,198,528,175.29571428571427,452.39,1.0,452.39,1.0,0.9977943933478903,0.5,0.0,17.73444075658992
15801,20,1,137.22,70,9,20,137.22,137.22,1.0,137.22,1.0,0.9927651569960931,0.5,926.73,19.824607460576576
15802,53,1,451.42,1,1,53,451.42,0.0,0.0,451.42,1.0,0.0,0.0,0.0,4.714134252774679
15803,355,3,1513.84,740,42,586,504.6133333333333,0.0,0.0,0.0,0.0,0.0,0.0,415.82000000000005,21.020640084561347
15804,4,5,2554.84,1492,130,109,510.968,910.41,2.0,2029.48,4.0,0.4483718135613254,0.4,1651.55,374.9730941007257
15805,16,24,8209.25,5111,278,639,342.0520833333333,550.75,1.0,844.08,4.0,0.6517134472475978,0.2,1939.68,1162.7760177211294
15806,68,2,521.88,413,19,187,260.94,0.0,0.0,221.52,1.0,0.0,0.0,262.7,53.30819126582309
15807,318,2,913.62,1102,40,576,456.81,0.0,0.0,0.0,0.0,0.0,0.0,903.9,8.984561411197802
15808,216,21,18133.3,7080,348,648,863.4904761904761,0.0,0.0,0.0,0.0,0.0,0.0,0.0,7.618666999035181
15809,94,6,1157.88,650,45,445,192.98000000000002,0.0,0.0,0.0,0.0,0.0,0.0,116.56,23.85310373312287
15810,80,7,2968.25,1648,87,583,424.0357142857143,0.0,0.0,507.07,1.0,0.0,0.0,30.79,94.71232201822197
15811,16,6,3331.18,1565,181,298,555.1966666666666,478.96000000000004,1.0,478.96000000000004,1.0,0.9979164930410868,0.5,444.82,180.71879930893854
15812,17,12,5201.47,3450,87,634,433.4558333333334,213.9,1.0,746.9200000000001,2.0,0.2859931543480586,0.3333333333333333,0.0,138.06707987314823
15813,118,2,1303.9099999999999,603,40,150,651.9549999999999,0.0,0.0,0.0,0.0,0.0,0.0,0.0,14.100350605766149
15814,303,2,689.11,457,23,513,344.555,0.0,0.0,0.0,0.0,0.0,0.0,1945.33,18.457042019864677
15815,51,4,1874.7,1514,24,170,468.675,0.0,0.0,480.62,1.0,0.0,0.0,225.9,138.09199465115395
15816,452,2,144.14999999999998,54,11,452,72.07499999999999,0.0,0.0,0.0,0.0,0.0,0.0,0.0,0.431693251323345
15817,331,3,2766.4,1596,133,453,922.1333333333333,0.0,0.0,0.0,0.0,0.0,0.0,0.0,4.159198121584192
15818,498,1,340.5,284,11,498,340.5,0.0,0.0,0.0,0.0,0.0,0.0,0.0,0.30172991384740466
15819,41,9,3614.81,2710,171,542,401.6455555555556,0.0,0.0,408.33,1.0,0.0,0.0,319.98,396.3625528242438
15820,230,1,206.98,128,17,230,206.98,0.0,0.0,0.0,0.0,0.0,0.0,0.0,3.1821404143776997
15822,269,5,1394.79,735,34,643,278.95799999999997,0.0,0.0,0.0,0.0,0.0,0.0,445.27,12.847558876718612
15823,282,3,3897.17,1775,155,641,1299.0566666666666,0.0,0.0,0.0,0.0,0.0,0.0,0.0,9.051029927087527
15824,363,2,890.94,478,24,442,445.47,0.0,0.0,0.0,0.0,0.0,0.0,0.0,1.6375405356038097
15825,82,1,532.94,220,20,82,532.94,0.0,0.0,532.94,1.0,0.0,0.0,0.0,5.571859890648803
15826,121,2,1663.97,1349,66,478,831.985,0.0,0.0,0.0,0.0,0.0,0.0,934.3100000000001,48.86313816944643
15827,24,27,3556.14,1691,112,611,131.70888888888888,222.45,1.0,482.49,3.0,0.46009224596165377,0.25,237.93,223.4638357963407
15828,285,1,1108.82,367,74,285,1108.82,0.0,0.0,0.0,0.0,0.0,0.0,0.0,3.060120605032799
15829,9,2,636.14,996,44,51,318.07,310.7,1.0,636.14,2.0,0.48764792667231693,0.3333333333333333,0.0,29.089732569243488
15831,34,2,451.11,687,22,234,225.555,0.0,0.0,141.17,1.0,0.0,0.0,343.53,50.58566932387467
15832,164,1,836.79,465,54,164,836.79,0.0,0.0,0.0,0.0,0.0,0.0,0.0,5.929504636017652
15833,648,1,80.4,24,5,648,80.4,0.0,0.0,0.0,0.0,0.0,0.0,0.0,0.45592883311311966
15834,76,6,3322.46,1531,268,334,553.7433333333333,0.0,0.0,510.45,1.0,0.0,0.0,441.93,452.81036755435883
15835,48,3,675.51,333,32,241,225.17,0.0,0.0,187.20000000000002,1.0,0.0,0.0,278.58,35.95379823549871
15837,396,1,385.03000000000003,216,28,396,385.03000000000003,0.0,0.0,0.0,0.0,0.0,0.0,391.98,4.487057360731655
15838,19,27,54673.42,54294,58,635,2024.9414814814813,480.00000000000006,1.0,5944.62,5.0,0.08073169829218821,0.16666666666666666,19489.58,11626.828700617632
15839,58,1,299.18,234,20,58,299.18,0.0,0.0,299.18,1.0,0.0,0.0,749.31,68.51565762544921
15840,83,1,241.74,256,17,83,241.74,0.0,0.0,241.74,1.0,0.0,0.0,113.82,23.6357176035371
15841,128,7,2131.61,1815,47,640,304.5157142857143,0.0,0.0,0.0,0.0,0.0,0.0,610.8000000000001,88.2816806140918
15842,303,2,548.8,296,24,438,274.4,0.0,0.0,0.0,0.0,0.0,0.0,0.0,3.007294146989684
15843,214,1,118.95000000000002,27,8,214,118.95000000000002,0.0,0.0,0.0,0.0,0.0,0.0,0.0,0.7194933546300799
15845,55,8,3241.27,1580,105,592,405.15875,0.0,0.0,989.6,2.0,0.0,0.0,1185.01,318.70269359900635
15846,295,1,107.01,79,27,295,107.01,0.0,0.0,0.0,0.0,0.0,0.0,0.0,0.6344819012600458
15847,198,4,613.98,542,28,552,153.495,0.0,0.0,0.0,0.0,0.0,0.0,208.59,11.828153316882569
15848,532,1,137.99,45,34,532,137.99,0.0,0.0,0.0,0.0,0.0,0.0,0.0,1.0524624935551963
15850,78,5,888.03,1275,231,636,177.606,0.0,0.0,116.16,1.0,0.0,0.0,118.72,21.80112471542335
15851,437,1,109.73,67,8,437,109.73,0.0,0.0,0.0,0.0,0.0,0.0,0.0,0.4222305189344153
15852,97,3,257.26,60,31,437,85.75333333333333,0.0,0.0,0.0,0.0,0.0,0.0,0.0,2.2771665141098136
15854,50,18,5002.85,1509,135,640,277.93611111111113,0.0,0.0,809.3000000000001,3.0,0.0,0.0,575.4300000000001,586.0092802993629
15855,47,6,1052.72,712,72,386,175.45333333333335,0.0,0.0,237.55,1.0,0.0,0.0,0.0,16.982714609145408
15856,5,42,28951.56,16800,347,646,689.3228571428572,2886.59,6.0,3697.29,8.0,0.7805201863563972,0.6666666666666666,4895.71,4126.052145693437
15857,340,1,273.48,276,10,340,273.48,0.0,0.0,0.0,0.0,0.0,0.0,297.0,6.107095972353872
15858,199,10,3324.9900000000002,2476,231,640,332.499,0.0,0.0,0.0,0.0,0.0,0.0,611.35,72.47027501926343
15859,342,1,438.46,174,22,342,438.46,0.0,0.0,0.0,0.0,0.0,0.0,0.0,1.3124489033963063
15860,9,15,2265.94,1239,232,644,151.06266666666667,112.86,1.0,346.88,3.0,0.3244222145567437,0.25,198.02,161.99480501391952
15861,45,7,2346.04,2179,321,590,335.1485714285714,0.0,0.0,407.52,1.0,0.0,0.0,2023.16,165.69769234195405
15862,22,12,2693.37,1558,378,633,224.4475,168.72,1.0,168.72,1.0,0.9941079424935187,0.5,173.15,167.86608349667105
15863,103,4,295.46,145,58,633,73.865,0.0,0.0,0.0,0.0,0.0,0.0,59.64,19.57596842464598
15864,9,4,1202.3000000000002,852,13,291,300.57500000000005,543.6,1.0,715.44,2.0,0.7587516051588409,0.3333333333333333,978.46,164.0371627819993
15865,124,3,1660.22,951,99,613,553.4066666666666,0.0,0.0,0.0,0.0,0.0,0.0,581.2,20.312398294137544
15866,11,1,211.89,124,43,11,211.89,211.89,1.0,211.89,1.0,0.9953027385034525,0.5,0.0,30.35839406564125
15867,23,28,8172.22,4546,509,635,291.865,326.01,1.0,892.14,2.0,0.3650155630696195,0.3333333333333333,862.73,737.0412170283162
15868,493,1,94.53,57,4,493,94.53,0.0,0.0,0.0,0.0,0.0,0.0,0.0,0.2575238895324358
15869,187,3,321.11,273,29,536,107.03666666666668,0.0,0.0,0.0,0.0,0.0,0.0,0.0,1.5607202219727967
15870,307,3,506.02,171,61,356,168.67333333333332,0.0,0.0,0.0,0.0,0.0,0.0,351.44,7.075403009804967
15871,347,1,33.099999999999994,5,5,347,33.099999999999994,0.0,0.0,0.0,0.0,0.0,0.0,0.0,0.443937941628209
15872,289,2,413.0,280,70,460,206.5,0.0,0.0,0.0,0.0,0.0,0.0,316.25,4.627343344352937
15873,410,4,313.91999999999996,1152,3,411,78.47999999999999,0.0,0.0,0.0,0.0,0.0,0.0,0.0,0.9456510149679268
15874,88,20,9086.63,3633,236,611,454.33149999999995,0.0,0.0,44.95,1.0,0.0,0.0,2198.13,280.34272010705513
15875,556,1,108.52,74,18,556,108.52,0.0,0.0,0.0,0.0,0.0,0.0,0.0,0.20216644969408704
15876,319,2,1449.1399999999999,886,11,358,724.5699999999999,0.0,0.0,0.0,0.0,0.0,0.0,0.0,7.021053601623808
15878,472,2,330.77,243,47,644,165.385,0.0,0.0,0.0,0.0,0.0,0.0,0.0,0.49544447687852705
15879,314,4,1137.8,639,171,632,284.45,0.0,0.0,0.0,0.0,0.0,0.0,0.0,4.944346953993817
15880,279,1,658.0600000000001,404,95,279,658.0600000000001,0.0,0.0,0.0,0.0,0.0,0.0,0.0,8.704723215960108
15881,222,5,501.39000000000004,260,26,274,100.278,0.0,0.0,0.0,0.0,0.0,0.0,0.0,2.112940074947467
15882,109,8,1495.98,814,49,639,186.9975,0.0,0.0,0.0,0.0,0.0,0.0,0.0,19.769438857583744
15884,342,2,244.60000000000002,152,14,646,122.30000000000001,0.0,0.0,0.0,0.0,0.0,0.0,0.0,3.4824109986406375
15885,3,15,1951.82,622,83,598,130.12133333333333,364.35,2.0,364.35,2.0,0.9972628985903927,0.6666666666666666,0.0,16.188410825195053
15886,327,3,871.78,520,47,508,290.5933333333333,0.0,0.0,0.0,0.0,0.0,0.0,181.09,5.812678649822285
15887,317,3,1027.15,605,27,466,342.3833333333334,0.0,0.0,0.0,0.0,0.0,0.0,0.0,3.0614585509451047
15888,311,2,260.85,63,24,437,130.425,0.0,0.0,0.0,0.0,0.0,0.0,168.31,4.2432924717313965
15889,67,8,1699.67,941,256,640,212.45875,0.0,0.0,148.0,1.0,0.0,0.0,0.0,18.83775700237352
15890,305,5,535.65,119,10,515,107.13,0.0,0.0,0.0,0.0,0.0,0.0,0.0,1.8419443677358562
15891,137,1,511.68,418,60,137,511.68,0.0,0.0,0.0,0.0,0.0,0.0,0.0,6.60563171013874
15892,579,1,128.2,46,38,579,128.2,0.0,0.0,0.0,0.0,0.0,0.0,0.0,0.9010057469141404
15893,392,1,305.28000000000003,288,1,392,305.28000000000003,0.0,0.0,0.0,0.0,0.0,0.0,0.0,0.9834934309679015
15894,163,2,409.69,275,35,279,204.845,0.0,0.0,0.0,0.0,0.0,0.0,0.0,3.1616983517057533
15895,60,1,179.17,94,11,60,179.17,0.0,0.0,179.17,1.0,0.0,0.0,0.0,7.609539303912176
15897,104,2,208.59,223,17,104,104.295,0.0,0.0,0.0,0.0,0.0,0.0,0.0,3.1519631154846603
15898,137,24,5127.2,2241,280,638,213.63333333333333,0.0,0.0,0.0,0.0,0.0,0.0,385.89,95.8413646269835
15899,279,1,112.5,78,4,279,112.5,0.0,0.0,0.0,0.0,0.0,0.0,0.0,0.7082231811441722
15900,324,3,549.29,440,68,473,183.09666666666666,0.0,0.0,0.0,0.0,0.0,0.0,337.28,13.984736841024189
15901,65,5,446.48,525,70,454,89.296,0.0,0.0,110.49,1.0,0.0,0.0,241.24,16.315695410891376
15902,290,1,145.01,124,18,290,145.01,0.0,0.0,0.0,0.0,0.0,0.0,0.0,1.467095517731565
15903,138,7,4454.72,2192,39,605,636.3885714285715,0.0,0.0,0.0,0.0,0.0,0.0,4485.12,114.41773555748023
15905,453,1,114.69,82,22,453,114.69,0.0,0.0,0.0,0.0,0.0,0.0,0.0,0.5135622070896585
15906,55,7,1760.21,447,86,361,251.45857142857145,0.0,0.0,114.55,1.0,0.0,0.0,769.98,85.99574559964064
15907,87,2,477.59000000000003,237,93,120,238.79500000000002,0.0,0.0,254.52,1.0,0.0,0.0,405.13,51.180803543424155
15908,401,2,758.62,173,37,422,379.31,0.0,0.0,0.0,0.0,0.0,0.0,0.0,2.4738475803391258
15909,84,1,191.94,98,7,84,191.94,0.0,0.0,191.94,1.0,0.0,0.0,0.0,1.5224090984231913
15910,9,12,2095.65,1655,343,598,174.63750000000002,112.75,1.0,112.75,1.0,0.9912087912087912,0.5,565.52,91.50501992392225
15911,534,8,1700.24,810,162,640,212.53,0.0,0.0,0.0,0.0,0.0,0.0,0.0,2.104937322443963
15912,88,9,1074.7,759,83,639,119.41111111111111,0.0,0.0,123.13,1.0,0.0,0.0,0.0,9.205942631884565
15913,444,1,6.300000000000001,3,1,444,6.300000000000001,0.0,0.0,0.0,0.0,0.0,0.0,0.0,0.49886969785674506
15914,288,2,205.99,149,13,288,102.995,0.0,0.0,0.0,0.0,0.0,0.0,0.0,2.5210327645996684
15915,312,1,364.45,414,105,312,364.45,0.0,0.0,0.0,0.0,0.0,0.0,0.0,6.975182289136056
15916,102,10,2721.78,1324,178,639,272.178,0.0,0.0,0.0,0.0,0.0,0.0,655.91,165.48299208667964
15917,158,5,530.17,248,127,647,106.03399999999999,0.0,0.0,0.0,0.0,0.0,0.0,0.0,6.978217691452578
15918,101,3,582.88,240,49,542,194.29333333333332,0.0,0.0,0.0,0.0,0.0,0.0,0.0,6.031555930382538
15919,279,1,428.15999999999997,350,38,279,428.15999999999997,0.0,0.0,0.0,0.0,0.0,0.0,311.61,6.281037610573623
15920,64,9,569.14,238,93,635,63.23777777777778,0.0,0.0,167.5,4.0,0.0,0.0,0.0,4.7146009864797715
15921,83,4,775.26,335,69,551,193.815,0.0,0.0,323.03000000000003,1.0,0.0,0.0,0.0,9.522540770946417
15922,283,1,739.0,276,11,283,739.0,0.0,0.0,0.0,0.0,0.0,0.0,0.0,3.150412728537076
15923,283,1,254.16,244,21,283,254.16,0.0,0.0,0.0,0.0,0.0,0.0,0.0,2.401275094921775
15924,641,1,102.82,103,14,641,102.82,0.0,0.0,0.0,0.0,0.0,0.0,0.0,0.5105626616666622
15925,104,1,207.15,93,12,104,207.15,0.0,0.0,0.0,0.0,0.0,0.0,0.0,2.810542454755128
15926,452,1,134.44,155,7,452,134.44,0.0,0.0,0.0,0.0,0.0,0.0,0.0,0.28168917283057915
15927,557,1,106.54,66,13,557,106.54,0.0,0.0,0.0,0.0,0.0,0.0,0.0,0.18262123029648142
15928,566,1,293.53,164,11,566,293.53,0.0,0.0,0.0,0.0,0.0,0.0,0.0,0.16874612995726418
15929,554,1,594.0,120,1,554,594.0,0.0,0.0,0.0,0.0,0.0,0.0,0.0,1.607820119999503
15931,338,1,239.9,118,14,338,239.9,0.0,0.0,0.0,0.0,0.0,0.0,0.0,3.10031687639212
15932,18,6,1885.95,1509,65,199,314.325,302.58,1.0,612.7,2.0,0.49304220303079677,0.3333333333333333,609.92,311.1848472581001
15934,328,2,2190.66,2166,29,340,1095.33,0.0,0.0,0.0,0.0,0.0,0.0,0.0,11.691550582271976
15935,149,2,416.86,115,12,152,208.43,0.0,0.0,0.0,0.0,0.0,0.0,0.0,3.9809341590476324
15936,289,2,282.79,211,16,378,141.395,0.0,0.0,0.0,0.0,0.0,0.0,0.0,2.558853418365621
15938,22,9,734.81,449,27,467,81.64555555555555,69.28,1.0,69.28,1.0,0.9857712009106432,0.5,0.0,4.509586297601832
15939,17,15,8805.630000000001,6104,52,285,587.042,249.4,2.0,1227.9,5.0,0.20294572381804865,0.3333333333333333,254.76,655.282361817266
15940,221,1,35.8,4,1,221,35.8,0.0,0.0,0.0,0.0,0.0,0.0,0.0,0.5834918076507143
15941,547,1,405.0,60,6,547,405.0,0.0,0.0,0.0,0.0,0.0,0.0,0.0,0.3705475624156513
15942,44,1,337.44,232,14,44,337.44,0.0,0.0,337.44,1.0,0.0,0.0,0.0,21.05441352528012
15943,560,2,271.28999999999996,183,12,588,135.64499999999998,0.0,0.0,0.0,0.0,0.0,0.0,0.0,0.20447185755533692
15944,187,4,2164.24,859,25,636,541.06,0.0,0.0,0.0,0.0,0.0,0.0,0.0,5.699942739533794
15945,275,4,827.27,397,24,648,206.8175,0.0,0.0,0.0,0.0,0.0,0.0,0.0,4.724758906819174
15946,413,3,2304.18,1614,25,544,768.06,0.0,0.0,0.0,0.0,0.0,0.0,0.0,0.33203562625691524
15948,335,1,553.85,285,35,335,553.85,0.0,0.0,0.0,0.0,0.0,0.0,955.24,5.223760873702014
15950,16,8,6467.58,3080,208,593,808.4475,662.5600000000001,1.0,662.5600000000001,1.0,0.9984929772740972,0.5,653.33,161.77061024480713
15951,196,2,680.12,281,35,291,340.06,0.0,0.0,0.0,0.0,0.0,0.0,333.05,5.464615811418293
15952,69,2,309.2,140,25,135,154.6,0.0,0.0,76.55,1.0,0.0,0.0,472.71000000000004,13.116463938054563
15953,122,14,2814.84,1400,69,646,201.06,0.0,0.0,0.0,0.0,0.0,0.0,833.24,115.15516566283907
15954,499,1,190.75,119,20,499,190.75,0.0,0.0,0.0,0.0,0.0,0.0,0.0,0.35386757957304876
15955,17,16,6705.75,3181,153,564,419.109375,1018.03,5.0,1018.03,5.0,0.9990186746219444,0.8333333333333334,1952.6100000000001,916.3544733080901
15956,461,2,617.6,278,18,637,308.8,0.0,0.0,0.0,0.0,0.0,0.0,0.0,1.131399080365791
15957,331,2,492.36,242,88,331,246.18,0.0,0.0,0.0,0.0,0.0,0.0,428.89,6.517403944399217
15958,314,3,357.77,121,45,461,119.25666666666666,0.0,0.0,0.0,0.0,0.0,0.0,104.35,3.234692099656133
15959,592,3,542.89,269,58,592,180.96333333333334,0.0,0.0,0.0,0.0,0.0,0.0,0.0,1.8971426801126032
15960,284,4,410.95,258,24,345,102.7375,0.0,0.0,0.0,0.0,0.0,0.0,0.0,1.5121579174762987
15961,289,1,451.28999999999996,154,42,289,451.28999999999996,0.0,0.0,0.0,0.0,0.0,0.0,0.0,1.529552413866297
15962,359,1,289.48,228,43,359,289.48,0.0,0.0,0.0,0.0,0.0,0.0,0.0,5.1148112494992075
15964,573,1,269.21000000000004,93,20,573,269.21000000000004,0.0,0.0,0.0,0.0,0.0,0.0,0.0,1.0467377721672855
15965,277,10,2275.45,1027,144,647,227.545,0.0,0.0,0.0,0.0,0.0,0.0,652.6800000000001,63.37094357411603
15966,361,1,426.53000000000003,275,27,361,426.53000000000003,0.0,0.0,0.0,0.0,0.0,0.0,0.0,5.45617145607606
15967,229,11,2730.22,1038,290,648,248.20181818181817,0.0,0.0,0.0,0.0,0.0,0.0,235.78,62.13268064886246
15968,298,1,404.55,247,70,298,404.55,0.0,0.0,0.0,0.0,0.0,0.0,0.0,3.6289698858678
15969,96,3,769.65,143,23,432,256.55,0.0,0.0,0.0,0.0,0.0,0.0,357.4,21.146715227331455
15970,214,2,1017.32,498,19,509,508.66,0.0,0.0,0.0,0.0,0.0,0.0,0.0,2.0749869362739704
15971,19,13,3812.4300000000003,1446,12,642,293.2638461538462,291.4,1.0,1023.3,3.0,0.28448696670897194,0.25,2090.4,205.29456007841407
15972,366,5,1769.33,468,104,510,353.866,0.0,0.0,0.0,0.0,0.0,0.0,0.0,3.4054370241823078
15973,277,3,988.44,301,8,339,329.48,0.0,0.0,0.0,0.0,0.0,0.0,0.0,2.413373833446385
15974,5,6,2895.0099999999998,1864,119,199,482.5016666666666,347.88,1.0,840.16,2.0,0.41357173427172,0.3333333333333333,547.14,331.4949241111535
15976,75,6,1694.41,1053,265,461,282.4016666666667,0.0,0.0,217.65,1.0,0.0,0.0,0.0,8.712793326850997
15978,342,2,2180.64,1556,72,554,1090.32,0.0,0.0,0.0,0.0,0.0,0.0,1098.78,20.25201933300186
15979,513,1,329.22,450,22,513,329.22,0.0,0.0,0.0,0.0,0.0,0.0,0.0,0.34765534954477867
15980,164,5,4905.0,3854,83,466,981.0,0.0,0.0,0.0,0.0,0.0,0.0,1638.68,135.19510713853117
15981,48,19,8412.49,4257,131,531,442.7626315789474,0.0,0.0,836.0,2.0,0.0,0.0,950.28,939.5731246752756
15982,515,1,324.51,131,45,515,324.51,0.0,0.0,0.0,0.0,0.0,0.0,0.0,0.44429982690516845
15983,271,7,3597.27,2234,117,643,513.8957142857142,0.0,0.0,0.0,0.0,0.0,0.0,326.75,32.753780480326306
15984,11,27,7542.6,4914,425,648,279.35555555555555,1032.18,2.0,1032.18,2.0,0.9990321144427883,0.6666666666666666,973.12,806.0217053486845
15985,33,7,2715.28,2750,50,471,387.8971428571429,0.0,0.0,242.84,1.0,0.0,0.0,0.0,35.57560945075644
15986,292,1,186.3,100,11,292,186.3,0.0,0.0,0.0,0.0,0.0,0.0,168.12,3.4544294816850223
15987,31,7,1410.33,1517,98,289,201.47571428571428,0.0,0.0,677.55,2.0,0.0,0.0,239.14,250.89844570664818
15988,462,2,582.11,296,93,567,291.055,0.0,0.0,0.0,0.0,0.0,0.0,156.78,13.14975513765434
15989,286,2,368.31,169,81,647,184.155,0.0,0.0,0.0,0.0,0.0,0.0,0.0,2.7512656048701234
15990,197,6,1607.01,814,95,560,267.835,0.0,0.0,0.0,0.0,0.0,0.0,390.74,17.294210118054803
15991,444,1,150.55,41,6,444,150.55,0.0,0.0,0.0,0.0,0.0,0.0,0.0,0.6536658326167939
15992,306,2,854.61,497,51,364,427.305,0.0,0.0,0.0,0.0,0.0,0.0,41.989999999999995,3.7803140614667696
15994,322,2,761.4100000000001,289,69,546,380.70500000000004,0.0,0.0,0.0,0.0,0.0,0.0,414.27,7.6059729630673365
15995,324,1,694.54,352,108,324,694.54,0.0,0.0,0.0,0.0,0.0,0.0,0.0,7.604520812736325
15996,26,6,1496.83,694,128,307,249.47166666666666,111.56,1.0,252.59,2.0,0.43992270988603654,0.3333333333333333,152.82,190.35448495727815
15998,82,14,7299.18,4688,614,649,521.37,0.0,0.0,329.84,1.0,0.0,0.0,974.96,468.78729604334256
15999,646,1,20.4,24,1,646,20.4,0.0,0.0,0.0,0.0,0.0,0.0,0.0,0.6828736686717254
16001,291,1,583.39,337,29,291,583.39,0.0,0.0,0.0,0.0,0.0,0.0,0.0,4.370714207494199
16002,535,1,169.21,70,42,535,169.21,0.0,0.0,0.0,0.0,0.0,0.0,0.0,0.4472369547616843
16003,45,8,4672.36,1620,126,646,584.045,0.0,0.0,612.9,2.0,0.0,0.0,941.47,214.4083952673621
16004,385,5,2146.39,1076,63,593,429.27799999999996,0.0,0.0,0.0,0.0,0.0,0.0,0.0,1.780618967445815
16005,93,8,2062.19,1106,232,360,257.77375,0.0,0.0,0.0,0.0,0.0,0.0,303.3,139.75478117634333
16006,121,2,332.82,205,75,298,166.41,0.0,0.0,0.0,0.0,0.0,0.0,0.0,5.154132544979038
16007,91,5,2086.92,1824,269,453,417.384,0.0,0.0,0.0,0.0,0.0,0.0,966.14,117.49107084677756
16008,115,13,4999.5,2989,58,541,384.5769230769231,0.0,0.0,0.0,0.0,0.0,0.0,339.63,239.4733644213166
16009,70,1,441.59000000000003,196,55,70,441.59000000000003,0.0,0.0,441.59000000000003,1.0,0.0,0.0,530.52,39.16689719880658
16010,156,11,1694.86,919,122,322,154.0781818181818,0.0,0.0,0.0,0.0,0.0,0.0,0.0,18.938531594398313
16011,2,25,4671.66,2832,169,649,186.8664,678.52,3.0,967.0,5.0,0.7009504132231404,0.5,1167.3,720.5353638257548
16012,39,4,2695.42,1512,176,440,673.855,0.0,0.0,1132.12,2.0,0.0,0.0,283.17,125.12185576452214
16013,9,72,43419.18,19222,52,642,603.0441666666667,5843.78,7.0,10608.02,12.0,0.5508312737651545,0.5384615384615384,13721.26,11540.114179066448
16014,62,4,967.83,426,211,588,241.9575,0.0,0.0,260.75,1.0,0.0,0.0,132.45000000000002,25.53586802384862
16016,106,7,1771.98,717,127,312,253.14000000000001,0.0,0.0,0.0,0.0,0.0,0.0,674.44,236.66124982272444
16017,327,4,1333.7,533,81,614,333.425,0.0,0.0,0.0,0.0,0.0,0.0,211.88,7.117993195083917
16018,90,3,451.13,357,39,642,150.37666666666667,0.0,0.0,161.9,1.0,0.0,0.0,247.0,23.106391389022313
16019,46,25,16495.170000000002,6419,210,635,659.8068000000001,0.0,0.0,462.75,1.0,0.0,0.0,833.99,202.81334130306817
16021,305,2,487.03,276,117,455,243.515,0.0,0.0,0.0,0.0,0.0,0.0,0.0,9.064143507649158
16022,170,1,602.63,255,68,170,602.63,0.0,0.0,0.0,0.0,0.0,0.0,0.0,3.804705392168371
16023,102,2,500.69,227,59,176,250.345,0.0,0.0,0.0,0.0,0.0,0.0,219.12,15.332459991816737
16024,322,2,232.96,107,21,322,116.48,0.0,0.0,0.0,0.0,0.0,0.0,251.03,4.915225483510708
16027,2,15,2048.36,2099,20,610,136.55733333333333,158.4,1.0,417.95000000000005,3.0,0.3780880773361976,0.25,0.0,13.779572128885869
16028,506,1,82.2,18,5,506,82.2,0.0,0.0,0.0,0.0,0.0,0.0,0.0,0.30433289727435686
16029,4,96,95314.44,41704,56,642,992.85875,10196.28,9.0,17383.88,21.0,0.586502754117371,0.4090909090909091,26720.7,16302.375960866646
16030,220,1,331.24,283,28,220,331.24,0.0,0.0,0.0,0.0,0.0,0.0,0.0,1.102332556325642
16031,2,2,547.9,421,91,157,273.95,242.27,1.0,242.27,1.0,0.9958893410613722,0.5,0.0,23.857810213717915
16032,366,6,1965.72,1467,130,433,327.62,0.0,0.0,0.0,0.0,0.0,0.0,0.0,2.363961097907396
16033,18,23,7850.18,2872,444,395,341.31217391304347,1317.38,2.0,2599.18,5.0,0.5066495396472552,0.3333333333333333,2914.27,1724.4144489657701
16034,106,6,911.3199999999999,585,43,319,151.88666666666666,0.0,0.0,0.0,0.0,0.0,0.0,0.0,8.888969629941036
16035,470,1,217.73,33,21,470,217.73,0.0,0.0,0.0,0.0,0.0,0.0,0.0,0.8432154412605465
16036,173,3,1986.65,780,88,530,662.2166666666667,0.0,0.0,0.0,0.0,0.0,0.0,570.19,25.92515260676752
16037,180,5,1509.34,766,62,559,301.868,0.0,0.0,0.0,0.0,0.0,0.0,0.0,7.075363445399882
16038,87,2,393.33,229,23,112,196.665,0.0,0.0,76.38,1.0,0.0,0.0,78.45,11.22981187185526
16039,334,2,456.4,409,27,538,228.2,0.0,0.0,0.0,0.0,0.0,0.0,0.0,3.5098008727453873
16040,58,6,1979.53,1010,82,520,329.9216666666667,0.0,0.0,453.75,1.0,0.0,0.0,437.37,35.41677477063527
16041,51,2,2739.8,1044,5,51,1369.9,0.0,0.0,2739.8,2.0,0.0,0.0,426.6,62.846372550191695
16042,18,5,1508.33,947,58,364,301.666,415.53,1.0,415.53,1.0,0.9975992125417137,0.5,736.99,151.23882183658878
16043,121,7,1759.0900000000001,850,48,392,251.29857142857145,0.0,0.0,0.0,0.0,0.0,0.0,97.5,83.9312711991542
16044,345,1,340.84000000000003,170,19,345,340.84000000000003,0.0,0.0,0.0,0.0,0.0,0.0,0.0,1.5060370898131108
16045,30,8,3434.9300000000003,2108,111,409,429.36625000000004,210.05,1.0,479.45,2.0,0.4371942970132168,0.3333333333333333,0.0,141.10663375327934
16046,472,1,235.78,248,22,472,235.78,0.0,0.0,0.0,0.0,0.0,0.0,0.0,0.15815779270621505
16047,592,1,107.14,1,1,592,107.14,0.0,0.0,0.0,0.0,0.0,0.0,0.0,0.10858508617258927
16048,283,4,1075.23,569,30,460,268.8075,0.0,0.0,0.0,0.0,0.0,0.0,0.0,3.0998591479582087
16049,285,3,777.34,369,175,426,259.11333333333334,0.0,0.0,0.0,0.0,0.0,0.0,1074.81,101.26719320084884
16050,84,3,300.7,388,19,311,100.23333333333333,0.0,0.0,137.9,1.0,0.0,0.0,0.0,4.7674157516882865
16051,592,1,188.44,80,12,592,188.44,0.0,0.0,0.0,0.0,0.0,0.0,0.0,0.13474965623591792
16053,32,5,3247.08,2277,153,521,649.4159999999999,0.0,0.0,1124.19,1.0,0.0,0.0,387.76,130.86232493657008
16054,55,4,2111.88,791,109,527,527.97,0.0,0.0,783.9,1.0,0.0,0.0,0.0,6.468006398489163
16055,131,1,134.8,22,8,131,134.8,0.0,0.0,0.0,0.0,0.0,0.0,0.0,1.4962436510068151
16057,6,9,3135.96,1448,148,611,348.44,484.69,3.0,484.69,3.0,0.9979410735242644,0.75,718.89,218.82309457388556
16058,316,1,62.7,18,2,316,62.7,0.0,0.0,0.0,0.0,0.0,0.0,0.0,0.11045355037193166
16059,74,10,2663.26,1231,207,479,266.326,0.0,0.0,303.6,1.0,0.0,0.0,508.56,215.7136740287797
16060,311,3,541.95,243,22,404,180.65,0.0,0.0,0.0,0.0,0.0,0.0,0.0,2.7960024955931844
16061,341,1,89.65,19,3,341,89.65,0.0,0.0,0.0,0.0,0.0,0.0,0.0,0.36046934533108815
16062,44,7,2487.97,1885,122,446,355.4242857142857,0.0,0.0,199.96,1.0,0.0,0.0,375.48,139.67114276590084
16063,170,1,335.32,262,23,170,335.32,0.0,0.0,0.0,0.0,0.0,0.0,0.0,1.356156437933075
16064,635,1,109.31,55,17,635,109.31,0.0,0.0,0.0,0.0,0.0,0.0,0.0,0.10996755402608749
16065,275,8,2359.27,1435,214,373,294.90875,0.0,0.0,0.0,0.0,0.0,0.0,0.0,22.11668566293575
16066,34,1,316.38,186,6,34,316.38,0.0,0.0,316.38,1.0,0.0,0.0,1204.66,32.80447150268924
16067,473,3,3269.11,1236,60,585,1089.7033333333334,0.0,0.0,0.0,0.0,0.0,0.0,0.0,0.2798299613423692
16068,504,1,115.73,48,34,504,115.73,0.0,0.0,0.0,0.0,0.0,0.0,0.0,0.493931127820125
16069,328,1,457.7,138,25,328,457.7,0.0,0.0,0.0,0.0,0.0,0.0,0.0,1.4204799333654106
16071,437,3,750.5600000000001,517,47,565,250.1866666666667,0.0,0.0,0.0,0.0,0.0,0.0,326.24,7.710910448999513
16072,198,4,4180.09,1580,414,459,1045.0225,0.0,0.0,0.0,0.0,0.0,0.0,0.0,8.613453285296828
16073,207,1,122.39999999999999,48,1,207,122.39999999999999,0.0,0.0,0.0,0.0,0.0,0.0,0.0,0.5650356157980752
16074,300,1,252.5,38,23,300,252.5,0.0,0.0,0.0,0.0,0.0,0.0,0.0,2.1697716259257134
16075,413,2,736.9300000000001,271,41,474,368.46500000000003,0.0,0.0,0.0,0.0,0.0,0.0,0.0,2.2855583361404674
16076,3,5,1357.98,1012,69,119,271.596,727.06,3.0,1052.53,4.0,0.6901179843003996,0.6,876.75,342.9434382798687
16077,536,1,2300.4,840,8,536,2300.4,0.0,0.0,0.0,0.0,0.0,0.0,0.0,0.5797722481404625
16078,194,2,362.99,200,39,579,181.495,0.0,0.0,0.0,0.0,0.0,0.0,0.0,2.0989891262301503
16080,184,3,515.66,236,24,360,171.88666666666666,0.0,0.0,0.0,0.0,0.0,0.0,86.9,4.0324883974893755
16081,95,6,2629.51,1233,155,585,438.2516666666667,0.0,0.0,0.0,0.0,0.0,0.0,1807.05,119.62748368350024
16082,580,1,106.75,39,16,580,106.75,0.0,0.0,0.0,0.0,0.0,0.0,0.0,0.1287808871458729
16083,11,4,2351.42,1514,61,299,587.855,979.64,1.0,979.64,1.0,0.9989802577908304,0.5,0.0,19.216955135902865
16084,209,1,436.18,216,38,209,436.18,0.0,0.0,0.0,0.0,0.0,0.0,0.0,1.3064875967465275
16085,147,9,1684.56,970,196,598,187.17333333333332,0.0,0.0,0.0,0.0,0.0,0.0,656.47,66.13786560709293
16086,8,9,2643.3,1403,65,647,293.70000000000005,312.64,1.0,312.64,1.0,0.9968116311694937,0.5,221.69,119.38964840906682
16087,299,5,1739.92,664,6,600,347.98400000000004,0.0,0.0,0.0,0.0,0.0,0.0,0.0,6.382735857156818
16088,486,2,1437.43,373,3,502,718.715,0.0,0.0,0.0,0.0,0.0,0.0,0.0,0.5646532717281525
16089,296,2,263.49,119,42,419,131.745,0.0,0.0,0.0,0.0,0.0,0.0,0.0,3.386534877278474
16090,534,1,180.56,58,18,534,180.56,0.0,0.0,0.0,0.0,0.0,0.0,0.0,0.20648108026563053
16091,65,2,315.06,154,16,109,157.53,0.0,0.0,157.81,1.0,0.0,0.0,0.0,12.18567873756324
16092,25,6,1587.94,1188,60,489,264.6566666666667,224.13,1.0,224.13,1.0,0.9955581219739706,0.5,0.0,11.126750789896164
16093,17,1,17.0,20,1,17,17.0,17.0,1.0,17.0,1.0,0.9444444444444444,0.5,0.0,12.778680614215547
16094,129,8,2869.43,1537,81,512,358.67875,0.0,0.0,0.0,0.0,0.0,0.0,826.13,117.1316643449655
16095,366,1,447.05,265,30,366,447.05,0.0,0.0,0.0,0.0,0.0,0.0,0.0,2.5993498736619705
16096,174,4,1584.97,700,58,555,396.2425,0.0,0.0,0.0,0.0,0.0,0.0,0.0,6.695002077808799
16097,150,1,185.04999999999998,87,10,150,185.04999999999998,0.0,0.0,0.0,0.0,0.0,0.0,0.0,2.322534006485114
16098,38,13,4148.16,2030,80,635,319.08923076923077,0.0,0.0,490.27,2.0,0.0,0.0,293.14,350.2497785042107
16099,48,6,1433.4,888,41,557,238.9,0.0,0.0,273.8,1.0,0.0,0.0,139.8,44.86984938481763
16100,373,1,582.64,438,37,373,582.64,0.0,0.0,0.0,0.0,0.0,0.0,0.0,1.3240713380194247
16101,345,3,1938.46,1087,94,472,646.1533333333333,0.0,0.0,0.0,0.0,0.0,0.0,1290.7,19.696481459442268
16102,9,2,1392.8400000000001,776,41,39,696.4200000000001,553.08,1.0,1392.8400000000001,2.0,0.3968030763932732,0.3333333333333333,449.3,271.47959751511144
16103,68,20,5918.47,2469,106,611,295.9235,0.0,0.0,351.14,1.0,0.0,0.0,273.24,359.2825756385701
16104,329,8,2476.25,925,162,644,309.53125,0.0,0.0,0.0,0.0,0.0,0.0,298.21,18.469586082010373
16105,159,5,2386.19,2125,92,514,477.238,0.0,0.0,0.0,0.0,0.0,0.0,0.0,44.68529514345379
16107,13,3,1494.1200000000001,500,16,93,498.04,642.4200000000001,1.0,961.22,2.0,0.6676435742345825,0.3333333333333333,1710.04,120.0735651692569
16108,344,3,1393.42,858,79,541,464.47333333333336,0.0,0.0,0.0,0.0,0.0,0.0,842.5,9.273522335367034
16109,129,3,939.48,1092,30,609,313.16,0.0,0.0,0.0,0.0,0.0,0.0,0.0,6.389228518305137
16110,172,3,1138.82,502,235,432,379.6066666666666,0.0,0.0,0.0,0.0,0.0,0.0,642.77,63.866077521578106
16111,338,1,549.33,233,72,338,549.33,0.0,0.0,0.0,0.0,0.0,0.0,0.0,3.091621051023878
16112,53,4,195.73999999999998,574,15,249,48.934999999999995,0.0,0.0,59.599999999999994,2.0,0.0,0.0,0.0,4.64319365603031
16113,93,1,161.38,176,30,93,161.38,0.0,0.0,0.0,0.0,0.0,0.0,0.0,1.5068622015313715
16114,81,1,135.75000000000003,43,8,81,135.75000000000003,0.0,0.0,135.75000000000003,1.0,0.0,0.0,0.0,1.8915377710471817
16115,27,9,1817.51,1187,192,485,201.94555555555556,273.02,1.0,418.29,2.0,0.6511483698633403,0.3333333333333333,736.29,103.12948653950819
16116,122,1,612.78,248,34,122,612.78,0.0,0.0,0.0,0.0,0.0,0.0,0.0,4.484752492790593
16117,100,3,654.4,321,64,502,218.13333333333333,0.0,0.0,0.0,0.0,0.0,0.0,0.0,8.711025576547726
16118,563,1,4376.25,2851,41,563,4376.25,0.0,0.0,0.0,0.0,0.0,0.0,0.0,0.2268346305880621
16119,304,6,1297.45,571,31,634,216.24166666666667,0.0,0.0,0.0,0.0,0.0,0.0,423.36,8.848832347959615
16120,332,2,1658.3700000000001,1283,60,332,829.1850000000001,0.0,0.0,0.0,0.0,0.0,0.0,1309.14,48.711449850045575
16121,126,4,881.32,442,159,476,220.33,0.0,0.0,0.0,0.0,0.0,0.0,568.72,72.61794203418582
16122,23,5,867.18,1182,26,335,173.43599999999998,300.42,1.0,300.42,1.0,0.99668237011479,0.5,134.16000000000003,108.26122033343009
16124,227,4,1772.49,797,63,643,443.1225,0.0,0.0,0.0,0.0,0.0,0.0,0.0,8.591657895268902
16125,277,14,4581.7,1943,168,635,327.2642857142857,0.0,0.0,0.0,0.0,0.0,0.0,0.0,3.6891770010450804
16126,12,14,12063.53,5099,133,647,861.6807142857143,1862.7,1.0,1862.7,1.0,0.9994634329559479,0.5,2581.07,1136.9932101029426
16127,637,1,145.06,68,35,637,145.06,0.0,0.0,0.0,0.0,0.0,0.0,656.25,3.529172985342619
16128,54,8,2615.53,1823,116,421,326.94125,0.0,0.0,306.4,1.0,0.0,0.0,1185.52,335.7817015913545
16129,317,3,1396.05,1261,91,418,465.34999999999997,0.0,0.0,0.0,0.0,0.0,0.0,0.0,7.589285502522036
16130,332,4,987.48,296,53,527,246.87,0.0,0.0,0.0,0.0,0.0,0.0,0.0,2.4226061653549023
16131,26,10,8729.38,4210,130,648,872.9379999999999,613.98,2.0,613.98,2.0,0.9983739308595402,0.6666666666666666,1228.04,237.27306076095886
16132,454,2,664.1999999999999,280,14,538,332.09999999999997,0.0,0.0,0.0,0.0,0.0,0.0,0.0,1.641687521410336
16133,11,46,19022.49,10989,235,529,413.53239130434787,1538.54,5.0,3827.9,11.0,0.40182297787876414,0.4166666666666667,3969.77,3477.8578516190514
16134,269,4,1810.78,1424,71,451,452.695,0.0,0.0,0.0,0.0,0.0,0.0,334.56,47.03299914674416
16135,173,2,819.45,395,35,494,409.725,0.0,0.0,0.0,0.0,0.0,0.0,0.0,3.294757467734289
16136,188,2,396.72,300,17,574,198.36,0.0,0.0,0.0,0.0,0.0,0.0,550.08,3.5253599515640475
16137,590,1,422.7,210,28,590,422.7,0.0,0.0,0.0,0.0,0.0,0.0,0.0,0.6591423148438058
16138,289,3,910.35,774,35,501,303.45,0.0,0.0,0.0,0.0,0.0,0.0,0.0,3.4191340865498043
16139,22,4,782.11,427,35,646,195.5275,166.57,1.0,166.57,1.0,0.9940323446917706,0.5,329.04,22.176872220956575
16140,281,2,956.5600000000001,750,33,352,478.28000000000003,0.0,0.0,0.0,0.0,0.0,0.0,601.04,5.761289637929099
16141,327,1,335.54,172,20,327,335.54,0.0,0.0,0.0,0.0,0.0,0.0,620.4,1.9880614120702702
16142,160,1,535.34,422,37,160,535.34,0.0,0.0,0.0,0.0,0.0,0.0,0.0,4.333284946235232
16143,18,11,4435.25,1807,103,640,403.20454545454544,375.19,1.0,375.19,1.0,0.997341768787049,0.5,475.58000000000004,270.5769181872855
16144,157,1,175.2,16,1,157,175.2,0.0,0.0,0.0,0.0,0.0,0.0,0.0,1.5752337130642298
16145,10,16,5606.26,4395,190,494,350.39125,318.01,1.0,1284.03,4.0,0.24747282164618725,0.2,1199.18,1154.4171092209745
16146,67,4,946.38,544,34,359,236.595,0.0,0.0,75.0,1.0,0.0,0.0,0.0,10.31717236295043
16147,44,5,2398.91,1395,113,583,479.782,0.0,0.0,375.0,1.0,0.0,0.0,0.0,22.68035041176742
16148,206,2,386.62,250,9,347,193.31,0.0,0.0,0.0,0.0,0.0,0.0,0.0,1.7601339623135268
16149,52,2,305.38,458,23,339,152.69,0.0,0.0,163.68,1.0,0.0,0.0,116.84,21.048323502264008
16150,39,8,3751.27,1891,120,632,468.90875,0.0,0.0,444.21999999999997,1.0,0.0,0.0,644.32,301.34951157109884
16152,179,1,1829.04,642,29,179,1829.04,0.0,0.0,0.0,0.0,0.0,0.0,0.0,2.3843901370958993
16153,26,10,4332.8,3150,140,473,433.28000000000003,323.44,1.0,323.44,1.0,0.9969177659967945,0.5,800.69,282.04124499250264
16155,292,5,796.9,495,45,450,159.38,0.0,0.0,0.0,0.0,0.0,0.0,0.0,5.157804136108602
16156,62,16,4511.31,2586,156,647,281.956875,0.0,0.0,384.6,2.0,0.0,0.0,1676.8700000000001,598.9393917451109
16158,432,9,628.32,182,29,644,69.81333333333333,0.0,0.0,0.0,0.0,0.0,0.0,0.0,1.500243275379705
16159,192,4,1232.79,635,31,647,308.1975,0.0,0.0,0.0,0.0,0.0,0.0,0.0,6.314183591579762
16161,50,36,10247.25,5235,360,580,284.6458333333333,0.0,0.0,775.6,2.0,0.0,0.0,2497.01,1253.9047739515274
16162,162,1,37.4,4,2,162,37.4,0.0,0.0,0.0,0.0,0.0,0.0,0.0,1.5012917539547412
16163,142,6,2849.58,768,59,648,474.93,0.0,0.0,0.0,0.0,0.0,0.0,0.0,11.394608750152535
16165,415,1,79.9,2,1,415,79.9,0.0,0.0,0.0,0.0,0.0,0.0,0.0,0.37495129241116665
16166,338,2,435.83,173,18,601,217.915,0.0,0.0,0.0,0.0,0.0,0.0,0.0,2.4457715051966895
16167,324,5,1386.1200000000001,1494,51,649,277.22400000000005,0.0,0.0,0.0,0.0,0.0,0.0,0.0,5.490896483769379
16168,5,57,9480.99,4599,119,647,166.33315789473684,639.9,5.0,1236.81,8.0,0.5169614076473772,0.5555555555555556,1155.48,1382.4042424348381
16170,23,19,6544.61,5769,241,569,344.4531578947368,310.78999999999996,1.0,615.79,2.0,0.5038830071823472,0.3333333333333333,324.39,542.6702831101856
16172,5,8,1884.55,1419,81,423,235.56875,339.86,2.0,940.83,4.0,0.36085068430608497,0.4,0.0,27.997094972479726
16173,2,2,635.05,242,39,8,317.525,635.05,2.0,635.05,2.0,0.9984277965568744,0.6666666666666666,783.27,105.34841320356446
16174,36,7,2246.75,1431,28,513,320.9642857142857,0.0,0.0,1009.5500000000001,3.0,0.0,0.0,0.0,17.90413799171499
16175,4,7,1836.44,932,59,474,262.34857142857146,300.7,1.0,570.61,2.0,0.5260579765924319,0.3333333333333333,0.0,10.742165089159275
16176,331,4,2052.69,952,53,530,513.1725,0.0,0.0,0.0,0.0,0.0,0.0,0.0,7.177323636756904
16177,347,7,1915.36,926,66,557,273.62285714285713,0.0,0.0,0.0,0.0,0.0,0.0,331.95,18.703831303463
16178,48,2,612.6,304,24,311,306.3,0.0,0.0,197.9,1.0,0.0,0.0,0.0,8.870794367685805
16180,10,13,16249.87,9813,171,444,1249.99,1724.8,1.0,7508.75,4.0,0.2296747561503379,0.2,0.0,343.37181949315595
16182,40,8,8198.0,4896,12,551,1024.75,0.0,0.0,2327.0,1.0,0.0,0.0,1773.65,333.32097922119715
16183,305,3,739.1,238,17,317,246.36666666666667,0.0,0.0,0.0,0.0,0.0,0.0,338.71000000000004,5.354667362958738
16184,16,5,985.8000000000001,470,22,121,197.16000000000003,420.98,2.0,537.91,3.0,0.7811693974875212,0.5,172.99,128.66931929159801
16185,143,2,450.31,214,28,475,225.155,0.0,0.0,0.0,0.0,0.0,0.0,194.41,5.834070006792023
16186,13,23,7715.7,6047,153,640,335.46521739130435,755.14,2.0,1349.18,4.0,0.5592883911774726,0.4,1310.41,1317.6426857570084
16187,9,12,5395.7,3925,140,194,449.64166666666665,1497.26,3.0,2831.06,5.0,0.5286823019286314,0.5,1515.74,600.3053973026766
16188,51,4,860.83,701,58,319,215.2075,0.0,0.0,189.26,1.0,0.0,0.0,226.83,68.05297389082853
16190,305,7,2508.4700000000003,1143,88,636,358.3528571428572,0.0,0.0,0.0,0.0,0.0,0.0,215.08,57.862592120416714
16191,173,19,13112.980000000001,7609,76,639,690.1568421052632,0.0,0.0,0.0,0.0,0.0,0.0,2564.84,106.78641581892387
16192,646,1,351.3,208,11,646,351.3,0.0,0.0,0.0,0.0,0.0,0.0,0.0,0.6290844591477287
16193,147,2,630.43,379,38,321,315.215,0.0,0.0,0.0,0.0,0.0,0.0,0.0,6.134064300752118
16194,285,1,308.59999999999997,140,8,285,308.59999999999997,0.0,0.0,0.0,0.0,0.0,0.0,0.0,2.8465648373077213
16195,633,1,323.25,123,16,633,323.25,0.0,0.0,0.0,0.0,0.0,0.0,0.0,0.07462693866981128
16196,399,1,93.3,26,4,399,93.3,0.0,0.0,0.0,0.0,0.0,0.0,0.0,0.811800181690034
16197,379,9,2016.71,1420,52,634,224.07888888888888,0.0,0.0,0.0,0.0,0.0,0.0,0.0,1.573880601744511
16198,347,1,629.36,255,18,347,629.36,0.0,0.0,0.0,0.0,0.0,0.0,400.68100000000004,8.130679323357919
16199,302,7,942.75,321,2,541,134.67857142857142,0.0,0.0,0.0,0.0,0.0,0.0,0.0,2.3708963206826623
16200,74,11,5089.8,2783,281,647,462.70909090909095,0.0,0.0,550.57,1.0,0.0,0.0,518.3,516.2240870264516
16201,20,2,552.45,343,32,326,276.225,303.8,1.0,303.8,1.0,0.9967191601049868,0.5,1559.67,53.412368118599375
16202,271,9,2501.9900000000002,1307,105,648,277.9988888888889,0.0,0.0,0.0,0.0,0.0,0.0,0.0,32.567230297309976
16203,58,5,899.9399999999999,503,48,414,179.988,0.0,0.0,60.0,1.0,0.0,0.0,214.6,28.56002098234376
16204,290,2,534.53,453,47,641,267.265,0.0,0.0,0.0,0.0,0.0,0.0,384.18,9.3597228465522
16205,90,4,1174.83,1000,109,453,293.7075,0.0,0.0,112.35,1.0,0.0,0.0,645.28,60.21713699287729
16206,35,12,2462.67,1310,183,594,205.2225,0.0,0.0,121.11,1.0,0.0,0.0,127.19999999999999,82.34112092838319
16208,199,9,3273.78,1451,164,563,363.75333333333333,0.0,0.0,0.0,0.0,0.0,0.0,166.67,70.31161583865197
16209,29,8,4001.06,1819,49,457,500.1325,212.64,1.0,1548.8400000000001,2.0,0.13720125948485004,0.3333333333333333,145.72,73.64247406439874
16210,9,28,28652.170000000002,11085,122,647,1023.2917857142858,655.75,2.0,655.75,2.0,0.9984773505900266,0.6666666666666666,9837.34,2239.7343060954054
16211,331,2,543.5699999999999,365,12,348,271.78499999999997,0.0,0.0,0.0,0.0,0.0,0.0,547.02,8.271323345502953
16212,193,3,1101.52,478,61,580,367.17333333333335,0.0,0.0,0.0,0.0,0.0,0.0,192.19,7.597847917418175
16214,81,4,2038.25,1308,84,345,509.5625,0.0,0.0,313.08000000000004,1.0,0.0,0.0,0.0,21.58452623465926
16216,177,1,914.9300000000001,254,37,177,914.9300000000001,0.0,0.0,0.0,0.0,0.0,0.0,0.0,1.3180190763218744
16217,145,2,304.25,91,13,192,152.125,0.0,0.0,0.0,0.0,0.0,0.0,0.0,4.039532752790464
16218,25,12,3990.77,2901,77,471,332.56416666666667,454.72,1.0,906.72,2.0,0.5009474287225135,0.3333333333333333,449.2,361.3272834363802
16219,411,1,40.8,48,1,411,40.8,0.0,0.0,0.0,0.0,0.0,0.0,0.0,0.360099333425011
16221,186,8,1641.17,1054,117,396,205.14625,0.0,0.0,0.0,0.0,0.0,0.0,545.49,51.88394429962819
16222,228,2,1272.05,463,133,631,636.025,0.0,0.0,0.0,0.0,0.0,0.0,0.0,2.927396635799858
16223,285,2,1087.05,643,101,306,543.525,0.0,0.0,0.0,0.0,0.0,0.0,0.0,4.483527970343424
16224,51,4,1187.12,1237,82,297,296.78,0.0,0.0,322.67,1.0,0.0,0.0,429.42,127.68362896488341
16225,60,14,2716.63,1239,188,581,194.04500000000002,0.0,0.0,537.03,2.0,0.0,0.0,142.68,267.50879566640685
16226,113,5,672.1700000000001,521,23,324,134.43400000000003,0.0,0.0,0.0,0.0,0.0,0.0,0.0,7.150984088726531
16227,135,3,1027.22,436,28,445,342.4066666666667,0.0,0.0,0.0,0.0,0.0,0.0,0.0,4.366564159529137
16228,295,3,885.71,555,45,310,295.2366666666667,0.0,0.0,0.0,0.0,0.0,0.0,0.0,4.433021838470362
16229,123,5,2215.46,1066,120,474,443.092,0.0,0.0,0.0,0.0,0.0,0.0,652.4,69.52279139631898
16230,100,2,542.03,365,32,130,271.015,0.0,0.0,0.0,0.0,0.0,0.0,0.0,7.488174194933618
16231,289,4,1074.47,563,69,508,268.6175,0.0,0.0,0.0,0.0,0.0,0.0,0.0,4.483180977536534
16232,53,6,2447.13,1737,60,460,407.855,0.0,0.0,358.57,1.0,0.0,0.0,265.84,84.35280146366257
16233,240,8,1755.53,605,37,647,219.44125,0.0,0.0,0.0,0.0,0.0,0.0,210.18,39.22443614279213
16234,386,3,333.18,170,13,472,111.06,0.0,0.0,0.0,0.0,0.0,0.0,0.0,0.4404763040721241
16235,97,7,1851.69,709,75,381,264.52714285714285,0.0,0.0,0.0,0.0,0.0,0.0,202.01999999999998,81.00012665237819
16237,347,1,136.65,57,7,347,136.65,0.0,0.0,0.0,0.0,0.0,0.0,0.0,0.8739286403941222
16238,333,1,63.66,85,6,333,63.66,0.0,0.0,0.0,0.0,0.0,0.0,0.0,0.3322772399041571
16239,100,5,1425.9,646,21,373,285.18,0.0,0.0,0.0,0.0,0.0,0.0,66.3,49.009876131651055
16241,6,13,3458.63,1863,438,320,266.04846153846154,459.58,3.0,949.87,6.0,0.4833257963759504,0.42857142857142855,811.88,572.4139069929906
16242,75,10,4671.38,2327,273,544,467.13800000000003,0.0,0.0,453.69,1.0,0.0,0.0,2733.27,603.4516708777559
16244,122,2,2579.38,1474,88,283,1289.69,0.0,0.0,0.0,0.0,0.0,0.0,0.0,9.134310653667864
16245,32,2,769.7,430,49,167,384.85,0.0,0.0,315.72,1.0,0.0,0.0,643.96,75.12763247077396
16246,370,2,821.35,336,79,580,410.675,0.0,0.0,0.0,0.0,0.0,0.0,0.0,1.802705276993968
16247,80,1,114.56,182,16,80,114.56,0.0,0.0,114.56,1.0,0.0,0.0,0.0,2.47797352088752
16249,23,4,1440.77,762,48,149,360.1925,88.5,1.0,420.24,2.0,0.21009400816636598,0.3333333333333333,359.3,234.7134604198605
16250,171,3,791.38,376,29,297,263.79333333333335,0.0,0.0,0.0,0.0,0.0,0.0,0.0,6.514090268429155
16251,422,1,128.31,44,20,422,128.31,0.0,0.0,0.0,0.0,0.0,0.0,0.0,0.23167129606207573
16252,293,1,295.09000000000003,158,21,293,295.09000000000003,0.0,0.0,0.0,0.0,0.0,0.0,0.0,3.6260835359559387
16253,165,6,5288.74,4137,170,641,881.4566666666666,0.0,0.0,0.0,0.0,0.0,0.0,1983.46,269.24157245282726
16254,288,3,967.44,543,65,542,322.48,0.0,0.0,0.0,0.0,0.0,0.0,0.0,4.306178305788599
16255,6,14,4467.13,2743,219,595,319.0807142857143,385.04,1.0,1121.12,3.0,0.34313620646633164,0.25,437.12,626.0121763727003
16256,177,3,1629.37,1590,27,508,543.1233333333333,0.0,0.0,0.0,0.0,0.0,0.0,0.0,6.74625706545002
16257,87,1,46.95,2,2,87,46.95,0.0,0.0,46.95,1.0,0.0,0.0,0.0,7.246763955186596
16258,37,14,10480.07,6551,216,549,748.5764285714286,0.0,0.0,2708.6,3.0,0.0,0.0,1462.45,1713.057452272914
16259,320,3,340.94,143,75,515,113.64666666666666,0.0,0.0,0.0,0.0,0.0,0.0,0.0,3.842824044849839
16261,23,4,722.61,347,89,352,180.6525,157.47,1.0,157.47,1.0,0.993689657348394,0.5,318.55,39.70252207476574
16262,288,1,755.15,446,46,288,755.15,0.0,0.0,0.0,0.0,0.0,0.0,0.0,11.80291083436784
16263,333,1,348.16,197,19,333,348.16,0.0,0.0,0.0,0.0,0.0,0.0,0.0,1.5026559667570534
16264,348,2,823.53,616,62,356,411.765,0.0,0.0,0.0,0.0,0.0,0.0,0.0,4.575246439357606
16265,21,10,5550.19,2439,161,317,555.019,435.98,1.0,1186.8799999999999,2.0,0.36702360507795406,0.3333333333333333,1384.98,620.960836847816
16266,26,13,1657.18,746,67,583,127.47538461538463,110.38,1.0,389.28,3.0,0.2828225889105258,0.25,100.77,69.87274681156374
16267,501,1,186.66,198,7,501,186.66,0.0,0.0,0.0,0.0,0.0,0.0,0.0,0.12345728147476287
16269,348,1,717.57,579,53,348,717.57,0.0,0.0,0.0,0.0,0.0,0.0,0.0,4.577595984917223
16270,263,1,1141.24,688,54,263,1141.24,0.0,0.0,0.0,0.0,0.0,0.0,0.0,2.4121311724938077
16271,36,8,2861.61,2007,146,553,357.70125,0.0,0.0,735.21,2.0,0.0,0.0,536.21,278.44858035596206
16272,27,1,411.7,224,25,27,411.7,411.7,1.0,411.7,1.0,0.9975769323964139,0.5,0.0,24.27509013085576
16273,558,2,318.34000000000003,40,15,566,159.17000000000002,0.0,0.0,0.0,0.0,0.0,0.0,0.0,0.42591850289281175
16274,283,1,703.5,306,64,283,703.5,0.0,0.0,0.0,0.0,0.0,0.0,0.0,5.5639994332419676
16275,107,3,2151.11,1268,105,551,717.0366666666667,0.0,0.0,0.0,0.0,0.0,0.0,0.0,24.831009025050896
16276,87,3,2629.3900000000003,1467,20,518,876.4633333333335,0.0,0.0,810.6000000000001,1.0,0.0,0.0,0.0,8.956973197781807
16277,644,1,188.69,33,23,644,188.69,0.0,0.0,0.0,0.0,0.0,0.0,0.0,0.6444950505865092
16278,10,3,1117.84,342,50,409,372.6133333333333,566.38,1.0,566.38,1.0,0.9982375127780324,0.5,0.0,3.6895868369354905
16279,87,7,4554.58,2793,175,506,650.6542857142857,0.0,0.0,359.08000000000004,1.0,0.0,0.0,1143.7,427.44779111528635
16280,635,1,238.05,101,16,635,238.05,0.0,0.0,0.0,0.0,0.0,0.0,0.0,0.293495097731572
16281,334,2,1361.96,636,19,592,680.98,0.0,0.0,0.0,0.0,0.0,0.0,2062.06,11.713373701170484
16282,250,3,1307.58,790,31,629,435.85999999999996,0.0,0.0,0.0,0.0,0.0,0.0,0.0,3.324210992505865
16283,31,6,3365.86,2072,334,559,560.9766666666667,0.0,0.0,308.54,2.0,0.0,0.0,984.46,216.72500122779047
16284,303,1,205.8,139,30,303,205.8,0.0,0.0,0.0,0.0,0.0,0.0,812.68,5.028199269342597
16285,556,1,176.9,60,31,556,176.9,0.0,0.0,0.0,0.0,0.0,0.0,0.0,0.19909836006859888
16286,387,2,328.95,101,17,534,164.475,0.0,0.0,0.0,0.0,0.0,0.0,0.0,0.5057632632275118
16287,80,5,1006.98,1426,18,600,201.39600000000002,0.0,0.0,142.5,1.0,0.0,0.0,0.0,9.822902492336336
16288,380,1,129.85,19,7,380,129.85,0.0,0.0,0.0,0.0,0.0,0.0,0.0,0.6198164888106306
16289,372,1,136.31,97,21,372,136.31,0.0,0.0,0.0,0.0,0.0,0.0,0.0,0.9442675572889014
16290,375,4,1957.7,957,85,476,489.425,0.0,0.0,0.0,0.0,0.0,0.0,0.0,1.7321196098440914
16291,592,1,117.72,1,1,592,117.72,0.0,0.0,0.0,0.0,0.0,0.0,0.0,0.12913261311417767
16292,32,5,1253.76,688,51,514,250.752,0.0,0.0,302.25,1.0,0.0,0.0,0.0,12.63054664490492
16293,2,11,3863.29,1683,145,639,351.2081818181818,324.59,2.0,324.59,2.0,0.9969286525998956,0.6666666666666666,794.6600000000001,262.57644494602323
16294,387,1,126.05000000000001,54,8,387,126.05000000000001,0.0,0.0,0.0,0.0,0.0,0.0,0.0,0.17500029963553104
16296,536,4,1313.67,645,56,632,328.4175,0.0,0.0,0.0,0.0,0.0,0.0,0.0,2.011959709312296
16297,179,1,301.9,206,20,179,301.9,0.0,0.0,0.0,0.0,0.0,0.0,0.0,2.6160327684535716
16298,97,5,601.8,160,20,352,120.35999999999999,0.0,0.0,0.0,0.0,0.0,0.0,483.90000000000003,14.799614578914964
16299,387,1,193.65,107,12,387,193.65,0.0,0.0,0.0,0.0,0.0,0.0,0.0,0.4300105710180113
16300,340,3,1367.32,643,190,586,455.7733333333333,0.0,0.0,0.0,0.0,0.0,0.0,0.0,3.218233711351905
16301,647,1,107.33,41,6,647,107.33,0.0,0.0,0.0,0.0,0.0,0.0,0.0,0.4095987867908138
16302,37,1,233.22,158,11,37,233.22,0.0,0.0,233.22,1.0,0.0,0.0,0.0,13.811683272962535
16303,26,6,6603.97,3225,149,541,1100.6616666666666,3209.15,1.0,3209.15,1.0,0.9996884880768812,0.5,1324.3,181.52714504209547
16304,605,1,381.66,228,25,605,381.66,0.0,0.0,0.0,0.0,0.0,0.0,0.0,0.12362343523113198
16305,49,1,361.21999999999997,256,22,49,361.21999999999997,0.0,0.0,361.21999999999997,1.0,0.0,0.0,0.0,14.629384847167973
16306,124,7,1192.82,742,55,345,170.40285714285713,0.0,0.0,0.0,0.0,0.0,0.0,0.0,10.485173508318406
16307,339,3,1194.92,1123,69,487,398.3066666666667,0.0,0.0,0.0,0.0,0.0,0.0,0.0,2.564897468882016
16308,18,6,4160.0,13000,1,634,693.3333333333334,640.0,1.0,640.0,1.0,0.9984399375975039,0.5,960.0,56.24427854259778
16309,16,2,706.57,467,39,151,353.285,372.37,1.0,372.37,1.0,0.9973216916195731,0.5,0.0,17.475168749900185
16310,324,2,460.08,270,26,552,230.04,0.0,0.0,0.0,0.0,0.0,0.0,0.0,1.9457475777282534
16312,342,1,171.15,53,10,342,171.15,0.0,0.0,0.0,0.0,0.0,0.0,0.0,0.5999981401997181
16314,300,3,1491.4,636,58,383,497.1333333333334,0.0,0.0,0.0,0.0,0.0,0.0,0.0,6.088085838739047
16315,241,2,402.71,143,21,446,201.355,0.0,0.0,0.0,0.0,0.0,0.0,0.0,2.149544631206203
16316,67,12,5018.81,2758,181,403,418.2341666666667,0.0,0.0,383.7,2.0,0.0,0.0,726.1,436.4063515399502
16317,30,5,2192.51,1236,103,495,438.50200000000007,308.31,1.0,770.89,2.0,0.39942219746336916,0.3333333333333333,0.0,9.108104238646153
16319,128,1,404.40000000000003,72,3,128,404.40000000000003,0.0,0.0,0.0,0.0,0.0,0.0,0.0,1.6820417149970797
16320,82,6,5628.99,3319,193,591,938.165,0.0,0.0,185.78,1.0,0.0,0.0,0.0,52.74488719879043
16321,215,5,454.55,187,14,649,90.91,0.0,0.0,0.0,0.0,0.0,0.0,150.0,6.446705284531731
16323,106,2,353.66,146,4,488,176.83,0.0,0.0,0.0,0.0,0.0,0.0,0.0,2.372535125056344
16324,38,3,408.59000000000003,270,100,87,136.1966666666667,0.0,0.0,408.59000000000003,3.0,0.0,0.0,0.0,45.07968580946975
16325,65,11,3419.28,2390,103,645,310.8436363636364,0.0,0.0,225.20000000000002,1.0,0.0,0.0,178.22,230.33909823245523
16326,7,18,3206.7,718,185,590,178.14999999999998,460.15000000000003,2.0,998.39,5.0,0.4604308628263241,0.3333333333333333,1514.55,581.79074539476
16327,109,14,9344.61,7574,270,635,667.4721428571429,0.0,0.0,0.0,0.0,0.0,0.0,1350.63,418.32158519632577
16328,473,1,310.83,141,16,473,310.83,0.0,0.0,0.0,0.0,0.0,0.0,0.0,0.3381238419958429
16329,338,4,1664.92,797,83,649,416.23,0.0,0.0,0.0,0.0,0.0,0.0,0.0,4.693902070844997
16330,22,6,422.43,202,86,573,70.405,48.96,2.0,48.96,2.0,0.9799839871897518,0.6666666666666666,202.95,17.396391703053894
16331,342,6,2037.7,756,33,553,339.6166666666667,0.0,0.0,0.0,0.0,0.0,0.0,0.0,5.034033534353762
16332,40,7,1068.98,600,81,499,152.71142857142857,0.0,0.0,529.47,2.0,0.0,0.0,931.03,72.97102117688637
16333,9,18,15619.6,24352,8,220,867.7555555555556,1250.4,1.0,2532.4,2.0,0.49356595879055815,0.3333333333333333,11007.2,1014.124448215771
16334,402,1,263.73,206,54,402,263.73,0.0,0.0,0.0,0.0,0.0,0.0,0.0,0.8145253271700446
16335,462,7,2753.52,1004,193,646,393.36,0.0,0.0,0.0,0.0,0.0,0.0,0.0,0.9137513547187274
16336,331,4,3517.69,1473,64,542,879.4225,0.0,0.0,0.0,0.0,0.0,0.0,0.0,5.23131274758002
16338,67,1,214.79999999999998,94,11,67,214.79999999999998,0.0,0.0,214.79999999999998,1.0,0.0,0.0,0.0,10.605575837310806
16339,194,1,94.05,21,17,194,94.05,0.0,0.0,0.0,0.0,0.0,0.0,0.0,1.4283272345836313
16340,17,3,1496.24,1319,277,461,498.74666666666667,534.31,1.0,534.31,1.0,0.998131923558312,0.5,0.0,2.483853506321307
16341,111,4,2676.57,2158,81,520,669.1425,0.0,0.0,0.0,0.0,0.0,0.0,1174.22,99.507705065091
16342,18,3,283.71,145,10,90,94.57,57.5,1.0,283.71,3.0,0.20195988900986972,0.25,38.7,54.26246104747696
16343,317,1,285.54,170,28,317,285.54,0.0,0.0,0.0,0.0,0.0,0.0,328.58,5.15785675216515
16344,68,4,842.42,706,43,579,210.605,0.0,0.0,101.10000000000001,1.0,0.0,0.0,0.0,8.0607875891651
16345,393,1,613.33,323,68,393,613.33,0.0,0.0,0.0,0.0,0.0,0.0,565.46,20.83398094312912
16346,295,1,224.51,289,15,295,224.51,0.0,0.0,0.0,0.0,0.0,0.0,0.0,2.908986815654847
16347,298,9,2595.51,1374,167,548,288.39000000000004,0.0,0.0,0.0,0.0,0.0,0.0,847.45,60.202901590661845
16348,38,5,1067.06,759,142,340,213.41199999999998,0.0,0.0,179.22,1.0,0.0,0.0,677.36,123.69378702895891
16349,201,1,53.5,9,9,201,53.5,0.0,0.0,0.0,0.0,0.0,0.0,0.0,0.679752444398142
16350,244,6,1514.1200000000001,728,59,338,252.35333333333335,0.0,0.0,0.0,0.0,0.0,0.0,739.77,25.74189935132638
16351,243,13,3330.0299999999997,2165,124,645,256.1561538461538,0.0,0.0,0.0,0.0,0.0,0.0,0.0,13.146048003840242
16353,2,29,6791.56,2785,73,642,234.19172413793106,647.7,2.0,1312.53,3.0,0.49309874917207835,0.5,3207.9,1333.2307724697225
16354,290,3,723.66,442,87,501,241.22,0.0,0.0,0.0,0.0,0.0,0.0,395.8,22.79304671719915
16355,285,1,416.35,179,47,285,416.35,0.0,0.0,0.0,0.0,0.0,0.0,0.0,1.6531234527717888
16356,108,6,415.87,190,27,462,69.31166666666667,0.0,0.0,0.0,0.0,0.0,0.0,0.0,2.291766987571142
16357,72,3,467.44,198,22,291,155.81333333333333,0.0,0.0,120.05000000000001,1.0,0.0,0.0,400.93,21.89820852144809
16358,94,2,1354.3000000000002,984,61,305,677.1500000000001,0.0,0.0,0.0,0.0,0.0,0.0,1565.3500000000001,144.68190014460905
16359,5,14,2358.06,1457,77,572,168.43285714285713,164.4,1.0,394.97,2.0,0.41518296840669744,0.3333333333333333,339.69,168.59023092213494
16362,1,4,572.82,272,44,348,143.205,360.65,3.0,360.65,3.0,0.9972348956173096,0.75,349.34000000000003,86.1285534110086
16364,47,1,346.3,114,28,47,346.3,0.0,0.0,346.3,1.0,0.0,0.0,359.49,36.89933813924742
16365,33,13,2629.34,956,86,639,202.2569230769231,0.0,0.0,373.2,4.0,0.0,0.0,677.8599999999999,262.6940992293213
16366,492,3,1220.83,626,57,634,406.9433333333333,0.0,0.0,0.0,0.0,0.0,0.0,327.3,6.238588759079551
16367,273,2,716.9,547,119,293,358.45,0.0,0.0,0.0,0.0,0.0,0.0,633.58,38.92711813785291
16368,346,1,141.53,56,20,346,141.53,0.0,0.0,0.0,0.0,0.0,0.0,479.91,5.886393410486211
16369,107,5,1465.6,758,42,521,293.12,0.0,0.0,0.0,0.0,0.0,0.0,1190.96,57.06731521348687
16370,27,3,944.49,519,133,135,314.83,401.28000000000003,1.0,401.28000000000003,1.0,0.9975141692353584,0.5,357.42,125.95018073394888
16371,359,1,157.2,108,11,359,157.2,0.0,0.0,0.0,0.0,0.0,0.0,0.0,1.348264052688055
16372,319,3,934.58,564,203,517,311.5266666666667,0.0,0.0,0.0,0.0,0.0,0.0,355.73,26.264087622697076
16373,292,2,309.49,119,25,321,154.745,0.0,0.0,0.0,0.0,0.0,0.0,0.0,2.976713158784318
16374,172,4,1410.87,585,227,498,352.7175,0.0,0.0,0.0,0.0,0.0,0.0,312.53000000000003,73.32709279917299
16375,380,2,104.0,74,11,380,52.0,0.0,0.0,0.0,0.0,0.0,0.0,0.0,0.3174679921017727
16377,177,2,1308.48,2928,6,528,654.24,0.0,0.0,0.0,0.0,0.0,0.0,0.0,3.3438333013325114
16378,157,3,362.95,267,22,221,120.98333333333333,0.0,0.0,0.0,0.0,0.0,0.0,0.0,2.8312699186004715
16381,306,2,247.85,108,60,328,123.925,0.0,0.0,0.0,0.0,0.0,0.0,0.0,3.6261132652043457
16382,318,2,353.1,167,42,461,176.55,0.0,0.0,0.0,0.0,0.0,0.0,0.0,1.9642660325839898
16383,178,6,2562.39,1427,219,583,427.065,0.0,0.0,0.0,0.0,0.0,0.0,334.3,90.41191070006965
16384,174,3,1183.55,801,71,500,394.51666666666665,0.0,0.0,0.0,0.0,0.0,0.0,175.4,8.922953743434986
16385,68,4,747.51,437,79,542,186.8775,0.0,0.0,126.62,1.0,0.0,0.0,281.04,26.39148249125628
16386,164,2,826.69,521,55,298,413.345,0.0,0.0,0.0,0.0,0.0,0.0,241.47,9.666552481534332
16387,233,5,882.46,448,68,549,176.49200000000002,0.0,0.0,0.0,0.0,0.0,0.0,0.0,5.492396269204666
16388,564,1,186.05,83,13,564,186.05,0.0,0.0,0.0,0.0,0.0,0.0,0.0,0.15944469466736477
16389,115,2,670.17,307,16,193,335.085,0.0,0.0,0.0,0.0,0.0,0.0,711.9,18.774681996933463
16390,447,3,467.5,122,16,589,155.83333333333334,0.0,0.0,0.0,0.0,0.0,0.0,0.0,0.4183237505431965
16391,311,4,1052.26,715,261,472,263.065,0.0,0.0,0.0,0.0,0.0,0.0,0.0,8.589859282544232
16392,180,3,756.7,604,125,472,252.23333333333335,0.0,0.0,0.0,0.0,0.0,0.0,0.0,14.09494139961563
16393,4,19,4203.58,2527,296,649,221.24105263157895,258.64,1.0,792.43,3.0,0.3259770868255549,0.25,1278.99,720.1605103366101
16394,81,3,933.1,1404,49,200,311.03333333333336,0.0,0.0,313.8,1.0,0.0,0.0,622.24,82.06800050956623
16395,78,12,3000.65,2325,371,644,250.05416666666667,0.0,0.0,513.74,1.0,0.0,0.0,517.76,327.95378402928054
16396,386,1,137.8,80,8,386,137.8,0.0,0.0,0.0,0.0,0.0,0.0,0.0,0.36518861378486267
16397,538,1,123.13,43,9,538,123.13,0.0,0.0,0.0,0.0,0.0,0.0,0.0,0.15677457083941213
16398,64,2,1705.8,758,75,164,852.9,0.0,0.0,535.85,1.0,0.0,0.0,0.0,40.669235011576376
16399,145,2,400.61,348,65,299,200.305,0.0,0.0,0.0,0.0,0.0,0.0,229.61,11.440686201619794
16400,5,9,3059.85,2066,214,642,339.98333333333335,303.93,1.0,303.93,1.0,0.9967205588167776,0.5,0.0,75.26416885074204
16401,42,18,5206.25,4473,100,465,289.2361111111111,0.0,0.0,793.53,2.0,0.0,0.0,1642.8999999999999,665.2771855558061
16402,175,2,499.1,248,55,279,249.55,0.0,0.0,0.0,0.0,0.0,0.0,0.0,3.5509660417961317
16403,222,1,177.5,114,10,222,177.5,0.0,0.0,0.0,0.0,0.0,0.0,0.0,1.1876606683235118
16405,212,2,167.25,187,3,220,83.625,0.0,0.0,0.0,0.0,0.0,0.0,0.0,0.7488222804878963
16406,361,2,374.01,141,85,564,187.005,0.0,0.0,0.0,0.0,0.0,0.0,154.35,23.22265212355869
16407,20,12,2164.34,1101,101,342,180.36166666666668,426.71,2.0,692.58,3.0,0.6152282361083076,0.5,597.31,381.41107403893704
16408,501,1,231.93,227,45,501,231.93,0.0,0.0,0.0,0.0,0.0,0.0,0.0,0.1589251282858158
16409,60,10,4663.13,3035,316,636,466.313,0.0,0.0,229.81,1.0,0.0,0.0,989.61,525.2005466289626
16410,644,1,130.32,348,5,644,130.32,0.0,0.0,0.0,0.0,0.0,0.0,0.0,1.0765333930572678
16411,279,3,801.79,468,119,338,267.2633333333333,0.0,0.0,0.0,0.0,0.0,0.0,83.15,24.501123254823508
16412,304,4,457.2,225,72,583,114.3,0.0,0.0,0.0,0.0,0.0,0.0,135.99,9.342427704404377
16413,286,1,259.83,135,32,286,259.83,0.0,0.0,0.0,0.0,0.0,0.0,262.2,4.468788626627919
16414,190,4,475.76,190,56,605,118.94,0.0,0.0,0.0,0.0,0.0,0.0,75.45,7.987218909223287
16415,494,2,496.49,330,78,587,248.245,0.0,0.0,0.0,0.0,0.0,0.0,200.27,9.132753244504844
16416,300,6,1906.48,1526,92,565,317.74666666666667,0.0,0.0,0.0,0.0,0.0,0.0,1051.4,77.92109110923192
16417,403,1,35.7,6,1,403,35.7,0.0,0.0,0.0,0.0,0.0,0.0,0.0,0.49547664368615685
16418,3,4,765.98,458,94,333,191.495,222.45000000000002,1.0,222.45000000000002,1.0,0.9955247258894607,0.5,262.76,63.16499705629035
16419,23,8,1463.7,701,62,578,182.9625,95.93,1.0,441.78,4.0,0.21665386873842543,0.2,0.0,26.96893677124538
16420,306,1,75.0,120,2,306,75.0,0.0,0.0,0.0,0.0,0.0,0.0,0.0,0.46938924801256643
16421,286,3,526.27,123,35,380,175.42333333333332,0.0,0.0,0.0,0.0,0.0,0.0,0.0,2.621604210882016
16422,10,97,58022.37,60175,111,607,598.168762886598,1337.8200000000002,2.0,9824.85,11.0,0.1361531063470336,0.16666666666666666,5566.7,9397.064922302563
16424,101,2,443.06,212,10,293,221.53,0.0,0.0,0.0,0.0,0.0,0.0,0.0,5.3689196624837106
16425,212,1,302.7,199,21,212,302.7,0.0,0.0,0.0,0.0,0.0,0.0,0.0,2.3394917522712433
16426,3,4,689.83,414,64,186,172.4575,361.46,3.0,361.46,3.0,0.9972410748772278,0.75,1173.93,170.60032024234647
16427,173,2,241.06,156,8,194,120.53,0.0,0.0,0.0,0.0,0.0,0.0,0.0,3.4778395552411174
16428,324,3,638.49,575,121,408,212.83,0.0,0.0,0.0,0.0,0.0,0.0,0.0,11.130971735164273
16429,16,1,284.55,9,2,16,284.55,284.55,1.0,284.55,1.0,0.9964979863421467,0.5,0.0,9.180290320477267
16430,291,6,817.09,204,17,592,136.18166666666667,0.0,0.0,0.0,0.0,0.0,0.0,300.85,6.503930254578029
16431,123,3,623.28,442,51,207,207.76,0.0,0.0,0.0,0.0,0.0,0.0,0.0,12.572248917420705
16433,319,1,200.26,108,17,319,200.26,0.0,0.0,0.0,0.0,0.0,0.0,184.26,5.479126555818753
16434,6,9,2060.73,992,90,601,228.97,182.12,1.0,182.12,1.0,0.9945391000436872,0.5,612.96,45.931406515906986
16435,422,3,1003.0699999999999,608,119,424,334.3566666666666,0.0,0.0,0.0,0.0,0.0,0.0,0.0,2.63871088422919
16436,578,3,319.14,227,37,643,106.38,0.0,0.0,0.0,0.0,0.0,0.0,0.0,0.39073397261217313
16437,291,2,301.25,197,17,340,150.625,0.0,0.0,0.0,0.0,0.0,0.0,0.0,2.228952943185285
16439,632,1,310.70000000000005,74,9,632,310.70000000000005,0.0,0.0,0.0,0.0,0.0,0.0,0.0,0.161066065030973
16440,125,2,488.76,205,58,404,244.38,0.0,0.0,0.0,0.0,0.0,0.0,3368.21,14.791887978417126
16441,201,4,848.93,415,60,537,212.2325,0.0,0.0,0.0,0.0,0.0,0.0,170.2,12.221644987362971
16442,138,4,715.11,489,165,637,178.7775,0.0,0.0,0.0,0.0,0.0,0.0,176.87,37.72553986287721
16443,431,1,162.24,96,1,431,162.24,0.0,0.0,0.0,0.0,0.0,0.0,0.0,0.6232418836826188
16444,5,16,3512.61,1875,208,535,219.538125,301.32,1.0,301.32,1.0,0.9966922466260916,0.5,113.27,170.94376564656238
16445,297,3,352.65,176,93,322,117.55,0.0,0.0,0.0,0.0,0.0,0.0,230.51,11.36052878520369
16446,116,1,2.9,2,2,116,2.9,0.0,0.0,0.0,0.0,0.0,0.0,168469.6,44.87709161100219
16447,46,3,727.1,315,59,570,242.36666666666667,0.0,0.0,255.91,1.0,0.0,0.0,0.0,4.639312648648114
16448,108,2,361.12,176,45,381,180.56,0.0,0.0,0.0,0.0,0.0,0.0,0.0,3.735602318589603
16449,108,2,707.69,367,40,191,353.845,0.0,0.0,0.0,0.0,0.0,0.0,0.0,10.523810330960654
16450,60,3,1505.73,681,36,566,501.91,0.0,0.0,311.92,1.0,0.0,0.0,0.0,1.295921785209305
16451,471,2,746.1800000000001,404,50,645,373.09000000000003,0.0,0.0,0.0,0.0,0.0,0.0,266.97,7.529296154331554
16452,541,2,332.17,199,14,604,166.085,0.0,0.0,0.0,0.0,0.0,0.0,0.0,0.17047120485146058
16453,441,2,251.71,139,15,458,125.855,0.0,0.0,0.0,0.0,0.0,0.0,0.0,0.2875236576036655
16454,517,2,24.05,6,2,521,12.025,0.0,0.0,0.0,0.0,0.0,0.0,6.9,1.3608158939658297
16455,5,10,3859.07,2869,96,530,385.90700000000004,189.6,1.0,189.6,1.0,0.9947534102833159,0.5,517.8,203.6798092669789
16456,9,13,6788.34,3688,226,531,522.1800000000001,581.76,2.0,581.76,2.0,0.9982840277301119,0.6666666666666666,0.0,56.09342878387484
16457,128,1,208.36,140,9,128,208.36,0.0,0.0,0.0,0.0,0.0,0.0,0.0,4.638982052591005
16458,16,23,4359.65,2601,82,472,189.54999999999998,184.0,1.0,845.8000000000001,4.0,0.21728861596598958,0.2,1331.24,821.348968255692
16459,640,1,71.78999999999999,59,5,640,71.78999999999999,0.0,0.0,0.0,0.0,0.0,0.0,0.0,0.3102542527043459
16461,88,3,1545.83,933,223,556,515.2766666666666,0.0,0.0,142.92,1.0,0.0,0.0,0.0,4.370285503599201
16462,96,2,68.0,8,1,194,34.0,0.0,0.0,0.0,0.0,0.0,0.0,68.0,16.786377855197955
16463,114,1,319.37,179,19,114,319.37,0.0,0.0,0.0,0.0,0.0,0.0,1103.03,7.887175903745895
16464,52,1,380.33,310,88,52,380.33,0.0,0.0,380.33,1.0,0.0,0.0,918.33,49.348708068645145
16465,331,2,746.24,504,45,355,373.12,0.0,0.0,0.0,0.0,0.0,0.0,0.0,4.904260080320947
16466,13,13,3170.76,1521,178,552,243.9046153846154,479.34000000000003,2.0,479.34000000000003,2.0,0.9979181413165674,0.6666666666666666,596.33,228.60250710349007
16467,419,7,2869.16,7384,14,648,409.88,0.0,0.0,0.0,0.0,0.0,0.0,0.0,0.6856006633646913
16468,380,2,712.62,340,37,391,356.31,0.0,0.0,0.0,0.0,0.0,0.0,74.9,5.7793240645639585
16469,156,3,446.78000000000003,183,73,424,148.92666666666668,0.0,0.0,0.0,0.0,0.0,0.0,357.12,14.246990814715224
16470,26,10,2203.21,1171,254,639,220.321,193.47,1.0,193.47,1.0,0.9948578186866869,0.5,213.64,124.3951415688116
16471,185,4,1189.98,670,48,563,297.495,0.0,0.0,0.0,0.0,0.0,0.0,0.0,3.5738465568332156
16472,344,2,789.6,252,39,508,394.8,0.0,0.0,0.0,0.0,0.0,0.0,0.0,1.9668295406047187
16473,75,4,470.83,296,26,284,117.7075,0.0,0.0,98.3,1.0,0.0,0.0,0.0,4.440281544002004
16474,55,1,341.35,193,82,55,341.35,0.0,0.0,341.35,1.0,0.0,0.0,1469.3,59.16726708214981
16475,54,3,459.3,318,22,184,153.1,0.0,0.0,149.3,2.0,0.0,0.0,85.0,30.75702375796231
16476,342,1,350.35,187,24,342,350.35,0.0,0.0,0.0,0.0,0.0,0.0,0.0,1.554516920728292
16477,42,10,3824.82,2316,163,395,382.482,0.0,0.0,446.75,1.0,0.0,0.0,495.2,421.63230340047613
16481,592,1,453.38,201,16,592,453.38,0.0,0.0,0.0,0.0,0.0,0.0,0.0,0.19366794799791134
16483,102,1,139.35,44,19,102,139.35,0.0,0.0,0.0,0.0,0.0,0.0,0.0,2.5351174565419714
16484,84,2,404.3,200,25,101,202.15,0.0,0.0,118.60000000000001,1.0,0.0,0.0,0.0,4.416721855480031
16485,342,4,1923.54,918,93,644,480.885,0.0,0.0,0.0,0.0,0.0,0.0,363.65,16.153649734195668
16486,448,1,134.36,24,7,448,134.36,0.0,0.0,0.0,0.0,0.0,0.0,0.0,1.2858241895768352
16487,487,2,209.4,163,28,569,104.7,0.0,0.0,0.0,0.0,0.0,0.0,0.0,0.40597358507695924
16488,25,2,354.57,619,22,59,177.285,135.51,1.0,354.57,2.0,0.38110639255280254,0.3333333333333333,144.23000000000002,84.44219020547213
16489,290,2,303.7,38,4,346,151.85,0.0,0.0,0.0,0.0,0.0,0.0,0.0,1.541900930873968
16490,346,1,205.41000000000003,113,13,346,205.41000000000003,0.0,0.0,0.0,0.0,0.0,0.0,0.0,3.299410404877852
16491,323,1,801.66,582,48,323,801.66,0.0,0.0,0.0,0.0,0.0,0.0,731.5,13.842167949597478
16492,451,1,385.56,235,23,451,385.56,0.0,0.0,0.0,0.0,0.0,0.0,0.0,1.6399180021755904
16493,83,6,1562.75,1530,62,533,260.4583333333333,0.0,0.0,414.49,1.0,0.0,0.0,569.34,60.953758098344174
16494,207,1,826.53,675,47,207,826.53,0.0,0.0,0.0,0.0,0.0,0.0,0.0,6.961650851721727
16495,186,2,246.51,166,32,186,123.255,0.0,0.0,0.0,0.0,0.0,0.0,401.75,6.458730700246687
16496,118,5,1916.29,1437,101,419,383.258,0.0,0.0,0.0,0.0,0.0,0.0,414.48,114.29741024519913
16497,113,22,5280.29,2443,204,646,240.0131818181818,0.0,0.0,0.0,0.0,0.0,0.0,1414.99,269.33973177084243
16498,71,2,100.97,45,15,72,50.485,0.0,0.0,100.97,2.0,0.0,0.0,0.0,1.1823117615155299
16499,270,8,2578.34,1364,104,457,322.2925,0.0,0.0,0.0,0.0,0.0,0.0,0.0,13.842270792952386
16500,241,4,608.05,264,20,453,152.0125,0.0,0.0,0.0,0.0,0.0,0.0,235.86,4.811629549582902
16501,293,1,1191.23,628,181,293,1191.23,0.0,0.0,0.0,0.0,0.0,0.0,0.0,7.0111364287720646
16502,530,2,258.55,220,41,530,129.275,0.0,0.0,0.0,0.0,0.0,0.0,0.0,0.3449820168453353
16503,17,11,3614.34,1535,161,446,328.5763636363636,338.54,1.0,338.54,1.0,0.9970548388996878,0.5,0.0,96.08268128917499
16507,482,1,142.71,111,37,482,142.71,0.0,0.0,0.0,0.0,0.0,0.0,0.0,1.4061722919317143
16508,540,1,240.95,103,42,540,240.95,0.0,0.0,0.0,0.0,0.0,0.0,0.0,0.6492540644484976
16509,207,1,363.7,64,13,207,363.7,0.0,0.0,0.0,0.0,0.0,0.0,0.0,1.0092978991041173
16510,282,6,2025.6,1022,94,602,337.59999999999997,0.0,0.0,0.0,0.0,0.0,0.0,0.0,14.329757790065855
16511,55,5,1407.86,631,189,559,281.572,0.0,0.0,235.35000000000002,1.0,0.0,0.0,352.63,37.63963700014728
16515,2,9,2802.28,1435,176,451,311.3644444444445,262.74,1.0,628.02,2.0,0.4176973705128613,0.3333333333333333,376.78000000000003,220.29857248061666
16517,187,1,162.7,96,17,187,162.7,0.0,0.0,0.0,0.0,0.0,0.0,0.0,1.529938623596022
16518,194,3,665.75,321,39,466,221.91666666666666,0.0,0.0,0.0,0.0,0.0,0.0,293.62,9.573136314564328
16519,275,3,431.38,144,25,558,143.79333333333332,0.0,0.0,0.0,0.0,0.0,0.0,111.38,2.9539654402674596
16520,96,6,2474.14,1262,251,557,412.3566666666666,0.0,0.0,0.0,0.0,0.0,0.0,0.0,52.42346576486002
16521,325,3,1140.11,1014,212,558,380.03666666666663,0.0,0.0,0.0,0.0,0.0,0.0,0.0,3.2290402040028385
16522,346,2,433.36,212,16,360,216.68,0.0,0.0,0.0,0.0,0.0,0.0,0.0,2.504650765881655
16523,6,20,7743.81,3039,121,594,387.19050000000004,1219.1000000000001,2.0,2410.35,5.0,0.5055674207394198,0.3333333333333333,4172.52,1712.6972921981774
16524,356,2,306.19,259,50,601,153.095,0.0,0.0,0.0,0.0,0.0,0.0,0.0,8.064363696097665
16525,9,43,21907.64,13056,109,647,509.47999999999996,721.8,2.0,2185.2400000000002,5.0,0.3301558840749414,0.3333333333333333,2655.1,3048.590795124521
16526,82,2,717.21,279,30,494,358.605,0.0,0.0,290.36,1.0,0.0,0.0,0.0,2.204271446764767
16527,334,1,1004.88,602,58,334,1004.88,0.0,0.0,0.0,0.0,0.0,0.0,228.06,9.114785263837515
16529,100,4,1986.8,739,87,440,496.7,0.0,0.0,0.0,0.0,0.0,0.0,0.0,14.30949528785723
16530,578,1,48.349999999999994,17,3,578,48.349999999999994,0.0,0.0,0.0,0.0,0.0,0.0,0.0,0.16516416663460493
16531,37,8,1738.27,1515,91,352,217.28375,0.0,0.0,199.7,1.0,0.0,0.0,560.06,137.069577212589
16532,46,4,6524.639999999999,2064,2,531,1631.1599999999999,0.0,0.0,2606.4,1.0,0.0,0.0,2232.0,106.2561232001828
16534,552,1,635.9,168,36,552,635.9,0.0,0.0,0.0,0.0,0.0,0.0,0.0,2.237883705373349
16535,295,2,378.28999999999996,308,36,590,189.14499999999998,0.0,0.0,0.0,0.0,0.0,0.0,593.75,5.179642669045653
16536,20,1,548.12,250,49,20,548.12,548.12,1.0,548.12,1.0,0.9981789044289044,0.5,0.0,35.3724480979283
16537,551,1,23.35,59,3,551,23.35,0.0,0.0,0.0,0.0,0.0,0.0,0.0,0.5149088044574553
16538,451,3,395.07,254,35,505,131.69,0.0,0.0,0.0,0.0,0.0,0.0,0.0,0.3926356056454834
16539,130,9,3396.81,1259,81,442,377.42333333333335,0.0,0.0,0.0,0.0,0.0,0.0,335.2,79.93282786184186
16540,324,1,205.75,105,25,324,205.75,0.0,0.0,0.0,0.0,0.0,0.0,0.0,3.793016893539213
16541,645,1,424.03,173,38,645,424.03,0.0,0.0,0.0,0.0,0.0,0.0,0.0,0.6773594928568629
16542,311,1,137.7,96,9,311,137.7,0.0,0.0,0.0,0.0,0.0,0.0,119.62,2.2907764621026745
16543,502,1,292.21,317,18,502,292.21,0.0,0.0,0.0,0.0,0.0,0.0,0.0,0.4477301927658327
16544,430,4,376.70000000000005,150,8,572,94.17500000000001,0.0,0.0,0.0,0.0,0.0,0.0,0.0,0.4193068249390711
16545,75,2,689.82,322,6,286,344.91,0.0,0.0,339.3,1.0,0.0,0.0,0.0,3.657923059142266
16546,201,5,5606.47,4367,75,352,1121.294,0.0,0.0,0.0,0.0,0.0,0.0,0.0,35.02834551192592
16547,456,1,104.25999999999999,108,25,456,104.25999999999999,0.0,0.0,0.0,0.0,0.0,0.0,0.0,0.9187867963345578
16548,509,1,30.15,6,6,509,30.15,0.0,0.0,0.0,0.0,0.0,0.0,0.0,0.9109393368344483
16549,34,26,9527.26,5306,687,531,366.43307692307695,0.0,0.0,660.87,1.0,0.0,0.0,3254.54,757.1919130162321
16550,19,18,9368.24,5662,274,648,520.4577777777778,526.72,1.0,872.64,2.0,0.6029027974909574,0.3333333333333333,0.0,184.20479856772226
16551,6,7,2237.12,2076,67,636,319.5885714285714,304.95,1.0,611.05,2.0,0.4982436075484029,0.3333333333333333,0.0,18.664906592508046
16552,153,2,475.02000000000004,258,17,284,237.51000000000002,0.0,0.0,0.0,0.0,0.0,0.0,0.0,4.217924186434853
16553,73,33,16584.01,16427,195,576,502.54575757575753,0.0,0.0,988.64,3.0,0.0,0.0,0.0,150.00046060495671
16554,132,7,2318.73,1073,90,635,331.2471428571429,0.0,0.0,0.0,0.0,0.0,0.0,522.99,69.47986746206408
16555,20,5,1781.77,1731,54,415,356.354,151.98,1.0,151.98,1.0,0.9934631978036345,0.5,133.91,66.67213473700988
16556,16,16,7255.16,3805,251,643,453.4475,472.13,1.0,917.5500000000001,2.0,0.513994883239889,0.3333333333333333,757.42,866.8555274267457
16557,47,1,101.15,13,6,47,101.15,0.0,0.0,101.15,1.0,0.0,0.0,180.7,21.41173594950238
16558,2,32,10220.19,5963,305,646,319.3809375,322.77,1.0,1234.59,4.0,0.2612274298108596,0.2,3653.32,1871.7052928119062
16559,307,1,175.0,61,17,307,175.0,0.0,0.0,0.0,0.0,0.0,0.0,0.0,0.7016773150357913
16560,268,7,2539.15,1272,111,642,362.7357142857143,0.0,0.0,0.0,0.0,0.0,0.0,509.23,49.86126882360351
16562,387,1,223.85999999999999,264,34,387,223.85999999999999,0.0,0.0,0.0,0.0,0.0,0.0,0.0,0.37700407038666023
16563,310,5,3334.82,2098,46,648,666.964,0.0,0.0,0.0,0.0,0.0,0.0,1077.74,94.53705874748182
16564,479,1,87.8,40,5,479,87.8,0.0,0.0,0.0,0.0,0.0,0.0,0.0,0.3235556549442519
16565,274,4,773.05,211,7,466,193.2625,0.0,0.0,0.0,0.0,0.0,0.0,0.0,2.7707718254978824
16566,80,3,463.88,216,9,203,154.62666666666667,0.0,0.0,183.76,1.0,0.0,0.0,150.78,14.598933409457652
16567,104,2,865.6,996,34,247,432.8,0.0,0.0,0.0,0.0,0.0,0.0,0.0,12.777246763698855
16568,338,2,1020.9000000000001,366,5,551,510.45000000000005,0.0,0.0,0.0,0.0,0.0,0.0,0.0,1.5802959121742925
16569,541,4,1331.03,895,23,633,332.7575,0.0,0.0,0.0,0.0,0.0,0.0,124.2,5.904231539374653
16570,37,16,5829.9800000000005,3607,100,530,364.37375000000003,0.0,0.0,660.84,3.0,0.0,0.0,1604.33,786.3860958121066
16571,86,9,3723.84,3355,136,542,413.76,0.0,0.0,460.11,1.0,0.0,0.0,524.9,443.0938050742946
16572,37,3,1009.6,532,40,186,336.53333333333336,0.0,0.0,667.02,2.0,0.0,0.0,0.0,21.925200958786544
16573,200,1,292.63,111,16,200,292.63,0.0,0.0,0.0,0.0,0.0,0.0,370.98,6.051988340987037
16574,334,2,850.34,586,58,569,425.17,0.0,0.0,0.0,0.0,0.0,0.0,451.44,9.098297709301681
16576,330,2,540.87,323,32,432,270.435,0.0,0.0,0.0,0.0,0.0,0.0,0.0,3.2976476569261486
16577,577,1,380.0,142,23,577,380.0,0.0,0.0,0.0,0.0,0.0,0.0,0.0,0.20992653143794773
16578,536,1,156.6,108,9,536,156.6,0.0,0.0,0.0,0.0,0.0,0.0,0.0,0.48108583114641124
16579,336,1,295.05,119,14,336,295.05,0.0,0.0,0.0,0.0,0.0,0.0,0.0,3.451852871565568
16581,93,1,105.84,134,9,93,105.84,0.0,0.0,0.0,0.0,0.0,0.0,0.0,1.3966656498376167
16582,23,1,313.62,164,6,23,313.62,313.62,1.0,313.62,1.0,0.9968215625198652,0.5,0.0,16.941505011910795
16583,284,2,531.4,264,18,584,265.7,0.0,0.0,0.0,0.0,0.0,0.0,0.0,2.6240454855286104
16584,164,4,2832.03,1755,52,572,708.0075,0.0,0.0,0.0,0.0,0.0,0.0,324.14,91.37069806753591
16585,504,2,341.59,151,16,605,170.795,0.0,0.0,0.0,0.0,0.0,0.0,0.0,0.1106000486427311
16586,159,3,1462.78,348,27,546,487.5933333333333,0.0,0.0,0.0,0.0,0.0,0.0,0.0,2.136691614091583
16587,142,1,225.15,71,13,142,225.15,0.0,0.0,0.0,0.0,0.0,0.0,0.0,3.9004614863446854
16588,296,4,1361.28,882,64,484,340.32,0.0,0.0,0.0,0.0,0.0,0.0,0.0,5.479466768337102
16589,17,3,367.8,324,22,360,122.60000000000001,97.0,1.0,214.68,2.0,0.44974035608308605,0.3333333333333333,244.56,35.37345835477009
16590,311,2,605.9,240,26,325,302.95,0.0,0.0,0.0,0.0,0.0,0.0,0.0,3.839506903309941
16592,47,22,5908.5599999999995,4362,187,631,268.5709090909091,0.0,0.0,693.35,2.0,0.0,0.0,1899.3500000000001,817.3326999349143
16593,100,7,996.61,346,53,645,142.37285714285716,0.0,0.0,0.0,0.0,0.0,0.0,74.53,12.004028895166783
16595,286,4,1397.59,996,286,602,349.3975,0.0,0.0,0.0,0.0,0.0,0.0,360.16,11.428582380048146
16596,276,3,450.13,177,17,639,150.04333333333332,0.0,0.0,0.0,0.0,0.0,0.0,129.5,6.973992534041929
16598,196,1,145.04999999999998,73,10,196,145.04999999999998,0.0,0.0,0.0,0.0,0.0,0.0,0.0,0.7318415313220621
16599,296,1,172.8,159,12,296,172.8,0.0,0.0,0.0,0.0,0.0,0.0,0.0,0.6706011252679543
16600,163,9,1577.3500000000001,1643,77,631,175.26111111111112,0.0,0.0,0.0,0.0,0.0,0.0,576.06,56.39762377694862
16601,301,2,434.3,258,38,533,217.15,0.0,0.0,0.0,0.0,0.0,0.0,242.7,2.2584592428686507
16602,299,1,235.25,93,11,299,235.25,0.0,0.0,0.0,0.0,0.0,0.0,528.08,4.832632979800359
16603,1,1,296.62,363,23,1,296.62,296.62,1.0,296.62,1.0,0.9966400107519656,0.5,185.85,86.81168767365682
16604,473,2,432.45,175,10,478,216.225,0.0,0.0,0.0,0.0,0.0,0.0,0.0,0.33191847188706275
16605,634,1,60.48,144,1,634,60.48,0.0,0.0,0.0,0.0,0.0,0.0,0.0,0.29179301647295863
16606,314,2,357.66,148,16,344,178.83,0.0,0.0,0.0,0.0,0.0,0.0,0.0,2.219849053197674
16607,38,21,4626.74,3647,173,499,220.32095238095238,0.0,0.0,550.52,3.0,0.0,0.0,1080.1299999999999,527.9724552529864
16608,364,2,1286.6200000000001,612,94,574,643.3100000000001,0.0,0.0,0.0,0.0,0.0,0.0,0.0,2.4356955128503577
16609,45,5,2710.04,1245,103,163,542.008,0.0,0.0,722.42,2.0,0.0,0.0,2783.42,622.8431963721532
16610,129,1,75.66,66,6,129,75.66,0.0,0.0,0.0,0.0,0.0,0.0,0.0,0.9128641233824234
16611,96,6,1785.13,874,86,549,297.5216666666667,0.0,0.0,0.0,0.0,0.0,0.0,0.0,16.503937233193035
16612,29,8,2928.07,1307,100,646,366.00875,161.4,1.0,161.4,1.0,0.9938423645320197,0.5,317.36,140.96552558078378
16614,93,3,1179.79,349,37,488,393.2633333333333,0.0,0.0,0.0,0.0,0.0,0.0,0.0,8.392875695005998
16615,536,1,291.5,211,19,536,291.5,0.0,0.0,0.0,0.0,0.0,0.0,0.0,0.1549650904857406
16616,67,1,210.10000000000002,110,11,67,210.10000000000002,0.0,0.0,210.10000000000002,1.0,0.0,0.0,290.32,16.117912239609627
16617,146,1,151.85,91,5,146,151.85,0.0,0.0,0.0,0.0,0.0,0.0,0.0,1.4487186125199647
16618,121,4,1441.29,771,44,233,360.3225,0.0,0.0,0.0,0.0,0.0,0.0,1206.3,149.23433075923037
16619,174,4,1938.33,1055,103,566,484.5825,0.0,0.0,0.0,0.0,0.0,0.0,0.0,13.361544845116718
16620,171,5,1675.73,1106,74,648,335.146,0.0,0.0,0.0,0.0,0.0,0.0,83.2,23.89425221786764
16621,58,3,609.41,187,17,188,203.13666666666666,0.0,0.0,118.71,1.0,0.0,0.0,204.07000000000002,41.866464637288914
16622,454,1,225.4,44,12,454,225.4,0.0,0.0,0.0,0.0,0.0,0.0,0.0,0.5191565113311221
16623,156,4,1015.24,442,44,502,253.81,0.0,0.0,0.0,0.0,0.0,0.0,0.0,3.9950470471399924
16624,107,1,426.43,196,21,107,426.43,0.0,0.0,0.0,0.0,0.0,0.0,384.14,4.630850819998536
16625,185,5,1654.03,1057,82,454,330.806,0.0,0.0,0.0,0.0,0.0,0.0,0.0,16.754441470542634
16626,23,7,2165.34,1108,74,177,309.3342857142857,137.3,1.0,773.46,5.0,0.17728481780853758,0.16666666666666666,2247.7599999999998,533.354781867794
16628,17,6,1749.89,899,69,552,291.64833333333337,496.3,1.0,906.9300000000001,2.0,0.5466280440122036,0.3333333333333333,568.21,60.046907031985285
16629,6,1,227.68,212,46,6,227.68,227.68,1.0,227.68,1.0,0.9956270771383593,0.5,180.95,78.77425680008257
16630,317,1,106.80000000000001,72,4,317,106.80000000000001,0.0,0.0,0.0,0.0,0.0,0.0,0.0,0.42037666732925527
16631,392,7,1892.52,775,46,562,270.36,0.0,0.0,0.0,0.0,0.0,0.0,0.0,1.621549488025115
16632,396,2,406.4,256,22,491,203.2,0.0,0.0,0.0,0.0,0.0,0.0,0.0,0.3050015330733806
16633,24,3,1168.26,463,51,144,389.42,464.94,1.0,464.94,1.0,0.9978538009185732,0.5,1714.8400000000001,120.98317166109946
16634,133,6,1814.61,1321,72,598,302.435,0.0,0.0,0.0,0.0,0.0,0.0,0.0,40.6598624666555
16635,317,1,473.0,277,25,317,473.0,0.0,0.0,0.0,0.0,0.0,0.0,0.0,1.4899115374563088
16636,348,4,3802.04,2186,62,556,950.51,0.0,0.0,0.0,0.0,0.0,0.0,0.0,3.6719770725921883
16637,34,2,530.55,351,29,136,265.275,0.0,0.0,226.93,1.0,0.0,0.0,623.92,55.6785448695175
16638,9,14,2300.75,1595,123,388,164.33928571428572,339.5,3.0,339.5,3.0,0.9970631424375918,0.75,129.78,132.76588099846882
16639,117,3,961.62,400,48,319,320.54,0.0,0.0,0.0,0.0,0.0,0.0,786.36,47.28719698907673
16640,308,1,179.4,146,13,308,179.4,0.0,0.0,0.0,0.0,0.0,0.0,0.0,1.1906348732955383
16641,16,2,554.5,454,36,612,277.25,231.10000000000002,1.0,231.10000000000002,1.0,0.99569151227919,0.5,0.0,3.0923754923294275
16642,118,2,696.85,427,33,325,348.425,0.0,0.0,0.0,0.0,0.0,0.0,380.6,39.476589096729256
16643,156,2,923.11,553,48,333,461.555,0.0,0.0,0.0,0.0,0.0,0.0,0.0,2.4664071642741785
16644,88,2,833.78,826,62,122,416.89,0.0,0.0,111.37,1.0,0.0,0.0,0.0,21.74735417956377
16645,646,1,160.39,117,14,646,160.39,0.0,0.0,0.0,0.0,0.0,0.0,0.0,0.7949057450280004
16646,359,1,678.8,1072,29,359,678.8,0.0,0.0,0.0,0.0,0.0,0.0,0.0,7.258156585195985
16647,80,4,541.9,396,28,454,135.475,0.0,0.0,86.31,1.0,0.0,0.0,0.0,4.371186105046394
16648,366,2,382.14,222,18,500,191.07,0.0,0.0,0.0,0.0,0.0,0.0,290.65999999999997,11.124953146928402
16649,430,1,306.58000000000004,82,20,430,306.58000000000004,0.0,0.0,0.0,0.0,0.0,0.0,0.0,0.9786890007631908
16650,330,6,1397.69,1139,53,429,232.94833333333335,0.0,0.0,0.0,0.0,0.0,0.0,518.42,17.606882542903005
16651,497,1,136.2,60,6,497,136.2,0.0,0.0,0.0,0.0,0.0,0.0,0.0,0.1942047189016378
16652,20,14,15302.29,6271,111,543,1093.0207142857143,1471.25,2.0,1471.25,2.0,0.9993207675326881,0.6666666666666666,2248.1,849.8302048058024
16654,51,8,1711.47,703,64,522,213.93375,0.0,0.0,64.02,1.0,0.0,0.0,0.0,15.3635248983506
16655,41,10,4500.93,2608,338,587,450.093,0.0,0.0,636.49,1.0,0.0,0.0,1922.3300000000002,444.01532928082077
16656,6,26,15324.050000000001,13681,21,645,589.3865384615385,1800.32,2.0,3559.2,5.0,0.5056794562103253,0.3333333333333333,1509.12,2188.5277907174004
16657,59,2,414.79,597,111,165,207.395,0.0,0.0,199.36,1.0,0.0,0.0,459.64,83.04857405401016
16658,278,6,814.07,317,49,529,135.67833333333334,0.0,0.0,0.0,0.0,0.0,0.0,0.0,4.514515511511355
16659,99,1,39.12,72,2,99,39.12,0.0,0.0,0.0,0.0,0.0,0.0,0.0,6.657674162747737
16660,121,5,996.26,648,10,605,199.252,0.0,0.0,0.0,0.0,0.0,0.0,883.29,24.56453172150186
16661,450,4,932.76,364,50,632,233.19,0.0,0.0,0.0,0.0,0.0,0.0,0.0,1.0637024821638867
16662,304,1,151.05,35,28,304,151.05,0.0,0.0,0.0,0.0,0.0,0.0,0.0,0.7644811600809441
16663,639,1,165.0,100,1,639,165.0,0.0,0.0,0.0,0.0,0.0,0.0,0.0,0.47913912896675326
16664,479,1,109.2,24,8,479,109.2,0.0,0.0,0.0,0.0,0.0,0.0,0.0,0.5172462433446965
16665,272,1,135.39999999999998,59,9,272,135.39999999999998,0.0,0.0,0.0,0.0,0.0,0.0,0.0,1.3892767767314984
16666,531,1,98.73,121,15,531,98.73,0.0,0.0,0.0,0.0,0.0,0.0,118.98,1.350497160530468
16667,194,1,200.4,77,20,194,200.4,0.0,0.0,0.0,0.0,0.0,0.0,366.78,5.828216225535841
16668,27,12,822.22,713,28,541,68.51833333333333,50.28,1.0,69.78,2.0,0.710370161062447,0.3333333333333333,40.199999999999996,9.987576880902758
16670,16,17,7174.22,4130,232,639,422.0129411764706,691.21,1.0,1291.75,3.0,0.5346818797137884,0.25,855.93,1105.9677454622747
16671,75,1,1382.88,656,3,75,1382.88,0.0,0.0,1382.88,1.0,0.0,0.0,309.39,26.34878934438586
16672,9,17,6911.84,2474,22,177,406.57882352941175,1006.8,2.0,2757.5,7.0,0.36498096791734636,0.25,1223.1,1005.7355773899052
16673,589,1,171.13,95,19,589,171.13,0.0,0.0,0.0,0.0,0.0,0.0,0.0,0.17200053051311365
16674,8,1,115.1,61,33,8,115.1,115.1,1.0,115.1,1.0,0.9913867355727821,0.5,189.14000000000001,26.283670889339835
16675,352,2,608.86,296,21,388,304.43,0.0,0.0,0.0,0.0,0.0,0.0,0.0,4.87978996191151
16676,123,5,1868.28,703,90,328,373.656,0.0,0.0,0.0,0.0,0.0,0.0,493.62,130.684311794084
16677,321,2,880.62,457,45,562,440.31,0.0,0.0,0.0,0.0,0.0,0.0,0.0,2.1278653449316076
16678,9,8,2137.3,1638,76,193,267.1625,633.71,2.0,870.65,3.0,0.7270234612516492,0.5,972.6899999999999,323.2265361102909
16679,276,3,793.06,276,15,457,264.3533333333333,0.0,0.0,0.0,0.0,0.0,0.0,0.0,2.8960245441543
16680,438,2,637.75,283,16,445,318.875,0.0,0.0,0.0,0.0,0.0,0.0,183.7,9.58410266396213
16681,55,5,1484.18,1135,19,551,296.836,0.0,0.0,456.84,1.0,0.0,0.0,437.65999999999997,48.25021381521249
16682,2,3,810.22,762,15,98,270.0733333333333,183.92000000000002,1.0,284.72,2.0,0.6437071258574828,0.3333333333333333,217.78,83.19547698058665
16683,444,1,320.25,190,18,444,320.25,0.0,0.0,0.0,0.0,0.0,0.0,0.0,0.5184767830610956
16684,43,45,114372.71,79040,156,642,2541.615777777778,0.0,0.0,8807.56,5.0,0.0,0.0,32770.06,28856.280165107924
16686,8,15,4321.13,3086,479,643,288.07533333333333,1204.31,2.0,1204.31,2.0,0.9991703379213647,0.6666666666666666,559.9399999999999,247.4411271302306
16687,301,1,157.63,141,8,301,157.63,0.0,0.0,0.0,0.0,0.0,0.0,0.0,0.5452369986835182
16690,112,3,213.95,117,7,361,71.31666666666666,0.0,0.0,0.0,0.0,0.0,0.0,139.07999999999998,6.881257455479866
16691,328,2,178.83,92,11,471,89.415,0.0,0.0,0.0,0.0,0.0,0.0,0.0,1.0539312924557558
16692,166,4,1914.6999999999998,878,3,352,478.67499999999995,0.0,0.0,0.0,0.0,0.0,0.0,0.0,6.686637683166369
16693,182,4,855.03,505,117,567,213.7575,0.0,0.0,0.0,0.0,0.0,0.0,324.45,18.358781335524373
16694,633,1,98.30000000000001,26,3,633,98.30000000000001,0.0,0.0,0.0,0.0,0.0,0.0,0.0,0.19577836371679547
16695,472,2,191.9,184,30,472,95.95,0.0,0.0,0.0,0.0,0.0,0.0,0.0,0.3075085607926773
16696,45,4,657.9000000000001,146,7,158,164.47500000000002,0.0,0.0,99.0,1.0,0.0,0.0,0.0,15.629404196702577
16697,151,1,112.75,27,20,151,112.75,0.0,0.0,0.0,0.0,0.0,0.0,0.0,2.0785461615947427
16698,137,2,1998.0,840,4,163,999.0,0.0,0.0,0.0,0.0,0.0,0.0,0.0,1.9857461288750442
16699,290,7,994.6,640,51,645,142.0857142857143,0.0,0.0,0.0,0.0,0.0,0.0,0.0,4.384657998124783
16700,32,22,8187.11,6098,246,648,372.1413636363636,0.0,0.0,1147.72,3.0,0.0,0.0,980.6,739.6482458107962
16701,40,23,8568.85,9611,135,648,372.5586956521739,0.0,0.0,1852.1299999999999,4.0,0.0,0.0,1347.8799999999999,571.0399927209156
16702,325,4,1110.83,692,84,642,277.7075,0.0,0.0,0.0,0.0,0.0,0.0,0.0,2.5548827413094135
16704,528,2,664.16,433,50,582,332.08,0.0,0.0,0.0,0.0,0.0,0.0,0.0,3.8592078542240817
16705,9,32,39260.411,20752,358,640,1226.88784375,1585.92,1.0,3171.86,2.0,0.4998392617386207,0.3333333333333333,4254.64,5077.683614966076
16706,8,2,411.55,220,98,24,205.775,411.55,2.0,411.55,2.0,0.9975760513877105,0.6666666666666666,119.8,57.845496048267954
16707,310,4,533.41,396,64,550,133.3525,0.0,0.0,0.0,0.0,0.0,0.0,0.0,7.952469295102109
16709,110,13,8010.73,2931,199,640,616.2099999999999,0.0,0.0,0.0,0.0,0.0,0.0,1045.28,509.6703277887529
16710,48,19,5658.86,3928,497,645,297.83473684210526,0.0,0.0,206.25,1.0,0.0,0.0,632.91,584.6459701070545
16711,50,7,2127.32,632,17,647,303.90285714285716,0.0,0.0,311.07,1.0,0.0,0.0,741.16,86.87665652502949
16712,5,10,3111.37,1501,217,311,311.137,729.76,2.0,1291.59,4.0,0.5645719060181497,0.4,1121.5,409.79640884880405
16713,26,28,11589.98,6544,460,635,413.92785714285714,369.33,1.0,1359.1399999999999,3.0,0.2715382240063523,0.25,2940.01,1788.8871532865644
16714,129,4,1497.33,828,95,581,374.3325,0.0,0.0,0.0,0.0,0.0,0.0,0.0,8.762901660885056
16715,473,1,323.8,532,9,473,323.8,0.0,0.0,0.0,0.0,0.0,0.0,301.71999999999997,3.305152471750772
16716,177,3,2149.6800000000003,912,7,541,716.5600000000001,0.0,0.0,0.0,0.0,0.0,0.0,0.0,3.9121931253998445
16717,6,12,4687.51,2116,190,642,390.62583333333333,423.5,1.0,1252.41,3.0,0.33787826808466503,0.25,2283.42,566.6410147781091
16718,279,5,3612.13,2331,123,643,722.426,0.0,0.0,0.0,0.0,0.0,0.0,0.0,10.81502484094879
16719,59,12,3458.01,2064,186,637,288.1675,0.0,0.0,308.2,1.0,0.0,0.0,486.34,316.05503740406937
16720,286,2,605.79,280,107,632,302.895,0.0,0.0,0.0,0.0,0.0,0.0,152.95,13.447561223445064
16721,172,1,292.47,172,37,172,292.47,0.0,0.0,0.0,0.0,0.0,0.0,0.0,3.4723051958778277
16722,10,19,7914.85,7303,140,646,416.571052631579,717.38,2.0,1403.12,4.0,0.5109107483690853,0.4,1074.23,1112.6055743068714
16723,1,4,1231.36,958,108,645,307.84,576.4,2.0,576.4,2.0,0.9982680983720125,0.6666666666666666,0.0,8.177496821925907
16724,315,1,147.35,69,17,315,147.35,0.0,0.0,0.0,0.0,0.0,0.0,0.0,1.0483499303759667
16725,212,14,1810.41,764,242,636,129.315,0.0,0.0,0.0,0.0,0.0,0.0,0.0,13.544578100874922
16726,106,6,1482.3,890,117,321,247.04999999999998,0.0,0.0,0.0,0.0,0.0,0.0,581.58,188.2935616421415
16727,274,4,1377.77,1066,158,599,344.4425,0.0,0.0,0.0,0.0,0.0,0.0,0.0,7.115603393099525
16728,77,3,548.31,320,113,174,182.76999999999998,0.0,0.0,221.38,1.0,0.0,0.0,499.96999999999997,72.46473833709634
16729,9,17,5343.27,3989,140,151,314.31,742.35,2.0,1975.04,6.0,0.37567559361146535,0.2857142857142857,1862.06,1117.5526006792861
16730,145,2,480.94,750,35,229,240.47,0.0,0.0,0.0,0.0,0.0,0.0,262.17,14.161785731997949
16731,558,1,170.3,124,40,558,170.3,0.0,0.0,0.0,0.0,0.0,0.0,0.0,0.2709489222251375
16732,313,3,3783.89,2097,177,641,1261.2966666666666,0.0,0.0,0.0,0.0,0.0,0.0,603.75,32.0971546515804
16733,440,1,259.68,112,12,440,259.68,0.0,0.0,0.0,0.0,0.0,0.0,0.0,1.5020915768662286
16734,24,2,302.40999999999997,108,27,24,151.20499999999998,302.40999999999997,2.0,302.40999999999997,2.0,0.996704129725454,0.6666666666666666,344.35,109.48453887172285
16735,9,13,5911.15,4034,163,642,454.70384615384614,896.38,2.0,896.38,2.0,0.9988856448773095,0.6666666666666666,306.26,180.53081553471966
16736,416,5,2956.56,1050,116,646,591.312,0.0,0.0,0.0,0.0,0.0,0.0,0.0,1.1975520716827432
16737,488,1,417.59999999999997,288,1,488,417.59999999999997,0.0,0.0,0.0,0.0,0.0,0.0,417.59999999999997,5.8590381622955405
16738,208,1,3.75,3,1,208,3.75,0.0,0.0,0.0,0.0,0.0,0.0,0.0,0.9175718066348151
16739,87,2,786.43,391,33,447,393.215,0.0,0.0,323.0,1.0,0.0,0.0,0.0,2.498427473422861
16740,305,1,226.91,110,30,305,226.91,0.0,0.0,0.0,0.0,0.0,0.0,0.0,4.3717080724542114
16741,535,1,173.06,81,11,535,173.06,0.0,0.0,0.0,0.0,0.0,0.0,0.0,0.16460162608578013
16742,403,13,2334.97,2557,50,633,179.6130769230769,0.0,0.0,0.0,0.0,0.0,0.0,464.9,5.669243555159272
16743,23,13,3859.92,3338,111,506,296.91692307692307,366.74,1.0,799.15,3.0,0.45833906142598263,0.25,352.23,391.70171688019053
16744,7,3,399.11,240,74,83,133.03666666666666,158.37,1.0,399.11,3.0,0.39581615055859637,0.25,892.8,132.3210194448968
16745,8,16,6359.1,5771,144,222,397.44375,772.97,2.0,2249.66,6.0,0.34344147938826836,0.2857142857142857,821.6,1158.3785484849197
16746,11,36,15770.17,9815,338,645,438.0602777777778,644.42,2.0,1531.9,4.0,0.4203927196816491,0.4,2276.58,1669.883185353502
16748,128,12,3031.63,1739,48,640,252.63583333333335,0.0,0.0,0.0,0.0,0.0,0.0,605.7,152.59992122247172
16749,501,2,4157.88,1910,53,634,2078.94,0.0,0.0,0.0,0.0,0.0,0.0,0.0,0.26179375000729393
16750,31,3,416.12,138,44,142,138.70666666666668,0.0,0.0,297.42,2.0,0.0,0.0,207.81,82.4259562405543
16752,283,1,415.0,108,9,283,415.0,0.0,0.0,0.0,0.0,0.0,0.0,0.0,1.0666400257471236
16754,282,29,67502.47,67831,38,552,2327.671379310345,0.0,0.0,0.0,0.0,0.0,0.0,0.0,4.416395504562283
16755,24,7,2864.68,1985,219,640,409.23999999999995,566.96,1.0,566.96,1.0,0.9982393126276499,0.5,0.0,43.088325388822575
16756,125,7,1312.3700000000001,707,64,550,187.48142857142858,0.0,0.0,0.0,0.0,0.0,0.0,0.0,8.779206458225145
16757,229,2,270.48,180,13,319,135.24,0.0,0.0,0.0,0.0,0.0,0.0,0.0,3.3977219420075606
16760,340,1,228.0,168,17,340,228.0,0.0,0.0,0.0,0.0,0.0,0.0,0.0,3.0669780804561966
16761,7,1,316.62,341,13,7,316.62,316.62,1.0,316.62,1.0,0.9968515836534223,0.5,0.0,38.15661205850701
16762,54,1,314.15000000000003,143,13,54,314.15000000000003,0.0,0.0,314.15000000000003,1.0,0.0,0.0,893.09,65.81274017372273
16763,109,2,964.6999999999999,492,44,648,482.34999999999997,0.0,0.0,0.0,0.0,0.0,0.0,0.0,4.470137085318299
16764,9,4,782.5500000000001,363,110,53,195.63750000000002,260.49,1.0,782.5500000000001,4.0,0.3324484716993172,0.2,2008.4,204.66231052815527
16765,204,2,454.75,311,52,292,227.375,0.0,0.0,0.0,0.0,0.0,0.0,0.0,3.808915178116
16766,183,2,1145.6,536,17,183,572.8,0.0,0.0,0.0,0.0,0.0,0.0,0.0,2.184984855961016
16767,4,11,7301.66,6592,198,500,663.7872727272727,1158.76,2.0,1777.26,3.0,0.6516257465162575,0.5,755.1,571.4304062559643
16768,14,8,1506.97,666,103,643,188.37125,103.24000000000001,1.0,103.24000000000001,1.0,0.9904067536454336,0.5,191.6,41.43117001769957
16769,170,4,1117.05,295,76,636,279.2625,0.0,0.0,0.0,0.0,0.0,0.0,0.0,4.882511915390475
16770,147,8,1802.01,1017,174,384,225.25125,0.0,0.0,0.0,0.0,0.0,0.0,107.72,91.51554492950666
16771,185,8,3358.7400000000002,1871,262,641,419.84250000000003,0.0,0.0,0.0,0.0,0.0,0.0,590.86,81.07596064026397
16772,333,3,3698.0499999999997,687,54,632,1232.6833333333332,0.0,0.0,0.0,0.0,0.0,0.0,0.0,4.801513255186787
16773,346,2,249.65,81,34,643,124.825,0.0,0.0,0.0,0.0,0.0,0.0,171.59,7.627647803125867
16774,26,7,1448.16,678,75,571,206.88000000000002,238.0,1.0,542.2,3.0,0.43814432989690716,0.25,119.32,60.24099480007968
16775,32,13,2535.78,863,114,352,195.06,0.0,0.0,482.75,4.0,0.0,0.0,516.96,356.0185689504108
16776,326,1,220.97,181,48,326,220.97,0.0,0.0,0.0,0.0,0.0,0.0,371.54,4.280437166876824
16777,167,4,1243.08,456,118,543,310.77,0.0,0.0,0.0,0.0,0.0,0.0,49.1,12.011353280958101
16778,184,1,93.18,66,5,184,93.18,0.0,0.0,0.0,0.0,0.0,0.0,152.76,1.9232568472174671
16779,17,46,28930.95,17833,279,646,628.9336956521739,678.88,1.0,2133.01,4.0,0.31812409501361283,0.2,4234.99,4267.790591009774
16780,10,3,596.4,352,73,317,198.79999999999998,260.35,1.0,260.35,1.0,0.9961737134111345,0.5,0.0,17.10663831409426
16781,282,2,934.25,305,36,579,467.125,0.0,0.0,0.0,0.0,0.0,0.0,0.0,1.5848051732184611
16782,48,34,9362.77,3908,566,641,275.3755882352941,0.0,0.0,294.05,2.0,0.0,0.0,637.5500000000001,209.40954304926646
16783,347,1,391.95,163,25,347,391.95,0.0,0.0,0.0,0.0,0.0,0.0,0.0,2.4596126429728145
16784,287,4,784.73,470,137,531,196.1825,0.0,0.0,0.0,0.0,0.0,0.0,107.6,23.150565106898597
16785,320,1,533.78,313,35,320,533.78,0.0,0.0,0.0,0.0,0.0,0.0,0.0,3.2615188692468835
16786,304,1,51.839999999999996,72,1,304,51.839999999999996,0.0,0.0,0.0,0.0,0.0,0.0,0.0,0.29481310641995784
16787,308,4,1017.53,472,102,609,254.3825,0.0,0.0,0.0,0.0,0.0,0.0,0.0,5.52192558357545
16788,33,5,1928.93,965,348,581,385.786,0.0,0.0,299.92,1.0,0.0,0.0,0.0,6.9771373459186945
16791,32,13,3043.72,1432,317,646,234.13230769230768,0.0,0.0,224.12,1.0,0.0,0.0,913.91,250.8397231501988
16792,192,5,623.46,324,90,614,124.69200000000001,0.0,0.0,0.0,0.0,0.0,0.0,0.0,7.539431008485954
16794,18,9,1463.25,1270,210,534,162.58333333333334,128.31,1.0,607.05,4.0,0.2110188306882658,0.2,589.45,147.63456174113355
16795,275,3,2477.29,1453,306,593,825.7633333333333,0.0,0.0,0.0,0.0,0.0,0.0,0.0,8.03511261744336
16797,303,5,1802.02,898,289,647,360.404,0.0,0.0,0.0,0.0,0.0,0.0,0.0,14.860515062854924
16798,464,3,841.16,205,141,639,280.38666666666666,0.0,0.0,0.0,0.0,0.0,0.0,0.0,2.3628998966545725
16799,342,2,452.78000000000003,162,81,364,226.39000000000001,0.0,0.0,0.0,0.0,0.0,0.0,0.0,3.254453869242275
16801,73,4,1594.23,493,72,183,398.5575,0.0,0.0,140.85,1.0,0.0,0.0,0.0,19.291525063868715
16802,589,2,582.61,369,48,640,291.305,0.0,0.0,0.0,0.0,0.0,0.0,0.0,1.7135203289904366
16804,180,1,118.05,34,19,180,118.05,0.0,0.0,0.0,0.0,0.0,0.0,418.94,4.319151563363906
16805,84,5,1091.34,1120,213,641,218.26799999999997,0.0,0.0,245.82,1.0,0.0,0.0,0.0,13.801354936569082
16806,13,4,762.16,356,68,149,190.54,238.34,1.0,365.53,2.0,0.6502605516601643,0.3333333333333333,0.0,18.766889062215256
16807,53,6,2123.88,1433,107,533,353.98,0.0,0.0,469.76,1.0,0.0,0.0,0.0,23.833870810249785
16808,9,2,288.42,196,21,184,144.21,121.92,1.0,121.92,1.0,0.9918646273999349,0.5,0.0,15.653055767967544
16809,46,7,1283.43,812,99,515,183.34714285714287,0.0,0.0,127.61,1.0,0.0,0.0,444.0,62.61365297323913
16810,102,2,842.0400000000001,372,34,330,421.02000000000004,0.0,0.0,0.0,0.0,0.0,0.0,0.0,4.670591673468058
16812,271,4,2392.0,1116,98,292,598.0,0.0,0.0,0.0,0.0,0.0,0.0,0.0,7.688052711632906
16813,7,7,1146.84,1163,200,114,163.8342857142857,280.27,2.0,845.18,5.0,0.33121794417263467,0.3333333333333333,505.34,367.38487827545384
16814,19,31,10913.130000000001,4383,237,518,352.03645161290325,177.89999999999998,1.0,1033.83,4.0,0.1719122947730545,0.2,1285.01,1497.6099450145748
16815,364,2,406.02,237,66,447,203.01,0.0,0.0,0.0,0.0,0.0,0.0,0.0,4.659110186925503
16816,13,4,417.06,274,28,268,104.265,44.370000000000005,1.0,91.61,2.0,0.47910592808552,0.3333333333333333,0.0,6.402162058707624
16817,96,11,2379.58,1317,90,342,216.32545454545453,0.0,0.0,0.0,0.0,0.0,0.0,425.32,109.8307301034367
16818,3,9,2528.47,1582,132,116,280.94111111111107,555.82,2.0,1335.3,5.0,0.41593953453565824,0.3333333333333333,821.1,495.934425563612
16819,375,2,182.59,253,17,375,91.295,0.0,0.0,0.0,0.0,0.0,0.0,0.0,0.3755304543785895
16820,6,1,497.61,307,26,6,497.61,497.61,1.0,497.61,1.0,0.9979944245001103,0.5,0.0,25.53301732072573
16821,292,1,113.35,13,7,292,113.35,0.0,0.0,0.0,0.0,0.0,0.0,0.0,0.5490854734911184
16822,596,1,181.39,171,11,596,181.39,0.0,0.0,0.0,0.0,0.0,0.0,0.0,0.0616831038129144
16823,137,7,2243.09,1166,149,648,320.4414285714286,0.0,0.0,0.0,0.0,0.0,0.0,0.0,27.552652798541
16824,74,2,448.5,288,24,304,224.25,0.0,0.0,222.9,1.0,0.0,0.0,237.74,50.84264642062883
16825,96,4,1370.41,1089,35,444,342.6025,0.0,0.0,0.0,0.0,0.0,0.0,456.48,67.70657555178035
16827,303,5,392.13,125,10,499,78.426,0.0,0.0,0.0,0.0,0.0,0.0,0.0,1.5210786819311253
16828,3,2,128.5,59,8,22,64.25,128.5,2.0,128.5,2.0,0.9922779922779923,0.6666666666666666,0.0,5.0577208954874955
16829,67,2,513.32,215,25,298,256.66,0.0,0.0,197.22,1.0,0.0,0.0,0.0,7.796418865594138
16830,353,3,881.59,435,47,637,293.86333333333334,0.0,0.0,0.0,0.0,0.0,0.0,325.91,16.72822070525095
16831,475,1,91.8,48,6,475,91.8,0.0,0.0,0.0,0.0,0.0,0.0,0.0,0.263972369602515
16832,94,5,417.61,179,19,369,83.522,0.0,0.0,0.0,0.0,0.0,0.0,0.0,2.6747817545098527
16833,170,5,1973.8,744,74,533,394.76,0.0,0.0,0.0,0.0,0.0,0.0,435.24,47.213275672104686
16834,138,2,898.96,760,43,584,449.48,0.0,0.0,0.0,0.0,0.0,0.0,0.0,3.1937418332702014
16835,38,6,1538.41,515,58,480,256.4016666666667,0.0,0.0,99.1,1.0,0.0,0.0,0.0,11.197739916855838
16836,27,3,621.82,458,33,484,207.27333333333334,91.32000000000001,1.0,91.32000000000001,1.0,0.9891681109185442,0.5,160.55,15.788151276900892
16837,68,9,1911.74,727,77,156,212.41555555555556,0.0,0.0,97.0,1.0,0.0,0.0,1259.24,139.89249839049532
16838,107,4,1159.61,509,53,573,289.9025,0.0,0.0,0.0,0.0,0.0,0.0,0.0,7.293406337027226
16839,20,32,16585.420000000002,8276,119,576,518.2943750000001,531.8,1.0,3826.01,8.0,0.13895965780073738,0.1111111111111111,5725.07,2096.6893965559675
16840,513,2,139.85,117,9,585,69.925,0.0,0.0,0.0,0.0,0.0,0.0,0.0,0.35083244572728184
16841,47,11,3697.3,3106,175,607,336.1181818181818,0.0,0.0,617.88,2.0,0.0,0.0,308.76,335.39306148621205
16842,11,3,1264.19,693,45,212,421.3966666666667,397.24,1.0,743.62,2.0,0.5334801643791465,0.3333333333333333,0.0,36.88007596233425
16843,4,32,18184.1,17377,283,640,568.253125,1437.64,2.0,4967.34,7.0,0.28936022896983704,0.25,1387.33,1722.2529638726473
16844,473,2,614.34,281,26,493,307.17,0.0,0.0,0.0,0.0,0.0,0.0,0.0,3.6130193320273642
16845,528,1,253.88,167,20,528,253.88,0.0,0.0,0.0,0.0,0.0,0.0,0.0,0.25754379683378276
16846,487,2,628.09,382,36,550,314.045,0.0,0.0,0.0,0.0,0.0,0.0,214.32,7.926358317363991
16847,528,1,421.45000000000005,177,25,528,421.45000000000005,0.0,0.0,0.0,0.0,0.0,0.0,193.44,3.0378694943912206
16848,287,3,1130.2,598,64,343,376.73333333333335,0.0,0.0,0.0,0.0,0.0,0.0,281.42,8.536760156376644
16849,97,1,124.57,33,8,97,124.57,0.0,0.0,0.0,0.0,0.0,0.0,0.0,1.1138624365070127
16850,244,1,332.41,249,19,244,332.41,0.0,0.0,0.0,0.0,0.0,0.0,0.0,1.112140426460299
16852,86,1,113.06,51,7,86,113.06,0.0,0.0,113.06,1.0,0.0,0.0,31.85,2.8208297798672177
16854,327,2,1408.96,997,72,550,704.48,0.0,0.0,0.0,0.0,0.0,0.0,0.0,4.282072009591163
16856,328,2,323.09000000000003,159,15,352,161.54500000000002,0.0,0.0,0.0,0.0,0.0,0.0,35.400000000000006,2.426440767284848
16857,353,1,352.8,168,11,353,352.8,0.0,0.0,0.0,0.0,0.0,0.0,0.0,5.552035662056831
16858,279,10,4668.28,1514,75,635,466.828,0.0,0.0,0.0,0.0,0.0,0.0,0.0,24.723323014073625
16859,55,7,1932.41,1899,87,556,276.05857142857144,0.0,0.0,487.96999999999997,1.0,0.0,0.0,0.0,10.88228340013151
16860,363,3,1610.62,625,35,572,536.8733333333333,0.0,0.0,0.0,0.0,0.0,0.0,0.0,2.2922384093489026
16861,68,4,843.63,500,38,419,210.9075,0.0,0.0,70.80000000000001,1.0,0.0,0.0,102.96,18.319543514595626
16862,457,4,662.33,513,34,611,165.5825,0.0,0.0,0.0,0.0,0.0,0.0,0.0,0.8193909821940739
16863,277,2,659.97,441,27,320,329.985,0.0,0.0,0.0,0.0,0.0,0.0,338.55,13.088631610728038
16864,344,2,409.25,283,17,509,204.625,0.0,0.0,0.0,0.0,0.0,0.0,0.0,2.012862689104057
16865,312,1,130.95,157,15,312,130.95,0.0,0.0,0.0,0.0,0.0,0.0,0.0,0.9296132892120523
16866,51,3,207.73999999999998,60,10,72,69.24666666666666,0.0,0.0,207.73999999999998,3.0,0.0,0.0,0.0,10.289330874049233
16867,600,1,76.74000000000001,58,6,600,76.74000000000001,0.0,0.0,0.0,0.0,0.0,0.0,0.0,0.08480480100134483
16868,304,3,384.56,112,47,504,128.18666666666667,0.0,0.0,0.0,0.0,0.0,0.0,0.0,2.2742331327214025
16869,76,2,387.68,242,56,85,193.84,0.0,0.0,387.68,2.0,0.0,0.0,429.44,53.050136495996924
16870,379,1,450.15999999999997,278,28,379,450.15999999999997,0.0,0.0,0.0,0.0,0.0,0.0,0.0,2.568258414014799
16871,121,4,2037.82,861,104,181,509.455,0.0,0.0,0.0,0.0,0.0,0.0,774.52,124.4429726738121
16872,15,5,997.7900000000001,933,10,373,199.55800000000002,76.32000000000001,1.0,76.32000000000001,1.0,0.9870667356440765,0.5,215.34000000000003,32.55069341393389
16873,37,10,11365.24,6816,174,578,1136.524,0.0,0.0,638.02,1.0,0.0,0.0,3252.15,724.3462201945238
16874,289,1,209.89000000000001,78,31,289,209.89000000000001,0.0,0.0,0.0,0.0,0.0,0.0,0.0,3.052110717217209
16875,55,10,3277.2,1518,123,614,327.71999999999997,0.0,0.0,333.11,1.0,0.0,0.0,957.33,323.4946890241628
16876,314,1,136.01,181,32,314,136.01,0.0,0.0,0.0,0.0,0.0,0.0,0.0,1.2034997715599773
16877,62,2,188.98,104,46,118,94.49,0.0,0.0,111.23,1.0,0.0,0.0,657.64,22.488857030378142
16880,10,7,1414.9,763,101,403,202.12857142857143,252.11,1.0,823.24,5.0,0.30586964961661656,0.16666666666666666,398.31,175.2542245671578
16882,149,2,215.70000000000002,102,15,227,107.85000000000001,0.0,0.0,0.0,0.0,0.0,0.0,489.41999999999996,7.834563173375235
16883,97,19,2374.09,1070,159,646,124.9521052631579,0.0,0.0,0.0,0.0,0.0,0.0,0.0,16.771590873491615
16884,467,2,641.13,200,39,481,320.565,0.0,0.0,0.0,0.0,0.0,0.0,429.84000000000003,11.708560336637813
16885,267,2,412.14,215,66,295,206.07,0.0,0.0,0.0,0.0,0.0,0.0,272.46,5.152919337992369
16886,366,1,134.0,48,8,366,134.0,0.0,0.0,0.0,0.0,0.0,0.0,0.0,1.1485843201345165
16887,311,2,465.84000000000003,267,65,648,232.92000000000002,0.0,0.0,0.0,0.0,0.0,0.0,192.32999999999998,6.070259805146758
16888,311,3,434.2,145,44,611,144.73333333333332,0.0,0.0,0.0,0.0,0.0,0.0,0.0,2.6359289801743726
16889,105,6,2526.65,1611,163,476,421.10833333333335,0.0,0.0,0.0,0.0,0.0,0.0,0.0,62.21186516161259
16890,387,3,285.41,243,17,492,95.13666666666667,0.0,0.0,0.0,0.0,0.0,0.0,0.0,0.3177559415137841
16891,6,9,1718.56,651,286,646,190.95111111111112,122.22,1.0,298.53,2.0,0.40803926150969855,0.3333333333333333,226.64000000000001,76.31667897632452
16892,94,3,339.54,208,57,641,113.18,0.0,0.0,0.0,0.0,0.0,0.0,415.21,14.485150898819253
16893,277,2,395.82,179,80,286,197.91,0.0,0.0,0.0,0.0,0.0,0.0,0.0,3.971297040611642
16894,412,3,1306.96,503,186,445,435.65333333333336,0.0,0.0,0.0,0.0,0.0,0.0,0.0,3.1420391285687885
16895,349,4,900.63,330,82,576,225.1575,0.0,0.0,0.0,0.0,0.0,0.0,202.27,19.172018627625636
16896,465,1,103.95,18,18,465,103.95,0.0,0.0,0.0,0.0,0.0,0.0,0.0,0.33582557651135625
16897,209,2,289.78,73,37,224,144.89,0.0,0.0,0.0,0.0,0.0,0.0,0.0,3.015572479555506
16898,87,4,810.03,621,174,487,202.5075,0.0,0.0,201.69,1.0,0.0,0.0,187.26,41.3189272751475
16899,60,5,934.89,516,88,307,186.978,0.0,0.0,162.63,1.0,0.0,0.0,760.88,96.04486760339876
16901,639,1,204.26,42,23,639,204.26,0.0,0.0,0.0,0.0,0.0,0.0,0.0,0.56367630629193
16902,26,1,1706.88,629,43,26,1706.88,1706.88,1.0,1706.88,1.0,0.9994144787690001,0.5,0.0,30.771992126174542
16903,290,2,678.55,470,107,325,339.275,0.0,0.0,0.0,0.0,0.0,0.0,363.2,36.517815148120675
16904,5,19,4308.86,2364,437,321,226.7821052631579,277.28,2.0,1713.4,8.0,0.16173588427438168,0.2222222222222222,705.2,968.4142006584797
16905,147,13,2745.75,900,106,639,211.21153846153845,0.0,0.0,0.0,0.0,0.0,0.0,2215.42,64.93189237510286
16906,97,6,1244.32,510,141,485,207.38666666666666,0.0,0.0,0.0,0.0,0.0,0.0,166.6,47.384529078031264
16907,58,8,1381.04,449,94,436,172.63,0.0,0.0,127.88,1.0,0.0,0.0,269.77,75.15279757920663
16908,632,1,252.59,61,20,632,252.59,0.0,0.0,0.0,0.0,0.0,0.0,0.0,0.5557437194214864
16910,1,1,111.78,93,52,1,111.78,111.78,1.0,111.78,1.0,0.9911331796417805,0.5,1397.18,72.42848884765543
16911,546,2,255.25,161,30,571,127.625,0.0,0.0,0.0,0.0,0.0,0.0,0.0,0.22705927222035455
16912,44,11,3443.51,1249,102,641,313.04636363636365,0.0,0.0,392.72,2.0,0.0,0.0,1017.0,362.52645339228303
16913,200,3,423.90999999999997,229,18,562,141.3033333333333,0.0,0.0,0.0,0.0,0.0,0.0,0.0,2.027353254248993
16915,37,9,1303.89,117,37,479,144.87666666666667,0.0,0.0,215.60000000000002,2.0,0.0,0.0,239.29,50.652057934461865
16916,282,3,732.47,422,100,325,244.15666666666667,0.0,0.0,0.0,0.0,0.0,0.0,365.98,29.30856181094221
16917,187,2,1851.88,792,45,542,925.94,0.0,0.0,0.0,0.0,0.0,0.0,0.0,3.495264877994408
16918,5,13,2960.42,1907,261,647,227.7246153846154,299.67,1.0,546.92,2.0,0.546922908453789,0.3333333333333333,246.12,271.6546437093973
16919,66,24,5108.01,2406,230,387,212.83375,0.0,0.0,536.9,2.0,0.0,0.0,0.0,167.56107451377449
16920,321,1,355.45,81,23,321,355.45,0.0,0.0,0.0,0.0,0.0,0.0,0.0,1.1799091516499425
16921,352,2,255.03,121,28,510,127.515,0.0,0.0,0.0,0.0,0.0,0.0,154.18,10.031714035332099
16922,483,1,611.08,281,122,483,611.08,0.0,0.0,0.0,0.0,0.0,0.0,0.0,10.797761342119589
16923,9,27,10851.99,5004,348,588,401.92555555555555,521.52,1.0,1079.2,3.0,0.4827994815774856,0.25,2305.14,1681.505652208917
16925,450,1,125.65,123,18,450,125.65,0.0,0.0,0.0,0.0,0.0,0.0,0.0,0.22599370129914115
16926,281,5,1399.8600000000001,232,63,436,279.97200000000004,0.0,0.0,0.0,0.0,0.0,0.0,0.0,3.844659346229177
16927,26,3,543.05,993,5,272,181.01666666666665,201.6,1.0,201.6,1.0,0.9950641658440277,0.5,0.0,10.147194974180014
16928,4,27,3569.73,2339,132,585,132.2122222222222,691.39,4.0,1268.59,8.0,0.5445773832497106,0.4444444444444444,444.04999999999995,595.5602036308408
16929,38,2,428.88,326,23,66,214.44,0.0,0.0,428.88,2.0,0.0,0.0,866.51,60.18472489947851
16931,13,16,3526.73,2272,365,307,220.420625,155.31,1.0,994.22,5.0,0.15605594742870924,0.16666666666666666,1657.54,848.7055292232963
16932,333,2,262.32,135,77,481,131.16,0.0,0.0,0.0,0.0,0.0,0.0,150.23000000000002,5.703562097279707
16933,149,8,2760.8,1372,193,640,345.1,0.0,0.0,0.0,0.0,0.0,0.0,338.5,104.66631720212592
16934,294,4,1152.1100000000001,539,77,532,288.02750000000003,0.0,0.0,0.0,0.0,0.0,0.0,931.03,7.597984515358841
16935,292,3,530.86,273,55,331,176.95333333333335,0.0,0.0,0.0,0.0,0.0,0.0,0.0,3.5769365768578503
16936,296,1,286.39,168,81,296,286.39,0.0,0.0,0.0,0.0,0.0,0.0,261.9,8.708864563247047
16937,409,1,196.25,123,49,409,196.25,0.0,0.0,0.0,0.0,0.0,0.0,0.0,0.34381332240803636
16938,90,8,6669.7300000000005,4826,541,570,833.7162500000001,0.0,0.0,2118.4500000000003,2.0,0.0,0.0,325.63,343.689563192905
16939,399,3,433.85,229,38,559,144.61666666666667,0.0,0.0,0.0,0.0,0.0,0.0,0.0,0.36624204640736796
16940,79,7,5246.14,3570,309,641,749.4485714285714,0.0,0.0,1110.68,1.0,0.0,0.0,1181.52,371.9458478383011
16941,522,1,33.0,12,2,522,33.0,0.0,0.0,0.0,0.0,0.0,0.0,0.0,1.0223420800140408
16942,46,7,1439.44,593,115,138,205.6342857142857,0.0,0.0,540.9,3.0,0.0,0.0,465.55,264.4849250732816
16943,122,5,1299.49,147,24,534,259.898,0.0,0.0,0.0,0.0,0.0,0.0,0.0,12.547439853739398
16944,520,1,101.36,27,7,520,101.36,0.0,0.0,0.0,0.0,0.0,0.0,0.0,0.49249439744744733
16945,9,27,7209.72,5085,208,641,267.0266666666667,604.59,2.0,1233.38,5.0,0.48979244641034364,0.3333333333333333,1338.44,1288.0102641756002
16946,293,5,1222.04,509,69,558,244.408,0.0,0.0,0.0,0.0,0.0,0.0,0.0,5.077288439203013
16947,146,5,955.21,655,50,557,191.042,0.0,0.0,0.0,0.0,0.0,0.0,0.0,3.0473929895850733
16948,49,7,868.77,2091,20,566,124.11,0.0,0.0,194.48,1.0,0.0,0.0,0.0,5.779573791341335
16949,96,4,893.75,386,32,227,223.4375,0.0,0.0,0.0,0.0,0.0,0.0,392.52,31.69824408058195
16950,34,9,3313.62,2157,101,595,368.18,0.0,0.0,606.41,1.0,0.0,0.0,400.15,227.649620389343
16951,45,3,1277.75,1318,73,214,425.9166666666667,0.0,0.0,223.96,2.0,0.0,0.0,0.0,14.46411164216124
16952,19,5,795.83,343,76,638,159.166,167.61,2.0,167.61,2.0,0.9940691536682285,0.6666666666666666,0.0,7.227517385196534
16954,35,15,5242.18,3776,81,600,349.4786666666667,0.0,0.0,303.9,1.0,0.0,0.0,839.7,375.77707707545716
16955,95,6,1309.41,823,33,588,218.235,0.0,0.0,0.0,0.0,0.0,0.0,0.0,18.423782159538952
16957,149,2,416.64,172,15,192,208.32,0.0,0.0,0.0,0.0,0.0,0.0,0.0,3.9356351269030245
16958,345,1,778.49,514,69,345,778.49,0.0,0.0,0.0,0.0,0.0,0.0,0.0,3.843650084551377
16960,163,6,1685.36,1283,301,557,280.8933333333333,0.0,0.0,0.0,0.0,0.0,0.0,305.52,86.63008169790439
16961,26,3,794.56,482,52,442,264.8533333333333,234.17,1.0,234.17,1.0,0.9957477569417867,0.5,0.0,4.203871265561322
16962,320,1,251.04,158,15,320,251.04,0.0,0.0,0.0,0.0,0.0,0.0,0.0,2.8618445337438985
16963,97,1,110.55000000000001,35,7,97,110.55000000000001,0.0,0.0,0.0,0.0,0.0,0.0,0.0,1.0926037256319125
16964,643,2,207.85,49,6,643,103.925,0.0,0.0,0.0,0.0,0.0,0.0,0.0,0.9862321545141872
16965,137,1,201.19,291,26,137,201.19,0.0,0.0,0.0,0.0,0.0,0.0,0.0,2.600308806647729
16966,80,4,1486.56,1320,8,150,371.64,0.0,0.0,332.16,1.0,0.0,0.0,668.41,98.82091184003582
16967,99,1,319.02,333,21,99,319.02,0.0,0.0,0.0,0.0,0.0,0.0,0.0,2.686660881547173
16968,18,1,253.31,98,15,18,253.31,253.31,1.0,253.31,1.0,0.9960677912783611,0.5,186.12,84.94678041515132
16969,44,2,478.96000000000004,740,32,102,239.48000000000002,0.0,0.0,81.6,1.0,0.0,0.0,171.45,35.092232559628954
16970,536,1,71.4,12,2,536,71.4,0.0,0.0,0.0,0.0,0.0,0.0,0.0,0.2700933588902443
16972,293,2,749.0,183,54,367,374.5,0.0,0.0,0.0,0.0,0.0,0.0,0.0,3.2286502957393965
16973,296,1,127.0,60,6,296,127.0,0.0,0.0,0.0,0.0,0.0,0.0,0.0,0.38937718793198595
16974,433,2,365.5,70,5,475,182.75,0.0,0.0,0.0,0.0,0.0,0.0,0.0,0.8848185737620915
16975,333,3,926.12,586,44,416,308.70666666666665,0.0,0.0,0.0,0.0,0.0,0.0,0.0,2.066155316213658
16976,177,1,251.51999999999998,88,2,177,251.51999999999998,0.0,0.0,0.0,0.0,0.0,0.0,0.0,2.9515921947046517
16977,305,4,496.0,142,25,542,124.0,0.0,0.0,0.0,0.0,0.0,0.0,0.0,2.7080605595968055
16978,576,2,424.55,119,28,576,212.275,0.0,0.0,0.0,0.0,0.0,0.0,344.33,2.354361237520575
16979,58,5,1563.39,721,44,360,312.678,0.0,0.0,208.5,1.0,0.0,0.0,1296.35,132.77541488202107
16980,165,3,1422.8300000000002,990,91,338,474.2766666666667,0.0,0.0,0.0,0.0,0.0,0.0,0.0,10.708461629520992
16983,7,9,2933.5,1818,133,357,325.94444444444446,300.13,1.0,300.13,1.0,0.9966791751070966,0.5,720.52,241.02662692700002
16984,40,8,9104.2,4341,588,552,1138.025,0.0,0.0,3213.19,1.0,0.0,0.0,1246.33,623.045138530196
16985,68,20,9037.58,2558,119,639,451.879,0.0,0.0,663.18,1.0,0.0,0.0,1885.58,873.5928837346673
16986,355,9,3015.55,1499,64,583,335.06111111111113,0.0,0.0,0.0,0.0,0.0,0.0,1873.2,40.06001679535259
16987,80,7,1534.05,373,124,647,219.15,0.0,0.0,416.4,2.0,0.0,0.0,987.35,142.23699644039735
16988,290,1,256.55,115,13,290,256.55,0.0,0.0,0.0,0.0,0.0,0.0,126.12,3.888659159470853
16989,8,2,890.7,1086,7,61,445.35,33.0,1.0,890.7,2.0,0.03700796231916564,0.3333333333333333,242.54999999999998,39.904749166850024
16990,129,2,344.0,200,1,333,172.0,0.0,0.0,0.0,0.0,0.0,0.0,0.0,2.571027713801314
16991,331,1,1041.21,793,74,331,1041.21,0.0,0.0,0.0,0.0,0.0,0.0,0.0,4.062841307879724
16992,9,11,4834.54,1831,196,577,439.50363636363636,301.2,1.0,301.2,1.0,0.9966909331568498,0.5,641.96,133.212939480454
16993,374,2,1950.9499999999998,285,19,486,975.4749999999999,0.0,0.0,0.0,0.0,0.0,0.0,0.0,0.7949915811512378
16996,31,8,1708.43,765,30,328,213.55375,0.0,0.0,340.90000000000003,1.0,0.0,0.0,415.18,260.56316573849233
16997,198,3,702.0,360,7,236,234.0,0.0,0.0,0.0,0.0,0.0,0.0,0.0,5.386293614107849
16998,60,5,402.0,104,2,354,80.4,0.0,0.0,7.9,1.0,0.0,0.0,0.0,3.4477267413622203
17000,306,2,406.3,305,26,318,203.15,0.0,0.0,0.0,0.0,0.0,0.0,0.0,2.1202591065835947
17001,2,16,5444.72,3184,95,535,340.295,583.1,2.0,991.55,3.0,0.5874767014256209,0.5,1196.08,802.113670181335
17002,126,6,2071.34,1008,48,551,345.22333333333336,0.0,0.0,0.0,0.0,0.0,0.0,500.21,78.0785438956022
17003,312,4,828.21,494,90,489,207.0525,0.0,0.0,0.0,0.0,0.0,0.0,0.0,9.429567373210581
17004,3,3,1917.82,1016,39,334,639.2733333333333,905.6,1.0,905.6,1.0,0.9988969777189499,0.5,406.54,113.42747962104995
17005,381,2,622.36,691,14,499,311.18,0.0,0.0,0.0,0.0,0.0,0.0,0.0,1.5189067447814972
17006,302,4,853.49,300,77,554,213.3725,0.0,0.0,0.0,0.0,0.0,0.0,781.78,16.361245451660885
17007,65,6,805.61,466,47,347,134.26833333333335,0.0,0.0,112.71,1.0,0.0,0.0,314.49,35.46576976392964
17008,339,1,81.36,24,1,339,81.36,0.0,0.0,0.0,0.0,0.0,0.0,0.0,0.12472718677842787
17009,461,1,242.06,336,10,461,242.06,0.0,0.0,0.0,0.0,0.0,0.0,0.0,0.4594834089235782
17011,557,2,400.8,606,12,562,200.4,0.0,0.0,0.0,0.0,0.0,0.0,270.9,3.3144026450002104
17012,635,1,360.61,251,34,635,360.61,0.0,0.0,0.0,0.0,0.0,0.0,0.0,0.3340444336204569
17015,95,1,520.55,546,116,95,520.55,0.0,0.0,0.0,0.0,0.0,0.0,1318.06,54.88428541747848
17016,487,1,552.4,309,41,487,552.4,0.0,0.0,0.0,0.0,0.0,0.0,0.0,4.1904458004674785
17017,72,23,10847.63,8229,113,646,471.6360869565217,0.0,0.0,937.4599999999999,3.0,0.0,0.0,3262.98,954.636327008302
17018,236,5,1772.6,340,18,645,354.52,0.0,0.0,0.0,0.0,0.0,0.0,515.1,16.06079595547601
17019,172,10,3698.96,2457,308,648,369.896,0.0,0.0,0.0,0.0,0.0,0.0,262.15,97.41477275688405
17020,452,2,935.62,860,64,557,467.81,0.0,0.0,0.0,0.0,0.0,0.0,0.0,1.8706397559940835
17021,352,6,1182.22,992,35,499,197.03666666666666,0.0,0.0,0.0,0.0,0.0,0.0,0.0,5.030465167389886
17022,343,1,189.0,72,9,343,189.0,0.0,0.0,0.0,0.0,0.0,0.0,71.0,3.113744473545351
17023,327,3,800.18,530,48,607,266.72666666666663,0.0,0.0,0.0,0.0,0.0,0.0,0.0,5.662793756631498
17024,9,2,56.25,45,1,68,28.125,25.0,1.0,56.25,2.0,0.4366812227074236,0.3333333333333333,39.599999999999994,17.372510823075924
17025,283,4,1313.84,928,28,551,328.46,0.0,0.0,0.0,0.0,0.0,0.0,196.8,7.559038455289899
17026,95,3,208.98,132,4,327,69.66,0.0,0.0,0.0,0.0,0.0,0.0,0.0,2.8938409468499207
17027,89,7,1078.3,513,111,640,154.04285714285714,0.0,0.0,212.0,1.0,0.0,0.0,232.33,59.270070091295366
17028,491,3,1593.83,856,85,631,531.2766666666666,0.0,0.0,0.0,0.0,0.0,0.0,0.0,1.1764803200492295
17029,21,7,2137.3,1265,19,574,305.3285714285715,358.0,1.0,358.0,1.0,0.9972144846796658,0.5,0.0,8.626712158449513
17031,65,5,2619.45,1485,28,491,523.89,0.0,0.0,225.95,1.0,0.0,0.0,154.4,42.563755418300225
17032,458,8,2984.32,1667,183,639,373.04,0.0,0.0,0.0,0.0,0.0,0.0,0.0,0.44259916652198283
17033,124,3,910.75,311,22,307,303.5833333333333,0.0,0.0,0.0,0.0,0.0,0.0,422.04,15.13388327621927
17034,198,3,672.7,382,31,423,224.23333333333335,0.0,0.0,0.0,0.0,0.0,0.0,603.72,10.33844517605847
17035,156,4,613.59,327,29,647,153.3975,0.0,0.0,0.0,0.0,0.0,0.0,0.0,6.312641186043082
17036,293,1,176.9,76,12,293,176.9,0.0,0.0,0.0,0.0,0.0,0.0,0.0,0.6620088074871555
17038,325,1,630.77,507,41,325,630.77,0.0,0.0,0.0,0.0,0.0,0.0,112.4,11.763740068248092
17039,514,1,1954.99,689,44,514,1954.99,0.0,0.0,0.0,0.0,0.0,0.0,0.0,0.48442049027692863
17040,48,2,463.25,189,15,460,231.625,0.0,0.0,449.73,1.0,0.0,0.0,0.0,4.72714088838989
17041,19,5,1334.6,915,80,510,266.91999999999996,446.39,1.0,446.39,1.0,0.9977648136972217,0.5,320.6,42.669115626242814
17042,31,4,915.02,888,69,157,228.755,0.0,0.0,427.43,2.0,0.0,0.0,121.56,153.38047563655135
17043,88,6,1183.44,975,111,640,197.24,0.0,0.0,150.37,1.0,0.0,0.0,1410.21,62.3657120483409
17044,285,11,11013.82,5218,91,643,1001.2563636363636,0.0,0.0,0.0,0.0,0.0,0.0,948.48,94.58359274766903
17045,23,5,827.6800000000001,294,44,339,165.536,191.09,1.0,299.49,2.0,0.6359279842923226,0.3333333333333333,0.0,30.565687847058705
17046,67,5,1906.07,1636,76,530,381.214,0.0,0.0,642.02,1.0,0.0,0.0,0.0,8.061353383354366
17047,115,5,1937.76,1003,98,642,387.552,0.0,0.0,0.0,0.0,0.0,0.0,351.47,57.44951897472105
17048,28,7,2071.68,1068,88,600,295.9542857142857,164.95000000000002,1.0,164.95000000000002,1.0,0.9939740885808979,0.5,0.0,24.11767089203909
17049,28,15,6894.150000000001,2683,238,556,459.61,330.28,1.0,1024.85,2.0,0.32195740117950966,0.3333333333333333,3048.38,983.9773343487273
17050,6,11,4648.59,2432,193,592,422.59909090909093,568.25,1.0,568.25,1.0,0.9982433025911287,0.5,0.0,36.22204657655644
17051,104,4,706.49,507,107,538,176.6225,0.0,0.0,0.0,0.0,0.0,0.0,0.0,8.77108376801742
17053,41,1,498.48,122,13,41,498.48,0.0,0.0,498.48,1.0,0.0,0.0,0.0,20.555474060540515
17054,48,4,1207.32,739,58,155,301.83,0.0,0.0,288.5,1.0,0.0,0.0,149.01,149.0992949540804
17055,356,1,232.85,83,24,356,232.85,0.0,0.0,0.0,0.0,0.0,0.0,0.0,2.689208546171929
17056,648,1,128.60000000000002,26,8,648,128.60000000000002,0.0,0.0,0.0,0.0,0.0,0.0,0.0,0.3803724172648507
17057,506,1,294.74,129,48,506,294.74,0.0,0.0,0.0,0.0,0.0,0.0,0.0,0.48194255211240233
17058,109,2,819.66,455,42,150,409.83,0.0,0.0,0.0,0.0,0.0,0.0,360.23,22.981641465449822
17059,20,8,4743.64,3007,292,592,592.955,739.43,1.0,739.43,1.0,0.9986494334373269,0.5,843.29,162.76893246742225
17060,176,1,234.24,216,5,176,234.24,0.0,0.0,0.0,0.0,0.0,0.0,0.0,2.4832447019086543
17061,21,10,4658.83,1408,48,142,465.883,407.4,1.0,1408.6,3.0,0.28901816118047674,0.25,573.4,344.736775294116
17062,224,6,1179.14,890,82,350,196.52333333333334,0.0,0.0,0.0,0.0,0.0,0.0,0.0,7.493217328992785
17063,73,10,2849.26,1438,120,649,284.92600000000004,0.0,0.0,352.5,2.0,0.0,0.0,789.27,355.96300610758925
17064,93,2,457.40000000000003,187,36,237,228.70000000000002,0.0,0.0,0.0,0.0,0.0,0.0,398.05,16.57667047155871
17065,548,2,194.7,82,6,548,97.35,0.0,0.0,0.0,0.0,0.0,0.0,0.0,0.4809698920088432
17066,636,1,228.34,93,17,636,228.34,0.0,0.0,0.0,0.0,0.0,0.0,0.0,0.2970853360656266
17067,635,3,454.54,322,8,642,151.51333333333335,0.0,0.0,0.0,0.0,0.0,0.0,0.0,0.7403786157298506
17068,5,42,8140.9800000000005,3915,228,531,193.83285714285716,464.49,2.0,890.44,5.0,0.5210558197971821,0.3333333333333333,1012.85,1143.1452188826734
17069,65,10,4580.37,2539,165,647,458.037,0.0,0.0,422.72,1.0,0.0,0.0,1213.91,503.3304057779305
17070,24,2,437.42,232,102,320,218.71,304.24,1.0,304.24,1.0,0.9967238893985061,0.5,0.0,29.063754870791755
17071,44,10,2767.1,1359,107,594,276.71,0.0,0.0,358.4,2.0,0.0,0.0,1026.6100000000001,293.3235511860554
17072,535,1,273.35,212,20,535,273.35,0.0,0.0,0.0,0.0,0.0,0.0,0.0,0.2946091556063845
17073,19,1,453.79,307,56,19,453.79,453.79,1.0,453.79,1.0,0.9978011829635656,0.5,992.3,81.51184165442228
17074,473,1,203.05,19,4,473,203.05,0.0,0.0,0.0,0.0,0.0,0.0,0.0,0.7070017884339721
17075,163,9,2098.58,734,140,636,233.17555555555555,0.0,0.0,0.0,0.0,0.0,0.0,138.05,34.890814840370524
17076,184,5,735.87,331,27,646,147.174,0.0,0.0,0.0,0.0,0.0,0.0,506.88,10.028218596329147
17077,488,1,306.0,36,1,488,306.0,0.0,0.0,0.0,0.0,0.0,0.0,0.0,1.2691182883882344
17080,180,6,746.23,475,19,436,124.37166666666667,0.0,0.0,0.0,0.0,0.0,0.0,211.29999999999998,9.782433321929322
17081,306,4,660.48,304,121,565,165.12,0.0,0.0,0.0,0.0,0.0,0.0,288.91,25.184871947796513
17082,228,5,3365.12,1793,74,635,673.024,0.0,0.0,0.0,0.0,0.0,0.0,1366.91,73.37852224729933
17083,19,9,4049.79,1955,30,579,449.9766666666667,409.76,1.0,409.76,1.0,0.9975654883630344,0.5,0.0,11.670735059005636
17084,306,1,2253.22,1476,132,306,2253.22,0.0,0.0,0.0,0.0,0.0,0.0,2747.9900000000002,101.92750656245101
17085,33,28,7847.67,3583,411,644,280.2739285714286,0.0,0.0,347.75,1.0,0.0,0.0,0.0,137.2100596314651
17087,648,1,221.53,113,12,648,221.53,0.0,0.0,0.0,0.0,0.0,0.0,0.0,1.4798819920343804
17088,93,2,1399.1100000000001,525,72,164,699.5550000000001,0.0,0.0,0.0,0.0,0.0,0.0,591.9,60.62299535624072
17089,296,1,128.45,35,4,296,128.45,0.0,0.0,0.0,0.0,0.0,0.0,0.0,0.33835022359071437
17090,8,10,1917.3,802,23,418,191.73,162.72,1.0,162.72,1.0,0.9938920107500611,0.5,1162.88,87.28905126124873
17091,8,17,6653.4400000000005,3377,233,633,391.3788235294118,697.59,2.0,697.59,2.0,0.9985685452124995,0.6666666666666666,1135.76,589.0763064881713
17092,36,9,4366.7,3028,224,585,485.18888888888887,0.0,0.0,494.42,1.0,0.0,0.0,1144.71,460.5638217605643
17093,503,1,235.88,114,13,503,235.88,0.0,0.0,0.0,0.0,0.0,0.0,0.0,0.6889749802020926
17094,232,2,402.20000000000005,212,18,334,201.10000000000002,0.0,0.0,0.0,0.0,0.0,0.0,0.0,1.9525941462944987
17095,209,6,1792.05,1311,83,635,298.675,0.0,0.0,0.0,0.0,0.0,0.0,780.1999999999999,48.860024826126235
17096,53,9,3119.7400000000002,1398,142,465,346.6377777777778,0.0,0.0,310.45,1.0,0.0,0.0,578.19,330.8811688257373
17097,10,7,1003.19,440,136,340,143.31285714285715,351.89,4.0,351.89,4.0,0.9971662557737538,0.8,314.89,155.51521438181143
17098,292,3,591.0699999999999,125,10,451,197.0233333333333,0.0,0.0,0.0,0.0,0.0,0.0,0.0,3.366615820922193
17099,443,1,582.17,317,40,443,582.17,0.0,0.0,0.0,0.0,0.0,0.0,0.0,4.288488809555903
17101,88,4,1115.9,518,44,460,278.975,0.0,0.0,230.57999999999998,1.0,0.0,0.0,1391.15,38.14521313499866
17102,172,1,25.5,2,1,172,25.5,0.0,0.0,0.0,0.0,0.0,0.0,0.0,1.5693866144936117
17103,632,1,424.3,471,32,632,424.3,0.0,0.0,0.0,0.0,0.0,0.0,0.0,0.5861375049271496
17104,334,1,474.03,149,19,334,474.03,0.0,0.0,0.0,0.0,0.0,0.0,0.0,1.378701456873272
17105,69,2,665.78,693,80,216,332.89,0.0,0.0,346.38,1.0,0.0,0.0,0.0,17.40998964382142
17106,299,1,481.58,153,51,299,481.58,0.0,0.0,0.0,0.0,0.0,0.0,0.0,1.7874793785026104
17107,65,7,11587.85,5135,305,587,1655.4071428571428,0.0,0.0,2215.25,1.0,0.0,0.0,4464.87,1799.4820221421146
17108,574,1,174.95,31,9,574,174.95,0.0,0.0,0.0,0.0,0.0,0.0,0.0,0.295797983270789
17109,142,4,875.01,448,70,408,218.7525,0.0,0.0,0.0,0.0,0.0,0.0,416.7,15.554330633816118
17110,75,3,499.9,136,38,520,166.63333333333333,0.0,0.0,163.29999999999998,1.0,0.0,0.0,0.0,6.263143855196382
17111,335,1,227.97,299,19,335,227.97,0.0,0.0,0.0,0.0,0.0,0.0,231.61,4.250589037941948
17112,413,1,197.57,130,44,413,197.57,0.0,0.0,0.0,0.0,0.0,0.0,0.0,0.3146010832607236
17113,484,6,2305.59,913,122,608,384.26500000000004,0.0,0.0,0.0,0.0,0.0,0.0,0.0,1.863301262790252
17114,49,6,601.9399999999999,156,66,245,100.32333333333332,0.0,0.0,157.5,2.0,0.0,0.0,199.18,41.20072010583236
17115,93,6,2536.81,773,98,645,422.8016666666667,0.0,0.0,0.0,0.0,0.0,0.0,224.68,39.829186381657706
17116,558,1,389.78,392,47,558,389.78,0.0,0.0,0.0,0.0,0.0,0.0,0.0,0.7629568103167164
17117,198,1,116.19999999999999,68,9,198,116.19999999999999,0.0,0.0,0.0,0.0,0.0,0.0,0.0,1.3249336110205858
17118,228,1,157.02,154,10,228,157.02,0.0,0.0,0.0,0.0,0.0,0.0,0.0,0.8203297513063721
17120,143,1,307.46,120,18,143,307.46,0.0,0.0,0.0,0.0,0.0,0.0,0.0,4.642201386360349
17121,313,1,314.74,106,12,313,314.74,0.0,0.0,0.0,0.0,0.0,0.0,0.0,1.5461959070686657
17122,29,4,570.5,368,23,410,142.625,138.32,1.0,138.32,1.0,0.9928222796439851,0.5,0.0,4.193480355336554
17123,72,3,977.17,676,37,483,325.7233333333333,0.0,0.0,345.29999999999995,1.0,0.0,0.0,0.0,3.26479670934513
17124,95,1,294.24,129,31,95,294.24,0.0,0.0,0.0,0.0,0.0,0.0,0.0,2.5830194790738146
17126,62,9,2016.43,1426,295,375,224.04777777777778,0.0,0.0,487.78,3.0,0.0,0.0,0.0,38.78774427616138
17127,339,5,1155.0300000000002,340,27,645,231.00600000000003,0.0,0.0,0.0,0.0,0.0,0.0,0.0,3.3217483715355343
17128,245,1,157.09,76,14,245,157.09,0.0,0.0,0.0,0.0,0.0,0.0,0.0,0.8206672370327973
17129,430,1,31.85,5,2,430,31.85,0.0,0.0,0.0,0.0,0.0,0.0,0.0,0.8410154955548554
17132,362,2,1220.9099999999999,963,62,398,610.4549999999999,0.0,0.0,0.0,0.0,0.0,0.0,0.0,2.914907436763682
17133,100,8,12208.880000000001,8502,21,539,1526.1100000000001,0.0,0.0,0.0,0.0,0.0,0.0,2413.4500000000003,147.97971455349864
17134,17,3,625.3,144,31,352,208.4333333333333,94.5,1.0,94.5,1.0,0.9895287958115183,0.5,0.0,13.72917418405671
17135,200,5,1298.58,1104,85,489,259.716,0.0,0.0,0.0,0.0,0.0,0.0,639.18,25.82844353723859
17136,572,1,231.68,256,14,572,231.68,0.0,0.0,0.0,0.0,0.0,0.0,0.0,0.09491919600945478
17137,326,6,1099.81,680,125,588,183.30166666666665,0.0,0.0,0.0,0.0,0.0,0.0,0.0,2.2649313800570465
17138,186,7,4417.27,2024,234,583,631.0385714285715,0.0,0.0,0.0,0.0,0.0,0.0,0.0,9.920671804908968
17139,33,20,15767.81,7877,367,608,788.3905,0.0,0.0,2145.92,3.0,0.0,0.0,3798.95,2195.4446843963538
17140,157,1,454.12,296,16,157,454.12,0.0,0.0,0.0,0.0,0.0,0.0,0.0,1.4171324669043186
17141,328,4,727.58,423,138,594,181.895,0.0,0.0,0.0,0.0,0.0,0.0,0.0,7.339939143872364
17142,149,4,1275.25,322,78,594,318.8125,0.0,0.0,0.0,0.0,0.0,0.0,0.0,4.450885631059506
17143,327,2,880.97,314,82,425,440.485,0.0,0.0,0.0,0.0,0.0,0.0,0.0,3.257948273598061
17145,423,4,3120.91,2591,168,569,780.2275,0.0,0.0,0.0,0.0,0.0,0.0,0.0,0.2863878480335138
17146,16,13,5852.64,2188,164,586,450.20307692307694,185.9,1.0,185.9,1.0,0.994649545211343,0.5,0.0,44.49365906745712
17147,117,7,2458.47,943,74,608,351.21,0.0,0.0,0.0,0.0,0.0,0.0,741.48,71.3808246225127
17149,361,1,143.10000000000002,18,6,361,143.10000000000002,0.0,0.0,0.0,0.0,0.0,0.0,0.0,1.4146861468395198
17150,287,6,1357.95,397,64,644,226.32500000000002,0.0,0.0,0.0,0.0,0.0,0.0,0.0,4.718919438864103
17151,645,1,231.90000000000003,42,4,645,231.90000000000003,0.0,0.0,0.0,0.0,0.0,0.0,0.0,0.9722844773591198
17152,105,4,2016.5,577,9,336,504.125,0.0,0.0,0.0,0.0,0.0,0.0,0.0,6.722484147445653
17155,88,6,784.0600000000001,899,33,647,130.67666666666668,0.0,0.0,143.3,1.0,0.0,0.0,108.39999999999999,17.077973091776634
17156,402,1,591.87,391,39,402,591.87,0.0,0.0,0.0,0.0,0.0,0.0,0.0,2.218657923242764
17157,86,18,4994.36,2022,75,645,277.46444444444444,0.0,0.0,161.46,1.0,0.0,0.0,157.54000000000002,253.963980333292
17158,143,4,1411.58,830,61,552,352.895,0.0,0.0,0.0,0.0,0.0,0.0,568.42,11.004272896264037
17159,82,3,1089.16,542,51,555,363.05333333333334,0.0,0.0,528.45,1.0,0.0,0.0,1010.43,25.818448606962377
17160,19,16,9692.31,7951,196,646,605.769375,758.0500000000001,1.0,1796.11,3.0,0.4218161381328912,0.25,516.85,967.5348297867507
17161,354,1,856.01,537,52,354,856.01,0.0,0.0,0.0,0.0,0.0,0.0,0.0,4.3200391711881885
17162,41,9,1463.66,865,75,216,162.6288888888889,0.0,0.0,298.38,1.0,0.0,0.0,251.8,178.00472411807368
17163,356,2,406.68,465,24,586,203.34,0.0,0.0,0.0,0.0,0.0,0.0,293.1,31.3046098232618
17164,62,3,1270.42,802,53,183,423.47333333333336,0.0,0.0,327.2,1.0,0.0,0.0,1196.93,123.68970101382578
17165,194,6,1794.32,788,77,639,299.05333333333334,0.0,0.0,0.0,0.0,0.0,0.0,0.0,17.262274212258077
17166,114,1,127.59,57,10,114,127.59,0.0,0.0,0.0,0.0,0.0,0.0,78.75,5.715196440196556
17167,290,3,867.11,429,64,355,289.0366666666667,0.0,0.0,0.0,0.0,0.0,0.0,0.0,5.984212487701745
17168,409,1,400.2,220,21,409,400.2,0.0,0.0,0.0,0.0,0.0,0.0,0.0,1.6894289941302678
17169,93,2,629.63,247,31,488,314.815,0.0,0.0,0.0,0.0,0.0,0.0,527.1,14.483863367826586
17170,284,2,178.68,152,8,299,89.34,0.0,0.0,0.0,0.0,0.0,0.0,0.0,0.667081315574337
17171,199,2,384.59,225,25,572,192.295,0.0,0.0,0.0,0.0,0.0,0.0,0.0,1.931236177034923
17172,341,2,638.81,735,24,637,319.405,0.0,0.0,0.0,0.0,0.0,0.0,317.76,15.685428800279269
17173,27,2,961.26,238,13,41,480.63,498.48,1.0,961.26,2.0,0.5180304699353605,0.3333333333333333,2805.34,104.15367562300244
17174,128,1,59.9,41,4,128,59.9,0.0,0.0,0.0,0.0,0.0,0.0,0.0,1.0240015985761626
17175,51,3,1132.6299999999999,644,42,206,377.5433333333333,0.0,0.0,310.93,1.0,0.0,0.0,311.06,81.66054440986704
17176,112,3,902.3199999999999,576,37,587,300.7733333333333,0.0,0.0,0.0,0.0,0.0,0.0,0.0,7.263716644849446
17177,415,1,119.5,40,29,415,119.5,0.0,0.0,0.0,0.0,0.0,0.0,0.0,0.531669122321227
17178,641,1,432.96,100,31,641,432.96,0.0,0.0,0.0,0.0,0.0,0.0,0.0,0.6054901169269414
17179,88,6,1507.26,625,75,473,251.21,0.0,0.0,223.48,1.0,0.0,0.0,0.0,14.601504046191142
17180,151,10,2005.6,1655,179,597,200.56,0.0,0.0,0.0,0.0,0.0,0.0,231.17,110.62417149364889
17181,284,2,380.97,459,7,506,190.485,0.0,0.0,0.0,0.0,0.0,0.0,84.39999999999999,8.544379735807091
17182,333,2,321.3,54,4,628,160.65,0.0,0.0,0.0,0.0,0.0,0.0,0.0,2.487164339171331
17183,15,1,329.67,141,9,15,329.67,329.67,1.0,329.67,1.0,0.9969758369371277,0.5,3017.64,71.97765420644511
17184,479,2,198.41000000000003,73,14,640,99.20500000000001,0.0,0.0,0.0,0.0,0.0,0.0,0.0,0.4322394402065177
17185,502,3,229.46,119,38,508,76.48666666666666,0.0,0.0,0.0,0.0,0.0,0.0,0.0,0.4733340904790582
17187,137,2,467.71,426,21,436,233.855,0.0,0.0,0.0,0.0,0.0,0.0,0.0,5.236623986261808
17188,74,11,3933.79,2212,119,641,357.61727272727273,0.0,0.0,390.65,2.0,0.0,0.0,659.14,385.5020965793101
17189,16,5,953.63,601,101,648,190.726,157.18,1.0,157.18,1.0,0.9936780882538879,0.5,0.0,11.90525413753763
17190,117,6,1476.83,2058,144,554,246.13833333333332,0.0,0.0,0.0,0.0,0.0,0.0,249.74,61.67333268515328
17191,5,14,4288.28,2221,238,648,306.30571428571426,385.81,1.0,385.81,1.0,0.9974147514283498,0.5,532.17,288.6017780704944
17192,446,1,75.28,45,20,446,75.28,0.0,0.0,0.0,0.0,0.0,0.0,0.0,0.3495166283873697
17193,87,4,1059.3,558,16,648,264.825,0.0,0.0,448.56000000000006,2.0,0.0,0.0,1250.74,64.85949005423105
17194,184,3,812.5,420,57,440,270.8333333333333,0.0,0.0,0.0,0.0,0.0,0.0,0.0,5.851352567366999
17195,565,1,562.98,486,31,565,562.98,0.0,0.0,0.0,0.0,0.0,0.0,0.0,0.8460346223478642
17196,338,1,327.75,154,84,338,327.75,0.0,0.0,0.0,0.0,0.0,0.0,0.0,2.193336092604736
17198,275,2,1043.32,484,73,281,521.66,0.0,0.0,0.0,0.0,0.0,0.0,170.56,6.986155603447868
17199,492,1,135.04000000000002,232,8,492,135.04000000000002,0.0,0.0,0.0,0.0,0.0,0.0,0.0,0.22502956097987364
17200,297,4,356.71,367,25,562,89.1775,0.0,0.0,0.0,0.0,0.0,0.0,0.0,3.871921394928829
17201,434,3,853.3199999999999,773,119,578,284.44,0.0,0.0,0.0,0.0,0.0,0.0,289.78,6.869888621741465
17202,331,1,160.65,55,8,331,160.65,0.0,0.0,0.0,0.0,0.0,0.0,0.0,0.47075399405577667
17203,298,4,2004.01,1751,84,298,501.0025,0.0,0.0,0.0,0.0,0.0,0.0,3560.08,164.92683842462483
17204,85,9,5504.6900000000005,2651,110,458,611.6322222222223,0.0,0.0,314.4,2.0,0.0,0.0,0.0,94.74922135211602
17205,326,2,615.27,1330,18,474,307.635,0.0,0.0,0.0,0.0,0.0,0.0,384.08,20.225033847768138
17207,562,1,292.62,233,55,562,292.62,0.0,0.0,0.0,0.0,0.0,0.0,0.0,0.2981988984182773
17208,306,1,111.15,101,21,306,111.15,0.0,0.0,0.0,0.0,0.0,0.0,0.0,1.069937272852403
17209,559,3,595.7,723,36,647,198.5666666666667,0.0,0.0,0.0,0.0,0.0,0.0,0.0,1.6620108345627076
17210,303,1,251.72,242,47,303,251.72,0.0,0.0,0.0,0.0,0.0,0.0,0.0,2.4072692313869233
17211,90,11,3194.32,1815,176,636,290.3927272727273,0.0,0.0,210.95,1.0,0.0,0.0,852.33,223.13347271896055
17212,163,3,794.41,727,29,397,264.80333333333334,0.0,0.0,0.0,0.0,0.0,0.0,0.0,6.953138678104594
17213,51,11,4181.08,1761,113,635,380.0981818181818,0.0,0.0,843.0600000000001,2.0,0.0,0.0,1001.22,470.63166873043383
17214,159,4,611.97,177,56,269,152.9925,0.0,0.0,0.0,0.0,0.0,0.0,447.15000000000003,13.01731563608802
17215,374,1,186.15,104,11,374,186.15,0.0,0.0,0.0,0.0,0.0,0.0,0.0,0.40009751771113844
17216,464,1,63.6,21,13,464,63.6,0.0,0.0,0.0,0.0,0.0,0.0,0.0,0.2852541874440302
17217,144,2,210.1,93,27,529,105.05,0.0,0.0,0.0,0.0,0.0,0.0,0.0,3.386788110182654
17218,124,13,3170.54,1634,193,593,243.8876923076923,0.0,0.0,0.0,0.0,0.0,0.0,1008.39,84.88250845666136
17219,327,1,144.9,99,24,327,144.9,0.0,0.0,0.0,0.0,0.0,0.0,114.23,2.8822785842320253
17220,9,17,3557.84,2107,347,599,209.28470588235294,122.58,2.0,825.25,5.0,0.14835703479576398,0.3333333333333333,899.47,614.2483379529215
17221,502,3,642.14,426,58,517,214.04666666666665,0.0,0.0,0.0,0.0,0.0,0.0,334.48,23.588166213471794
17222,387,5,1250.86,735,71,608,250.17199999999997,0.0,0.0,0.0,0.0,0.0,0.0,328.65,4.824791769241798
17223,220,3,850.88,219,62,285,283.62666666666667,0.0,0.0,0.0,0.0,0.0,0.0,0.0,4.356764589154039
17224,411,1,100.86,65,8,411,100.86,0.0,0.0,0.0,0.0,0.0,0.0,0.0,0.17202426091841866
17225,492,1,131.15,36,5,492,131.15,0.0,0.0,0.0,0.0,0.0,0.0,0.0,0.8357855367285064
17226,219,3,895.47,853,51,575,298.49,0.0,0.0,0.0,0.0,0.0,0.0,0.0,5.130241444347483
17227,83,9,1555.6100000000001,1328,50,603,172.84555555555556,0.0,0.0,107.6,1.0,0.0,0.0,465.57000000000005,67.15465681611155
17228,118,9,1957.47,1644,132,548,217.49666666666667,0.0,0.0,0.0,0.0,0.0,0.0,1218.51,99.33533320011563
17229,6,2,318.76,185,39,53,159.38,161.05,1.0,318.76,2.0,0.5036589942456843,0.3333333333333333,0.0,54.42176984237222
17230,174,18,9388.49,3753,141,641,521.5827777777778,0.0,0.0,0.0,0.0,0.0,0.0,0.0,25.954531973248073
17231,36,22,5845.9,2990,445,642,265.72272727272724,0.0,0.0,201.07,1.0,0.0,0.0,1218.9,460.8245402724432
17233,358,2,369.98,167,32,635,184.99,0.0,0.0,0.0,0.0,0.0,0.0,190.88,22.2411077525217
17234,93,1,149.89000000000001,55,14,93,149.89000000000001,0.0,0.0,0.0,0.0,0.0,0.0,0.0,1.2278413078517636
17235,282,7,1696.72,873,41,463,242.38857142857142,0.0,0.0,0.0,0.0,0.0,0.0,208.16,22.878767425660378
17236,89,11,1710.86,730,97,552,155.53272727272727,0.0,0.0,133.91,1.0,0.0,0.0,218.4,26.4437874605467
17237,286,2,679.44,309,58,292,339.72,0.0,0.0,0.0,0.0,0.0,0.0,314.69,11.588505030180901
17238,46,26,5926.23,2772,418,649,227.93192307692306,0.0,0.0,411.73,2.0,0.0,0.0,1775.53,404.6715101116802
17239,223,4,1189.45,515,18,437,297.3625,0.0,0.0,0.0,0.0,0.0,0.0,0.0,4.058734998846725
17240,506,1,130.6,108,7,506,130.6,0.0,0.0,0.0,0.0,0.0,0.0,0.0,0.5931218112795165
17241,295,12,2736.64,859,116,572,228.0533333333333,0.0,0.0,0.0,0.0,0.0,0.0,0.0,9.426907195472955
17242,18,5,2889.28,1459,44,595,577.856,425.6,1.0,1135.04,2.0,0.37463469596140986,0.3333333333333333,0.0,8.475977280775302
17243,3,59,16252.79,6199,321,648,275.47101694915256,701.64,2.0,1555.8600000000001,5.0,0.45067636139408807,0.3333333333333333,4207.69,1187.2877858746817
17244,293,4,871.14,803,85,644,217.785,0.0,0.0,0.0,0.0,0.0,0.0,954.9,21.350154071557075
17245,115,2,371.63,307,24,599,185.815,0.0,0.0,0.0,0.0,0.0,0.0,0.0,5.880621570236338
17246,457,2,38.92,36,6,648,19.46,0.0,0.0,0.0,0.0,0.0,0.0,0.0,1.492895529874731
17248,30,2,500.54,276,85,392,250.27,318.65,1.0,318.65,1.0,0.9968715782887533,0.5,0.0,3.5663652364184815
17249,339,1,68.03,79,27,339,68.03,0.0,0.0,0.0,0.0,0.0,0.0,0.0,0.5608407025342741
17250,171,1,162.65,70,23,171,162.65,0.0,0.0,0.0,0.0,0.0,0.0,219.32,3.040608450603253
17251,273,3,798.98,377,65,635,266.32666666666665,0.0,0.0,0.0,0.0,0.0,0.0,0.0,5.115196083367841
17252,27,2,348.91,192,86,96,174.455,11.9,1.0,11.9,1.0,0.9224806201550387,0.5,0.0,11.710790676248067
17254,311,1,198.29,146,36,311,198.29,0.0,0.0,0.0,0.0,0.0,0.0,271.19,6.534038684840567
17255,209,3,598.48,429,131,356,199.49333333333334,0.0,0.0,0.0,0.0,0.0,0.0,183.22,32.0494931832698
17256,17,5,498.93,299,20,510,99.786,112.10000000000001,1.0,112.10000000000001,1.0,0.9911582670203359,0.5,0.0,4.198466656040469
17257,346,2,189.78,187,14,347,94.89,0.0,0.0,0.0,0.0,0.0,0.0,0.0,1.8866682061092241
17258,307,2,417.3,188,46,575,208.65,0.0,0.0,0.0,0.0,0.0,0.0,0.0,2.154139309043196
17259,58,6,1820.34,1100,179,565,303.39,0.0,0.0,213.28,1.0,0.0,0.0,0.0,8.751787329832926
17260,321,1,120.95,23,6,321,120.95,0.0,0.0,0.0,0.0,0.0,0.0,0.0,0.3823010988467651
17261,420,1,221.59,95,43,420,221.59,0.0,0.0,0.0,0.0,0.0,0.0,0.0,0.5181868220405801
17262,137,10,2459.62,669,10,635,245.962,0.0,0.0,0.0,0.0,0.0,0.0,298.0,35.987580348117994
17263,118,1,63.440000000000005,36,23,118,63.440000000000005,0.0,0.0,0.0,0.0,0.0,0.0,0.0,3.5291413198440655
17264,334,1,268.28,217,70,334,268.28,0.0,0.0,0.0,0.0,0.0,0.0,0.0,2.8270971574921604
17265,49,2,550.01,389,106,91,275.005,0.0,0.0,172.17,1.0,0.0,0.0,0.0,20.44963482533582
17266,58,3,318.2,117,56,551,106.06666666666666,0.0,0.0,113.06,1.0,0.0,0.0,183.52,21.75467029562323
17267,37,2,317.2,158,37,37,158.6,0.0,0.0,317.2,2.0,0.0,0.0,0.0,41.12514566781821
17268,18,11,1733.8899999999999,1395,26,642,157.62636363636364,452.15999999999997,1.0,487.15999999999997,2.0,0.9262536873156342,0.3333333333333333,0.0,17.871228625360335
17269,296,1,491.81,314,110,296,491.81,0.0,0.0,0.0,0.0,0.0,0.0,0.0,7.686070936519403
17270,379,2,601.4499999999999,420,45,642,300.72499999999997,0.0,0.0,0.0,0.0,0.0,0.0,0.0,1.4740172741117124
17271,646,1,204.3,113,46,646,204.3,0.0,0.0,0.0,0.0,0.0,0.0,0.0,1.623600374207439
17272,109,2,1409.44,1161,59,173,704.72,0.0,0.0,0.0,0.0,0.0,0.0,739.1899999999999,123.38396868470235
17273,334,1,141.12,133,12,334,141.12,0.0,0.0,0.0,0.0,0.0,0.0,0.0,1.517539181719273
17274,306,1,465.4,194,52,306,465.4,0.0,0.0,0.0,0.0,0.0,0.0,107.82,2.926486257864849
17275,293,1,114.1,71,23,293,114.1,0.0,0.0,0.0,0.0,0.0,0.0,0.0,0.9021353782167417
17276,312,1,502.49,187,50,312,502.49,0.0,0.0,0.0,0.0,0.0,0.0,0.0,2.102459642183507
17277,138,2,1065.3500000000001,430,67,233,532.6750000000001,0.0,0.0,0.0,0.0,0.0,0.0,0.0,4.52058028448709
17278,151,2,271.24,195,17,475,135.62,0.0,0.0,0.0,0.0,0.0,0.0,0.0,2.7254906297544617
17280,348,1,118.85999999999999,74,6,348,118.85999999999999,0.0,0.0,0.0,0.0,0.0,0.0,0.0,0.830924450028999
17281,284,6,797.8499999999999,295,2,583,132.975,0.0,0.0,0.0,0.0,0.0,0.0,0.0,2.9168008952697537
17282,40,5,2308.54,2332,168,459,461.70799999999997,0.0,0.0,961.56,2.0,0.0,0.0,0.0,17.36289757081252
17283,289,1,188.46,179,15,289,188.46,0.0,0.0,0.0,0.0,0.0,0.0,0.0,2.2925914725405807
17284,31,7,2629.62,1945,277,355,375.65999999999997,0.0,0.0,565.6899999999999,3.0,0.0,0.0,158.44,250.1837060704866
17285,538,2,407.94,134,41,573,203.97,0.0,0.0,0.0,0.0,0.0,0.0,0.0,0.47374554508698996
17286,310,2,237.81,251,46,310,118.905,0.0,0.0,0.0,0.0,0.0,0.0,151.37,4.512844988478844
17287,53,19,3702.91,1857,257,647,194.89,0.0,0.0,202.07,1.0,0.0,0.0,346.65,242.67655617950334
17288,117,9,1714.5,1160,139,304,190.5,0.0,0.0,0.0,0.0,0.0,0.0,753.93,150.0673704277417
17289,90,7,1275.23,856,152,551,182.1757142857143,0.0,0.0,164.45,1.0,0.0,0.0,766.57,64.04280733949952
17290,292,6,974.95,742,96,636,162.49166666666667,0.0,0.0,0.0,0.0,0.0,0.0,513.01,12.108596142655653
17291,218,1,550.8000000000001,72,1,218,550.8000000000001,0.0,0.0,0.0,0.0,0.0,0.0,0.0,1.493808753463394
17292,382,2,271.75,131,14,489,135.875,0.0,0.0,0.0,0.0,0.0,0.0,0.0,0.48742011939785285
17293,29,13,2763.6,1610,109,646,212.58461538461538,161.86,2.0,397.68,3.0,0.40598976622855426,0.5,987.03,323.7182414148433
17294,579,2,467.78999999999996,297,17,579,233.89499999999998,0.0,0.0,0.0,0.0,0.0,0.0,0.0,0.7028133077101254
17296,640,1,338.13,216,32,640,338.13,0.0,0.0,0.0,0.0,0.0,0.0,0.0,0.5042222772118696
17298,11,5,954.26,852,61,552,190.852,390.78000000000003,1.0,498.42,2.0,0.7824676624884866,0.3333333333333333,0.0,10.57274286902867
17299,10,4,604.8100000000001,531,71,391,151.20250000000001,116.56,1.0,268.19,2.0,0.4330027118392214,0.3333333333333333,388.41999999999996,26.293691119272356
17300,301,2,393.64,467,37,392,196.82,0.0,0.0,0.0,0.0,0.0,0.0,0.0,4.726384349251882
17301,534,1,131.15,79,52,534,131.15,0.0,0.0,0.0,0.0,0.0,0.0,163.24,2.986600898181089
17302,33,3,661.61,345,48,216,220.53666666666666,0.0,0.0,358.49,1.0,0.0,0.0,474.02,52.13203106372971
17303,271,1,250.04,144,53,271,250.04,0.0,0.0,0.0,0.0,0.0,0.0,0.0,2.8429934385804283
17304,444,1,111.5,73,5,444,111.5,0.0,0.0,0.0,0.0,0.0,0.0,0.0,0.2778948553423975
17305,559,1,2135.46,1006,9,559,2135.46,0.0,0.0,0.0,0.0,0.0,0.0,0.0,0.7417116865818594
17306,10,17,7851.1,11514,13,314,461.8294117647059,576.74,1.0,3504.4,7.0,0.16452901238089804,0.125,1931.25,1057.9332685895745
17307,305,11,3999.8900000000003,3667,22,599,363.6263636363637,0.0,0.0,0.0,0.0,0.0,0.0,0.0,8.756907166450448
17308,303,2,4511.76,5148,5,363,2255.88,0.0,0.0,0.0,0.0,0.0,0.0,0.0,8.962513728585627
17309,5,3,320.39,181,33,583,106.79666666666667,82.75,1.0,82.75,1.0,0.9880597014925373,0.5,0.0,4.555755399567675
17310,297,2,1025.1,402,1,445,512.55,0.0,0.0,0.0,0.0,0.0,0.0,0.0,1.5697082781506357
17311,227,5,2738.17,2160,93,585,547.634,0.0,0.0,0.0,0.0,0.0,0.0,828.39,48.213753625648614
17312,49,3,644.3,372,11,69,214.76666666666665,0.0,0.0,644.3,3.0,0.0,0.0,0.0,14.325362277534081
17314,59,14,3883.43,2785,141,647,277.3878571428571,0.0,0.0,719.92,2.0,0.0,0.0,1021.0,560.3164797036729
17315,10,35,7686.44,4223,371,349,219.6125714285714,689.47,5.0,1466.6399999999999,10.0,0.46978141778637816,0.45454545454545453,1913.1399999999999,1572.547431651735
17316,330,1,124.45,44,35,330,124.45,0.0,0.0,0.0,0.0,0.0,0.0,0.0,0.9772492819807096
17318,635,1,157.32999999999998,59,17,635,157.32999999999998,0.0,0.0,0.0,0.0,0.0,0.0,0.0,0.1386414843830429
17319,579,1,29.1,14,3,579,29.1,0.0,0.0,0.0,0.0,0.0,0.0,0.0,0.41142875434704385
17320,10,6,2895.77,1392,86,597,482.62833333333333,290.52,1.0,290.52,1.0,0.9965697036223929,0.5,0.0,23.787762291384972
17321,304,4,1008.05,426,159,488,252.0125,0.0,0.0,0.0,0.0,0.0,0.0,657.16,32.97156114443861
17322,286,5,922.59,631,115,647,184.518,0.0,0.0,0.0,0.0,0.0,0.0,0.0,6.6206049586615885
17323,35,9,1175.47,1161,147,609,130.60777777777778,0.0,0.0,239.88,2.0,0.0,0.0,375.57,80.28787001223066
17324,242,10,2013.87,1299,85,631,201.387,0.0,0.0,0.0,0.0,0.0,0.0,284.25,61.311756024199354
17325,190,3,609.5699999999999,465,39,552,203.18999999999997,0.0,0.0,0.0,0.0,0.0,0.0,0.0,8.31015799758991
17326,318,2,312.35,136,82,439,156.175,0.0,0.0,0.0,0.0,0.0,0.0,0.0,3.090070789813313
17327,320,2,152.35,59,3,473,76.175,0.0,0.0,0.0,0.0,0.0,0.0,0.0,1.0670508552553495
17328,583,1,104.7,86,6,583,104.7,0.0,0.0,0.0,0.0,0.0,0.0,0.0,0.3138243937399766
17329,225,4,718.78,355,73,646,179.695,0.0,0.0,0.0,0.0,0.0,0.0,279.75,12.999820836412677
17330,455,2,59.900000000000006,2,2,558,29.950000000000003,0.0,0.0,0.0,0.0,0.0,0.0,363.9,3.813145221354188
17331,34,1,175.2,16,1,34,175.2,0.0,0.0,175.2,1.0,0.0,0.0,0.0,5.665782309819109
17332,438,5,838.27,794,82,566,167.654,0.0,0.0,0.0,0.0,0.0,0.0,0.0,2.60234609156627
17334,212,3,635.15,566,20,317,211.71666666666667,0.0,0.0,0.0,0.0,0.0,0.0,0.0,7.482506082976235
17335,294,2,497.04,210,34,595,248.52,0.0,0.0,0.0,0.0,0.0,0.0,0.0,2.662246542413374
17336,382,1,81.12,48,1,382,81.12,0.0,0.0,0.0,0.0,0.0,0.0,0.0,0.28450086539460173
17337,61,4,1981.06,1247,421,220,495.265,0.0,0.0,32.95,1.0,0.0,0.0,0.0,16.281898954701294
17338,24,16,10559.710000000001,5060,538,549,659.9818750000001,946.74,1.0,1543.07,2.0,0.6131457770696924,0.3333333333333333,1329.6200000000001,1168.1665282285344
17339,4,3,362.36,188,10,419,120.78666666666668,183.36,1.0,183.36,1.0,0.9945758298980256,0.5,0.0,3.5281391095006036
17340,30,14,17529.58,9203,258,573,1252.1128571428574,595.72,1.0,1790.84,3.0,0.33246271988570414,0.25,4759.64,1244.6397739175407
17341,67,5,1688.82,1077,200,450,337.764,0.0,0.0,265.68,2.0,0.0,0.0,0.0,19.817208707914283
17342,290,4,1227.54,521,31,580,306.885,0.0,0.0,0.0,0.0,0.0,0.0,0.0,2.930749551617861
17343,265,6,1259.94,454,61,646,209.99,0.0,0.0,0.0,0.0,0.0,0.0,0.0,6.932307299635907
17344,639,1,299.74,135,36,639,299.74,0.0,0.0,0.0,0.0,0.0,0.0,157.62,1.752791210509968
17345,3,9,1348.12,1844,140,648,149.7911111111111,155.8,1.0,155.8,1.0,0.9936224489795918,0.5,238.51,66.77198248403592
17346,13,19,3738.62,2829,402,511,196.7694736842105,151.52,1.0,298.94,2.0,0.5051677002067081,0.3333333333333333,1394.1,405.5590682080418
17348,208,5,1445.84,1567,206,550,289.168,0.0,0.0,0.0,0.0,0.0,0.0,996.45,58.877673564939826
17349,89,5,772.41,772,74,541,154.482,0.0,0.0,98.25,1.0,0.0,0.0,0.0,6.3664799028594965
17350,304,3,612.381,408,65,586,204.12699999999998,0.0,0.0,0.0,0.0,0.0,0.0,1281.32,19.237153839871468
17351,79,11,1828.38,362,41,639,166.21636363636364,0.0,0.0,228.7,1.0,0.0,0.0,159.85,65.11392461384709
17352,606,1,36.25,15,5,606,36.25,0.0,0.0,0.0,0.0,0.0,0.0,0.0,0.5286482044195946
17353,39,4,3242.0,2168,7,534,810.5,0.0,0.0,1740.0,2.0,0.0,0.0,0.0,5.616107813533227
17354,338,3,1740.8999999999999,1525,73,338,580.3,0.0,0.0,0.0,0.0,0.0,0.0,1393.06,36.17529816470779
17355,296,1,273.31,249,28,296,273.31,0.0,0.0,0.0,0.0,0.0,0.0,0.0,4.513687168990828
17356,222,5,946.47,925,73,599,189.294,0.0,0.0,0.0,0.0,0.0,0.0,0.0,4.7832361892687745
17358,213,5,861.01,430,126,563,172.202,0.0,0.0,0.0,0.0,0.0,0.0,0.0,5.9481366738122885
17359,558,1,156.6,76,23,558,156.6,0.0,0.0,0.0,0.0,0.0,0.0,127.86,1.0866261662099312
17360,94,4,953.17,460,137,345,238.2925,0.0,0.0,0.0,0.0,0.0,0.0,247.34,69.50495942436467
17361,96,4,647.51,286,41,586,161.8775,0.0,0.0,0.0,0.0,0.0,0.0,224.28,23.0951454299477
17362,149,7,1024.04,549,99,613,146.29142857142855,0.0,0.0,0.0,0.0,0.0,0.0,0.0,4.985431385520022
17363,305,3,920.46,499,34,312,306.82,0.0,0.0,0.0,0.0,0.0,0.0,0.0,4.109642399135474
17364,47,23,10127.65,6266,396,642,440.33260869565214,0.0,0.0,531.96,1.0,0.0,0.0,1845.27,455.41715301774855
17365,80,12,5753.94,5800,320,587,479.49499999999995,0.0,0.0,443.82,1.0,0.0,0.0,2430.55,737.890981631338
17366,342,2,1077.24,504,120,366,538.62,0.0,0.0,0.0,0.0,0.0,0.0,0.0,2.1698744264427083
17367,148,1,167.55,149,33,148,167.55,0.0,0.0,0.0,0.0,0.0,0.0,0.0,1.8529235430933078
17368,3,12,2484.49,2222,161,634,207.04083333333332,20.8,1.0,716.15,3.0,0.029003695182318903,0.25,273.8,221.4065175095401
17369,366,1,979.1999999999999,1152,1,366,979.1999999999999,0.0,0.0,0.0,0.0,0.0,0.0,0.0,2.961000747410378
17370,2,2,228.06,218,16,80,114.03,117.36,1.0,228.06,2.0,0.5123548415262377,0.3333333333333333,218.12,86.46753282672904
17371,271,4,329.11,169,62,642,82.2775,0.0,0.0,0.0,0.0,0.0,0.0,326.26,7.277633751206678
17372,76,26,4065.76,1708,384,646,156.37538461538463,0.0,0.0,185.82,1.0,0.0,0.0,281.55,147.5403868990993
17373,44,5,807.88,530,50,559,161.576,0.0,0.0,142.05,1.0,0.0,0.0,359.62,24.278497613880987
17374,129,3,727.11,155,34,305,242.37,0.0,0.0,0.0,0.0,0.0,0.0,0.0,6.565021743597566
17375,109,4,660.55,480,77,342,165.1375,0.0,0.0,0.0,0.0,0.0,0.0,0.0,12.006384017452104
17376,221,3,356.29,193,37,433,118.76333333333334,0.0,0.0,0.0,0.0,0.0,0.0,97.35,3.0790720525455577
17377,36,67,16214.59,6568,436,648,242.00880597014927,0.0,0.0,442.72,2.0,0.0,0.0,2017.98,327.8984600377234
17378,284,1,10.95,1,1,284,10.95,0.0,0.0,0.0,0.0,0.0,0.0,0.0,0.7451649914647738
17380,344,3,645.0,252,5,445,215.0,0.0,0.0,0.0,0.0,0.0,0.0,0.0,2.3999914783999645
17381,9,33,37988.409999999996,42969,50,458,1151.1639393939392,1914.0,2.0,4443.5199999999995,8.0,0.4306426790744558,0.2222222222222222,2013.96,4992.161734625659
17382,346,7,836.88,432,14,480,119.55428571428571,0.0,0.0,0.0,0.0,0.0,0.0,65.4,5.60917966936263
17383,363,1,110.69999999999999,12,2,363,110.69999999999999,0.0,0.0,0.0,0.0,0.0,0.0,193.39000000000001,3.3169969958576813
17384,129,2,398.8,76,7,377,199.4,0.0,0.0,0.0,0.0,0.0,0.0,108.75,5.033107160949468
17386,9,6,1823.69,1075,18,295,303.9483333333333,1084.02,3.0,1697.3400000000001,5.0,0.6382820872145741,0.5,989.08,233.61256614341858
17388,42,10,2368.84,2266,40,640,236.88400000000001,0.0,0.0,189.82999999999998,1.0,0.0,0.0,306.53000000000003,119.4008127798437
17389,6,52,34885.73,12210,57,646,670.8794230769231,591.3,1.0,4376.54,11.0,0.13507586452665193,0.08333333333333333,22329.6,8227.055936374212
17390,331,1,149.3,49,12,331,149.3,0.0,0.0,0.0,0.0,0.0,0.0,0.0,0.5162070060132187
17391,74,2,508.8,480,2,75,254.4,0.0,0.0,508.8,2.0,0.0,0.0,0.0,5.958193816050551
17392,217,3,585.92,450,66,360,195.30666666666664,0.0,0.0,0.0,0.0,0.0,0.0,0.0,9.860066767995818
17393,321,2,381.15,238,45,398,190.575,0.0,0.0,0.0,0.0,0.0,0.0,0.0,1.9217733006271163
17394,129,1,203.86999999999998,241,4,129,203.86999999999998,0.0,0.0,0.0,0.0,0.0,0.0,0.0,3.1598885010914604
17395,418,1,97.5,66,3,418,97.5,0.0,0.0,0.0,0.0,0.0,0.0,0.0,0.19945747572835376
17396,59,12,6278.1,1519,26,351,523.1750000000001,0.0,0.0,4404.3,5.0,0.0,0.0,2529.0,432.12351863199297
17397,326,1,516.87,441,44,326,516.87,0.0,0.0,0.0,0.0,0.0,0.0,681.41,9.199977722380627
17398,25,3,653.38,310,30,165,217.79333333333332,124.92999999999999,1.0,124.92999999999999,1.0,0.9920590804415151,0.5,0.0,18.86150847604862
17400,36,8,4623.28,2185,345,632,577.91,0.0,0.0,791.22,1.0,0.0,0.0,0.0,91.17391502517674
17401,451,1,114.85,34,11,451,114.85,0.0,0.0,0.0,0.0,0.0,0.0,0.0,2.2375816805674376
17402,12,18,4194.13,1289,101,633,233.00722222222223,570.14,2.0,721.8,3.0,0.7887935805201992,0.5,901.4,666.6545793383017
17403,361,1,118.95,77,13,361,118.95,0.0,0.0,0.0,0.0,0.0,0.0,263.92,4.164147213016138
17404,33,18,36878.6,39554,110,612,2048.811111111111,0.0,0.0,7150.68,4.0,0.0,0.0,10902.52,8878.75074407189
17405,60,1,393.31,334,41,60,393.31,0.0,0.0,393.31,1.0,0.0,0.0,638.1,45.70389055734442
17406,243,13,4889.05,2117,155,643,376.08076923076925,0.0,0.0,0.0,0.0,0.0,0.0,0.0,9.543602202209081
17407,322,1,552.9,426,23,322,552.9,0.0,0.0,0.0,0.0,0.0,0.0,0.0,6.908573327203585
17408,73,3,316.09000000000003,163,7,424,105.36333333333334,0.0,0.0,32.65,1.0,0.0,0.0,0.0,2.632003742505752
17409,95,10,7793.51,4089,50,639,779.351,0.0,0.0,0.0,0.0,0.0,0.0,0.0,106.12993349589291
17410,6,2,419.55,149,22,125,209.775,117.15,1.0,117.15,1.0,0.9915361828184511,0.5,795.17,64.54315612986724
17411,171,3,932.02,428,46,647,310.67333333333335,0.0,0.0,0.0,0.0,0.0,0.0,493.36,7.142879226431496
17412,106,13,3869.28,2224,143,647,297.6369230769231,0.0,0.0,0.0,0.0,0.0,0.0,548.24,166.0230632950969
17413,315,2,560.14,302,10,480,280.07,0.0,0.0,0.0,0.0,0.0,0.0,0.0,2.8791788237467175
17414,95,5,2069.52,5536,6,646,413.904,0.0,0.0,0.0,0.0,0.0,0.0,180.0,27.191675413468797
17416,20,20,15699.52,7750,305,635,784.976,908.74,1.0,1846.48,2.0,0.49188083226882023,0.3333333333333333,1598.93,1731.5660390309845
17417,459,1,164.18,76,16,459,164.18,0.0,0.0,0.0,0.0,0.0,0.0,0.0,0.23966557504100422
17418,234,2,373.99,371,24,297,186.995,0.0,0.0,0.0,0.0,0.0,0.0,296.07,5.195294332334942
17419,54,14,4933.95,2424,159,593,352.425,0.0,0.0,614.2,1.0,0.0,0.0,1566.57,509.6036144647702
17420,81,5,877.11,403,34,311,175.422,0.0,0.0,260.66,1.0,0.0,0.0,207.32,61.189550839385284
17421,296,3,1059.41,807,46,645,353.1366666666667,0.0,0.0,0.0,0.0,0.0,0.0,0.0,3.4799402306503158
17422,3,10,3314.36,3034,137,445,331.43600000000004,402.79,1.0,1070.9,3.0,0.3757719936561246,0.25,280.4,245.32598908366265
17423,128,2,869.96,645,28,304,434.98,0.0,0.0,0.0,0.0,0.0,0.0,248.99,12.220110637867705
17426,1,11,7321.1,4634,225,570,665.5545454545455,1001.36,1.0,3086.71,3.0,0.32430506750957827,0.25,756.6700000000001,614.7025046675848
17428,21,37,25224.0,14769,383,648,681.7297297297297,377.25,1.0,3372.27,7.0,0.111835103623487,0.125,6595.76,3429.1150979831027
17429,38,5,1357.46,1286,80,340,271.492,0.0,0.0,148.78,1.0,0.0,0.0,0.0,33.24049498508363
17430,275,3,582.01,385,24,390,194.00333333333333,0.0,0.0,0.0,0.0,0.0,0.0,153.16,8.34756180507894
17431,223,1,403.3,292,41,223,403.3,0.0,0.0,0.0,0.0,0.0,0.0,0.0,1.3677101522502677
17432,295,7,1363.23,801,174,646,194.74714285714285,0.0,0.0,0.0,0.0,0.0,0.0,365.76,59.34894168164539
17433,295,1,266.8,120,39,295,266.8,0.0,0.0,0.0,0.0,0.0,0.0,303.15999999999997,4.88100770131377
17435,321,1,331.35,195,15,321,331.35,0.0,0.0,0.0,0.0,0.0,0.0,0.0,1.4535661942942428
17436,137,4,440.15999999999997,136,5,643,110.03999999999999,0.0,0.0,0.0,0.0,0.0,0.0,93.89999999999999,10.0743713506262
17437,440,1,369.68,283,52,440,369.68,0.0,0.0,0.0,0.0,0.0,0.0,0.0,1.431558915956064
17438,164,5,1422.77,553,49,551,284.554,0.0,0.0,0.0,0.0,0.0,0.0,0.0,4.463911082266186
17439,566,1,325.74,370,8,566,325.74,0.0,0.0,0.0,0.0,0.0,0.0,0.0,0.5552732276482544
17440,67,4,323.58,282,4,459,80.895,0.0,0.0,61.8,1.0,0.0,0.0,0.0,1.3551537203032453
17441,642,1,293.35,245,21,642,293.35,0.0,0.0,0.0,0.0,0.0,0.0,0.0,0.31748519375047535
17442,4,14,4293.43,2898,179,572,306.67357142857145,331.24,1.0,1106.86,3.0,0.29899084721896274,0.25,326.87,664.0446854262688
17443,130,1,534.24,504,1,130,534.24,0.0,0.0,0.0,0.0,0.0,0.0,0.0,4.167189894020921
17444,58,3,2940.04,2119,132,83,980.0133333333333,0.0,0.0,2940.04,3.0,0.0,0.0,0.0,57.11559701756637
17446,87,2,120.9,198,6,220,60.45,0.0,0.0,52.800000000000004,1.0,0.0,0.0,0.0,1.367685893397425
17448,407,46,14523.67,11534,569,555,315.7319565217391,0.0,0.0,0.0,0.0,0.0,0.0,0.0,0.5682761901400941
17449,5,10,3846.49,2070,237,640,384.649,174.86,1.0,174.86,1.0,0.9943136585920619,0.5,1021.66,190.75241242066272
17450,5,28,138723.84,46887,127,348,4954.422857142857,16650.66,5.0,30541.28,9.0,0.5451675513419431,0.5,108089.25,39856.013738018926
17451,16,1,346.01,267,23,16,346.01,346.01,1.0,346.01,1.0,0.9971182386674735,0.5,1375.39,52.808017998115034
17454,102,10,1547.94,727,98,603,154.794,0.0,0.0,0.0,0.0,0.0,0.0,0.0,16.777600871586767
17455,114,1,131.7,66,8,114,131.7,0.0,0.0,0.0,0.0,0.0,0.0,0.0,5.233588319442322
17456,275,2,1225.42,730,59,366,612.71,0.0,0.0,0.0,0.0,0.0,0.0,0.0,4.008917259335815
17457,37,14,5984.8099999999995,2695,30,642,427.4864285714285,0.0,0.0,340.06,1.0,0.0,0.0,0.0,80.11653818396974
17458,292,1,213.08,112,32,292,213.08,0.0,0.0,0.0,0.0,0.0,0.0,316.5,4.4562317150927
17460,4,16,2228.27,980,93,596,139.266875,159.85000000000002,1.0,159.85000000000002,1.0,0.9937830276655268,0.5,0.0,16.44336751797829
17462,194,1,463.40999999999997,155,14,194,463.40999999999997,0.0,0.0,0.0,0.0,0.0,0.0,212.28,2.2289614495045935
17463,86,5,1886.99,1112,177,499,377.398,0.0,0.0,301.88,1.0,0.0,0.0,648.27,43.15428789123327
17464,68,3,907.14,608,35,529,302.38,0.0,0.0,289.96000000000004,1.0,0.0,0.0,0.0,4.001148790711869
17465,336,7,2542.79,1477,103,646,363.2557142857143,0.0,0.0,0.0,0.0,0.0,0.0,0.0,5.1978594021592786
17467,305,1,102.6,20,4,305,102.6,0.0,0.0,0.0,0.0,0.0,0.0,0.0,0.25207032706750954
17468,285,1,57.8,68,3,285,57.8,0.0,0.0,0.0,0.0,0.0,0.0,137.0,1.5102884954174653
17469,19,15,4230.55,1960,150,633,282.0366666666667,304.2,1.0,744.91,2.0,0.4078240002145031,0.3333333333333333,820.7,607.7996273183337
17470,37,10,2496.27,2443,99,418,249.627,0.0,0.0,193.36,1.0,0.0,0.0,308.6,156.20556066807382
17471,385,1,321.65000000000003,153,19,385,321.65000000000003,0.0,0.0,0.0,0.0,0.0,0.0,0.0,0.447366832072724
17472,101,4,922.35,551,183,538,230.5875,0.0,0.0,0.0,0.0,0.0,0.0,0.0,8.46242145970389
17473,319,2,607.0,270,33,366,303.5,0.0,0.0,0.0,0.0,0.0,0.0,0.0,3.646049291796856
17474,510,1,1047.0,200,6,510,1047.0,0.0,0.0,0.0,0.0,0.0,0.0,0.0,0.29582046290001884
17476,306,2,489.86,224,29,648,244.93,0.0,0.0,0.0,0.0,0.0,0.0,0.0,2.8344022815467755
17477,523,2,1144.3,225,44,558,572.15,0.0,0.0,0.0,0.0,0.0,0.0,0.0,0.781108223168822
17478,318,2,1272.8,516,40,543,636.4,0.0,0.0,0.0,0.0,0.0,0.0,0.0,1.5742425010225292
17479,543,1,389.26000000000005,266,18,543,389.26000000000005,0.0,0.0,0.0,0.0,0.0,0.0,0.0,0.39832386637930234
17480,355,1,370.40999999999997,243,24,355,370.40999999999997,0.0,0.0,0.0,0.0,0.0,0.0,511.82,16.01485348672287
17481,4,1,260.63,149,19,4,260.63,260.63,1.0,260.63,1.0,0.9961778083553109,0.5,994.96,111.84223948221947
17482,397,2,775.64,240,50,488,387.82,0.0,0.0,0.0,0.0,0.0,0.0,0.0,1.2640564443230031
17483,44,3,452.43,172,19,325,150.81,0.0,0.0,119.64,1.0,0.0,0.0,139.3,49.60163391233441
17484,486,2,209.57,339,14,534,104.785,0.0,0.0,0.0,0.0,0.0,0.0,0.0,0.7436768652887145
17486,171,1,396.87,191,24,171,396.87,0.0,0.0,0.0,0.0,0.0,0.0,0.0,1.3331310792529367
17487,638,1,160.55,37,8,638,160.55,0.0,0.0,0.0,0.0,0.0,0.0,0.0,0.39934402489881576
17488,551,1,336.5,136,18,551,336.5,0.0,0.0,0.0,0.0,0.0,0.0,0.0,0.09373396700256896
17489,123,1,208.56,232,16,123,208.56,0.0,0.0,0.0,0.0,0.0,0.0,168.07999999999998,8.42637667675098
17490,87,3,963.38,537,51,480,321.12666666666667,0.0,0.0,305.2,1.0,0.0,0.0,1787.12,17.547715525511347
17491,6,13,4540.31,2864,95,501,349.2546153846154,457.8,1.0,793.25,2.0,0.5763928234183192,0.3333333333333333,1440.76,459.42969855108447
17492,158,3,1122.42,450,32,428,374.14000000000004,0.0,0.0,0.0,0.0,0.0,0.0,0.0,4.101071353916386
17493,295,1,100.91000000000001,62,8,295,100.91000000000001,0.0,0.0,0.0,0.0,0.0,0.0,0.0,0.47029689000822017
17494,412,1,54.699999999999996,26,3,412,54.699999999999996,0.0,0.0,0.0,0.0,0.0,0.0,0.0,0.5546616514109135
17495,301,1,309.16,138,21,301,309.16,0.0,0.0,0.0,0.0,0.0,0.0,497.56,3.7998916967274123
17496,269,4,1412.89,675,54,604,353.2225,0.0,0.0,0.0,0.0,0.0,0.0,0.0,3.8364419607321243
17497,300,2,287.25,59,7,521,143.625,0.0,0.0,0.0,0.0,0.0,0.0,0.0,2.7049507726059456
17499,200,2,1341.39,1086,66,472,670.695,0.0,0.0,0.0,0.0,0.0,0.0,0.0,5.509464939504035
17501,131,2,288.6,160,18,131,144.3,0.0,0.0,0.0,0.0,0.0,0.0,0.0,4.254325052663896
17504,116,18,9490.17,5420,244,580,527.2316666666667,0.0,0.0,0.0,0.0,0.0,0.0,0.0,83.41562738105152
17505,72,5,2435.48,1242,83,515,487.096,0.0,0.0,658.85,1.0,0.0,0.0,0.0,17.73311494568171
17507,172,2,605.58,359,79,219,302.79,0.0,0.0,0.0,0.0,0.0,0.0,0.0,8.527478977296614
17508,191,8,4579.23,2891,199,643,572.40375,0.0,0.0,0.0,0.0,0.0,0.0,0.0,18.21389018349608
17510,331,1,206.07999999999998,208,15,331,206.07999999999998,0.0,0.0,0.0,0.0,0.0,0.0,308.48,4.147672137179049
17511,4,50,143916.92,95384,583,648,2878.3384,6457.16,2.0,23625.35,6.0,0.27330332446611516,0.2857142857142857,31686.63,41584.85584443986
17512,31,16,4434.7300000000005,4515,85,639,277.17062500000003,0.0,0.0,589.48,2.0,0.0,0.0,1033.09,555.5716097858947
17513,319,2,645.6,186,12,389,322.8,0.0,0.0,0.0,0.0,0.0,0.0,513.2,4.4667988545982205
17514,38,2,522.0,284,72,579,261.0,0.0,0.0,208.65,1.0,0.0,0.0,0.0,2.981471473982058
17515,116,8,1534.86,504,90,460,191.8575,0.0,0.0,0.0,0.0,0.0,0.0,67.65,37.943325233602316
17516,29,5,788.27,481,132,289,157.654,153.64,1.0,153.64,1.0,0.9935333678220383,0.5,159.23,87.58894726541129
17517,219,1,153.94,102,11,219,153.94,0.0,0.0,0.0,0.0,0.0,0.0,0.0,1.1285936503392826
17518,336,2,329.42,267,71,531,164.71,0.0,0.0,0.0,0.0,0.0,0.0,0.0,2.00837340865305
17519,44,14,4753.45,3220,133,649,339.53214285714284,0.0,0.0,532.4,2.0,0.0,0.0,356.02,548.2638165883825
17521,109,3,714.41,403,37,345,238.13666666666666,0.0,0.0,0.0,0.0,0.0,0.0,563.65,24.533760456616584
17522,49,4,912.25,932,54,128,228.0625,0.0,0.0,124.71,1.0,0.0,0.0,158.45999999999998,68.33761556049228
17524,271,3,539.14,362,37,348,179.71333333333334,0.0,0.0,0.0,0.0,0.0,0.0,0.0,5.020169974032892
17525,270,3,1161.9,338,19,339,387.3,0.0,0.0,0.0,0.0,0.0,0.0,0.0,2.575221466695496
17526,201,11,3842.94,1312,61,632,349.35818181818183,0.0,0.0,0.0,0.0,0.0,0.0,323.1,72.42490935165333
17527,20,2,606.62,206,25,128,303.31,314.51,1.0,314.51,1.0,0.9968305283509239,0.5,332.75,41.75844122418677
17529,520,2,1240.25,790,78,608,620.125,0.0,0.0,0.0,0.0,0.0,0.0,0.0,1.1167149365327513
17530,116,8,2090.47,1213,271,643,261.30875,0.0,0.0,0.0,0.0,0.0,0.0,1001.86,112.9143066621574
17531,100,3,1266.82,472,54,528,422.2733333333333,0.0,0.0,0.0,0.0,0.0,0.0,0.0,3.875666090758239
17532,296,1,65.34,30,4,296,65.34,0.0,0.0,0.0,0.0,0.0,0.0,0.0,0.1499771798283472
17533,345,1,34.8,24,1,345,34.8,0.0,0.0,0.0,0.0,0.0,0.0,0.0,0.3143097799618623
17534,361,4,1445.47,757,69,562,361.3675,0.0,0.0,0.0,0.0,0.0,0.0,223.36,13.74578122468637
17535,190,1,164.4,136,13,190,164.4,0.0,0.0,0.0,0.0,0.0,0.0,0.0,1.4598165668870962
17536,87,3,364.83,201,16,593,121.61,0.0,0.0,76.5,1.0,0.0,0.0,0.0,3.8735622812143418
17537,213,1,620.75,369,60,213,620.75,0.0,0.0,0.0,0.0,0.0,0.0,266.92,8.208459616266506
17539,528,4,1176.84,708,132,637,294.21,0.0,0.0,0.0,0.0,0.0,0.0,0.0,1.9239893501061358
17540,226,5,1280.5,458,35,510,256.1,0.0,0.0,0.0,0.0,0.0,0.0,310.1,6.252323316946081
17541,420,1,119.86,44,31,420,119.86,0.0,0.0,0.0,0.0,0.0,0.0,0.0,0.4194104150306772
17542,180,3,340.85,323,57,552,113.61666666666667,0.0,0.0,0.0,0.0,0.0,0.0,0.0,3.639992278139544
17543,460,1,120.05,62,13,460,120.05,0.0,0.0,0.0,0.0,0.0,0.0,0.0,0.2300057312637715
17544,300,3,944.82,410,80,300,314.94,0.0,0.0,0.0,0.0,0.0,0.0,0.0,7.87137236735926
17545,300,3,767.54,345,112,488,255.84666666666666,0.0,0.0,0.0,0.0,0.0,0.0,642.32,37.28313020666405
17547,286,2,727.85,223,22,575,363.925,0.0,0.0,0.0,0.0,0.0,0.0,0.0,3.2796973112742878
17548,144,4,731.26,494,22,306,182.815,0.0,0.0,0.0,0.0,0.0,0.0,0.0,7.383786111335439
17550,107,9,2506.64,968,250,580,278.5155555555555,0.0,0.0,0.0,0.0,0.0,0.0,0.0,23.43582592203566
17551,269,1,290.34,142,39,269,290.34,0.0,0.0,0.0,0.0,0.0,0.0,0.0,4.42354463290739
17552,282,10,2453.4,1520,64,538,245.34,0.0,0.0,0.0,0.0,0.0,0.0,631.89,79.95709319504533
17553,40,4,3757.6,2288,2,521,939.4,0.0,0.0,1487.6,1.0,0.0,0.0,0.0,6.796918894173465
17554,33,2,1249.89,1409,51,58,624.945,0.0,0.0,1249.89,2.0,0.0,0.0,702.5600000000001,177.9789758923281
17555,245,4,760.88,547,174,496,190.22,0.0,0.0,0.0,0.0,0.0,0.0,284.86,63.941158522647804
17556,116,2,300.67,184,13,289,150.335,0.0,0.0,0.0,0.0,0.0,0.0,0.0,4.4793239608187605
17557,643,1,34.0,4,1,643,34.0,0.0,0.0,0.0,0.0,0.0,0.0,541.46,2.3619317586611053
17558,303,1,259.17,54,28,303,259.17,0.0,0.0,0.0,0.0,0.0,0.0,0.0,2.358561517059178
17559,423,1,167.62,270,12,423,167.62,0.0,0.0,0.0,0.0,0.0,0.0,0.0,0.517290776539866
17560,5,8,1895.8,1588,37,571,236.975,149.12,1.0,368.90000000000003,2.0,0.4031359826980265,0.3333333333333333,0.0,6.296227249789617
17561,301,3,537.9,237,129,643,179.29999999999998,0.0,0.0,0.0,0.0,0.0,0.0,165.12,17.207187013735137
17562,20,4,661.1,601,35,83,165.275,125.7,1.0,661.1,4.0,0.18985047575894878,0.2,461.28000000000003,133.6191473186344
17563,488,2,392.38,256,27,522,196.19,0.0,0.0,0.0,0.0,0.0,0.0,0.0,0.3999715574244528
17565,497,1,131.83,67,30,497,131.83,0.0,0.0,0.0,0.0,0.0,0.0,0.0,0.52086508098716
17567,3,7,3950.0,2281,105,352,564.2857142857143,590.4,1.0,1051.48,2.0,0.5609607783520827,0.3333333333333333,1406.03,337.0623058421499
17568,543,1,374.45,275,61,543,374.45,0.0,0.0,0.0,0.0,0.0,0.0,0.0,0.28538315415621274
17569,242,1,344.14,159,29,242,344.14,0.0,0.0,0.0,0.0,0.0,0.0,0.0,1.5560760699043636
17570,292,1,100.0,1,1,292,100.0,0.0,0.0,0.0,0.0,0.0,0.0,0.0,0.4348090951626867
17571,56,4,764.79,600,120,453,191.1975,0.0,0.0,201.25,1.0,0.0,0.0,866.12,53.426464920231254
17572,10,9,692.26,336,14,635,76.91777777777777,43.8,1.0,43.8,1.0,0.9776785714285714,0.5,30.75,9.235925621084924
17573,4,1,174.71,177,11,4,174.71,174.71,1.0,174.71,1.0,0.9943088042797792,0.5,205.89000000000001,24.000155669548846
17574,153,1,185.65,77,8,153,185.65,0.0,0.0,0.0,0.0,0.0,0.0,0.0,2.8779160990375763
17575,577,1,171.7,72,5,577,171.7,0.0,0.0,0.0,0.0,0.0,0.0,0.0,0.15225056653601302
17576,9,36,7533.0199999999995,4061,355,646,209.25055555555554,305.43,3.0,568.81,4.0,0.53602077885611,0.6,1298.58,489.9756104496015
17577,555,2,348.75,179,20,579,174.375,0.0,0.0,0.0,0.0,0.0,0.0,0.0,0.13621360534089072
17578,128,7,1047.33,529,57,440,149.6185714285714,0.0,0.0,0.0,0.0,0.0,0.0,0.0,3.8746784481095666
17579,48,3,575.24,247,58,488,191.74666666666667,0.0,0.0,270.86,2.0,0.0,0.0,178.04,17.495313938877835
17580,163,5,541.02,223,78,332,108.204,0.0,0.0,0.0,0.0,0.0,0.0,0.0,6.884135635356332
17581,20,35,14235.0,7540,348,647,406.7142857142857,1417.46,2.0,3102.73,7.0,0.4566956532945843,0.25,4502.95,3188.1305167426913
17582,146,5,1446.95,603,92,534,289.39,0.0,0.0,0.0,0.0,0.0,0.0,0.0,6.946470409608246
17583,470,1,135.95,55,7,470,135.95,0.0,0.0,0.0,0.0,0.0,0.0,0.0,0.18207899766174518
17584,37,5,4816.57,2251,79,594,963.314,0.0,0.0,749.45,1.0,0.0,0.0,492.85,67.85559670225778
17585,19,7,2064.71,2510,295,388,294.9585714285714,314.40999999999997,1.0,595.15,2.0,0.5274008219407866,0.3333333333333333,0.0,30.05151435885888
17586,529,1,167.4,68,8,529,167.4,0.0,0.0,0.0,0.0,0.0,0.0,0.0,0.2632492296605035
17587,538,1,176.71,67,42,538,176.71,0.0,0.0,0.0,0.0,0.0,0.0,0.0,0.3916256309973526
17588,10,7,2939.55,1379,35,548,419.9357142857143,537.96,1.0,843.0,2.0,0.63739336492891,0.3333333333333333,0.0,16.47432057648595
17589,61,17,13276.84,8380,571,552,780.9905882352941,0.0,0.0,631.65,1.0,0.0,0.0,561.1,700.6435954696617
17591,32,7,2360.82,1028,93,601,337.26000000000005,0.0,0.0,213.6,1.0,0.0,0.0,362.8,73.52046071247057
17592,649,1,148.3,38,13,649,148.3,0.0,0.0,0.0,0.0,0.0,0.0,0.0,0.5386219801498484
17593,2,10,7414.12,4755,275,645,741.412,985.62,1.0,2582.76,3.0,0.3814673189460321,0.25,678.2,671.4995097835442
17594,165,3,1819.7,1038,52,515,606.5666666666667,0.0,0.0,0.0,0.0,0.0,0.0,678.18,44.99505787393673
17596,46,10,3812.82,6009,226,634,381.28200000000004,0.0,0.0,449.87,1.0,0.0,0.0,1069.6100000000001,504.93737729300926
17597,124,5,3484.09,2215,109,493,696.818,0.0,0.0,0.0,0.0,0.0,0.0,0.0,26.9125807777437
17598,291,1,409.98,126,10,291,409.98,0.0,0.0,0.0,0.0,0.0,0.0,0.0,1.1441509051229715
17599,388,1,52.05,11,3,388,52.05,0.0,0.0,0.0,0.0,0.0,0.0,0.0,0.36142286578981114
17601,149,2,413.08,295,69,290,206.54,0.0,0.0,0.0,0.0,0.0,0.0,0.0,5.927989518880748
17602,34,10,3209.56,2665,275,529,320.956,0.0,0.0,142.5,1.0,0.0,0.0,4144.87,187.0865084409066
17603,528,3,1393.66,564,93,640,464.55333333333334,0.0,0.0,0.0,0.0,0.0,0.0,394.72,7.263907247235259
17604,127,6,942.38,614,142,592,157.06333333333333,0.0,0.0,0.0,0.0,0.0,0.0,0.0,7.061888442577783
17605,500,1,160.75,71,13,500,160.75,0.0,0.0,0.0,0.0,0.0,0.0,0.0,0.1798012567128601
17606,647,1,87.30000000000001,42,6,647,87.30000000000001,0.0,0.0,0.0,0.0,0.0,0.0,0.0,0.4345953932076829
17607,286,1,333.81,269,22,286,333.81,0.0,0.0,0.0,0.0,0.0,0.0,0.0,1.1847402836056171
17608,359,2,296.07,299,90,517,148.035,0.0,0.0,0.0,0.0,0.0,0.0,191.99,18.95182435863129
17609,212,8,1313.37,869,231,519,164.17125,0.0,0.0,0.0,0.0,0.0,0.0,574.53,63.12032605172058
17610,450,5,1511.94,893,114,643,302.38800000000003,0.0,0.0,0.0,0.0,0.0,0.0,0.0,3.84023641540161
17611,34,22,7077.56,4652,680,648,321.70727272727277,0.0,0.0,702.31,3.0,0.0,0.0,1259.97,583.8191463863384
17612,5,17,5029.35,3054,196,633,295.84411764705885,650.88,2.0,1017.19,3.0,0.6392520060106659,0.5,365.51,606.1325878430279
17613,28,9,2976.69,1667,173,216,330.74333333333334,155.93,1.0,464.28000000000003,2.0,0.33513153370013754,0.3333333333333333,1567.8600000000001,411.5652089167538
17615,40,6,721.8,378,47,395,120.3,0.0,0.0,57.3,1.0,0.0,0.0,0.0,8.648175988253435
17616,84,4,1060.8,416,1,362,265.2,0.0,0.0,163.2,1.0,0.0,0.0,0.0,8.262599378171878
17617,469,1,385.19,249,18,469,385.19,0.0,0.0,0.0,0.0,0.0,0.0,0.0,0.8198016425676348
17618,158,10,3696.84,1714,196,595,369.684,0.0,0.0,0.0,0.0,0.0,0.0,304.8,87.8759736201784
17619,222,1,214.37,124,71,222,214.37,0.0,0.0,0.0,0.0,0.0,0.0,0.0,3.4764206489823715
17621,222,5,2697.0,906,52,342,539.4,0.0,0.0,0.0,0.0,0.0,0.0,478.12,68.1098076761979
17622,508,2,1130.21,379,19,508,565.105,0.0,0.0,0.0,0.0,0.0,0.0,0.0,0.3940449100419624
17623,319,6,1838.72,534,108,635,306.4533333333333,0.0,0.0,0.0,0.0,0.0,0.0,527.0500000000001,21.099388689837514
17624,128,3,1125.45,716,71,630,375.15000000000003,0.0,0.0,0.0,0.0,0.0,0.0,443.18,12.011550006040602
17625,50,6,5185.63,3163,392,635,864.2716666666666,0.0,0.0,685.1,1.0,0.0,0.0,793.27,232.74126072649818
17626,513,1,254.0,202,18,513,254.0,0.0,0.0,0.0,0.0,0.0,0.0,0.0,0.2002684491747273
17627,389,1,296.36,676,10,389,296.36,0.0,0.0,0.0,0.0,0.0,0.0,0.0,1.265588389969834
17629,30,7,1439.78,939,89,331,205.68285714285713,83.25,1.0,192.19,2.0,0.43092292561726797,0.3333333333333333,1015.74,210.30498899958613
17630,80,2,503.59999999999997,158,24,142,251.79999999999998,0.0,0.0,168.1,1.0,0.0,0.0,0.0,6.521799400314825
17631,47,6,886.66,442,56,640,147.77666666666667,0.0,0.0,113.95,1.0,0.0,0.0,111.83,25.38117587221418
17633,13,5,1381.16,530,56,299,276.232,648.61,2.0,648.61,2.0,0.9984606148304367,0.6666666666666666,676.23,181.83239930925043
17634,2,7,2077.07,650,177,248,296.7242857142857,159.79,1.0,265.78000000000003,2.0,0.5989579428742783,0.3333333333333333,281.52,185.8383006492673
17635,334,3,1265.58,770,60,501,421.85999999999996,0.0,0.0,0.0,0.0,0.0,0.0,0.0,2.6800355785845675
17637,25,1,338.95,215,24,25,338.95,338.95,1.0,338.95,1.0,0.997058390939844,0.5,208.11,47.941381038272475
17638,557,2,842.4,432,2,632,421.2,0.0,0.0,0.0,0.0,0.0,0.0,0.0,0.6841610310934382
17639,186,6,615.17,576,59,394,102.52833333333332,0.0,0.0,0.0,0.0,0.0,0.0,0.0,7.2433069908529255
17640,289,5,2547.28,1442,47,537,509.456,0.0,0.0,0.0,0.0,0.0,0.0,621.66,56.06503947268339
17642,30,5,1824.49,1475,88,644,364.898,316.99,1.0,712.29,2.0,0.4444055012687687,0.3333333333333333,0.0,14.848012727269055
17643,283,2,541.25,297,30,415,270.625,0.0,0.0,0.0,0.0,0.0,0.0,0.0,2.6588087953544663
17644,30,16,4758.59,2574,122,572,297.411875,314.86,1.0,703.86,4.0,0.44669863518996683,0.2,1270.01,805.4679118249553
17646,129,12,4149.79,1418,124,634,345.81583333333333,0.0,0.0,0.0,0.0,0.0,0.0,0.0,26.840573281524936
17647,579,2,198.6,52,5,579,99.3,0.0,0.0,0.0,0.0,0.0,0.0,133.06,1.0000510415495216
17648,103,4,1526.26,756,96,295,381.565,0.0,0.0,0.0,0.0,0.0,0.0,690.11,144.567327493413
17649,48,3,1578.89,723,88,382,526.2966666666667,0.0,0.0,868.49,1.0,0.0,0.0,0.0,6.097342197610162
17651,66,10,2906.53,1656,114,437,290.653,0.0,0.0,1148.01,4.0,0.0,0.0,2796.9900000000002,445.90945689332506
17652,54,6,2713.57,1469,101,191,452.2616666666667,0.0,0.0,1084.17,2.0,0.0,0.0,2154.15,660.497799634302
17653,10,2,343.34,687,9,30,171.67,343.34,2.0,343.34,2.0,0.9970958935935412,0.6666666666666666,864.22,80.53628673263023
17654,187,1,117.55,41,22,187,117.55,0.0,0.0,0.0,0.0,0.0,0.0,0.0,2.889436560868012
17655,27,7,2916.87,1259,63,327,416.69571428571425,300.63,1.0,300.63,1.0,0.9966846799058449,0.5,735.61,191.52448956677333
17656,16,3,927.65,463,35,39,309.21666666666664,586.07,2.0,927.65,3.0,0.6310989070155603,0.5,747.04,243.2735062424409
17657,340,1,126.0,60,7,340,126.0,0.0,0.0,0.0,0.0,0.0,0.0,0.0,0.44059828055327105
17658,121,1,317.59999999999997,216,9,121,317.59999999999997,0.0,0.0,0.0,0.0,0.0,0.0,277.82,9.550437217329115
17659,10,11,2488.36,1112,91,296,226.21454545454546,191.92,2.0,525.01,4.0,0.36485998365050093,0.4,1346.43,354.00165864712164
17660,51,2,342.22,259,75,647,171.11,0.0,0.0,178.75,1.0,0.0,0.0,0.0,4.131918656118625
17662,572,2,412.92,184,14,633,206.46,0.0,0.0,0.0,0.0,0.0,0.0,0.0,0.2684408323707999
17663,65,14,4389.45,1925,130,556,313.53214285714284,0.0,0.0,225.72,1.0,0.0,0.0,786.38,388.0941139293217
17664,122,3,887.78,863,51,530,295.9266666666667,0.0,0.0,0.0,0.0,0.0,0.0,278.45,17.711012015562368
17665,403,1,563.1,690,19,403,563.1,0.0,0.0,0.0,0.0,0.0,0.0,0.0,1.0462403667119757
17666,388,3,1319.6399999999999,956,17,438,439.87999999999994,0.0,0.0,0.0,0.0,0.0,0.0,728.16,11.451540963857623
17667,72,8,3646.2,2062,136,565,455.775,0.0,0.0,394.34000000000003,1.0,0.0,0.0,304.5,353.79949462595977
17669,32,8,5168.85,2987,80,527,646.10625,0.0,0.0,822.22,2.0,0.0,0.0,973.5,150.4906807072311
17670,138,1,205.7,110,11,138,205.7,0.0,0.0,0.0,0.0,0.0,0.0,0.0,4.5238533602214765
17671,68,4,1929.18,929,52,286,482.295,0.0,0.0,311.82,1.0,0.0,0.0,474.16,129.70343458863167
17672,219,6,3778.3,1711,128,592,629.7166666666667,0.0,0.0,0.0,0.0,0.0,0.0,2000.33,30.180383413611068
17673,72,11,3754.5299999999997,2884,189,540,341.3209090909091,0.0,0.0,142.52,1.0,0.0,0.0,419.35,140.91637279462802
17674,279,1,601.32,698,11,279,601.32,0.0,0.0,0.0,0.0,0.0,0.0,250.38,18.061475809009323
17675,11,62,31959.510000000002,13611,288,639,515.4759677419355,1724.67,2.0,6328.58,10.0,0.27247779473519573,0.18181818181818182,6300.09,5808.783933798908
17676,19,8,2109.0,1468,68,530,263.625,230.98000000000002,1.0,430.14,3.0,0.5357424502481793,0.25,640.34,85.78166079390026
17677,10,44,31996.18,19206,303,634,727.1859090909091,1600.62,2.0,5421.42,9.0,0.29518554446169787,0.2,4678.88,4918.067748900543
17678,174,2,599.76,368,27,513,299.88,0.0,0.0,0.0,0.0,0.0,0.0,0.0,6.661745197987541
17679,432,5,1585.5,1026,41,646,317.1,0.0,0.0,0.0,0.0,0.0,0.0,1992.1100000000001,7.712794059973378
17680,293,2,313.05,59,9,421,156.525,0.0,0.0,0.0,0.0,0.0,0.0,184.4,3.110221695593334
17681,507,5,731.2,450,12,604,146.24,0.0,0.0,0.0,0.0,0.0,0.0,0.0,1.2413483239516772
17682,25,10,3881.8,2113,76,552,388.18,429.12,1.0,791.94,2.0,0.5411758771155446,0.3333333333333333,574.98,215.8647751274911
17683,296,3,819.01,781,41,464,273.00333333333333,0.0,0.0,0.0,0.0,0.0,0.0,0.0,6.298423591678887
17685,177,10,4264.36,2786,81,576,426.436,0.0,0.0,0.0,0.0,0.0,0.0,1643.1100000000001,145.03879713527405
17686,31,7,7146.7,3065,255,444,1020.9571428571428,0.0,0.0,1552.6,1.0,0.0,0.0,1150.1100000000001,502.93300781502404
17687,331,1,432.68,210,26,331,432.68,0.0,0.0,0.0,0.0,0.0,0.0,0.0,1.4810220534854013
17688,304,1,304.2,114,19,304,304.2,0.0,0.0,0.0,0.0,0.0,0.0,0.0,3.449895346707149
17689,298,2,317.08,300,17,384,158.54,0.0,0.0,0.0,0.0,0.0,0.0,0.0,2.053135818309859
17690,12,16,6180.7300000000005,2602,201,584,386.29562500000003,462.75,1.0,462.75,1.0,0.997843665768194,0.5,1231.27,177.92573089809207
17691,268,4,780.0500000000001,373,37,457,195.01250000000002,0.0,0.0,0.0,0.0,0.0,0.0,0.0,4.508707031722778
17692,37,12,2975.8,2338,90,451,247.98333333333335,0.0,0.0,117.47999999999999,1.0,0.0,0.0,0.0,49.111011077216936
17693,47,1,200.47,231,16,47,200.47,0.0,0.0,200.47,1.0,0.0,0.0,0.0,9.27474967276055
17694,52,3,1695.97,1493,54,473,565.3233333333334,0.0,0.0,283.12,1.0,0.0,0.0,0.0,3.941923100886897
17695,42,5,1746.04,1809,46,591,349.20799999999997,0.0,0.0,765.34,2.0,0.0,0.0,0.0,5.555129860233253
17696,18,26,7309.47,5458,186,639,281.1334615384616,275.82,1.0,1078.0,3.0,0.25562557924003704,0.25,370.12,951.3725000855665
17697,146,1,338.95,93,19,146,338.95,0.0,0.0,0.0,0.0,0.0,0.0,0.0,1.838972429680863
17698,171,1,154.95,93,8,171,154.95,0.0,0.0,0.0,0.0,0.0,0.0,0.0,1.3564652950282459
17699,387,2,442.0,208,17,472,221.0,0.0,0.0,0.0,0.0,0.0,0.0,0.0,0.4236223362971612
17700,5,13,5827.16,3028,227,649,448.2430769230769,556.26,1.0,556.26,1.0,0.998205505509098,0.5,852.8100000000001,152.02086855087515
17701,163,1,417.95,109,24,163,417.95,0.0,0.0,0.0,0.0,0.0,0.0,0.0,1.464340797124551
17702,19,5,2658.44,1851,109,311,531.688,563.64,1.0,898.97,2.0,0.6262875429180972,0.3333333333333333,485.6,364.89975181370346
17703,19,3,787.06,683,51,328,262.3533333333333,261.82,1.0,490.96,2.0,0.5321977396536304,0.3333333333333333,307.78,89.23300733003987
17704,79,2,885.19,343,27,150,442.595,0.0,0.0,497.90000000000003,1.0,0.0,0.0,0.0,5.389020238776962
17705,17,8,1228.3799999999999,889,53,487,153.54749999999999,308.2,1.0,610.7,3.0,0.5038417524930521,0.25,855.52,105.22874234383792
17706,10,26,18272.99,7199,389,600,702.8073076923077,1508.7,3.0,6836.2300000000005,7.0,0.22065953609868322,0.375,2476.9900000000002,2548.6215684191056
17707,95,8,609.3000000000001,546,9,643,76.16250000000001,0.0,0.0,0.0,0.0,0.0,0.0,0.0,5.533442175932056
17708,98,4,884.1800000000001,387,57,334,221.04500000000002,0.0,0.0,0.0,0.0,0.0,0.0,0.0,19.243477451505022
17709,80,5,671.01,295,37,513,134.202,0.0,0.0,137.45,1.0,0.0,0.0,0.0,5.248702594888868
17710,334,1,293.5,158,20,334,293.5,0.0,0.0,0.0,0.0,0.0,0.0,0.0,3.343060746051477
17711,200,1,220.53000000000003,107,13,200,220.53000000000003,0.0,0.0,0.0,0.0,0.0,0.0,164.57,5.193273933887572
17713,292,4,1198.09,989,55,459,299.5225,0.0,0.0,0.0,0.0,0.0,0.0,0.0,5.007099238510616
17714,231,5,1410.18,608,69,424,282.036,0.0,0.0,0.0,0.0,0.0,0.0,0.0,6.304921410334039
17715,111,2,489.59999999999997,576,1,503,244.79999999999998,0.0,0.0,0.0,0.0,0.0,0.0,0.0,5.736325793441507
17716,5,20,14437.64,8070,302,647,721.882,699.9,3.0,2685.04,5.0,0.2605694628523775,0.5,1519.33,1970.7091770274958
17717,331,1,376.92,344,26,331,376.92,0.0,0.0,0.0,0.0,0.0,0.0,0.0,2.6845631232298475
17718,142,2,439.18,274,22,555,219.59,0.0,0.0,0.0,0.0,0.0,0.0,0.0,3.4003902639518966
17719,16,12,4477.4,2118,100,166,373.1166666666666,921.48,3.0,2505.94,7.0,0.3675716211796054,0.375,918.64,507.35258266524096
17720,23,9,2460.57,1455,76,489,273.3966666666667,355.21999999999997,1.0,355.21999999999997,1.0,0.9971927460558082,0.5,308.34,98.76137259569775
17721,569,1,307.21000000000004,107,11,569,307.21000000000004,0.0,0.0,0.0,0.0,0.0,0.0,0.0,0.5349323235225178
17722,6,5,4430.36,2937,163,286,886.0719999999999,323.16,1.0,323.16,1.0,0.9969151036525172,0.5,0.0,52.8956768279006
17723,37,7,3378.4000000000005,912,6,286,482.6285714285715,0.0,0.0,2114.6000000000004,3.0,0.0,0.0,0.0,30.09330908178207
17724,48,1,373.1,78,11,48,373.1,0.0,0.0,373.1,1.0,0.0,0.0,659.9,21.016504101971957
17725,11,8,2507.12,1610,94,177,313.39,619.51,2.0,1237.49,4.0,0.500213970237951,0.4,931.9599999999999,387.3399087357503
17726,305,7,1092.06,444,52,592,156.00857142857143,0.0,0.0,0.0,0.0,0.0,0.0,0.0,3.0187865126369817
17728,314,2,1362.75,677,79,363,681.375,0.0,0.0,0.0,0.0,0.0,0.0,2876.01,15.215681020820483
17729,506,1,438.65000000000003,247,23,506,438.65000000000003,0.0,0.0,0.0,0.0,0.0,0.0,0.0,0.996097093022951
17730,16,15,5531.09,3876,139,500,368.7393333333333,314.70000000000005,1.0,1024.3700000000001,3.0,0.30691360191930717,0.25,2242.71,1050.7291530840616
17731,38,5,1432.62,564,66,579,286.524,0.0,0.0,301.17,1.0,0.0,0.0,276.37,32.71321197897174
17732,283,8,2470.39,1151,90,398,308.79875,0.0,0.0,0.0,0.0,0.0,0.0,0.0,20.420527091046253
17733,172,1,216.95000000000002,87,12,172,216.95000000000002,0.0,0.0,0.0,0.0,0.0,0.0,475.24,6.7822020829744645
17734,47,5,1281.9,662,67,552,256.38,0.0,0.0,427.23,1.0,0.0,0.0,160.42,50.482415797674065
17735,4,23,15226.15,9279,348,407,662.0065217391304,1823.21,2.0,4970.08,6.0,0.3667633592700178,0.2857142857142857,2018.78,2535.0892704495895
17736,23,1,307.49,213,23,23,307.49,307.49,1.0,307.49,1.0,0.9967584038380498,0.5,69.95,82.99197480185438
17738,59,12,3876.0,2458,161,541,323.0,0.0,0.0,791.57,2.0,0.0,0.0,307.56,415.954454000402
17739,107,14,6010.01,1885,47,643,429.2864285714286,0.0,0.0,0.0,0.0,0.0,0.0,1720.58,328.46207831482667
17740,299,6,426.9,222,5,607,71.14999999999999,0.0,0.0,0.0,0.0,0.0,0.0,0.0,2.217578742672502
17741,317,2,101.1,114,6,471,50.55,0.0,0.0,0.0,0.0,0.0,0.0,0.0,1.2716052293115165
17742,23,11,2098.48,653,52,648,190.7709090909091,52.54,1.0,52.54,1.0,0.981322375793799,0.5,0.0,16.448200359338493
17743,358,1,229.2,96,3,358,229.2,0.0,0.0,0.0,0.0,0.0,0.0,0.0,3.135805698834263
17744,161,5,1615.7,2100,63,291,323.14,0.0,0.0,0.0,0.0,0.0,0.0,1033.44,59.21053315517022
17745,388,2,600.34,164,27,466,300.17,0.0,0.0,0.0,0.0,0.0,0.0,0.0,2.6409991196292784
17746,150,4,904.1800000000001,688,32,520,226.04500000000002,0.0,0.0,0.0,0.0,0.0,0.0,0.0,4.28828801684025
17747,23,1,71.4,12,1,23,71.4,71.4,1.0,71.4,1.0,0.9861878453038674,0.5,0.0,2.190467097512711
17748,437,1,358.15,111,17,437,358.15,0.0,0.0,0.0,0.0,0.0,0.0,0.0,0.9992373149172084
17749,88,3,1026.18,446,52,456,342.06,0.0,0.0,305.51,1.0,0.0,0.0,0.0,8.95538919812874
17750,9,5,1204.5,2616,93,74,240.9,422.32,2.0,1204.5,5.0,0.3503276648693488,0.3333333333333333,505.95,312.1194789671857
17751,331,1,157.85999999999999,147,31,331,157.85999999999999,0.0,0.0,0.0,0.0,0.0,0.0,0.0,0.9763273420008326
17752,269,1,80.64,192,1,269,80.64,0.0,0.0,0.0,0.0,0.0,0.0,0.0,0.5712273069808196
17753,374,4,382.06,124,63,612,95.515,0.0,0.0,0.0,0.0,0.0,0.0,0.0,0.864399788134304
17754,52,10,3361.63,3394,145,638,336.163,0.0,0.0,310.82,1.0,0.0,0.0,1089.59,452.7184543630492
17756,286,3,728.75,399,54,304,242.91666666666666,0.0,0.0,0.0,0.0,0.0,0.0,0.0,6.718302395907462
17757,24,46,7081.66,3634,306,605,153.9491304347826,155.05,1.0,878.8100000000001,5.0,0.17623123174321728,0.16666666666666666,2284.84,1000.3535387023452
17758,62,8,2989.08,2051,274,478,373.635,0.0,0.0,381.37,1.0,0.0,0.0,1974.95,379.1467426163317
17759,79,4,609.07,345,56,494,152.2675,0.0,0.0,167.15,2.0,0.0,0.0,652.8100000000001,17.98586200235566
17760,283,5,803.88,622,44,560,160.776,0.0,0.0,0.0,0.0,0.0,0.0,115.05,8.394546556548656
17762,366,1,129.75,129,16,366,129.75,0.0,0.0,0.0,0.0,0.0,0.0,0.0,1.547808838457338
17763,173,4,86.15,41,11,569,21.5375,0.0,0.0,0.0,0.0,0.0,0.0,0.0,2.641830552868736
17764,121,4,971.69,436,76,646,242.9225,0.0,0.0,0.0,0.0,0.0,0.0,541.88,37.512136697421695
17765,69,4,524.0,195,71,359,131.0,0.0,0.0,109.33,1.0,0.0,0.0,0.0,5.797014241020915
17766,291,2,299.61,155,21,291,149.805,0.0,0.0,0.0,0.0,0.0,0.0,0.0,3.1053031601284244
17767,320,1,141.85,70,18,320,141.85,0.0,0.0,0.0,0.0,0.0,0.0,271.2,5.068512568239187
17768,76,5,1596.66,1340,88,648,319.332,0.0,0.0,385.83,1.0,0.0,0.0,1696.0700000000002,109.39153699130051
17769,49,11,4913.83,2376,264,600,446.71181818181816,0.0,0.0,941.12,2.0,0.0,0.0,2139.55,513.5555599351536
17770,109,5,1143.27,365,33,192,228.654,0.0,0.0,0.0,0.0,0.0,0.0,0.0,10.445013876262664
17771,233,3,257.4,196,36,499,85.8,0.0,0.0,0.0,0.0,0.0,0.0,130.01,3.853297263062493
17772,303,1,187.3,58,45,303,187.3,0.0,0.0,0.0,0.0,0.0,0.0,173.45,3.565607493475861
17773,424,2,575.37,254,48,600,287.685,0.0,0.0,0.0,0.0,0.0,0.0,0.0,1.5464494714674903
17774,7,9,3273.83,1585,286,579,363.75888888888886,235.54,1.0,618.74,2.0,0.3800626068996676,0.3333333333333333,0.0,116.47355487711567
17775,165,1,56.4,72,3,165,56.4,0.0,0.0,0.0,0.0,0.0,0.0,0.0,0.779294804618135
17776,297,2,330.56,273,74,633,165.28,0.0,0.0,0.0,0.0,0.0,0.0,0.0,2.3835022702015367
17777,10,1,189.79999999999998,161,63,10,189.79999999999998,189.79999999999998,1.0,189.79999999999998,1.0,0.9947589098532494,0.5,457.76,40.97392296530217
17778,572,1,197.70000000000002,214,10,572,197.70000000000002,0.0,0.0,0.0,0.0,0.0,0.0,0.0,0.1125470220055649
17779,54,1,323.09,248,34,54,323.09,0.0,0.0,323.09,1.0,0.0,0.0,327.23,63.43937917142536
17780,577,3,346.56,156,76,595,115.52,0.0,0.0,0.0,0.0,0.0,0.0,0.0,1.058648027588355
17781,69,2,188.02,34,12,163,94.01,0.0,0.0,86.02,1.0,0.0,0.0,0.0,1.9052156375750067
17782,293,2,679.02,538,29,293,339.51,0.0,0.0,0.0,0.0,0.0,0.0,0.0,9.95252895818659
17783,158,2,205.9,137,54,423,102.95,0.0,0.0,0.0,0.0,0.0,0.0,171.06,7.99364536799213
17784,460,1,112.86,72,19,460,112.86,0.0,0.0,0.0,0.0,0.0,0.0,0.0,0.24126570655318375
17785,355,2,271.44,160,38,475,135.72,0.0,0.0,0.0,0.0,0.0,0.0,131.94,12.888230740795677
17786,227,1,103.35,52,24,227,103.35,0.0,0.0,0.0,0.0,0.0,0.0,163.5,3.3158401571323166
17787,63,4,2553.82,1252,94,281,638.455,0.0,0.0,149.02,1.0,0.0,0.0,0.0,18.656785379627504
17788,40,1,16.7,3,3,40,16.7,0.0,0.0,16.7,1.0,0.0,0.0,1101.2,33.77410390810608
17789,191,2,397.15,199,27,571,198.575,0.0,0.0,0.0,0.0,0.0,0.0,0.0,1.9630032392379557
17790,30,18,2178.62,1147,148,454,121.03444444444443,205.22,1.0,466.5,3.0,0.43897326203208553,0.25,600.79,233.40639941004207
17792,377,2,368.35,149,45,388,184.175,0.0,0.0,0.0,0.0,0.0,0.0,0.0,0.5947285602282059
17794,597,2,147.3,46,7,599,73.65,0.0,0.0,0.0,0.0,0.0,0.0,0.0,0.3760092991007492
17795,90,2,342.83,305,43,175,171.415,0.0,0.0,187.14000000000001,1.0,0.0,0.0,0.0,7.100440723539099
17796,224,6,1275.14,357,147,331,212.52333333333334,0.0,0.0,0.0,0.0,0.0,0.0,75.9,26.756283900619152
17797,93,6,1463.85,837,172,634,243.975,0.0,0.0,0.0,0.0,0.0,0.0,508.02,44.748695597124716
17798,492,1,178.07,138,43,492,178.07,0.0,0.0,0.0,0.0,0.0,0.0,0.0,0.2858526176001949
17799,9,19,5722.75,3265,449,636,301.19736842105266,386.65999999999997,1.0,1127.76,3.0,0.342552889896878,0.25,524.18,823.2180491156373
17800,1,7,904.8000000000001,560,41,244,129.25714285714287,309.3,2.0,549.95,4.0,0.5613939558943642,0.4,282.41,210.29143344566296
17801,361,3,770.03,820,66,602,256.6766666666667,0.0,0.0,0.0,0.0,0.0,0.0,0.0,5.720443225870512
17802,90,9,4393.8,2435,268,636,488.20000000000005,0.0,0.0,532.22,1.0,0.0,0.0,652.62,509.94685271523974
17803,302,1,184.66,98,27,302,184.66,0.0,0.0,0.0,0.0,0.0,0.0,0.0,1.5456561219088925
17804,286,3,383.78000000000003,194,82,649,127.92666666666668,0.0,0.0,0.0,0.0,0.0,0.0,0.0,2.9418691162511035
17805,520,1,414.72,648,1,520,414.72,0.0,0.0,0.0,0.0,0.0,0.0,512.31,6.5838902507170065
17807,305,3,437.87,262,88,614,145.95666666666668,0.0,0.0,0.0,0.0,0.0,0.0,0.0,3.468253488071771
17808,459,4,262.64,143,29,491,65.66,0.0,0.0,0.0,0.0,0.0,0.0,0.0,0.2971146573679496
17809,39,16,8782.19,2039,46,647,548.886875,0.0,0.0,206.01,2.0,0.0,0.0,2555.2,383.9218028973839
17810,579,2,373.16,118,51,594,186.58,0.0,0.0,0.0,0.0,0.0,0.0,0.0,0.7032648255095728
17811,2,32,6592.29,3443,448,356,206.0090625,412.26,3.0,798.63,6.0,0.5155634480947439,0.42857142857142855,2927.51,1091.0601649830955
17812,278,4,598.78,369,79,440,149.695,0.0,0.0,0.0,0.0,0.0,0.0,506.51,19.485582456416203
17814,285,2,1609.37,1435,112,332,804.685,0.0,0.0,0.0,0.0,0.0,0.0,0.0,11.295364039127987
17815,303,1,591.96,612,13,303,591.96,0.0,0.0,0.0,0.0,0.0,0.0,0.0,9.480865862458723
17816,179,4,97.07,88,36,634,24.2675,0.0,0.0,0.0,0.0,0.0,0.0,15.25,5.985010379465869
17817,187,5,670.17,312,97,332,134.034,0.0,0.0,0.0,0.0,0.0,0.0,117.97999999999999,15.783177412684168
17818,648,1,124.78,86,42,648,124.78,0.0,0.0,0.0,0.0,0.0,0.0,0.0,2.896144735401324
17819,93,11,6376.12,1809,66,636,579.6472727272727,0.0,0.0,0.0,0.0,0.0,0.0,236.39999999999998,218.97137595717413
17820,284,1,180.60999999999999,111,39,284,180.60999999999999,0.0,0.0,0.0,0.0,0.0,0.0,0.0,1.6390642491195282
17821,316,1,334.62,162,6,316,334.62,0.0,0.0,0.0,0.0,0.0,0.0,0.0,1.4879851337602334
17822,330,5,2162.93,1375,152,471,432.58599999999996,0.0,0.0,0.0,0.0,0.0,0.0,0.0,5.065149449185181
17823,331,2,449.25,252,88,331,224.625,0.0,0.0,0.0,0.0,0.0,0.0,0.0,4.77283452052348
17825,509,4,701.96,516,24,636,175.49,0.0,0.0,0.0,0.0,0.0,0.0,0.0,1.1850868856166545
17826,284,1,133.34,84,33,284,133.34,0.0,0.0,0.0,0.0,0.0,0.0,0.0,1.1474130833021776
17827,152,5,1969.31,1299,191,532,393.86199999999997,0.0,0.0,0.0,0.0,0.0,0.0,406.86,103.11397983598769
17828,20,3,1076.66,481,51,95,358.8866666666667,213.5,1.0,243.5,2.0,0.8732106339468303,0.3333333333333333,743.43,54.68211378675056
17829,209,5,4756.74,3009,121,565,951.348,0.0,0.0,0.0,0.0,0.0,0.0,0.0,8.65464563162114
17830,172,2,287.65000000000003,65,15,199,143.82500000000002,0.0,0.0,0.0,0.0,0.0,0.0,111.05,5.998753770793627
17833,633,1,338.46000000000004,143,28,633,338.46000000000004,0.0,0.0,0.0,0.0,0.0,0.0,0.0,0.29607630341918423
17834,325,2,689.6700000000001,639,54,355,344.83500000000004,0.0,0.0,0.0,0.0,0.0,0.0,0.0,6.8037666375524255
17837,58,3,376.51,102,23,73,125.50333333333333,0.0,0.0,376.51,3.0,0.0,0.0,1164.72,98.07982698303617
17838,202,11,5441.7,3214,111,541,494.7,0.0,0.0,0.0,0.0,0.0,0.0,1065.8,55.325979578139
17840,354,1,175.9,128,44,354,175.9,0.0,0.0,0.0,0.0,0.0,0.0,0.0,1.5011402738786979
17841,2,168,52889.61,27020,1938,647,314.81910714285715,3374.12,9.0,10531.24,31.0,0.32036110077248525,0.28125,17192.25,12075.917207405128
17842,512,1,430.69,89,18,512,430.69,0.0,0.0,0.0,0.0,0.0,0.0,0.0,0.8410675110338379
17843,213,2,320.4,251,58,322,160.2,0.0,0.0,0.0,0.0,0.0,0.0,0.0,1.9280160086870846
17844,17,1,51.559999999999995,52,5,17,51.559999999999995,51.559999999999995,1.0,51.559999999999995,1.0,0.9809741248097412,0.5,0.0,1.8235262911018326
17845,465,4,596.09,195,42,486,149.0225,0.0,0.0,0.0,0.0,0.0,0.0,0.0,2.273470021012715
17847,426,2,129.69,29,9,555,64.845,0.0,0.0,0.0,0.0,0.0,0.0,0.0,1.3671574608738206
17848,38,29,3479.51,1396,105,643,119.98310344827587,0.0,0.0,433.23,4.0,0.0,0.0,79.6,174.90986018968619
17849,128,8,1063.76,224,24,545,132.97,0.0,0.0,0.0,0.0,0.0,0.0,0.0,3.3527624190625036
17850,282,155,56600.08,22785,100,645,365.1618064516129,0.0,0.0,0.0,0.0,0.0,0.0,0.0,5.106231439795853
17851,332,6,1552.35,933,185,646,258.72499999999997,0.0,0.0,0.0,0.0,0.0,0.0,0.0,5.345171386394313
17852,299,3,543.47,319,62,641,181.15666666666667,0.0,0.0,0.0,0.0,0.0,0.0,114.34,13.283729981583969
17853,317,3,1596.29,625,84,646,532.0966666666667,0.0,0.0,0.0,0.0,0.0,0.0,0.0,3.4072977923117382
17854,95,6,1068.5,607,113,642,178.08333333333334,0.0,0.0,0.0,0.0,0.0,0.0,0.0,11.275156994254498
17855,283,1,417.94,394,17,283,417.94,0.0,0.0,0.0,0.0,0.0,0.0,0.0,3.242991930767009
17856,143,3,1142.63,577,6,192,380.8766666666667,0.0,0.0,0.0,0.0,0.0,0.0,275.4,9.119130456023367
17857,9,15,16057.72,10516,15,552,1070.5146666666667,4437.4800000000005,2.0,5470.68,5.0,0.8109904087958361,0.3333333333333333,12624.52,1870.77564454726
17858,26,27,11255.49,5150,138,643,416.87,552.05,2.0,1036.45,3.0,0.5321220299773483,0.5,1499.41,1568.758864868363
17859,215,1,141.92000000000002,102,23,215,141.92000000000002,0.0,0.0,0.0,0.0,0.0,0.0,0.0,2.6590670427646907
17860,279,4,943.84,789,127,638,235.96,0.0,0.0,0.0,0.0,0.0,0.0,0.0,5.072373060947489
17861,46,15,4289.9,3608,276,640,285.9933333333333,0.0,0.0,841.51,3.0,0.0,0.0,798.39,711.0496317476169
17862,234,4,1254.89,440,90,473,313.7225,0.0,0.0,0.0,0.0,0.0,0.0,0.0,6.212236059007343
17863,55,10,4370.48,3931,109,563,437.04799999999994,0.0,0.0,413.38,1.0,0.0,0.0,1374.72,468.47223885962154
17864,186,3,522.57,656,57,338,174.19000000000003,0.0,0.0,0.0,0.0,0.0,0.0,354.0,15.75116007938115
17865,18,38,22803.21,10726,354,649,600.0844736842105,1922.3400000000001,3.0,2855.6800000000003,5.0,0.6729280143383228,0.5,3508.98,3583.2796088121977
17866,53,3,1134.95,535,20,635,378.31666666666666,0.0,0.0,329.65,1.0,0.0,0.0,0.0,3.3405383471713654
17867,54,13,1381.66,504,66,647,106.28153846153847,0.0,0.0,353.43,2.0,0.0,0.0,200.39000000000001,96.1070510128864
17868,296,1,227.15,85,18,296,227.15,0.0,0.0,0.0,0.0,0.0,0.0,0.0,3.65938086318905
17869,17,7,1027.96,558,72,457,146.85142857142858,117.22,2.0,117.22,2.0,0.9915411943833531,0.6666666666666666,0.0,7.50901303796687
17870,2,8,1959.1699999999998,991,84,292,244.89624999999998,143.8,1.0,418.97,6.0,0.34240540991023166,0.14285714285714285,1120.52,277.63887701227225
17871,115,5,1068.95,665,64,603,213.79000000000002,0.0,0.0,0.0,0.0,0.0,0.0,0.0,10.616833837442492
17872,292,1,235.87,176,15,292,235.87,0.0,0.0,0.0,0.0,0.0,0.0,0.0,3.083713082385903
17873,94,17,6198.240000000001,4156,64,633,364.6023529411765,0.0,0.0,0.0,0.0,0.0,0.0,272.04,282.47898738799813
17874,95,6,683.46,221,37,166,113.91000000000001,0.0,0.0,0.0,0.0,0.0,0.0,0.0,6.487848681339049
17875,598,1,167.1,98,25,598,167.1,0.0,0.0,0.0,0.0,0.0,0.0,0.0,0.38514020523812387
17876,310,3,3424.02,1958,3,585,1141.34,0.0,0.0,0.0,0.0,0.0,0.0,0.0,8.610535243501948
17877,80,1,237.61,98,12,80,237.61,0.0,0.0,237.61,1.0,0.0,0.0,0.0,6.871645572062376
17878,305,2,999.48,613,56,305,499.74,0.0,0.0,0.0,0.0,0.0,0.0,379.45,8.41514319221641
17879,84,1,178.51999999999998,45,6,84,178.51999999999998,0.0,0.0,178.51999999999998,1.0,0.0,0.0,0.0,1.2515230089759664
17880,275,3,824.9200000000001,466,43,640,274.97333333333336,0.0,0.0,0.0,0.0,0.0,0.0,0.0,4.017982290841976
17881,214,1,133.35000000000002,32,8,214,133.35000000000002,0.0,0.0,0.0,0.0,0.0,0.0,0.0,0.8212890264741612
17882,289,2,291.56,130,47,289,145.78,0.0,0.0,0.0,0.0,0.0,0.0,0.0,3.2385235128363044
17883,156,4,443.43,150,46,562,110.8575,0.0,0.0,0.0,0.0,0.0,0.0,544.99,12.567952772344068
17884,222,19,2916.46,2709,287,645,153.4978947368421,0.0,0.0,0.0,0.0,0.0,0.0,104.53,18.87619997008664
17886,121,5,1080.98,460,91,500,216.196,0.0,0.0,0.0,0.0,0.0,0.0,491.57,40.242933958972976
17887,39,1,111.35,30,10,39,111.35,0.0,0.0,111.35,1.0,0.0,0.0,0.0,9.840792886486497
17888,71,21,1388.44,1101,117,628,66.11619047619048,0.0,0.0,128.27,1.0,0.0,0.0,419.0,54.58230570068417
17889,122,7,746.42,403,97,529,106.63142857142857,0.0,0.0,0.0,0.0,0.0,0.0,0.0,7.454688432268101
17890,233,2,586.89,402,88,271,293.445,0.0,0.0,0.0,0.0,0.0,0.0,0.0,8.455722214443007
17891,72,1,203.85999999999999,393,34,72,203.85999999999999,0.0,0.0,203.85999999999999,1.0,0.0,0.0,0.0,9.942189169533894
17892,65,1,142.1,69,26,65,142.1,0.0,0.0,142.1,1.0,0.0,0.0,102.0,10.923397834260733
17893,135,1,107.21,149,15,135,107.21,0.0,0.0,0.0,0.0,0.0,0.0,0.0,0.958135326540539
17894,6,17,2288.29,927,198,379,134.60529411764705,128.9,1.0,128.9,1.0,0.9923017705927637,0.5,123.06,43.77727437300433
17897,83,9,2510.56,1015,211,486,278.9511111111111,0.0,0.0,131.14,1.0,0.0,0.0,0.0,28.447581574706422
17898,117,3,246.96,185,41,477,82.32000000000001,0.0,0.0,0.0,0.0,0.0,0.0,52.22,7.0725221014004465
17899,69,1,154.55,170,29,69,154.55,0.0,0.0,154.55,1.0,0.0,0.0,0.0,2.8406929318108514
17900,100,2,112.19999999999999,73,4,100,56.099999999999994,0.0,0.0,0.0,0.0,0.0,0.0,0.0,1.168202565408121
17901,432,2,149.7,14,3,432,74.85,0.0,0.0,0.0,0.0,0.0,0.0,110.38,4.210942058702726
17902,457,1,216.39999999999998,526,24,457,216.39999999999998,0.0,0.0,0.0,0.0,0.0,0.0,0.0,0.4492548091433547
17903,304,1,381.09000000000003,142,44,304,381.09000000000003,0.0,0.0,0.0,0.0,0.0,0.0,0.0,1.9623486349077544
17905,67,12,2198.12,1245,128,590,183.17666666666665,0.0,0.0,224.84,1.0,0.0,0.0,181.25,139.03598526572455
17906,157,1,72.9,26,12,157,72.9,0.0,0.0,0.0,0.0,0.0,0.0,0.0,0.6527664327598058
17907,551,1,291.76,1046,13,551,291.76,0.0,0.0,0.0,0.0,0.0,0.0,0.0,0.8945541624389867
17908,284,5,1374.5,839,178,636,274.9,0.0,0.0,0.0,0.0,0.0,0.0,0.0,9.476525554939556
17909,647,1,110.05,35,8,647,110.05,0.0,0.0,0.0,0.0,0.0,0.0,0.0,0.4104451922377342
17910,636,1,261.7,121,25,636,261.7,0.0,0.0,0.0,0.0,0.0,0.0,0.0,0.5990060321052146
17912,220,6,374.55,215,48,285,62.425000000000004,0.0,0.0,0.0,0.0,0.0,0.0,0.0,2.2364473578275486
17913,266,13,3238.69,1537,213,646,249.13,0.0,0.0,0.0,0.0,0.0,0.0,190.6,37.14014236901889
17915,461,1,225.78,184,27,461,225.78,0.0,0.0,0.0,0.0,0.0,0.0,0.0,0.1828051467876351
17916,539,2,43.87,90,15,643,21.935,0.0,0.0,0.0,0.0,0.0,0.0,0.0,0.809104688626915
17917,166,2,226.71,130,57,273,113.355,0.0,0.0,0.0,0.0,0.0,0.0,108.32,9.416161925507375
17918,411,3,396.39,352,34,415,132.13,0.0,0.0,0.0,0.0,0.0,0.0,0.0,0.868198340623698
17919,349,1,536.28,696,17,349,536.28,0.0,0.0,0.0,0.0,0.0,0.0,1304.04,30.02800209081619
17920,15,46,22466.04,11602,573,644,488.3921739130435,196.32999999999998,1.0,816.16,4.0,0.24025894561652553,0.2,1790.7,1530.5371804282313
17921,58,9,2169.6,854,204,422,241.06666666666666,0.0,0.0,317.4,2.0,0.0,0.0,224.76,142.17443336711062
17922,453,1,170.4,49,8,453,170.4,0.0,0.0,0.0,0.0,0.0,0.0,0.0,0.311327232023658
17923,192,3,497.0,140,2,454,165.66666666666666,0.0,0.0,0.0,0.0,0.0,0.0,0.0,2.5774249929081394
17924,212,3,1076.4,216,3,325,358.8,0.0,0.0,0.0,0.0,0.0,0.0,2460.3,5.8219576412432446
17925,283,1,488.16,144,1,283,488.16,0.0,0.0,0.0,0.0,0.0,0.0,0.0,1.1944502755263475
17926,43,5,1035.49,572,27,489,207.098,0.0,0.0,185.56,1.0,0.0,0.0,0.0,11.33535347835007
17927,632,1,294.0,108,10,632,294.0,0.0,0.0,0.0,0.0,0.0,0.0,0.0,0.8078420076954654
17928,156,2,206.96,128,21,481,103.48,0.0,0.0,0.0,0.0,0.0,0.0,134.28,4.948567912132664
17929,23,11,2946.1,418,6,641,267.8272727272727,272.0,1.0,272.0,1.0,0.9963369963369964,0.5,136.0,58.42310876298747
17930,72,10,3228.88,2722,35,556,322.88800000000003,0.0,0.0,303.53999999999996,1.0,0.0,0.0,1046.34,116.50772149853577
17931,44,14,3402.24,1919,274,571,243.01714285714283,0.0,0.0,111.16000000000001,1.0,0.0,0.0,0.0,56.181088188808175
17932,84,2,934.51,593,63,121,467.255,0.0,0.0,345.5,1.0,0.0,0.0,397.06,43.3898200309291
17933,542,1,114.69,63,12,542,114.69,0.0,0.0,0.0,0.0,0.0,0.0,0.0,0.14533767123660615
17934,317,1,344.90000000000003,150,20,317,344.90000000000003,0.0,0.0,0.0,0.0,0.0,0.0,704.25,1.9084722099369087
17935,48,7,686.14,244,60,645,98.02,0.0,0.0,145.79,2.0,0.0,0.0,0.0,7.683058879757502
17937,25,5,3614.52,1416,19,272,722.904,287.04,1.0,287.04,1.0,0.9965282599638939,0.5,686.7,100.89855852301557
17938,330,1,144.29,53,29,330,144.29,0.0,0.0,0.0,0.0,0.0,0.0,0.0,1.5767794375347526
17939,70,1,99.14,40,12,70,99.14,0.0,0.0,99.14,1.0,0.0,0.0,0.0,1.3152768541354136
17940,18,15,30114.79,84548,11,647,2007.6526666666666,75.0,1.0,452.5,4.0,0.16538037486218302,0.2,192.0,485.8311434032545
17941,41,4,1433.28,1108,5,612,358.32,0.0,0.0,304.56,1.0,0.0,0.0,0.0,5.170286773431803
17944,333,1,74.99,84,24,333,74.99,0.0,0.0,0.0,0.0,0.0,0.0,0.0,0.6183313112030264
17945,607,3,360.35,244,66,607,120.11666666666667,0.0,0.0,0.0,0.0,0.0,0.0,0.0,1.0024291323904084
17946,143,2,149.57999999999998,75,18,169,74.78999999999999,0.0,0.0,0.0,0.0,0.0,0.0,0.0,1.1015304137228674
17948,57,1,358.56000000000006,144,1,57,358.56000000000006,0.0,0.0,358.56000000000006,1.0,0.0,0.0,0.0,5.167303377377281
17949,3,106,108326.8,50890,55,648,1021.9509433962264,5864.64,7.0,37577.2,18.0,0.15606495255227767,0.3684210526315789,10301.28,18079.166544112042
17950,275,6,1210.43,665,110,614,201.73833333333334,0.0,0.0,0.0,0.0,0.0,0.0,219.03,14.133776206049127
17951,268,3,1037.0400000000002,502,15,314,345.68000000000006,0.0,0.0,0.0,0.0,0.0,0.0,599.0400000000001,7.241680503503123
17952,288,4,788.46,477,85,452,197.115,0.0,0.0,0.0,0.0,0.0,0.0,0.0,8.691630845100697
17953,450,1,159.17000000000002,98,20,450,159.17000000000002,0.0,0.0,0.0,0.0,0.0,0.0,0.0,0.24043216899634257
17954,33,17,3504.14,2852,431,640,206.12588235294118,0.0,0.0,368.77,2.0,0.0,0.0,428.92,455.1212689021362
17955,109,6,949.9,681,16,575,158.31666666666666,0.0,0.0,0.0,0.0,0.0,0.0,0.0,5.258882419426245
17956,159,1,12.75,1,1,159,12.75,0.0,0.0,0.0,0.0,0.0,0.0,0.0,2.492534725986691
17958,27,2,973.88,284,35,638,486.94,508.4599999999999,1.0,508.4599999999999,1.0,0.9980371373611274,0.5,0.0,1.462355582745845
17959,502,1,140.75,49,2,502,140.75,0.0,0.0,0.0,0.0,0.0,0.0,0.0,0.39587774950390414
17960,81,3,135.08,60,37,552,45.02666666666667,0.0,0.0,73.78,1.0,0.0,0.0,0.0,4.311692706827648
17961,34,92,2877.47,1445,473,648,31.276847826086954,0.0,0.0,278.87,10.0,0.0,0.0,116.82,136.91342307414743
17962,52,4,666.96,633,146,605,166.74,0.0,0.0,102.41,1.0,0.0,0.0,0.0,10.930485556032817
17963,381,4,643.16,341,98,599,160.79,0.0,0.0,0.0,0.0,0.0,0.0,0.0,4.359534791561125
17964,282,1,523.52,390,35,282,523.52,0.0,0.0,0.0,0.0,0.0,0.0,201.45,7.407372581641885
17965,2,27,6809.42,4274,553,635,252.20074074074074,363.68,2.0,927.63,6.0,0.3916306817569969,0.2857142857142857,347.78,766.6177011752482
17966,61,9,1459.92,2518,81,600,162.21333333333334,0.0,0.0,310.93,2.0,0.0,0.0,504.0,108.88849991252638
17967,282,2,335.69,184,59,326,167.845,0.0,0.0,0.0,0.0,0.0,0.0,0.0,2.404695838982193
17968,284,4,855.54,503,106,422,213.885,0.0,0.0,0.0,0.0,0.0,0.0,0.0,8.898474342999927
17969,76,20,2354.29,1014,113,643,117.7145,0.0,0.0,103.0,1.0,0.0,0.0,0.0,14.025704345624503
17970,121,1,562.79,513,27,121,562.79,0.0,0.0,0.0,0.0,0.0,0.0,0.0,8.087616008081627
17971,458,1,161.94,62,21,458,161.94,0.0,0.0,0.0,0.0,0.0,0.0,0.0,0.23647711158847
17972,152,1,135.19,36,30,152,135.19,0.0,0.0,0.0,0.0,0.0,0.0,0.0,1.8074038742663572
17974,130,4,1199.17,774,177,317,299.7925,0.0,0.0,0.0,0.0,0.0,0.0,539.92,107.45270345338884
17975,25,22,6477.62,2064,224,401,294.4372727272727,544.8100000000001,1.0,1170.28,4.0,0.46514070077180525,0.2,532.81,840.1454826538153
17976,282,1,643.58,186,56,282,643.58,0.0,0.0,0.0,0.0,0.0,0.0,0.0,3.8914802520989697
17977,310,1,1223.31,1606,83,310,1223.31,0.0,0.0,0.0,0.0,0.0,0.0,288.14,21.495426996464353
17978,275,4,1460.9099999999999,1796,62,641,365.22749999999996,0.0,0.0,0.0,0.0,0.0,0.0,0.0,9.577093404035251
17979,79,3,494.54,272,84,170,164.84666666666666,0.0,0.0,262.87,1.0,0.0,0.0,237.87,47.21372084586211
17980,76,4,1012.72,771,41,303,253.18,0.0,0.0,248.7,1.0,0.0,0.0,0.0,26.374128510573897
17981,321,1,239.12,260,17,321,239.12,0.0,0.0,0.0,0.0,0.0,0.0,0.0,2.527850644484519
17982,591,1,138.18,117,13,591,138.18,0.0,0.0,0.0,0.0,0.0,0.0,0.0,0.20716351843640518
17983,305,1,171.71,108,23,305,171.71,0.0,0.0,0.0,0.0,0.0,0.0,0.0,1.0277942572688359
17984,55,5,1152.19,939,209,649,230.43800000000002,0.0,0.0,152.68,1.0,0.0,0.0,0.0,11.075313159839112
17987,95,5,965.4399999999999,981,139,461,193.088,0.0,0.0,0.0,0.0,0.0,0.0,0.0,12.053427466286692
17988,27,12,434.42,170,103,642,36.20166666666667,67.64,3.0,81.00999999999999,4.0,0.8247774661626632,0.6,55.12,28.276330939301687
17989,289,1,207.32999999999998,300,26,289,207.32999999999998,0.0,0.0,0.0,0.0,0.0,0.0,0.0,2.5180526299298136
17990,147,6,1527.6100000000001,777,40,642,254.6016666666667,0.0,0.0,0.0,0.0,0.0,0.0,0.0,9.324859737598516
17991,135,3,300.3,93,37,502,100.10000000000001,0.0,0.0,0.0,0.0,0.0,0.0,0.0,3.15853298711591
17992,299,1,252.88,130,49,299,252.88,0.0,0.0,0.0,0.0,0.0,0.0,0.0,2.8162489352670628
17993,527,1,225.99,108,60,527,225.99,0.0,0.0,0.0,0.0,0.0,0.0,0.0,0.9324525806239196
17994,32,11,2270.0299999999997,2181,227,531,206.36636363636362,0.0,0.0,120.71000000000001,1.0,0.0,0.0,0.0,31.66088094697796
17995,192,3,495.48,263,28,297,165.16,0.0,0.0,0.0,0.0,0.0,0.0,0.0,2.775087443345384
17996,290,3,482.33,587,63,457,160.77666666666667,0.0,0.0,0.0,0.0,0.0,0.0,0.0,6.723763542717156
17997,2,6,1711.75,2035,118,74,285.2916666666667,443.24,2.0,1711.75,6.0,0.2587884980294847,0.2857142857142857,250.71,311.44403986863114
17998,290,3,639.24,561,57,648,213.08,0.0,0.0,0.0,0.0,0.0,0.0,0.0,7.667771390324886
17999,276,2,528.75,255,77,288,264.375,0.0,0.0,0.0,0.0,0.0,0.0,190.05,7.395289236629194
18000,474,1,124.25,109,6,474,124.25,0.0,0.0,0.0,0.0,0.0,0.0,0.0,0.41792805421591256
18001,360,4,509.01,512,69,647,127.2525,0.0,0.0,0.0,0.0,0.0,0.0,415.13,25.225841564956337
18002,286,4,244.37,71,52,642,61.0925,0.0,0.0,0.0,0.0,0.0,0.0,0.0,3.7105319808755417
18003,286,1,353.51,297,23,286,353.51,0.0,0.0,0.0,0.0,0.0,0.0,0.0,1.2514413387903263
18004,272,1,157.92,75,32,272,157.92,0.0,0.0,0.0,0.0,0.0,0.0,0.0,0.9295878439539385
18006,292,3,524.83,175,36,633,174.94333333333336,0.0,0.0,0.0,0.0,0.0,0.0,444.68,5.153602220968054
18007,303,1,215.22,246,46,303,215.22,0.0,0.0,0.0,0.0,0.0,0.0,0.0,3.4201873817807424
18008,113,21,19708.3,7761,75,613,938.4904761904761,0.0,0.0,0.0,0.0,0.0,0.0,50.78,96.03541205536733
18009,145,8,2144.23,651,145,563,268.02875,0.0,0.0,0.0,0.0,0.0,0.0,0.0,15.867823960024337
18010,167,1,174.8,60,14,167,174.8,0.0,0.0,0.0,0.0,0.0,0.0,0.0,1.0903205288368332
18011,283,2,513.58,196,63,477,256.79,0.0,0.0,0.0,0.0,0.0,0.0,0.0,3.391349170888752
18012,633,1,115.3,63,13,633,115.3,0.0,0.0,0.0,0.0,0.0,0.0,0.0,0.10380063590939496
18013,65,2,187.29,285,31,65,93.645,0.0,0.0,187.29,2.0,0.0,0.0,0.0,3.483060194581978
18016,96,5,959.76,385,79,591,191.952,0.0,0.0,0.0,0.0,0.0,0.0,994.8,35.51943180988526
18017,79,3,509.0,300,1,341,169.66666666666666,0.0,0.0,179.0,1.0,0.0,0.0,179.0,16.049150079910447
18018,18,4,297.99,186,43,331,74.4975,84.69,1.0,84.69,1.0,0.9883300268409383,0.5,0.0,4.7331559480282355
18020,454,1,190.48000000000002,67,12,454,190.48000000000002,0.0,0.0,0.0,0.0,0.0,0.0,0.0,0.24577244180897023
18021,420,2,216.41,168,32,422,108.205,0.0,0.0,0.0,0.0,0.0,0.0,0.0,0.39099244859736876
18022,295,4,894.53,608,203,456,223.6325,0.0,0.0,0.0,0.0,0.0,0.0,612.72,67.28307901583518
18024,63,2,389.78,184,21,63,194.89,0.0,0.0,389.78,2.0,0.0,0.0,0.0,46.05400941381893
18025,290,6,1177.72,1053,83,529,196.28666666666666,0.0,0.0,0.0,0.0,0.0,0.0,0.0,5.162797364890859
18026,411,2,2074.07,530,12,415,1037.035,0.0,0.0,0.0,0.0,0.0,0.0,0.0,0.8716304886333066
18027,9,1,115.31,78,21,9,115.31,115.31,1.0,115.31,1.0,0.9914022869916602,0.5,0.0,21.789147781860216
18028,493,1,192.05,133,4,493,192.05,0.0,0.0,0.0,0.0,0.0,0.0,0.0,0.21885905857732318
18029,552,1,433.77,253,18,552,433.77,0.0,0.0,0.0,0.0,0.0,0.0,0.0,0.17591401831051645
18031,289,1,451.3,298,49,289,451.3,0.0,0.0,0.0,0.0,0.0,0.0,0.0,1.6787233674580797
18032,244,1,73.5,42,5,244,73.5,0.0,0.0,0.0,0.0,0.0,0.0,0.0,0.29266698583785294
18034,286,1,335.52,392,97,286,335.52,0.0,0.0,0.0,0.0,0.0,0.0,418.68,11.572724653933307
18035,295,2,546.34,550,8,295,273.17,0.0,0.0,0.0,0.0,0.0,0.0,713.89,11.859996692919083
18036,15,10,1396.06,662,208,632,139.606,143.74,1.0,143.74,1.0,0.9930910598314219,0.5,149.43,45.74678158436501
18037,64,15,167.42,37,31,648,11.161333333333333,0.0,0.0,9.2,1.0,0.0,0.0,0.0,6.930900495252808
18038,466,1,141.48,80,25,466,141.48,0.0,0.0,0.0,0.0,0.0,0.0,0.0,1.0195519533813524
18039,284,4,548.22,555,137,551,137.055,0.0,0.0,0.0,0.0,0.0,0.0,0.0,10.38211009186357
18040,156,1,239.0,96,12,156,239.0,0.0,0.0,0.0,0.0,0.0,0.0,118.2,6.319060839328719
18041,14,33,7534.4,6742,415,605,228.3151515151515,232.49,1.0,341.5,2.0,0.6788029197080292,0.3333333333333333,1099.26,338.9231385213493
18042,452,1,116.1,36,9,452,116.1,0.0,0.0,0.0,0.0,0.0,0.0,165.04999999999998,2.588602484563356
18043,117,2,709.5,386,87,277,354.75,0.0,0.0,0.0,0.0,0.0,0.0,107.7,42.91274931110725
18044,76,15,2522.54,1216,111,470,168.16933333333333,0.0,0.0,222.32,1.0,0.0,0.0,983.07,210.6093029368096
18046,560,1,189.63,44,26,560,189.63,0.0,0.0,0.0,0.0,0.0,0.0,0.0,0.2516482105006524
18047,291,2,326.09,130,74,291,163.045,0.0,0.0,0.0,0.0,0.0,0.0,0.0,3.6084014289960713
18048,113,3,394.93,256,56,403,131.64333333333335,0.0,0.0,0.0,0.0,0.0,0.0,0.0,3.4580377003357015
18049,347,2,500.92,402,82,500,250.46,0.0,0.0,0.0,0.0,0.0,0.0,0.0,5.98503688948519
18050,269,2,412.06,250,22,303,206.03,0.0,0.0,0.0,0.0,0.0,0.0,0.0,1.8628217714761843
18051,544,7,2282.28,1661,41,641,326.04,0.0,0.0,0.0,0.0,0.0,0.0,0.0,1.325518345476215
18052,475,1,10877.18,17766,16,475,10877.18,0.0,0.0,0.0,0.0,0.0,0.0,0.0,0.09156010548947241
18053,436,2,271.05,107,12,438,135.525,0.0,0.0,0.0,0.0,0.0,0.0,300.02,4.475058990395794
18054,303,1,176.5,96,11,303,176.5,0.0,0.0,0.0,0.0,0.0,0.0,0.0,0.9206958759678401
18055,38,11,8054.64,2602,229,323,732.24,0.0,0.0,310.33,1.0,0.0,0.0,3088.48,652.9839416763764
18056,198,2,554.6,334,28,529,277.3,0.0,0.0,0.0,0.0,0.0,0.0,0.0,4.782212153273313
18057,303,3,1188.46,970,121,601,396.15333333333336,0.0,0.0,0.0,0.0,0.0,0.0,0.0,3.118856122714708
18058,451,2,603.9,306,11,578,301.95,0.0,0.0,0.0,0.0,0.0,0.0,170.16,4.807649248049102
18060,318,2,1185.46,902,74,475,592.73,0.0,0.0,0.0,0.0,0.0,0.0,0.0,2.093122537503187
18061,18,26,6163.07,3553,30,646,237.04115384615383,241.44,1.0,455.14000000000004,2.0,0.5293111763932126,0.3333333333333333,325.9,160.07762094908938
18062,83,6,1632.67,831,46,508,272.1116666666667,0.0,0.0,234.6,1.0,0.0,0.0,0.0,13.634603645117336
18063,301,2,186.60000000000002,48,2,543,93.30000000000001,0.0,0.0,0.0,0.0,0.0,0.0,0.0,1.3232749905116201
18064,43,11,4481.83,2685,53,586,407.4390909090909,0.0,0.0,406.0,1.0,0.0,0.0,0.0,96.95273511853264
18065,94,23,4885.95,1829,163,640,212.43260869565216,0.0,0.0,0.0,0.0,0.0,0.0,980.6800000000001,226.30964022048065
18066,297,2,1122.4,427,35,326,561.2,0.0,0.0,0.0,0.0,0.0,0.0,318.0,3.8871699866014513
18068,199,1,101.69999999999999,6,1,199,101.69999999999999,0.0,0.0,0.0,0.0,0.0,0.0,0.0,0.6446380538248313
18069,90,9,3434.0,2498,499,559,381.55555555555554,0.0,0.0,304.31,1.0,0.0,0.0,1030.92,352.27369603413786
18070,579,1,314.1,86,9,579,314.1,0.0,0.0,0.0,0.0,0.0,0.0,0.0,0.43431969191897557
18071,168,6,1428.63,835,52,645,238.10500000000002,0.0,0.0,0.0,0.0,0.0,0.0,0.0,9.88059963824519
18072,96,1,247.44,288,18,96,247.44,0.0,0.0,0.0,0.0,0.0,0.0,0.0,2.6919743119642034
18073,24,12,3859.82,3102,23,107,321.6516666666667,776.2800000000001,1.0,3355.5800000000004,9.0,0.2312711152423002,0.1,0.0,47.27500940290508
18074,284,2,1509.04,551,37,416,754.52,0.0,0.0,0.0,0.0,0.0,0.0,0.0,3.0086117305627673
18075,16,18,5129.29,2832,163,409,284.9605555555556,404.8,1.0,687.03,2.0,0.5883464383820474,0.3333333333333333,654.0,612.568602526977
18076,290,1,151.49,164,8,290,151.49,0.0,0.0,0.0,0.0,0.0,0.0,0.0,0.6640849121964988
18077,14,14,3321.59,2624,122,643,237.2564285714286,516.5699999999999,2.0,742.9599999999999,3.0,0.6943518468734878,0.5,962.0699999999999,517.5567902828597
18078,127,4,725.53,370,65,538,181.3825,0.0,0.0,0.0,0.0,0.0,0.0,0.0,7.2442685538957905
18079,37,3,2796.96,6458,67,402,932.32,0.0,0.0,593.35,1.0,0.0,0.0,1406.97,104.53384035751965
18080,153,1,841.4999999999999,330,1,153,841.4999999999999,0.0,0.0,0.0,0.0,0.0,0.0,390.0,6.32268110220165
18081,23,2,208.05,55,7,44,104.025,94.80000000000001,1.0,208.05,2.0,0.4534800287012677,0.3333333333333333,135.4,30.289879814325353
18083,308,1,463.53,268,36,308,463.53,0.0,0.0,0.0,0.0,0.0,0.0,0.0,1.9579408417598063
18084,293,2,704.75,443,6,299,352.375,0.0,0.0,0.0,0.0,0.0,0.0,90.47999999999999,14.994650651397976
18085,240,4,1645.75,585,42,539,411.4375,0.0,0.0,0.0,0.0,0.0,0.0,0.0,3.7112441921424244
18086,184,1,101.34,106,7,184,101.34,0.0,0.0,0.0,0.0,0.0,0.0,0.0,1.1793309508314052
18087,8,17,14761.519999999999,7775,44,649,868.3247058823529,852.8,1.0,852.8,1.0,0.9988287655188569,0.5,0.0,166.43402854333726
18089,357,1,428.45,95,9,357,428.45,0.0,0.0,0.0,0.0,0.0,0.0,0.0,4.464406779566783
18090,332,1,321.9,307,47,332,321.9,0.0,0.0,0.0,0.0,0.0,0.0,0.0,1.9104732242216396
18091,503,1,360.85,539,25,503,360.85,0.0,0.0,0.0,0.0,0.0,0.0,0.0,0.8183822564717623
18092,30,15,12962.66,7858,35,646,864.1773333333333,1181.44,1.0,1181.44,1.0,0.9991542911268225,0.5,3216.7799999999997,587.8376373786118
18093,3,8,4452.71,3429,43,529,556.58875,989.0,2.0,989.0,2.0,0.998989898989899,0.6666666666666666,0.0,10.123095807187852
18094,46,11,5776.52,3840,51,612,525.1381818181818,0.0,0.0,625.1,2.0,0.0,0.0,615.0,324.3807139345981
18095,223,5,2303.09,1623,37,509,460.61800000000005,0.0,0.0,0.0,0.0,0.0,0.0,0.0,27.235700252718107
18096,352,3,808.81,621,154,423,269.6033333333333,0.0,0.0,0.0,0.0,0.0,0.0,849.06,35.08770068542374
18097,37,10,3951.7200000000003,2460,77,633,395.172,0.0,0.0,529.64,2.0,0.0,0.0,676.2,318.8472933601699
18098,306,1,527.94,215,85,306,527.94,0.0,0.0,0.0,0.0,0.0,0.0,0.0,3.0083274121013157
18099,37,1,168.31,149,19,37,168.31,0.0,0.0,168.31,1.0,0.0,0.0,0.0,6.804685670044297
18100,460,1,451.56,440,30,460,451.56,0.0,0.0,0.0,0.0,0.0,0.0,0.0,1.1158582529722514
18101,53,4,509.84,185,72,584,127.46,0.0,0.0,110.23,1.0,0.0,0.0,112.17,20.61558959753426
18102,9,112,484615.1,155689,311,649,4326.9205357142855,4913.52,1.0,43321.12,10.0,0.11341827223598476,0.09090909090909091,124206.55,42906.22533807411
18103,459,1,105.8,23,10,459,105.8,0.0,0.0,0.0,0.0,0.0,0.0,0.0,0.5303646896568761
18106,240,6,1441.06,506,126,604,240.17666666666665,0.0,0.0,0.0,0.0,0.0,0.0,0.0,5.6025900775479025
18107,352,1,165.88,65,38,352,165.88,0.0,0.0,0.0,0.0,0.0,0.0,0.0,1.2607522508158135
18108,164,3,848.8100000000001,261,43,648,282.93666666666667,0.0,0.0,0.0,0.0,0.0,0.0,0.0,3.471506531570258
18109,1,30,6655.11,4052,202,437,221.837,781.9399999999999,2.0,1937.86,6.0,0.4032988457134605,0.2857142857142857,3178.05,1734.803130476655
18110,321,1,193.48000000000002,97,29,321,193.48000000000002,0.0,0.0,0.0,0.0,0.0,0.0,198.8,5.26956656922161
18111,499,1,405.85,232,27,499,405.85,0.0,0.0,0.0,0.0,0.0,0.0,0.0,1.086200928446243
18112,76,3,617.31,298,46,462,205.76999999999998,0.0,0.0,196.64,1.0,0.0,0.0,156.05,19.0010521431497
18113,279,1,152.64000000000001,144,1,279,152.64000000000001,0.0,0.0,0.0,0.0,0.0,0.0,0.0,0.8360639095971379
18114,200,1,220.1,55,28,200,220.1,0.0,0.0,0.0,0.0,0.0,0.0,0.0,2.9594024729079087
18115,608,1,9.700000000000001,3,3,608,9.700000000000001,0.0,0.0,0.0,0.0,0.0,0.0,0.0,0.26019465314763496
18116,144,12,1970.93,1097,304,321,164.24416666666667,0.0,0.0,0.0,0.0,0.0,0.0,163.56,58.86664859275565
18118,2,22,5290.99,2686,388,291,240.49954545454545,158.88,1.0,719.6,4.0,0.22048293089092422,0.2,1402.14,979.9762131046633
18119,278,1,361.4,248,29,278,361.4,0.0,0.0,0.0,0.0,0.0,0.0,0.0,1.6504006406336649
18120,124,1,111.15,31,17,124,111.15,0.0,0.0,0.0,0.0,0.0,0.0,0.0,1.8110101487813108
18121,59,2,653.3,438,28,65,326.65,0.0,0.0,653.3,2.0,0.0,0.0,0.0,11.344156164411158
18122,61,1,119.19,69,23,61,119.19,0.0,0.0,119.19,1.0,0.0,0.0,1673.8700000000001,22.029583506289853
18123,424,1,92.2,34,22,424,92.2,0.0,0.0,0.0,0.0,0.0,0.0,574.4399999999999,4.309346320152371
18124,382,1,102.65,47,20,382,102.65,0.0,0.0,0.0,0.0,0.0,0.0,0.0,0.30821221014862293
18125,112,3,933.9,691,146,226,311.3,0.0,0.0,0.0,0.0,0.0,0.0,197.85,103.26854590202984
18127,44,2,348.65000000000003,91,25,313,174.32500000000002,0.0,0.0,139.6,1.0,0.0,0.0,207.48,40.859200877838106
18128,447,1,399.29,216,42,447,399.29,0.0,0.0,0.0,0.0,0.0,0.0,0.0,2.465457972334323
18129,153,1,112.55000000000001,48,13,153,112.55000000000001,0.0,0.0,0.0,0.0,0.0,0.0,0.0,0.9241957991108766
18131,542,1,222.95999999999998,552,4,542,222.95999999999998,0.0,0.0,0.0,0.0,0.0,0.0,0.0,1.3101568820947382
18132,414,1,220.13,212,60,414,220.13,0.0,0.0,0.0,0.0,0.0,0.0,0.0,0.6183616325311737
18133,122,1,931.4999999999999,1350,1,122,931.4999999999999,0.0,0.0,0.0,0.0,0.0,0.0,0.0,4.077020193067327
18134,508,2,445.0,128,27,605,222.5,0.0,0.0,0.0,0.0,0.0,0.0,0.0,0.34630808510542355
18135,100,6,677.53,492,21,544,112.92166666666667,0.0,0.0,0.0,0.0,0.0,0.0,572.09,11.474873101451845
18136,122,4,1447.88,776,73,361,361.97,0.0,0.0,0.0,0.0,0.0,0.0,183.48000000000002,68.13014898449634
18137,461,2,145.99,59,26,461,72.995,0.0,0.0,0.0,0.0,0.0,0.0,0.0,0.4354443960746343
18138,205,1,152.65,38,8,205,152.65,0.0,0.0,0.0,0.0,0.0,0.0,0.0,0.5371837700677125
18140,384,1,536.41,395,49,384,536.41,0.0,0.0,0.0,0.0,0.0,0.0,0.0,1.5931150316686749
18141,312,2,882.47,433,38,499,441.235,0.0,0.0,0.0,0.0,0.0,0.0,0.0,2.618164562544992
18142,67,2,1019.52,1276,9,126,509.76,0.0,0.0,737.04,1.0,0.0,0.0,0.0,11.226332727524195
18143,27,2,1000.16,570,59,52,500.08,519.98,1.0,1000.16,2.0,0.5193775220743937,0.3333333333333333,0.0,46.81786598831458
18144,20,16,4334.8,1960,51,633,270.925,357.8,1.0,559.9,2.0,0.6379033695845963,0.3333333333333333,723.2,393.74128515779773
18145,115,9,3771.97,3342,158,642,419.10777777777776,0.0,0.0,0.0,0.0,0.0,0.0,1837.77,302.9327489379761
18146,51,2,160.35000000000002,153,10,130,80.17500000000001,0.0,0.0,83.7,1.0,0.0,0.0,0.0,1.810839881906313
18147,19,1,98.88,80,4,19,98.88,98.88,1.0,98.88,1.0,0.9899879855826993,0.5,80.46,12.871212007566378
18148,557,1,112.85000000000001,63,9,557,112.85000000000001,0.0,0.0,0.0,0.0,0.0,0.0,0.0,0.19082163315740588
18149,126,6,1491.56,839,54,546,248.59333333333333,0.0,0.0,0.0,0.0,0.0,0.0,62.400000000000006,19.2870888528086
18150,50,2,413.28,236,22,112,206.64,0.0,0.0,185.70000000000002,1.0,0.0,0.0,153.3,21.716860249492214
18151,45,6,1879.44,986,99,556,313.24,0.0,0.0,340.8,1.0,0.0,0.0,0.0,9.097231456943332
18152,556,1,426.69,75,10,556,426.69,0.0,0.0,0.0,0.0,0.0,0.0,0.0,0.2851600942169337
18153,569,1,246.22,200,17,569,246.22,0.0,0.0,0.0,0.0,0.0,0.0,0.0,0.12332593025783356
18154,299,3,533.41,371,22,401,177.8033333333333,0.0,0.0,0.0,0.0,0.0,0.0,399.19,7.2579035947196
18155,81,2,266.56,196,14,202,133.28,0.0,0.0,152.63,1.0,0.0,0.0,105.06,7.630824900302925
18156,280,1,373.76,136,50,280,373.76,0.0,0.0,0.0,0.0,0.0,0.0,488.76,3.259954199139457
18157,481,1,213.9,145,25,481,213.9,0.0,0.0,0.0,0.0,0.0,0.0,0.0,0.3155072313421882
18159,211,1,530.15,139,23,211,530.15,0.0,0.0,0.0,0.0,0.0,0.0,0.0,1.5578453131569812
18160,110,2,684.37,372,41,296,342.185,0.0,0.0,0.0,0.0,0.0,0.0,319.51,22.37108843100547
18161,50,4,955.67,540,34,289,238.9175,0.0,0.0,224.94,1.0,0.0,0.0,847.4300000000001,79.80937953431831
18162,642,1,371.51,332,45,642,371.51,0.0,0.0,0.0,0.0,0.0,0.0,0.0,0.7083357798468447
18163,494,1,728.84,452,33,494,728.84,0.0,0.0,0.0,0.0,0.0,0.0,0.0,1.371038456053794
18165,87,1,302.46000000000004,254,10,87,302.46000000000004,0.0,0.0,302.46000000000004,1.0,0.0,0.0,0.0,6.034888191469873
18166,534,1,175.5,90,10,534,175.5,0.0,0.0,0.0,0.0,0.0,0.0,0.0,0.4324562156121665
18167,16,1,498.48,122,13,16,498.48,498.48,1.0,498.48,1.0,0.9979979178345479,0.5,886.3800000000001,57.37920403200159
18168,86,16,3698.8,2128,209,646,231.175,0.0,0.0,115.15,1.0,0.0,0.0,0.0,58.85811015666125
18170,22,8,2553.2000000000003,1024,58,610,319.15000000000003,351.3,1.0,351.3,1.0,0.9971615100766392,0.5,324.8,70.32338988572612
18171,9,8,2200.31,841,68,614,275.03875,309.89,1.0,529.72,2.0,0.5839048839312632,0.3333333333333333,237.0,66.2809166443169
18172,9,43,15540.84,6503,172,639,361.4148837209302,305.96000000000004,1.0,1915.1200000000001,4.0,0.15967684696156817,0.2,1926.4,1988.6241404508696
18173,109,4,2318.36,1538,31,523,579.59,0.0,0.0,0.0,0.0,0.0,0.0,378.0,85.2448912525416
18174,514,1,58.5,30,1,514,58.5,0.0,0.0,0.0,0.0,0.0,0.0,104.0,1.5410405429019671
18175,586,1,176.1,70,7,586,176.1,0.0,0.0,0.0,0.0,0.0,0.0,0.0,0.138947974451419
18176,268,1,476.35,283,30,268,476.35,0.0,0.0,0.0,0.0,0.0,0.0,0.0,1.553006383185802
18177,68,8,1912.72,1072,58,634,239.09,0.0,0.0,324.17,1.0,0.0,0.0,303.6,31.457681547808683
18178,39,11,6103.74,3850,204,569,554.8854545454545,0.0,0.0,490.87,1.0,0.0,0.0,0.0,139.43363117946043
18179,162,6,1857.54,1180,70,573,309.59,0.0,0.0,0.0,0.0,0.0,0.0,690.01,74.66881909082099
18180,47,2,601.85,553,42,53,300.925,0.0,0.0,601.85,2.0,0.0,0.0,1241.9,67.97713823457232
18181,310,4,821.49,377,119,645,205.3725,0.0,0.0,0.0,0.0,0.0,0.0,366.85,25.594726900407977
18182,373,1,291.13,167,10,373,291.13,0.0,0.0,0.0,0.0,0.0,0.0,0.0,1.306601804027808
18183,137,2,632.07,371,36,185,316.035,0.0,0.0,0.0,0.0,0.0,0.0,0.0,5.362595504654303
18185,159,1,304.25,183,17,159,304.25,0.0,0.0,0.0,0.0,0.0,0.0,0.0,3.552018045385502
18186,633,1,329.58,338,11,633,329.58,0.0,0.0,0.0,0.0,0.0,0.0,0.0,0.27535606943712765
18187,542,1,724.89,310,48,542,724.89,0.0,0.0,0.0,0.0,0.0,0.0,0.0,2.911401666807075
18188,200,4,1706.15,884,65,534,426.5375,0.0,0.0,0.0,0.0,0.0,0.0,1574.44,31.84100918764196
18189,178,2,946.59,622,54,536,473.295,0.0,0.0,0.0,0.0,0.0,0.0,457.14,4.132273674719018
18190,102,5,745.62,490,34,628,149.124,0.0,0.0,0.0,0.0,0.0,0.0,0.0,8.817415715606739
18191,172,2,529.4,332,15,387,264.7,0.0,0.0,0.0,0.0,0.0,0.0,0.0,4.777869740739334
18193,75,3,1207.35,926,66,352,402.45,0.0,0.0,243.76,1.0,0.0,0.0,0.0,12.688438950228775
18194,348,5,3188.2000000000003,1142,16,590,637.6400000000001,0.0,0.0,0.0,0.0,0.0,0.0,973.8399999999999,31.54043441713931
18195,297,1,101.16,60,5,297,101.16,0.0,0.0,0.0,0.0,0.0,0.0,0.0,0.3330391674319191
18196,5,4,1457.19,1038,210,542,364.2975,235.85,1.0,235.85,1.0,0.9957779185138274,0.5,0.0,6.657031719510431
18197,486,1,230.1,166,9,486,230.1,0.0,0.0,0.0,0.0,0.0,0.0,0.0,0.33359371576828006
18198,11,14,4427.39,3491,64,246,316.2421428571429,314.28000000000003,1.0,926.6,3.0,0.3388098318240621,0.25,998.1700000000001,691.7694945437512
18199,594,1,344.75,99,20,594,344.75,0.0,0.0,0.0,0.0,0.0,0.0,0.0,0.1922349030539619
18200,16,1,150.35,104,29,16,150.35,150.35,1.0,150.35,1.0,0.9933927981499835,0.5,0.0,18.068166303746803
18201,633,1,447.53000000000003,191,27,633,447.53000000000003,0.0,0.0,0.0,0.0,0.0,0.0,0.0,0.2974460417969239
18202,110,3,1396.99,581,55,221,465.66333333333336,0.0,0.0,0.0,0.0,0.0,0.0,0.0,11.27574240249691
18203,67,4,492.52,111,40,641,123.13,0.0,0.0,160.42000000000002,1.0,0.0,0.0,0.0,7.033420944303292
18204,20,2,1358.87,907,113,102,679.435,817.89,1.0,817.89,1.0,0.998778834764132,0.5,616.48,374.21128940397307
18206,463,1,314.65999999999997,246,19,463,314.65999999999997,0.0,0.0,0.0,0.0,0.0,0.0,0.0,0.29393115475364096
18207,409,1,544.47,325,31,409,544.47,0.0,0.0,0.0,0.0,0.0,0.0,0.0,1.512309279399651
18208,476,1,360.08,82,17,476,360.08,0.0,0.0,0.0,0.0,0.0,0.0,0.0,0.3660363431582103
18210,177,2,289.85,163,14,293,144.925,0.0,0.0,0.0,0.0,0.0,0.0,2478.98,6.528720384926649
18211,47,2,268.7,152,15,189,134.35,0.0,0.0,130.79999999999998,1.0,0.0,0.0,331.37,40.43908164816925
18212,236,2,514.37,158,40,587,257.185,0.0,0.0,0.0,0.0,0.0,0.0,0.0,2.4672946151207924
18213,147,1,232.48000000000002,232,15,147,232.48000000000002,0.0,0.0,0.0,0.0,0.0,0.0,0.0,3.3656058978150267
18214,441,4,1780.34,989,38,464,445.085,0.0,0.0,0.0,0.0,0.0,0.0,0.0,1.278180352957494
18215,347,4,1933.15,1013,49,533,483.2875,0.0,0.0,0.0,0.0,0.0,0.0,299.34000000000003,22.596234502765967
18217,424,2,323.29,249,7,436,161.645,0.0,0.0,0.0,0.0,0.0,0.0,621.75,4.274955081313079
18218,121,4,1121.84,1028,25,570,280.46,0.0,0.0,0.0,0.0,0.0,0.0,0.0,11.7242459224734
18219,59,15,2860.25,1364,78,642,190.68333333333334,0.0,0.0,454.82,3.0,0.0,0.0,702.64,298.36347399131535
18220,137,6,1921.76,1352,17,635,320.29333333333335,0.0,0.0,0.0,0.0,0.0,0.0,0.0,16.466176953009494
18221,26,4,1090.19,655,54,300,272.5475,169.85,1.0,169.85,1.0,0.9941469124963418,0.5,334.75,67.96983005501953
18222,3,1,443.0,335,19,3,443.0,443.0,1.0,443.0,1.0,0.9977477477477478,0.5,0.0,20.841574371401386
18223,7,23,11552.65,5470,166,646,502.2891304347826,431.73,1.0,1278.8600000000001,4.0,0.33732595752660444,0.2,2448.2000000000003,1757.1525535678543
18224,174,1,158.95000000000002,69,10,174,158.95000000000002,0.0,0.0,0.0,0.0,0.0,0.0,0.0,0.9163290791128929
18225,23,21,10270.619999999999,5638,229,645,489.0771428571428,574.31,1.0,1062.71,2.0,0.539912194113057,0.3333333333333333,2774.18,1514.0818160861418
18226,31,24,10901.86,7363,267,555,454.2441666666667,0.0,0.0,1650.69,3.0,0.0,0.0,977.02,1495.4670556863693
18227,128,2,388.75,22,6,394,194.375,0.0,0.0,0.0,0.0,0.0,0.0,0.0,3.3359604620329124
18229,4,22,8738.87,2399,65,646,397.22136363636366,843.4,2.0,2002.16,5.0,0.4210347650711875,0.3333333333333333,2064.84,1664.3074489368457
18230,4,7,3627.2200000000003,1710,42,436,518.1742857142857,503.08000000000004,1.0,892.0600000000001,2.0,0.5633216133294515,0.3333333333333333,663.84,72.69060341815799
18231,102,28,6854.17,2915,218,609,244.7917857142857,0.0,0.0,0.0,0.0,0.0,0.0,0.0,79.55544874051822
18232,68,3,500.62,277,29,107,166.87333333333333,0.0,0.0,129.64000000000001,1.0,0.0,0.0,92.35000000000001,17.40931451689791
18233,236,1,440.0,4,1,236,440.0,0.0,0.0,0.0,0.0,0.0,0.0,0.0,0.7570434587812145
18234,462,1,179.6,80,30,462,179.6,0.0,0.0,0.0,0.0,0.0,0.0,0.0,0.26585913272778383
18235,30,2,749.8,706,49,127,374.9,319.34,1.0,319.34,1.0,0.9968783167884123,0.5,1046.68,110.59313171670706
18236,39,10,1554.3,603,72,513,155.43,0.0,0.0,336.69,2.0,0.0,0.0,241.05,89.9957748104713
18237,2,3,725.55,465,37,44,241.85,402.16999999999996,2.0,725.55,3.0,0.5535338242378364,0.5,261.55,148.77155396429148
18238,425,1,270.92,114,14,425,270.92,0.0,0.0,0.0,0.0,0.0,0.0,0.0,2.46093333166071
18239,129,6,2150.36,1052,85,333,358.3933333333334,0.0,0.0,0.0,0.0,0.0,0.0,0.0,47.52682393358072
18241,9,15,2263.48,1140,85,528,150.89866666666666,431.5,5.0,983.75,10.0,0.4381822797664382,0.45454545454545453,723.51,407.7954725839537
18242,106,6,2066.8,1412,68,608,344.4666666666667,0.0,0.0,0.0,0.0,0.0,0.0,1538.41,122.96838593506826
18243,324,1,515.78,221,26,324,515.78,0.0,0.0,0.0,0.0,0.0,0.0,0.0,1.7596599510850401
18244,341,2,568.64,856,19,413,284.32,0.0,0.0,0.0,0.0,0.0,0.0,0.0,9.045942444349198
18245,59,19,5430.7300000000005,4638,291,551,285.82789473684215,0.0,0.0,366.52,2.0,0.0,0.0,894.25,683.6832342088945
18246,143,2,395.62,118,2,520,197.81,0.0,0.0,0.0,0.0,0.0,0.0,363.2,5.564661575746774
18247,325,3,839.73,335,28,541,279.91,0.0,0.0,0.0,0.0,0.0,0.0,0.0,2.8145713046504315
18248,33,2,804.02,511,39,96,402.01,0.0,0.0,307.56,1.0,0.0,0.0,0.0,30.951174206033908
18250,220,1,349.27,199,21,220,349.27,0.0,0.0,0.0,0.0,0.0,0.0,0.0,1.1004072434104517
18251,355,8,21964.14,31815,77,628,2745.5175,0.0,0.0,0.0,0.0,0.0,0.0,4314.72,39.67821488533761
18252,82,6,1085.32,716,38,631,180.88666666666666,0.0,0.0,69.89999999999999,1.0,0.0,0.0,448.37,19.48175991455922
18253,553,1,317.88,128,7,553,317.88,0.0,0.0,0.0,0.0,0.0,0.0,0.0,0.13508091054419052
18254,491,1,267.9,188,16,491,267.9,0.0,0.0,0.0,0.0,0.0,0.0,0.0,0.6057822549439913
18255,366,1,199.85,127,13,366,199.85,0.0,0.0,0.0,0.0,0.0,0.0,103.3,3.668290430668976
18256,298,1,110.7,180,10,298,110.7,0.0,0.0,0.0,0.0,0.0,0.0,0.0,0.5855621397777517
18257,24,9,3825.39,2049,190,569,425.0433333333333,627.27,1.0,841.6700000000001,2.0,0.744383922531952,0.3333333333333333,774.76,326.05861762112954
18258,374,6,2059.67,1981,30,483,343.27833333333336,0.0,0.0,0.0,0.0,0.0,0.0,0.0,0.6778603855649746
18259,276,5,2355.9,792,36,642,471.18,0.0,0.0,0.0,0.0,0.0,0.0,1962.3000000000002,60.48045179224563
18260,83,23,9947.26,5244,212,634,432.4895652173913,0.0,0.0,427.13,1.0,0.0,0.0,0.0,95.90642437551114
18261,6,1,224.8,102,15,6,224.8,224.8,1.0,224.8,1.0,0.995571302037201,0.5,99.44,71.63383762487024
18262,50,3,577.54,552,40,513,192.51333333333332,0.0,0.0,149.48,1.0,0.0,0.0,0.0,9.120253358200454
18263,66,2,811.4,1048,45,163,405.7,0.0,0.0,503.8,1.0,0.0,0.0,401.76,59.78175664562318
18264,409,1,603.25,241,36,409,603.25,0.0,0.0,0.0,0.0,0.0,0.0,0.0,4.1598863308154215
18265,68,1,488.55,224,29,68,488.55,0.0,0.0,488.55,1.0,0.0,0.0,312.96,20.098286948610273
18266,344,1,251.1,138,14,344,251.1,0.0,0.0,0.0,0.0,0.0,0.0,0.0,2.39173108121535
18267,583,1,269.37,135,17,583,269.37,0.0,0.0,0.0,0.0,0.0,0.0,0.0,0.34939030363231893
18268,44,6,1490.23,711,36,639,248.37166666666667,0.0,0.0,25.5,1.0,0.0,0.0,0.0,20.048475859117552
18269,276,1,337.2,152,7,276,337.2,0.0,0.0,0.0,0.0,0.0,0.0,0.0,1.448594393231133
18270,177,2,273.35,149,11,343,136.675,0.0,0.0,0.0,0.0,0.0,0.0,171.20000000000002,4.923639336350243
18271,520,2,680.85,319,19,642,340.425,0.0,0.0,0.0,0.0,0.0,0.0,0.0,1.0605729834554405
18272,24,7,3413.85,2295,123,555,487.6928571428571,372.25,1.0,1125.91,2.0,0.33032806524034747,0.3333333333333333,972.13,332.4010602421779
18273,6,3,306.0,120,1,501,102.0,102.0,1.0,102.0,1.0,0.9902912621359223,0.5,51.0,9.175973133895274
18275,488,2,741.85,417,19,641,370.925,0.0,0.0,0.0,0.0,0.0,0.0,0.0,1.1523662264358938
18276,303,5,1320.66,1060,69,639,264.132,0.0,0.0,0.0,0.0,0.0,0.0,335.86,12.883692152796337
18277,307,4,1069.67,381,48,405,267.4175,0.0,0.0,0.0,0.0,0.0,0.0,110.38,3.605486121864634
18278,315,1,240.3,74,15,315,240.3,0.0,0.0,0.0,0.0,0.0,0.0,173.9,3.1884582729958697
18279,429,1,231.33999999999997,630,13,429,231.33999999999997,0.0,0.0,0.0,0.0,0.0,0.0,0.0,1.0431630730003898
18280,188,2,488.15000000000003,194,28,304,244.07500000000002,0.0,0.0,0.0,0.0,0.0,0.0,0.0,3.22607737563163
18281,91,2,201.14,146,17,488,100.57,0.0,0.0,0.0,0.0,0.0,0.0,0.0,2.3899811459747617
18282,36,1,100.21000000000001,75,7,36,100.21000000000001,0.0,0.0,100.21000000000001,1.0,0.0,0.0,77.84,13.696082984924542
18283,6,16,1706.2,1041,285,568,106.6375,134.9,1.0,571.31,5.0,0.23571141514214328,0.16666666666666666,958.7,169.66332794653397
18284,342,1,461.68,494,28,342,461.68,0.0,0.0,0.0,0.0,0.0,0.0,0.0,2.916113605353661
18285,571,1,427.0,145,12,571,427.0,0.0,0.0,0.0,0.0,0.0,0.0,0.0,0.2790426102837079
18286,387,2,1296.43,608,67,634,648.215,0.0,0.0,0.0,0.0,0.0,0.0,0.0,1.2896764632519735
18287,112,5,3110.99,1915,93,482,622.198,0.0,0.0,0.0,0.0,0.0,0.0,1072.0,146.22144398864327
